taxonID,description,type,language
OSRO042MZXSXTSV9RG,South Tropical Africa,native range,en
OSRO042MZXSXTSV9RG,Southern Africa,native range,en
OSRO06HBKE7IICC0Y8,China,native range,en
OSRO06HBKE7IICC0Y8,Eastern Asia,native range,en
OSRO06HBKE7IICC0Y8,Indo-China,native range,en
OSRO06HBKE7IICC0Y8,Russian Far East,native range,en
OSRO0C98CAJZANEOCF,China,native range,en
OSRO0C98CAJZANEOCF,Eastern Asia,native range,en
OSRO0C98CAJZANEOCF,Russian Far East,native range,en
OSRO0HEITDLIV8A4TM,Western Asia,native range,en
OSRO0IEBZPZ7COGV47,Mexico,native range,en
OSRO0QOGDITWVI8455,hybrid,native range,en
OSRO0QVXTESXC0LB0O,Northern Africa,native range,en
OSRO0QVXTESXC0LB0O,Southeastern Europe,native range,en
OSRO0R96ZHV6BE5EVT,Central America,native range,en
OSRO0R96ZHV6BE5EVT,Mexico,native range,en
OSRO0ZZO54RBZHH1OM,Eastern Canada,native range,en
OSRO0ZZO54RBZHH1OM,North-Central U.S.A.,native range,en
OSRO0ZZO54RBZHH1OM,Northeastern U.S.A.,native range,en
OSRO0ZZO54RBZHH1OM,Southeastern U.S.A.,native range,en
OSRO0ZZO54RBZHH1OM,Western Canada,native range,en
OSRO16JA99ZZHD9Z8C,Brazil,native range,en
OSRO16JA99ZZHD9Z8C,Caribbean,native range,en
OSRO16JA99ZZHD9Z8C,Central America,native range,en
OSRO16JA99ZZHD9Z8C,Eastern Canada,native range,en
OSRO16JA99ZZHD9Z8C,Mexico,native range,en
OSRO16JA99ZZHD9Z8C,North-Central U.S.A.,native range,en
OSRO16JA99ZZHD9Z8C,Northeastern U.S.A.,native range,en
OSRO16JA99ZZHD9Z8C,Northern South America,native range,en
OSRO16JA99ZZHD9Z8C,Northwestern U.S.A.,native range,en
OSRO16JA99ZZHD9Z8C,South-Central U.S.A.,native range,en
OSRO16JA99ZZHD9Z8C,Southeastern U.S.A.,native range,en
OSRO16JA99ZZHD9Z8C,Southwestern U.S.A.,native range,en
OSRO16JA99ZZHD9Z8C,Western Canada,native range,en
OSRO16JA99ZZHD9Z8C,Western South America,native range,en
OSRO16TT85BD3JSWDY,Mexico,native range,en
OSRO16TT85BD3JSWDY,Northwestern U.S.A.,native range,en
OSRO16TT85BD3JSWDY,South-Central U.S.A.,native range,en
OSRO16TT85BD3JSWDY,Southwestern U.S.A.,native range,en
OSRO16TT85BD3JSWDY,Subarctic America,native range,en
OSRO16TT85BD3JSWDY,Western Canada,native range,en
OSRO179BY8PHSNN8QN,Eastern Canada,native range,en
OSRO179BY8PHSNN8QN,North-Central U.S.A.,native range,en
OSRO179BY8PHSNN8QN,Northeastern U.S.A.,native range,en
OSRO179BY8PHSNN8QN,Southeastern U.S.A.,native range,en
OSRO19WADEXPSP4CH6,Caucasus,native range,en
OSRO19WADEXPSP4CH6,Central Asia,native range,en
OSRO19WADEXPSP4CH6,Eastern Europe,native range,en
OSRO19WADEXPSP4CH6,Macaronesia,native range,en
OSRO19WADEXPSP4CH6,Northern Africa,native range,en
OSRO19WADEXPSP4CH6,Southeastern Europe,native range,en
OSRO19WADEXPSP4CH6,Southwestern Europe,native range,en
OSRO19WADEXPSP4CH6,Western Asia,native range,en
OSRO1HKBE5V1TRSI5J,Middle Europe,native range,en
OSRO1HKBE5V1TRSI5J,Southeastern Europe,native range,en
OSRO1HKBE5V1TRSI5J,Southwestern Europe,native range,en
OSRO1L1CBAAQC8NB4F,North-Central U.S.A.,native range,en
OSRO1L1CBAAQC8NB4F,Northeastern U.S.A.,native range,en
OSRO1L1CBAAQC8NB4F,Southeastern U.S.A.,native range,en
OSRO1RQQOU7R8UW4JR,Mexico,native range,en
OSRO1RQQOU7R8UW4JR,North-Central U.S.A.,native range,en
OSRO1RQQOU7R8UW4JR,Northwestern U.S.A.,native range,en
OSRO1RQQOU7R8UW4JR,South-Central U.S.A.,native range,en
OSRO1RQQOU7R8UW4JR,Southwestern U.S.A.,native range,en
OSRO1YE47FWGDKURU9,Caucasus,native range,en
OSRO1YE47FWGDKURU9,Central Asia,native range,en
OSRO1YE47FWGDKURU9,China,native range,en
OSRO1YE47FWGDKURU9,Eastern Europe,native range,en
OSRO1YE47FWGDKURU9,Indian Subcontinent,native range,en
OSRO1YE47FWGDKURU9,Middle Europe,native range,en
OSRO1YE47FWGDKURU9,Northern Africa,native range,en
OSRO1YE47FWGDKURU9,Northern Europe,native range,en
OSRO1YE47FWGDKURU9,Southeastern Europe,native range,en
OSRO1YE47FWGDKURU9,Southwestern Europe,native range,en
OSRO1YE47FWGDKURU9,Western Asia,native range,en
OSRO23QIS0BUI2W67Z,Western South America,native range,en
OSRO2GLIBTUDL438WL,Southern South America,native range,en
OSRO2GLIBTUDL438WL,Western South America,native range,en
OSRO2M7MNXQSXP9LA8,Eastern Canada,native range,en
OSRO2M7MNXQSXP9LA8,North-Central U.S.A.,native range,en
OSRO2M7MNXQSXP9LA8,Northeastern U.S.A.,native range,en
OSRO2M7MNXQSXP9LA8,Northwestern U.S.A.,native range,en
OSRO2M7MNXQSXP9LA8,South-Central U.S.A.,native range,en
OSRO2M7MNXQSXP9LA8,Southeastern U.S.A.,native range,en
OSRO2M7MNXQSXP9LA8,Southwestern U.S.A.,native range,en
OSRO2M7MNXQSXP9LA8,Subarctic America,native range,en
OSRO2M7MNXQSXP9LA8,Western Canada,native range,en
OSRO2P7PCOQDR8K505,China,native range,en
OSRO2P7PCOQDR8K505,Eastern Asia,native range,en
OSRO2P7PCOQDR8K505,Eastern Canada,native range,en
OSRO2P7PCOQDR8K505,Mexico,native range,en
OSRO2P7PCOQDR8K505,North-Central U.S.A.,native range,en
OSRO2P7PCOQDR8K505,Northeastern U.S.A.,native range,en
OSRO2P7PCOQDR8K505,Northwestern U.S.A.,native range,en
OSRO2P7PCOQDR8K505,Southeastern U.S.A.,native range,en
OSRO2P7PCOQDR8K505,Western Canada,native range,en
OSRO2UNKRE4CUKDLE2,Brazil,native range,en
OSRO2UNKRE4CUKDLE2,Central America,native range,en
OSRO2UNKRE4CUKDLE2,Northern South America,native range,en
OSRO2UNKRE4CUKDLE2,Southern South America,native range,en
OSRO2UNKRE4CUKDLE2,Western South America,native range,en
OSRO2W9FSJXAGSFTCS,Caucasus,native range,en
OSRO2W9FSJXAGSFTCS,Eastern Europe,native range,en
OSRO2W9FSJXAGSFTCS,Southeastern Europe,native range,en
OSRO2W9FSJXAGSFTCS,Western Asia,native range,en
OSRO2YOOZ6PEDAHMC2,China,native range,en
OSRO2YOOZ6PEDAHMC2,Eastern Asia,native range,en
OSRO2YOOZ6PEDAHMC2,Indo-China,native range,en
OSRO2YOOZ6PEDAHMC2,Russian Far East,native range,en
OSRO31I3PKELL55WXM,Central America,native range,en
OSRO31I3PKELL55WXM,Mexico,native range,en
OSRO36ZCMWXEYGAZWE,Middle Europe,native range,en
OSRO36ZCMWXEYGAZWE,Northern Africa,native range,en
OSRO36ZCMWXEYGAZWE,Northern Europe,native range,en
OSRO36ZCMWXEYGAZWE,Southwestern Europe,native range,en
OSRO3IMX2M9EXUJFQ8,Mexico,native range,en
OSRO3IMX2M9EXUJFQ8,North-Central U.S.A.,native range,en
OSRO3IMX2M9EXUJFQ8,Northeastern U.S.A.,native range,en
OSRO3IMX2M9EXUJFQ8,Northwestern U.S.A.,native range,en
OSRO3IMX2M9EXUJFQ8,South-Central U.S.A.,native range,en
OSRO3IMX2M9EXUJFQ8,Southeastern U.S.A.,native range,en
OSRO3IMX2M9EXUJFQ8,Southwestern U.S.A.,native range,en
OSRO3NMJDZ453AUHGV,Eastern Canada,native range,en
OSRO3NMJDZ453AUHGV,Mexico,native range,en
OSRO3NMJDZ453AUHGV,North-Central U.S.A.,native range,en
OSRO3NMJDZ453AUHGV,Northeastern U.S.A.,native range,en
OSRO3NMJDZ453AUHGV,Northwestern U.S.A.,native range,en
OSRO3NMJDZ453AUHGV,South-Central U.S.A.,native range,en
OSRO3NMJDZ453AUHGV,Southeastern U.S.A.,native range,en
OSRO3R9Z85V0NQ81IG,China,native range,en
OSRO3R9Z85V0NQ81IG,Eastern Asia,native range,en
OSRO3R9Z85V0NQ81IG,Indo-China,native range,en
OSRO3R9Z85V0NQ81IG,Malesia,native range,en
OSRO3R9Z85V0NQ81IG,Russian Far East,native range,en
OSRO3TYQZQ9M33EIRH,China,native range,en
OSRO3TYQZQ9M33EIRH,Eastern Asia,native range,en
OSRO3TYQZQ9M33EIRH,Indo-China,native range,en
OSRO40ID6QLHECS4GY,Mexico,native range,en
OSRO40ID6QLHECS4GY,North-Central U.S.A.,native range,en
OSRO40ID6QLHECS4GY,Northwestern U.S.A.,native range,en
OSRO40ID6QLHECS4GY,South-Central U.S.A.,native range,en
OSRO40ID6QLHECS4GY,Southwestern U.S.A.,native range,en
OSRO471V96WYAOLQ52,Arabian Peninsula,native range,en
OSRO471V96WYAOLQ52,Australia,native range,en
OSRO471V96WYAOLQ52,Caucasus,native range,en
OSRO471V96WYAOLQ52,China,native range,en
OSRO471V96WYAOLQ52,East Tropical Africa,native range,en
OSRO471V96WYAOLQ52,Eastern Asia,native range,en
OSRO471V96WYAOLQ52,Indian Subcontinent,native range,en
OSRO471V96WYAOLQ52,Indo-China,native range,en
OSRO471V96WYAOLQ52,Malesia,native range,en
OSRO471V96WYAOLQ52,Northeast Tropical Africa,native range,en
OSRO471V96WYAOLQ52,Northern Africa,native range,en
OSRO471V96WYAOLQ52,South Tropical Africa,native range,en
OSRO471V96WYAOLQ52,Southeastern Europe,native range,en
OSRO471V96WYAOLQ52,Southern Africa,native range,en
OSRO471V96WYAOLQ52,Southwestern Europe,native range,en
OSRO471V96WYAOLQ52,West Tropical Africa,native range,en
OSRO471V96WYAOLQ52,West-Central Tropical Africa,native range,en
OSRO471V96WYAOLQ52,Western Asia,native range,en
OSRO4FEBG7OFRLIC06,North-Central U.S.A.,native range,en
OSRO4FEBG7OFRLIC06,Northeastern U.S.A.,native range,en
OSRO4FEBG7OFRLIC06,Northwestern U.S.A.,native range,en
OSRO4FEBG7OFRLIC06,Southwestern U.S.A.,native range,en
OSRO4FEBG7OFRLIC06,Subarctic America,native range,en
OSRO4FEBG7OFRLIC06,Western Canada,native range,en
OSRO4HM8B4Q9KKF126,Indian Subcontinent,native range,en
OSRO4KUE8SBSK5KB4Y,Arabian Peninsula,native range,en
OSRO4KUE8SBSK5KB4Y,Caucasus,native range,en
OSRO4KUE8SBSK5KB4Y,Indian Subcontinent,native range,en
OSRO4KUE8SBSK5KB4Y,Western Asia,native range,en
OSRO4NHFYPTWRV9WLK,hybrid,native range,en
OSRO4NLSTRYITJH3YY,Caribbean,native range,en
OSRO4NLSTRYITJH3YY,Eastern Canada,native range,en
OSRO4NLSTRYITJH3YY,North-Central U.S.A.,native range,en
OSRO4NLSTRYITJH3YY,Northeastern U.S.A.,native range,en
OSRO4NLSTRYITJH3YY,Southeastern U.S.A.,native range,en
OSRO4S4LF5PVBH1SLN,China,native range,en
OSRO4S4LF5PVBH1SLN,Eastern Asia,native range,en
OSRO4S4LF5PVBH1SLN,Indian Subcontinent,native range,en
OSRO4S4LF5PVBH1SLN,Indo-China,native range,en
OSRO4S4LF5PVBH1SLN,Malesia,native range,en
OSRO4S4LF5PVBH1SLN,Russian Far East,native range,en
OSRO4S4LF5PVBH1SLN,Western Asia,native range,en
OSRO4TLT6QHZTANYXG,Northeastern U.S.A.,native range,en
OSRO4TLT6QHZTANYXG,Southeastern U.S.A.,native range,en
OSRO4UFGLHY5KFYB51,Brazil,native range,en
OSRO4UFGLHY5KFYB51,Southern South America,native range,en
OSRO4WE3U6XUINFUDX,China,native range,en
OSRO52DGBKWQ43HB4L,Mexico,native range,en
OSRO54KXGZPAF5P8ZQ,Eastern Canada,native range,en
OSRO54KXGZPAF5P8ZQ,North-Central U.S.A.,native range,en
OSRO54KXGZPAF5P8ZQ,Northeastern U.S.A.,native range,en
OSRO54KXGZPAF5P8ZQ,Northwestern U.S.A.,native range,en
OSRO54KXGZPAF5P8ZQ,South-Central U.S.A.,native range,en
OSRO54KXGZPAF5P8ZQ,Southeastern U.S.A.,native range,en
OSRO54KXGZPAF5P8ZQ,Southwestern U.S.A.,native range,en
OSRO54KXGZPAF5P8ZQ,Subarctic America,native range,en
OSRO54KXGZPAF5P8ZQ,Western Canada,native range,en
OSRO54Q5N6G9M1FU6V,East Tropical Africa,native range,en
OSRO54Q5N6G9M1FU6V,Indian Subcontinent,native range,en
OSRO54Q5N6G9M1FU6V,Macaronesia,native range,en
OSRO54Q5N6G9M1FU6V,Northeast Tropical Africa,native range,en
OSRO54Q5N6G9M1FU6V,Northern Africa,native range,en
OSRO54Q5N6G9M1FU6V,South Tropical Africa,native range,en
OSRO54Q5N6G9M1FU6V,Southern Africa,native range,en
OSRO54Q5N6G9M1FU6V,West Tropical Africa,native range,en
OSRO54Q5N6G9M1FU6V,West-Central Tropical Africa,native range,en
OSRO54Q5N6G9M1FU6V,Western Indian Ocean,native range,en
OSRO54WUAB7ND81249,Caucasus,native range,en
OSRO54WUAB7ND81249,Eastern Europe,native range,en
OSRO54WUAB7ND81249,Indian Subcontinent,native range,en
OSRO54WUAB7ND81249,Southeastern Europe,native range,en
OSRO54WUAB7ND81249,Western Asia,native range,en
OSRO55MSUJ5E9ED82G,Eastern Canada,native range,en
OSRO55MSUJ5E9ED82G,North-Central U.S.A.,native range,en
OSRO55MSUJ5E9ED82G,Northeastern U.S.A.,native range,en
OSRO55MSUJ5E9ED82G,Northwestern U.S.A.,native range,en
OSRO55MSUJ5E9ED82G,South-Central U.S.A.,native range,en
OSRO55MSUJ5E9ED82G,Southeastern U.S.A.,native range,en
OSRO55MSUJ5E9ED82G,Southwestern U.S.A.,native range,en
OSRO55MSUJ5E9ED82G,Western Canada,native range,en
OSRO57KH11YUFTDORM,Brazil,native range,en
OSRO57KH11YUFTDORM,Caribbean,native range,en
OSRO57KH11YUFTDORM,Central America,native range,en
OSRO57KH11YUFTDORM,Mexico,native range,en
OSRO57KH11YUFTDORM,North-Central U.S.A.,native range,en
OSRO57KH11YUFTDORM,Northern South America,native range,en
OSRO57KH11YUFTDORM,Northwestern U.S.A.,native range,en
OSRO57KH11YUFTDORM,South-Central U.S.A.,native range,en
OSRO57KH11YUFTDORM,Southeastern U.S.A.,native range,en
OSRO57KH11YUFTDORM,Southern South America,native range,en
OSRO57KH11YUFTDORM,Southwestern U.S.A.,native range,en
OSRO57KH11YUFTDORM,Western South America,native range,en
OSRO5BV1AENTD9S928,Caucasus,native range,en
OSRO5BV1AENTD9S928,Middle Europe,native range,en
OSRO5BV1AENTD9S928,Southeastern Europe,native range,en
OSRO5BV1AENTD9S928,Western Asia,native range,en
OSRO5E568JW8S4TOMS,North-Central U.S.A.,native range,en
OSRO5HUPFTQTGOVQB0,Eastern Canada,native range,en
OSRO5HUPFTQTGOVQB0,Mexico,native range,en
OSRO5HUPFTQTGOVQB0,North-Central U.S.A.,native range,en
OSRO5HUPFTQTGOVQB0,Northeastern U.S.A.,native range,en
OSRO5HUPFTQTGOVQB0,Northwestern U.S.A.,native range,en
OSRO5HUPFTQTGOVQB0,South-Central U.S.A.,native range,en
OSRO5HUPFTQTGOVQB0,Southeastern U.S.A.,native range,en
OSRO5HUPFTQTGOVQB0,Southwestern U.S.A.,native range,en
OSRO5HUPFTQTGOVQB0,Western Canada,native range,en
OSRO5RFCIPJQXGY4MC,Macaronesia,native range,en
OSRO5RFCIPJQXGY4MC,Northern Africa,native range,en
OSRO5RFCIPJQXGY4MC,Southeastern Europe,native range,en
OSRO5RFCIPJQXGY4MC,Southwestern Europe,native range,en
OSRO5SFFYQ1Y7R6BNH,Eastern Canada,native range,en
OSRO5SFFYQ1Y7R6BNH,Mexico,native range,en
OSRO5SFFYQ1Y7R6BNH,North-Central U.S.A.,native range,en
OSRO5SFFYQ1Y7R6BNH,Northeastern U.S.A.,native range,en
OSRO5SFFYQ1Y7R6BNH,Northwestern U.S.A.,native range,en
OSRO5SFFYQ1Y7R6BNH,South-Central U.S.A.,native range,en
OSRO5SFFYQ1Y7R6BNH,Southeastern U.S.A.,native range,en
OSRO5SFFYQ1Y7R6BNH,Southwestern U.S.A.,native range,en
OSRO5SFFYQ1Y7R6BNH,Western Canada,native range,en
OSRO5SLXBFHXUBKNK0,Eastern Canada,native range,en
OSRO5SLXBFHXUBKNK0,North-Central U.S.A.,native range,en
OSRO5SLXBFHXUBKNK0,Northeastern U.S.A.,native range,en
OSRO5SLXBFHXUBKNK0,South-Central U.S.A.,native range,en
OSRO5SLXBFHXUBKNK0,Southeastern U.S.A.,native range,en
OSRO5ULRC8D1XX7Y34,Arabian Peninsula,native range,en
OSRO5ULRC8D1XX7Y34,Caucasus,native range,en
OSRO5ULRC8D1XX7Y34,East Tropical Africa,native range,en
OSRO5ULRC8D1XX7Y34,Eastern Europe,native range,en
OSRO5ULRC8D1XX7Y34,Indian Subcontinent,native range,en
OSRO5ULRC8D1XX7Y34,Macaronesia,native range,en
OSRO5ULRC8D1XX7Y34,Middle Atlantic Ocean,native range,en
OSRO5ULRC8D1XX7Y34,Middle Europe,native range,en
OSRO5ULRC8D1XX7Y34,Northeast Tropical Africa,native range,en
OSRO5ULRC8D1XX7Y34,Northern Africa,native range,en
OSRO5ULRC8D1XX7Y34,South Tropical Africa,native range,en
OSRO5ULRC8D1XX7Y34,Southeastern Europe,native range,en
OSRO5ULRC8D1XX7Y34,Southwestern Europe,native range,en
OSRO5ULRC8D1XX7Y34,West Tropical Africa,native range,en
OSRO5ULRC8D1XX7Y34,West-Central Tropical Africa,native range,en
OSRO5ULRC8D1XX7Y34,Western Asia,native range,en
OSRO5ULRC8D1XX7Y34,Western Indian Ocean,native range,en
OSRO5XRYW6XFVKMU0R,Eastern Canada,native range,en
OSRO5XRYW6XFVKMU0R,North-Central U.S.A.,native range,en
OSRO5XRYW6XFVKMU0R,Northeastern U.S.A.,native range,en
OSRO5XRYW6XFVKMU0R,Northwestern U.S.A.,native range,en
OSRO5XRYW6XFVKMU0R,South-Central U.S.A.,native range,en
OSRO5XRYW6XFVKMU0R,Southeastern U.S.A.,native range,en
OSRO5XRYW6XFVKMU0R,Southwestern U.S.A.,native range,en
OSRO5XRYW6XFVKMU0R,Western Canada,native range,en
OSRO5YMEN6EOTXHS9L,China,native range,en
OSRO5YMEN6EOTXHS9L,Eastern Asia,native range,en
OSRO5YMEN6EOTXHS9L,Russian Far East,native range,en
OSRO5ZLLYF6LOYBNN7,Caucasus,native range,en
OSRO5ZLLYF6LOYBNN7,Central Asia,native range,en
OSRO5ZLLYF6LOYBNN7,Eastern Europe,native range,en
OSRO616TX6YMLZT6QQ,Eastern Canada,native range,en
OSRO616TX6YMLZT6QQ,North-Central U.S.A.,native range,en
OSRO616TX6YMLZT6QQ,Northeastern U.S.A.,native range,en
OSRO616TX6YMLZT6QQ,Northwestern U.S.A.,native range,en
OSRO616TX6YMLZT6QQ,South-Central U.S.A.,native range,en
OSRO616TX6YMLZT6QQ,Southeastern U.S.A.,native range,en
OSRO616TX6YMLZT6QQ,Southwestern U.S.A.,native range,en
OSRO616TX6YMLZT6QQ,Western Canada,native range,en
OSRO65EYAW6CRLG8PN,Australia,native range,en
OSRO65EYAW6CRLG8PN,Brazil,native range,en
OSRO65EYAW6CRLG8PN,Caribbean,native range,en
OSRO65EYAW6CRLG8PN,Caucasus,native range,en
OSRO65EYAW6CRLG8PN,Central America,native range,en
OSRO65EYAW6CRLG8PN,China,native range,en
OSRO65EYAW6CRLG8PN,Eastern Asia,native range,en
OSRO65EYAW6CRLG8PN,Eastern Canada,native range,en
OSRO65EYAW6CRLG8PN,Indian Subcontinent,native range,en
OSRO65EYAW6CRLG8PN,Indo-China,native range,en
OSRO65EYAW6CRLG8PN,Malesia,native range,en
OSRO65EYAW6CRLG8PN,Mexico,native range,en
OSRO65EYAW6CRLG8PN,North-Central U.S.A.,native range,en
OSRO65EYAW6CRLG8PN,Northeastern U.S.A.,native range,en
OSRO65EYAW6CRLG8PN,Northern South America,native range,en
OSRO65EYAW6CRLG8PN,Northwestern Pacific,native range,en
OSRO65EYAW6CRLG8PN,Northwestern U.S.A.,native range,en
OSRO65EYAW6CRLG8PN,Papuasia,native range,en
OSRO65EYAW6CRLG8PN,South Tropical Africa,native range,en
OSRO65EYAW6CRLG8PN,South-Central Pacific,native range,en
OSRO65EYAW6CRLG8PN,South-Central U.S.A.,native range,en
OSRO65EYAW6CRLG8PN,Southeastern U.S.A.,native range,en
OSRO65EYAW6CRLG8PN,Southern South America,native range,en
OSRO65EYAW6CRLG8PN,Southwestern Pacific,native range,en
OSRO65EYAW6CRLG8PN,Southwestern U.S.A.,native range,en
OSRO65EYAW6CRLG8PN,West Tropical Africa,native range,en
OSRO65EYAW6CRLG8PN,West-Central Tropical Africa,native range,en
OSRO65EYAW6CRLG8PN,Western Asia,native range,en
OSRO65EYAW6CRLG8PN,Western Indian Ocean,native range,en
OSRO65EYAW6CRLG8PN,Western South America,native range,en
OSRO6DH50WYJZCN2I1,Eastern Canada,native range,en
OSRO6DH50WYJZCN2I1,North-Central U.S.A.,native range,en
OSRO6DH50WYJZCN2I1,Northeastern U.S.A.,native range,en
OSRO6DH50WYJZCN2I1,South-Central U.S.A.,native range,en
OSRO6DH50WYJZCN2I1,Southeastern U.S.A.,native range,en
OSRO6DY601ZMV25LOY,China,native range,en
OSRO6DY601ZMV25LOY,Eastern Asia,native range,en
OSRO6DY601ZMV25LOY,Indian Subcontinent,native range,en
OSRO6H1D97PGJDXXWG,Eastern Canada,native range,en
OSRO6H1D97PGJDXXWG,Mexico,native range,en
OSRO6H1D97PGJDXXWG,North-Central U.S.A.,native range,en
OSRO6H1D97PGJDXXWG,Northeastern U.S.A.,native range,en
OSRO6H1D97PGJDXXWG,Northwestern U.S.A.,native range,en
OSRO6H1D97PGJDXXWG,South-Central U.S.A.,native range,en
OSRO6H1D97PGJDXXWG,Southeastern U.S.A.,native range,en
OSRO6H1D97PGJDXXWG,Southwestern U.S.A.,native range,en
OSRO6H1D97PGJDXXWG,Western Canada,native range,en
OSRO6JD67FYL2N8UBU,Eastern Canada,native range,en
OSRO6JD67FYL2N8UBU,North-Central U.S.A.,native range,en
OSRO6JD67FYL2N8UBU,Northeastern U.S.A.,native range,en
OSRO6JD67FYL2N8UBU,South-Central U.S.A.,native range,en
OSRO6JD67FYL2N8UBU,Southeastern U.S.A.,native range,en
OSRO6K6KQD2OAMVH3B,China,native range,en
OSRO6KJ59ATG0F2RJC,Eastern Canada,native range,en
OSRO6KJ59ATG0F2RJC,North-Central U.S.A.,native range,en
OSRO6KJ59ATG0F2RJC,Northeastern U.S.A.,native range,en
OSRO6KJ59ATG0F2RJC,Northwestern U.S.A.,native range,en
OSRO6KJ59ATG0F2RJC,South-Central U.S.A.,native range,en
OSRO6KJ59ATG0F2RJC,Southeastern U.S.A.,native range,en
OSRO6KJ59ATG0F2RJC,Southwestern U.S.A.,native range,en
OSRO6KJ59ATG0F2RJC,Subarctic America,native range,en
OSRO6KJ59ATG0F2RJC,Western Canada,native range,en
OSRO6MGKW3KZTXA9BI,China,native range,en
OSRO6MGKW3KZTXA9BI,Russian Far East,native range,en
OSRO6RDTQTQS0UJR4E,Eastern Canada,native range,en
OSRO6RDTQTQS0UJR4E,North-Central U.S.A.,native range,en
OSRO6RDTQTQS0UJR4E,Northeastern U.S.A.,native range,en
OSRO6RDTQTQS0UJR4E,Southeastern U.S.A.,native range,en
OSRO6VYXK1H61MQ4OL,China,native range,en
OSRO6VYXK1H61MQ4OL,Eastern Asia,native range,en
OSRO6VYXK1H61MQ4OL,Indian Subcontinent,native range,en
OSRO6VYXK1H61MQ4OL,Indo-China,native range,en
OSRO6WP2HJVAUMC7BV,Eastern Canada,native range,en
OSRO6WP2HJVAUMC7BV,North-Central U.S.A.,native range,en
OSRO6WP2HJVAUMC7BV,Northeastern U.S.A.,native range,en
OSRO6WP2HJVAUMC7BV,Northwestern U.S.A.,native range,en
OSRO6WP2HJVAUMC7BV,South-Central U.S.A.,native range,en
OSRO6WP2HJVAUMC7BV,Southern South America,native range,en
OSRO6WP2HJVAUMC7BV,Southwestern U.S.A.,native range,en
OSRO6WP2HJVAUMC7BV,Western Canada,native range,en
OSRO782S643JEJESF2,Caucasus,native range,en
OSRO7DASEZO321WIXS,Caucasus,native range,en
OSRO7DASEZO321WIXS,Western Asia,native range,en
OSRO7G7F6K3I6E2KA3,Caucasus,native range,en
OSRO7G7F6K3I6E2KA3,Western Asia,native range,en
OSRO7G7VCILDQ4R9AB,Arabian Peninsula,native range,en
OSRO7G7VCILDQ4R9AB,Caucasus,native range,en
OSRO7G7VCILDQ4R9AB,Northeast Tropical Africa,native range,en
OSRO7G7VCILDQ4R9AB,Northern Africa,native range,en
OSRO7G7VCILDQ4R9AB,Southeastern Europe,native range,en
OSRO7G7VCILDQ4R9AB,Western Asia,native range,en
OSRO7MPUSNQX6M1ZVA,Eastern Canada,native range,en
OSRO7MPUSNQX6M1ZVA,Mexico,native range,en
OSRO7MPUSNQX6M1ZVA,North-Central U.S.A.,native range,en
OSRO7MPUSNQX6M1ZVA,Northeastern U.S.A.,native range,en
OSRO7MPUSNQX6M1ZVA,South-Central U.S.A.,native range,en
OSRO7MPUSNQX6M1ZVA,Southeastern U.S.A.,native range,en
OSRO7MPUSNQX6M1ZVA,Southwestern U.S.A.,native range,en
OSRO7O0LZT6Z7WA47I,China,native range,en
OSRO7XHSPDRR7ESDGP,China,native range,en
OSRO7YJXSAOERC5XAG,Mexico,native range,en
OSRO8AYFEHYQUIX2NF,Caucasus,native range,en
OSRO8AYFEHYQUIX2NF,Central Asia,native range,en
OSRO8AYFEHYQUIX2NF,China,native range,en
OSRO8AYFEHYQUIX2NF,Indian Subcontinent,native range,en
OSRO8AYFEHYQUIX2NF,Middle Europe,native range,en
OSRO8AYFEHYQUIX2NF,Northern Africa,native range,en
OSRO8AYFEHYQUIX2NF,Siberia,native range,en
OSRO8AYFEHYQUIX2NF,Southeastern Europe,native range,en
OSRO8AYFEHYQUIX2NF,Southwestern Europe,native range,en
OSRO8AYFEHYQUIX2NF,Western Asia,native range,en
OSRO8E3O9SZ7B1CUIA,Eastern Canada,native range,en
OSRO8E3O9SZ7B1CUIA,Mexico,native range,en
OSRO8E3O9SZ7B1CUIA,North-Central U.S.A.,native range,en
OSRO8E3O9SZ7B1CUIA,Northeastern U.S.A.,native range,en
OSRO8E3O9SZ7B1CUIA,Northwestern U.S.A.,native range,en
OSRO8E3O9SZ7B1CUIA,South-Central U.S.A.,native range,en
OSRO8E3O9SZ7B1CUIA,Southeastern U.S.A.,native range,en
OSRO8E3O9SZ7B1CUIA,Southwestern U.S.A.,native range,en
OSRO8E3O9SZ7B1CUIA,Western Canada,native range,en
OSRO8H0XF1H4CQBN01,Caucasus,native range,en
OSRO8H0XF1H4CQBN01,Eastern Europe,native range,en
OSRO8H0XF1H4CQBN01,Middle Europe,native range,en
OSRO8H0XF1H4CQBN01,Southeastern Europe,native range,en
OSRO8H0XF1H4CQBN01,Southwestern Europe,native range,en
OSRO8H0XF1H4CQBN01,Western Asia,native range,en
OSRO8MMF2KQOANY06T,Eastern Asia,native range,en
OSRO8V8UWKNUFY2NTF,China,native range,en
OSRO8V8UWKNUFY2NTF,Eastern Asia,native range,en
OSRO8YIFCKTECRN4T0,Brazil,native range,en
OSRO8YIFCKTECRN4T0,Northern South America,native range,en
OSRO8YIFCKTECRN4T0,Southern South America,native range,en
OSRO8YIFCKTECRN4T0,Western South America,native range,en
OSRO9CPXAE9BK4Y6KS,Brazil,native range,en
OSRO9CPXAE9BK4Y6KS,Central America,native range,en
OSRO9CPXAE9BK4Y6KS,Mexico,native range,en
OSRO9CPXAE9BK4Y6KS,Northern South America,native range,en
OSRO9CPXAE9BK4Y6KS,Southern South America,native range,en
OSRO9CPXAE9BK4Y6KS,Western South America,native range,en
OSRO9GCBK3506R6861,Caucasus,native range,en
OSRO9GCBK3506R6861,Central Asia,native range,en
OSRO9GCBK3506R6861,China,native range,en
OSRO9GCBK3506R6861,Eastern Europe,native range,en
OSRO9GCBK3506R6861,Indian Subcontinent,native range,en
OSRO9GCBK3506R6861,Indo-China,native range,en
OSRO9GCBK3506R6861,Mongolia,native range,en
OSRO9GCBK3506R6861,Siberia,native range,en
OSRO9GCBK3506R6861,Western Asia,native range,en
OSRO9HJ0BZSI5TO779,Arabian Peninsula,native range,en
OSRO9HJ0BZSI5TO779,Caucasus,native range,en
OSRO9HJ0BZSI5TO779,Macaronesia,native range,en
OSRO9HJ0BZSI5TO779,Northern Africa,native range,en
OSRO9HJ0BZSI5TO779,Southeastern Europe,native range,en
OSRO9HJ0BZSI5TO779,Southwestern Europe,native range,en
OSRO9HJ0BZSI5TO779,Western Asia,native range,en
OSRO9I9G273SG52HNK,Eastern Canada,native range,en
OSRO9I9G273SG52HNK,North-Central U.S.A.,native range,en
OSRO9I9G273SG52HNK,Northeastern U.S.A.,native range,en
OSRO9I9G273SG52HNK,Northwestern U.S.A.,native range,en
OSRO9I9G273SG52HNK,South-Central U.S.A.,native range,en
OSRO9I9G273SG52HNK,Southeastern U.S.A.,native range,en
OSRO9I9G273SG52HNK,Southwestern U.S.A.,native range,en
OSRO9RJM63K44K76IV,Eastern Canada,native range,en
OSRO9RJM63K44K76IV,North-Central U.S.A.,native range,en
OSRO9RJM63K44K76IV,Northeastern U.S.A.,native range,en
OSRO9RJM63K44K76IV,South-Central U.S.A.,native range,en
OSRO9RJM63K44K76IV,Southeastern U.S.A.,native range,en
OSRO9XXJP0WVY5LKP8,China,native range,en
OSRO9XXJP0WVY5LKP8,Indian Subcontinent,native range,en
OSRO9XXJP0WVY5LKP8,Indo-China,native range,en
OSRO9YYMFF6DF9JOP8,Southeastern Europe,native range,en
OSRO9YYMFF6DF9JOP8,Western Asia,native range,en
OSRO9ZAV2ZOYIEUFQ8,Eastern Canada,native range,en
OSRO9ZAV2ZOYIEUFQ8,Mexico,native range,en
OSRO9ZAV2ZOYIEUFQ8,North-Central U.S.A.,native range,en
OSRO9ZAV2ZOYIEUFQ8,Northeastern U.S.A.,native range,en
OSRO9ZAV2ZOYIEUFQ8,Northwestern U.S.A.,native range,en
OSRO9ZAV2ZOYIEUFQ8,South-Central U.S.A.,native range,en
OSRO9ZAV2ZOYIEUFQ8,Southeastern U.S.A.,native range,en
OSRO9ZAV2ZOYIEUFQ8,Southwestern U.S.A.,native range,en
OSROA5OEC9G91MD72R,China,native range,en
OSROA5OEC9G91MD72R,Eastern Asia,native range,en
OSROA5OEC9G91MD72R,Indian Subcontinent,native range,en
OSROA5OEC9G91MD72R,Indo-China,native range,en
OSROA5RHWNAOKJYE7V,Caucasus,native range,en
OSROA5RHWNAOKJYE7V,Western Asia,native range,en
OSROAGFY9OLC8RSEUA,Southern South America,native range,en
OSROAGFY9OLC8RSEUA,Western South America,native range,en
OSROATSNMN0TSGBSRH,Brazil,native range,en
OSROATSNMN0TSGBSRH,Caribbean,native range,en
OSROATSNMN0TSGBSRH,Central America,native range,en
OSROATSNMN0TSGBSRH,Eastern Canada,native range,en
OSROATSNMN0TSGBSRH,Mexico,native range,en
OSROATSNMN0TSGBSRH,North-Central U.S.A.,native range,en
OSROATSNMN0TSGBSRH,Northeastern U.S.A.,native range,en
OSROATSNMN0TSGBSRH,Northern South America,native range,en
OSROATSNMN0TSGBSRH,Northwestern U.S.A.,native range,en
OSROATSNMN0TSGBSRH,South-Central U.S.A.,native range,en
OSROATSNMN0TSGBSRH,Southeastern U.S.A.,native range,en
OSROATSNMN0TSGBSRH,Southern South America,native range,en
OSROATSNMN0TSGBSRH,Southwestern U.S.A.,native range,en
OSROATSNMN0TSGBSRH,Western Canada,native range,en
OSROATSNMN0TSGBSRH,Western South America,native range,en
OSROAYGD1QEYON5PVC,Mexico,native range,en
OSROB1FFTJ170933QM,Eastern Canada,native range,en
OSROB1FFTJ170933QM,North-Central U.S.A.,native range,en
OSROB1FFTJ170933QM,Northeastern U.S.A.,native range,en
OSROB1FFTJ170933QM,Northwestern U.S.A.,native range,en
OSROB1FFTJ170933QM,South-Central U.S.A.,native range,en
OSROB1FFTJ170933QM,Southeastern U.S.A.,native range,en
OSROB1FFTJ170933QM,Southwestern U.S.A.,native range,en
OSROB1FFTJ170933QM,Western Canada,native range,en
OSROB46QBQ8HBO5KNG,hybrid,native range,en
OSROB7MIHOEP4AZLMI,hybrid,native range,en
OSROBA4I5BQS24BI7W,Brazil,native range,en
OSROBA4I5BQS24BI7W,Caribbean,native range,en
OSROBA4I5BQS24BI7W,Central America,native range,en
OSROBA4I5BQS24BI7W,Eastern Canada,native range,en
OSROBA4I5BQS24BI7W,Mexico,native range,en
OSROBA4I5BQS24BI7W,North-Central U.S.A.,native range,en
OSROBA4I5BQS24BI7W,Northeastern U.S.A.,native range,en
OSROBA4I5BQS24BI7W,Northern South America,native range,en
OSROBA4I5BQS24BI7W,South-Central U.S.A.,native range,en
OSROBA4I5BQS24BI7W,Southeastern U.S.A.,native range,en
OSROBA4I5BQS24BI7W,Southern South America,native range,en
OSROBA4I5BQS24BI7W,Western South America,native range,en
OSROBF6U57224KMHV8,China,native range,en
OSROBF6U57224KMHV8,Eastern Asia,native range,en
OSROBGHCH5W8PIG2OB,Northern Africa,native range,en
OSROBGHCH5W8PIG2OB,Southeastern Europe,native range,en
OSROBGHCH5W8PIG2OB,Southwestern Europe,native range,en
OSROBGHCH5W8PIG2OB,Western Asia,native range,en
OSROBJFKVJ1NZZBYAK,Brazil,native range,en
OSROBJFKVJ1NZZBYAK,Caribbean,native range,en
OSROBJFKVJ1NZZBYAK,Central America,native range,en
OSROBJFKVJ1NZZBYAK,Mexico,native range,en
OSROBJFKVJ1NZZBYAK,Northern South America,native range,en
OSROBJFKVJ1NZZBYAK,Western South America,native range,en
OSROBLMGNQUFJ76461,Caucasus,native range,en
OSROBLMGNQUFJ76461,Western Asia,native range,en
OSROBQRLXBIOKCCSCK,Eastern Canada,native range,en
OSROBQRLXBIOKCCSCK,North-Central U.S.A.,native range,en
OSROBQRLXBIOKCCSCK,Northeastern U.S.A.,native range,en
OSROBQRLXBIOKCCSCK,Southeastern U.S.A.,native range,en
OSROBTZNK7THS887YB,Caucasus,native range,en
OSROBTZNK7THS887YB,Central Asia,native range,en
OSROBTZNK7THS887YB,Western Asia,native range,en
OSROBWYPLZ91M70GM0,Northeastern U.S.A.,native range,en
OSROBWYPLZ91M70GM0,Southeastern U.S.A.,native range,en
OSROBX0FFX8SKFTHRM,Southeastern Europe,native range,en
OSROBX0FFX8SKFTHRM,Southwestern Europe,native range,en
OSROC2H1BRYJPTENCY,Caribbean,native range,en
OSROC2H1BRYJPTENCY,Eastern Canada,native range,en
OSROC2H1BRYJPTENCY,Mexico,native range,en
OSROC2H1BRYJPTENCY,North-Central U.S.A.,native range,en
OSROC2H1BRYJPTENCY,Northeastern U.S.A.,native range,en
OSROC2H1BRYJPTENCY,Northwestern U.S.A.,native range,en
OSROC2H1BRYJPTENCY,South-Central U.S.A.,native range,en
OSROC2H1BRYJPTENCY,Southeastern U.S.A.,native range,en
OSROC2H1BRYJPTENCY,Southwestern U.S.A.,native range,en
OSROC2H1BRYJPTENCY,Western Canada,native range,en
OSROC5QAUZM1O6EVBE,Australia,native range,en
OSROC5QAUZM1O6EVBE,China,native range,en
OSROC5QAUZM1O6EVBE,Eastern Asia,native range,en
OSROC5QAUZM1O6EVBE,Indo-China,native range,en
OSROC5QAUZM1O6EVBE,Malesia,native range,en
OSROCBUHPNDETJ6L4S,Southeastern Europe,native range,en
OSROCBUHPNDETJ6L4S,Southwestern Europe,native range,en
OSROCBUHPNDETJ6L4S,Western Asia,native range,en
OSROCC7PTMQOTVR5VO,Central Asia,native range,en
OSROCC7PTMQOTVR5VO,China,native range,en
OSROCC7PTMQOTVR5VO,Southeastern Europe,native range,en
OSROCTSUKT8DQZCYSW,Mexico,native range,en
OSROCTSUKT8DQZCYSW,South-Central U.S.A.,native range,en
OSROCVFYN8868A5ZLJ,Central Asia,native range,en
OSROCVFYN8868A5ZLJ,China,native range,en
OSROCVFYN8868A5ZLJ,Eastern Canada,native range,en
OSROCVFYN8868A5ZLJ,Mongolia,native range,en
OSROCVFYN8868A5ZLJ,North-Central U.S.A.,native range,en
OSROCVFYN8868A5ZLJ,Northeastern U.S.A.,native range,en
OSROCVFYN8868A5ZLJ,Northwestern U.S.A.,native range,en
OSROCVFYN8868A5ZLJ,Russian Far East,native range,en
OSROCVFYN8868A5ZLJ,Siberia,native range,en
OSROCVFYN8868A5ZLJ,Southwestern U.S.A.,native range,en
OSROCVFYN8868A5ZLJ,Subarctic America,native range,en
OSROCVFYN8868A5ZLJ,Western Canada,native range,en
OSROCZTTH4H6DCY7UF,Macaronesia,native range,en
OSROCZTTH4H6DCY7UF,Southeastern Europe,native range,en
OSROCZTTH4H6DCY7UF,Southwestern Europe,native range,en
OSROCZTTH4H6DCY7UF,Western Asia,native range,en
OSROD2IEI14J3QPSBK,Eastern Canada,native range,en
OSROD2IEI14J3QPSBK,Mexico,native range,en
OSROD2IEI14J3QPSBK,North-Central U.S.A.,native range,en
OSROD2IEI14J3QPSBK,Northeastern U.S.A.,native range,en
OSROD2IEI14J3QPSBK,Northwestern U.S.A.,native range,en
OSROD2IEI14J3QPSBK,South-Central U.S.A.,native range,en
OSROD2IEI14J3QPSBK,Southeastern U.S.A.,native range,en
OSROD2IEI14J3QPSBK,Southwestern U.S.A.,native range,en
OSROD2IEI14J3QPSBK,Western Canada,native range,en
OSROD3QRLGIRFR7K0W,Central Asia,native range,en
OSROD3QRLGIRFR7K0W,China,native range,en
OSROD3QRLGIRFR7K0W,Eastern Asia,native range,en
OSROD3QRLGIRFR7K0W,Mongolia,native range,en
OSROD3QRLGIRFR7K0W,Russian Far East,native range,en
OSROD3QRLGIRFR7K0W,Siberia,native range,en
OSROD89I4YNF23BYVM,Central America,native range,en
OSROD89I4YNF23BYVM,Mexico,native range,en
OSRODCU1KMEAGL0DPG,Caribbean,native range,en
OSRODCU1KMEAGL0DPG,Mexico,native range,en
OSRODCU1KMEAGL0DPG,North-Central U.S.A.,native range,en
OSRODCU1KMEAGL0DPG,Northeastern U.S.A.,native range,en
OSRODCU1KMEAGL0DPG,Northwestern U.S.A.,native range,en
OSRODCU1KMEAGL0DPG,South-Central U.S.A.,native range,en
OSRODCU1KMEAGL0DPG,Southeastern U.S.A.,native range,en
OSRODCU1KMEAGL0DPG,Southern South America,native range,en
OSRODCU1KMEAGL0DPG,Southwestern U.S.A.,native range,en
OSRODCU1KMEAGL0DPG,Western South America,native range,en
OSRODD2RHLJIC1KC3Y,China,native range,en
OSRODD2RHLJIC1KC3Y,Eastern Asia,native range,en
OSRODD2RHLJIC1KC3Y,Russian Far East,native range,en
OSRODGDADJTBTKEE5O,Eastern Canada,native range,en
OSRODGDADJTBTKEE5O,Mexico,native range,en
OSRODGDADJTBTKEE5O,North-Central U.S.A.,native range,en
OSRODGDADJTBTKEE5O,Northeastern U.S.A.,native range,en
OSRODGDADJTBTKEE5O,Northwestern U.S.A.,native range,en
OSRODGDADJTBTKEE5O,South-Central U.S.A.,native range,en
OSRODGDADJTBTKEE5O,Southeastern U.S.A.,native range,en
OSRODGDADJTBTKEE5O,Southwestern U.S.A.,native range,en
OSRODGDADJTBTKEE5O,Subarctic America,native range,en
OSRODGDADJTBTKEE5O,Western Canada,native range,en
OSRODJ8P6RB7XNQ94C,Mexico,native range,en
OSRODJ8P6RB7XNQ94C,North-Central U.S.A.,native range,en
OSRODJ8P6RB7XNQ94C,South-Central U.S.A.,native range,en
OSRODJ8P6RB7XNQ94C,Southeastern U.S.A.,native range,en
OSRODM0JHBISOEHBIF,Caucasus,native range,en
OSRODM0JHBISOEHBIF,Indian Subcontinent,native range,en
OSRODM0JHBISOEHBIF,Western Asia,native range,en
OSRODPYNO09BDCOFT5,Central Asia,native range,en
OSRODPYNO09BDCOFT5,China,native range,en
OSRODPYNO09BDCOFT5,Indian Subcontinent,native range,en
OSRODTIULTD4MPURUZ,Central Asia,native range,en
OSRODTIULTD4MPURUZ,Indian Subcontinent,native range,en
OSRODTIULTD4MPURUZ,Western Asia,native range,en
OSRODTPXEQJ23GE4DO,Eastern Canada,native range,en
OSRODTPXEQJ23GE4DO,Mexico,native range,en
OSRODTPXEQJ23GE4DO,North-Central U.S.A.,native range,en
OSRODTPXEQJ23GE4DO,Northeastern U.S.A.,native range,en
OSRODTPXEQJ23GE4DO,Northwestern U.S.A.,native range,en
OSRODTPXEQJ23GE4DO,South-Central U.S.A.,native range,en
OSRODTPXEQJ23GE4DO,Southeastern U.S.A.,native range,en
OSRODTPXEQJ23GE4DO,Southwestern U.S.A.,native range,en
OSRODUHKZXJD78JLTF,Western Asia,native range,en
OSRODY2QZLIXE5AV7T,Northeast Tropical Africa,native range,en
OSRODY2QZLIXE5AV7T,Northern Africa,native range,en
OSRODY2QZLIXE5AV7T,West Tropical Africa,native range,en
OSROE5E82ESX53FV5N,Brazil,native range,en
OSROE5E82ESX53FV5N,Northern South America,native range,en
OSROE5E82ESX53FV5N,Southern South America,native range,en
OSROE5E82ESX53FV5N,Western South America,native range,en
OSROE7XPSQNMM8KEB3,Eastern Canada,native range,en
OSROE7XPSQNMM8KEB3,North-Central U.S.A.,native range,en
OSROE7XPSQNMM8KEB3,Northeastern U.S.A.,native range,en
OSROE7XPSQNMM8KEB3,Northwestern U.S.A.,native range,en
OSROE7XPSQNMM8KEB3,South-Central U.S.A.,native range,en
OSROE7XPSQNMM8KEB3,Southeastern U.S.A.,native range,en
OSROE7XPSQNMM8KEB3,Southwestern U.S.A.,native range,en
OSROE7XPSQNMM8KEB3,Western Canada,native range,en
OSROEGBWWKJQZ3UTUS,Eastern Canada,native range,en
OSROEGBWWKJQZ3UTUS,Mexico,native range,en
OSROEGBWWKJQZ3UTUS,North-Central U.S.A.,native range,en
OSROEGBWWKJQZ3UTUS,Northeastern U.S.A.,native range,en
OSROEGBWWKJQZ3UTUS,Northwestern U.S.A.,native range,en
OSROEGBWWKJQZ3UTUS,South-Central U.S.A.,native range,en
OSROEGBWWKJQZ3UTUS,Southeastern U.S.A.,native range,en
OSROEGBWWKJQZ3UTUS,Southwestern U.S.A.,native range,en
OSROEGBWWKJQZ3UTUS,Subarctic America,native range,en
OSROEGBWWKJQZ3UTUS,Western Canada,native range,en
OSROEX6VI4L5ZY2ZV5,China,native range,en
OSROEX6VI4L5ZY2ZV5,Indian Subcontinent,native range,en
OSROEX6VI4L5ZY2ZV5,Indo-China,native range,en
OSROEX6VI4L5ZY2ZV5,Malesia,native range,en
OSROF6VKXQR1TQAMAT,Arabian Peninsula,native range,en
OSROF6VKXQR1TQAMAT,Northeast Tropical Africa,native range,en
OSROF7D5QOWHQ54HUU,Eastern Asia,native range,en
OSROF9GPLEQDUB824B,China,native range,en
OSROF9GPLEQDUB824B,Eastern Asia,native range,en
OSROFXVGMAUOV1ZTC7,Central Asia,native range,en
OSROFXVGMAUOV1ZTC7,China,native range,en
OSROFXVGMAUOV1ZTC7,Mongolia,native range,en
OSROFXVGMAUOV1ZTC7,Siberia,native range,en
OSROFXVGMAUOV1ZTC7,Western Asia,native range,en
OSROG378UHH2LTGMGW,China,native range,en
OSROG378UHH2LTGMGW,Eastern Asia,native range,en
OSROG378UHH2LTGMGW,Indo-China,native range,en
OSROG7UQU3KSF1KF4R,Arabian Peninsula,native range,en
OSROG7UQU3KSF1KF4R,Caucasus,native range,en
OSROG7UQU3KSF1KF4R,Central Asia,native range,en
OSROG7UQU3KSF1KF4R,China,native range,en
OSROG7UQU3KSF1KF4R,Indian Subcontinent,native range,en
OSROG7UQU3KSF1KF4R,Northern Africa,native range,en
OSROG7UQU3KSF1KF4R,Southeastern Europe,native range,en
OSROG7UQU3KSF1KF4R,Western Asia,native range,en
OSROGDW4KB0KWOAEKI,Caucasus,native range,en
OSROGDW4KB0KWOAEKI,Central Asia,native range,en
OSROGDW4KB0KWOAEKI,Southeastern Europe,native range,en
OSROGDW4KB0KWOAEKI,Western Asia,native range,en
OSROGFS84Y5C1JGSLB,Eastern Canada,native range,en
OSROGFS84Y5C1JGSLB,North-Central U.S.A.,native range,en
OSROGFS84Y5C1JGSLB,Northeastern U.S.A.,native range,en
OSROGFS84Y5C1JGSLB,Northwestern U.S.A.,native range,en
OSROGFS84Y5C1JGSLB,South-Central U.S.A.,native range,en
OSROGFS84Y5C1JGSLB,Southeastern U.S.A.,native range,en
OSROGFS84Y5C1JGSLB,Southwestern U.S.A.,native range,en
OSROGFS84Y5C1JGSLB,Western Canada,native range,en
OSROGHKTJXS0CKU6OJ,Eastern Canada,native range,en
OSROGHKTJXS0CKU6OJ,North-Central U.S.A.,native range,en
OSROGHKTJXS0CKU6OJ,Northeastern U.S.A.,native range,en
OSROGHKTJXS0CKU6OJ,Northwestern U.S.A.,native range,en
OSROGHKTJXS0CKU6OJ,Southwestern U.S.A.,native range,en
OSROGHKTJXS0CKU6OJ,Western Canada,native range,en
OSROGK5PNXM8BUI5PE,Brazil,native range,en
OSROGK5PNXM8BUI5PE,Mexico,native range,en
OSROGK5PNXM8BUI5PE,North-Central U.S.A.,native range,en
OSROGK5PNXM8BUI5PE,Northeastern U.S.A.,native range,en
OSROGK5PNXM8BUI5PE,South-Central U.S.A.,native range,en
OSROGK5PNXM8BUI5PE,Southeastern U.S.A.,native range,en
OSROGK5PNXM8BUI5PE,Southern South America,native range,en
OSROGK5PNXM8BUI5PE,Western South America,native range,en
OSROGLAY7UC8B1KO98,Brazil,native range,en
OSROGLAY7UC8B1KO98,Southern South America,native range,en
OSROGLAY7UC8B1KO98,Western South America,native range,en
OSROGUW7POIR60GZYH,Caucasus,native range,en
OSROGUW7POIR60GZYH,Central Asia,native range,en
OSROGUW7POIR60GZYH,Eastern Europe,native range,en
OSROGUW7POIR60GZYH,Northern Africa,native range,en
OSROGUW7POIR60GZYH,Southeastern Europe,native range,en
OSROGUW7POIR60GZYH,Southwestern Europe,native range,en
OSROGUW7POIR60GZYH,Western Asia,native range,en
OSROGYS4Q9A44KRCGU,Eastern Canada,native range,en
OSROGYS4Q9A44KRCGU,North-Central U.S.A.,native range,en
OSROGYS4Q9A44KRCGU,Northeastern U.S.A.,native range,en
OSROGYS4Q9A44KRCGU,Northwestern U.S.A.,native range,en
OSROGYS4Q9A44KRCGU,South-Central U.S.A.,native range,en
OSROGYS4Q9A44KRCGU,Subarctic America,native range,en
OSROGYS4Q9A44KRCGU,Western Canada,native range,en
OSROH7K0J6OIVU9ML8,Brazil,native range,en
OSROH7K0J6OIVU9ML8,Eastern Canada,native range,en
OSROH7K0J6OIVU9ML8,Mexico,native range,en
OSROH7K0J6OIVU9ML8,North-Central U.S.A.,native range,en
OSROH7K0J6OIVU9ML8,Northeastern U.S.A.,native range,en
OSROH7K0J6OIVU9ML8,Northwestern U.S.A.,native range,en
OSROH7K0J6OIVU9ML8,South-Central U.S.A.,native range,en
OSROH7K0J6OIVU9ML8,Southeastern U.S.A.,native range,en
OSROH7K0J6OIVU9ML8,Southern South America,native range,en
OSROH7K0J6OIVU9ML8,Southwestern U.S.A.,native range,en
OSROH7K0J6OIVU9ML8,Subarctic America,native range,en
OSROH7K0J6OIVU9ML8,Western Canada,native range,en
OSROH7K0J6OIVU9ML8,Western South America,native range,en
OSROH9300UG9TP9RD1,Mexico,native range,en
OSROH9300UG9TP9RD1,South-Central U.S.A.,native range,en
OSROH9300UG9TP9RD1,Southern South America,native range,en
OSROH9300UG9TP9RD1,Southwestern U.S.A.,native range,en
OSROHARTHN5OTQOJX4,Eastern Canada,native range,en
OSROHARTHN5OTQOJX4,Mexico,native range,en
OSROHARTHN5OTQOJX4,North-Central U.S.A.,native range,en
OSROHARTHN5OTQOJX4,Northeastern U.S.A.,native range,en
OSROHARTHN5OTQOJX4,Northwestern U.S.A.,native range,en
OSROHARTHN5OTQOJX4,South-Central U.S.A.,native range,en
OSROHARTHN5OTQOJX4,Southeastern U.S.A.,native range,en
OSROHARTHN5OTQOJX4,Southwestern U.S.A.,native range,en
OSROHARTHN5OTQOJX4,Subarctic America,native range,en
OSROHARTHN5OTQOJX4,Western Canada,native range,en
OSROHDSEBRVK7SPTQZ,Eastern Canada,native range,en
OSROHDSEBRVK7SPTQZ,Mexico,native range,en
OSROHDSEBRVK7SPTQZ,North-Central U.S.A.,native range,en
OSROHDSEBRVK7SPTQZ,Northeastern U.S.A.,native range,en
OSROHDSEBRVK7SPTQZ,Northwestern U.S.A.,native range,en
OSROHDSEBRVK7SPTQZ,South-Central U.S.A.,native range,en
OSROHDSEBRVK7SPTQZ,Southeastern U.S.A.,native range,en
OSROHDSEBRVK7SPTQZ,Southwestern U.S.A.,native range,en
OSROHDSEBRVK7SPTQZ,Western Canada,native range,en
OSROHHD72KNCJCH1PI,Caucasus,native range,en
OSROHHD72KNCJCH1PI,Eastern Europe,native range,en
OSROHHD72KNCJCH1PI,Middle Europe,native range,en
OSROHHD72KNCJCH1PI,Northern Africa,native range,en
OSROHHD72KNCJCH1PI,Southeastern Europe,native range,en
OSROHHD72KNCJCH1PI,Southwestern Europe,native range,en
OSROHHD72KNCJCH1PI,Western Asia,native range,en
OSROHK8VKDLT6WPT4J,Mexico,native range,en
OSROHK8VKDLT6WPT4J,North-Central U.S.A.,native range,en
OSROHK8VKDLT6WPT4J,Northeastern U.S.A.,native range,en
OSROHK8VKDLT6WPT4J,Northwestern U.S.A.,native range,en
OSROHK8VKDLT6WPT4J,South-Central U.S.A.,native range,en
OSROHK8VKDLT6WPT4J,Southeastern U.S.A.,native range,en
OSROHK8VKDLT6WPT4J,Southwestern U.S.A.,native range,en
OSROHRGUWJLRDXCQ7A,Northwestern U.S.A.,native range,en
OSROHRGUWJLRDXCQ7A,Southwestern U.S.A.,native range,en
OSROHRGUWJLRDXCQ7A,Western Canada,native range,en
OSROHTM5KC0AS464QV,Brazil,native range,en
OSROHTM5KC0AS464QV,Western South America,native range,en
OSROI085EZD0J374I6,Caribbean,native range,en
OSROI085EZD0J374I6,Central America,native range,en
OSROI085EZD0J374I6,Eastern Canada,native range,en
OSROI085EZD0J374I6,Mexico,native range,en
OSROI085EZD0J374I6,North-Central U.S.A.,native range,en
OSROI085EZD0J374I6,Northeastern U.S.A.,native range,en
OSROI085EZD0J374I6,Northwestern U.S.A.,native range,en
OSROI085EZD0J374I6,South-Central U.S.A.,native range,en
OSROI085EZD0J374I6,Southeastern U.S.A.,native range,en
OSROI085EZD0J374I6,Southwestern U.S.A.,native range,en
OSROI24YI3BGLG1PCB,South-Central U.S.A.,native range,en
OSROI24YI3BGLG1PCB,Southeastern U.S.A.,native range,en
OSROIDPSG8LSQ4K8NV,hybrid,native range,en
OSROIF5MCJTE5YJHHX,Eastern Canada,native range,en
OSROIF5MCJTE5YJHHX,Mexico,native range,en
OSROIF5MCJTE5YJHHX,North-Central U.S.A.,native range,en
OSROIF5MCJTE5YJHHX,Northeastern U.S.A.,native range,en
OSROIF5MCJTE5YJHHX,Northwestern U.S.A.,native range,en
OSROIF5MCJTE5YJHHX,South-Central U.S.A.,native range,en
OSROIF5MCJTE5YJHHX,Southeastern U.S.A.,native range,en
OSROIF5MCJTE5YJHHX,Southwestern U.S.A.,native range,en
OSROIF5MCJTE5YJHHX,Subarctic America,native range,en
OSROIF5MCJTE5YJHHX,Western Canada,native range,en
OSROIGVHNV86AXU8WF,Eastern Canada,native range,en
OSROIGVHNV86AXU8WF,North-Central U.S.A.,native range,en
OSROIGVHNV86AXU8WF,Northeastern U.S.A.,native range,en
OSROIGVHNV86AXU8WF,South-Central U.S.A.,native range,en
OSROIGVHNV86AXU8WF,Southeastern U.S.A.,native range,en
OSROIIJ0WA2Y1AOHTI,Brazil,native range,en
OSROIIJ0WA2Y1AOHTI,Southern South America,native range,en
OSROIL1JEBX91LGBID,Mexico,native range,en
OSROIL1JEBX91LGBID,North-Central U.S.A.,native range,en
OSROIL1JEBX91LGBID,Northeastern U.S.A.,native range,en
OSROIL1JEBX91LGBID,Northwestern U.S.A.,native range,en
OSROIL1JEBX91LGBID,South-Central U.S.A.,native range,en
OSROIL1JEBX91LGBID,Southeastern U.S.A.,native range,en
OSROIL1JEBX91LGBID,Southwestern U.S.A.,native range,en
OSROIL3I5PBBDO85E3,Central America,native range,en
OSROIL3I5PBBDO85E3,Mexico,native range,en
OSROIR57HIT64EBW74,Brazil,native range,en
OSROIR57HIT64EBW74,Caribbean,native range,en
OSROIR57HIT64EBW74,Central America,native range,en
OSROIR57HIT64EBW74,Mexico,native range,en
OSROIR57HIT64EBW74,Northern South America,native range,en
OSROIR57HIT64EBW74,South-Central U.S.A.,native range,en
OSROIR57HIT64EBW74,Southern South America,native range,en
OSROIR57HIT64EBW74,Southwestern U.S.A.,native range,en
OSROIR57HIT64EBW74,Western South America,native range,en
OSROIWVYOAVR5DH8J1,Central Asia,native range,en
OSROIWVYOAVR5DH8J1,China,native range,en
OSROIWVYOAVR5DH8J1,Eastern Asia,native range,en
OSROIWVYOAVR5DH8J1,Mongolia,native range,en
OSROIWVYOAVR5DH8J1,Russian Far East,native range,en
OSROIWVYOAVR5DH8J1,Siberia,native range,en
OSROIWVYOAVR5DH8J1,Southeastern Europe,native range,en
OSROIWZYGJ1UNQW0PP,Brazil,native range,en
OSROIWZYGJ1UNQW0PP,Caribbean,native range,en
OSROIWZYGJ1UNQW0PP,Central America,native range,en
OSROIWZYGJ1UNQW0PP,Mexico,native range,en
OSROIWZYGJ1UNQW0PP,North-Central U.S.A.,native range,en
OSROIWZYGJ1UNQW0PP,Northern South America,native range,en
OSROIWZYGJ1UNQW0PP,South-Central U.S.A.,native range,en
OSROIWZYGJ1UNQW0PP,Southeastern U.S.A.,native range,en
OSROIWZYGJ1UNQW0PP,Southern South America,native range,en
OSROIWZYGJ1UNQW0PP,Subantarctic Islands,native range,en
OSROIWZYGJ1UNQW0PP,Western South America,native range,en
OSROJ7BSV29QS0SGDX,Australia,native range,en
OSROJ7BSV29QS0SGDX,Brazil,native range,en
OSROJ7BSV29QS0SGDX,Caribbean,native range,en
OSROJ7BSV29QS0SGDX,Central America,native range,en
OSROJ7BSV29QS0SGDX,China,native range,en
OSROJ7BSV29QS0SGDX,Eastern Asia,native range,en
OSROJ7BSV29QS0SGDX,Mexico,native range,en
OSROJ7BSV29QS0SGDX,North-Central U.S.A.,native range,en
OSROJ7BSV29QS0SGDX,Northeastern U.S.A.,native range,en
OSROJ7BSV29QS0SGDX,Northern South America,native range,en
OSROJ7BSV29QS0SGDX,Northwestern U.S.A.,native range,en
OSROJ7BSV29QS0SGDX,South-Central U.S.A.,native range,en
OSROJ7BSV29QS0SGDX,Southeastern U.S.A.,native range,en
OSROJ7BSV29QS0SGDX,Southern South America,native range,en
OSROJ7BSV29QS0SGDX,Southwestern U.S.A.,native range,en
OSROJ7BSV29QS0SGDX,Western South America,native range,en
OSROJHJ7MI6YO1DX8L,Eastern Canada,native range,en
OSROJHJ7MI6YO1DX8L,Mexico,native range,en
OSROJHJ7MI6YO1DX8L,North-Central U.S.A.,native range,en
OSROJHJ7MI6YO1DX8L,Northeastern U.S.A.,native range,en
OSROJHJ7MI6YO1DX8L,Northwestern U.S.A.,native range,en
OSROJHJ7MI6YO1DX8L,South-Central U.S.A.,native range,en
OSROJHJ7MI6YO1DX8L,Southeastern U.S.A.,native range,en
OSROJHJ7MI6YO1DX8L,Southwestern U.S.A.,native range,en
OSROJHJ7MI6YO1DX8L,Western Canada,native range,en
OSROJMLTB9O81P5G7W,Caucasus,native range,en
OSROJMLTB9O81P5G7W,Central Asia,native range,en
OSROJMLTB9O81P5G7W,China,native range,en
OSROJMLTB9O81P5G7W,Eastern Europe,native range,en
OSROJMLTB9O81P5G7W,Mongolia,native range,en
OSROJMLTB9O81P5G7W,Siberia,native range,en
OSROJP4VCOZEYTN790,Middle Europe,native range,en
OSROJP4VCOZEYTN790,Southeastern Europe,native range,en
OSROJP4VCOZEYTN790,Southwestern Europe,native range,en
OSROJSLN0H4V13JFEX,Eastern Canada,native range,en
OSROJSLN0H4V13JFEX,North-Central U.S.A.,native range,en
OSROJSLN0H4V13JFEX,Northeastern U.S.A.,native range,en
OSROJSLN0H4V13JFEX,Northwestern U.S.A.,native range,en
OSROJSLN0H4V13JFEX,South-Central U.S.A.,native range,en
OSROJSLN0H4V13JFEX,Southeastern U.S.A.,native range,en
OSROJSLN0H4V13JFEX,Western Canada,native range,en
OSROK2LFYCJKWBOB1L,China,native range,en
OSROK2LFYCJKWBOB1L,Eastern Asia,native range,en
OSROK533LZ7LFFL647,Brazil,native range,en
OSROK533LZ7LFFL647,Caribbean,native range,en
OSROK533LZ7LFFL647,Central America,native range,en
OSROK533LZ7LFFL647,Mexico,native range,en
OSROK533LZ7LFFL647,North-Central U.S.A.,native range,en
OSROK533LZ7LFFL647,Northeastern U.S.A.,native range,en
OSROK533LZ7LFFL647,Northern South America,native range,en
OSROK533LZ7LFFL647,Northwestern U.S.A.,native range,en
OSROK533LZ7LFFL647,South-Central U.S.A.,native range,en
OSROK533LZ7LFFL647,Southeastern U.S.A.,native range,en
OSROK533LZ7LFFL647,Southern South America,native range,en
OSROK533LZ7LFFL647,Southwestern U.S.A.,native range,en
OSROK533LZ7LFFL647,Western South America,native range,en
OSROK98K5Y5LGZD9OH,Brazil,native range,en
OSROK98K5Y5LGZD9OH,Caribbean,native range,en
OSROK98K5Y5LGZD9OH,Central America,native range,en
OSROK98K5Y5LGZD9OH,Mexico,native range,en
OSROK98K5Y5LGZD9OH,Northern South America,native range,en
OSROK98K5Y5LGZD9OH,South-Central U.S.A.,native range,en
OSROK98K5Y5LGZD9OH,Southeastern U.S.A.,native range,en
OSROK98K5Y5LGZD9OH,Southern South America,native range,en
OSROK98K5Y5LGZD9OH,Western South America,native range,en
OSROKAPRDPTKVURMOP,Mexico,native range,en
OSROKAPRDPTKVURMOP,South-Central U.S.A.,native range,en
OSROKAPZH0ELRGYR3L,Mexico,native range,en
OSROKAPZH0ELRGYR3L,Southwestern U.S.A.,native range,en
OSROKTVZIIA06VIDEN,Caucasus,native range,en
OSROKTVZIIA06VIDEN,Western Asia,native range,en
OSROKW34TBR372NSHL,North-Central U.S.A.,native range,en
OSROKW34TBR372NSHL,Northeastern U.S.A.,native range,en
OSROKW34TBR372NSHL,South-Central U.S.A.,native range,en
OSROKW34TBR372NSHL,Southeastern U.S.A.,native range,en
OSROKW34TBR372NSHL,Southwestern U.S.A.,native range,en
OSROKZ8USE2B7DUQCT,China,native range,en
OSROKZ8USE2B7DUQCT,Eastern Asia,native range,en
OSROKZ8USE2B7DUQCT,Russian Far East,native range,en
OSROL6YTJ9ZQOM7N77,Central America,native range,en
OSROL6YTJ9ZQOM7N77,Mexico,native range,en
OSROLD0K3FP9QADMMQ,Northeast Tropical Africa,native range,en
OSROLD0K3FP9QADMMQ,Northern Africa,native range,en
OSROLN1ZBPWUPE31Q3,Eastern Canada,native range,en
OSROLN1ZBPWUPE31Q3,Mexico,native range,en
OSROLN1ZBPWUPE31Q3,North-Central U.S.A.,native range,en
OSROLN1ZBPWUPE31Q3,Northeastern U.S.A.,native range,en
OSROLN1ZBPWUPE31Q3,Northwestern U.S.A.,native range,en
OSROLN1ZBPWUPE31Q3,South-Central U.S.A.,native range,en
OSROLN1ZBPWUPE31Q3,Southeastern U.S.A.,native range,en
OSROLN1ZBPWUPE31Q3,Western Canada,native range,en
OSROLO3GBMG3B3THCW,Eastern Canada,native range,en
OSROLO3GBMG3B3THCW,North-Central U.S.A.,native range,en
OSROLO3GBMG3B3THCW,Northeastern U.S.A.,native range,en
OSROLO3GBMG3B3THCW,Northwestern U.S.A.,native range,en
OSROLO3GBMG3B3THCW,South-Central U.S.A.,native range,en
OSROLO3GBMG3B3THCW,Southeastern U.S.A.,native range,en
OSROLO3GBMG3B3THCW,Southwestern U.S.A.,native range,en
OSROLO3GBMG3B3THCW,Western Canada,native range,en
OSROLO4O7VF9S5LDVI,Mexico,native range,en
OSROLO4O7VF9S5LDVI,Northwestern U.S.A.,native range,en
OSROLO4O7VF9S5LDVI,South-Central U.S.A.,native range,en
OSROLO4O7VF9S5LDVI,Southwestern U.S.A.,native range,en
OSROLV6OTYTX8GVBC8,Brazil,native range,en
OSROLV6OTYTX8GVBC8,Caribbean,native range,en
OSROLV6OTYTX8GVBC8,Central America,native range,en
OSROLV6OTYTX8GVBC8,Mexico,native range,en
OSROLV6OTYTX8GVBC8,North-Central U.S.A.,native range,en
OSROLV6OTYTX8GVBC8,Northern South America,native range,en
OSROLV6OTYTX8GVBC8,Northwestern U.S.A.,native range,en
OSROLV6OTYTX8GVBC8,South-Central Pacific,native range,en
OSROLV6OTYTX8GVBC8,South-Central U.S.A.,native range,en
OSROLV6OTYTX8GVBC8,Southeastern U.S.A.,native range,en
OSROLV6OTYTX8GVBC8,Southern South America,native range,en
OSROLV6OTYTX8GVBC8,Western South America,native range,en
OSROLV8O0LT150FJE3,China,native range,en
OSROLV8O0LT150FJE3,Eastern Asia,native range,en
OSROLV8O0LT150FJE3,Indian Subcontinent,native range,en
OSROLV8O0LT150FJE3,Indo-China,native range,en
OSROLV8O0LT150FJE3,Malesia,native range,en
OSROLWGRZ6G7YTLF5Y,Central America,native range,en
OSROLWGRZ6G7YTLF5Y,Mexico,native range,en
OSROLWGRZ6G7YTLF5Y,North-Central U.S.A.,native range,en
OSROLWGRZ6G7YTLF5Y,Northwestern U.S.A.,native range,en
OSROLWGRZ6G7YTLF5Y,South-Central U.S.A.,native range,en
OSROLWGRZ6G7YTLF5Y,Southeastern U.S.A.,native range,en
OSROLWGRZ6G7YTLF5Y,Southwestern U.S.A.,native range,en
OSROM15DYAZWY6B2IH,Mexico,native range,en
OSROM15DYAZWY6B2IH,North-Central U.S.A.,native range,en
OSROM15DYAZWY6B2IH,Northeastern U.S.A.,native range,en
OSROM15DYAZWY6B2IH,South-Central U.S.A.,native range,en
OSROM15DYAZWY6B2IH,Southeastern U.S.A.,native range,en
OSROM8IYZB7MGXPSXW,Brazil,native range,en
OSROM8IYZB7MGXPSXW,Caribbean,native range,en
OSROM8IYZB7MGXPSXW,Central America,native range,en
OSROM8IYZB7MGXPSXW,Mexico,native range,en
OSROM8IYZB7MGXPSXW,Northern South America,native range,en
OSROM8IYZB7MGXPSXW,South-Central U.S.A.,native range,en
OSROM8IYZB7MGXPSXW,Southeastern U.S.A.,native range,en
OSROM8IYZB7MGXPSXW,Southwestern U.S.A.,native range,en
OSROM8IYZB7MGXPSXW,Western South America,native range,en
OSROM8KDWTDQPJNX3F,Arabian Peninsula,native range,en
OSROM8KDWTDQPJNX3F,Caucasus,native range,en
OSROM8KDWTDQPJNX3F,Central Asia,native range,en
OSROM8KDWTDQPJNX3F,China,native range,en
OSROM8KDWTDQPJNX3F,Indian Subcontinent,native range,en
OSROM8KDWTDQPJNX3F,Indo-China,native range,en
OSROM8KDWTDQPJNX3F,Northeast Tropical Africa,native range,en
OSROM8KDWTDQPJNX3F,Northern Africa,native range,en
OSROM8KDWTDQPJNX3F,Southeastern Europe,native range,en
OSROM8KDWTDQPJNX3F,Southwestern Europe,native range,en
OSROM8KDWTDQPJNX3F,Western Asia,native range,en
OSROMKXPH9YKQLDKWL,Eastern Europe,native range,en
OSROMKXPH9YKQLDKWL,Middle Europe,native range,en
OSROMKXPH9YKQLDKWL,Northern Europe,native range,en
OSROMKXPH9YKQLDKWL,Southeastern Europe,native range,en
OSROMKXPH9YKQLDKWL,Southwestern Europe,native range,en
OSROMVV2A2JACUKL9H,Caucasus,native range,en
OSROMVV2A2JACUKL9H,Central Asia,native range,en
OSROMVV2A2JACUKL9H,Northern Africa,native range,en
OSROMVV2A2JACUKL9H,Southeastern Europe,native range,en
OSROMVV2A2JACUKL9H,Southwestern Europe,native range,en
OSROMVV2A2JACUKL9H,Western Asia,native range,en
OSROMZPPIJWD4VW0BL,East Tropical Africa,native range,en
OSROMZPPIJWD4VW0BL,Northeast Tropical Africa,native range,en
OSROMZPPIJWD4VW0BL,South Tropical Africa,native range,en
OSROMZPPIJWD4VW0BL,West Tropical Africa,native range,en
OSROMZPPIJWD4VW0BL,West-Central Tropical Africa,native range,en
OSRONEXYGP1AYCP6BQ,Caucasus,native range,en
OSRONEXYGP1AYCP6BQ,Central Asia,native range,en
OSRONEXYGP1AYCP6BQ,China,native range,en
OSRONEXYGP1AYCP6BQ,Eastern Europe,native range,en
OSRONEXYGP1AYCP6BQ,Indian Subcontinent,native range,en
OSRONEXYGP1AYCP6BQ,Southeastern Europe,native range,en
OSRONEXYGP1AYCP6BQ,Western Asia,native range,en
OSRONHKHQHQPMX0ZHS,Eastern Canada,native range,en
OSRONHKHQHQPMX0ZHS,North-Central U.S.A.,native range,en
OSRONHKHQHQPMX0ZHS,Northeastern U.S.A.,native range,en
OSRONHKHQHQPMX0ZHS,South-Central U.S.A.,native range,en
OSRONHKHQHQPMX0ZHS,Southeastern U.S.A.,native range,en
OSRONN6YNWCDLCPWUA,Caucasus,native range,en
OSRONN6YNWCDLCPWUA,Central Asia,native range,en
OSRONN6YNWCDLCPWUA,Eastern Europe,native range,en
OSRONN6YNWCDLCPWUA,Northern Africa,native range,en
OSRONN6YNWCDLCPWUA,Southeastern Europe,native range,en
OSRONN6YNWCDLCPWUA,Southwestern Europe,native range,en
OSRONN6YNWCDLCPWUA,Western Asia,native range,en
OSRONND6PCVYH1JLUA,Southeastern Europe,native range,en
OSRONUO4PGR5NBV7DQ,Western South America,native range,en
OSRONZE3NMZD3BC049,China,native range,en
OSRONZE3NMZD3BC049,Eastern Asia,native range,en
OSRONZE3NMZD3BC049,Indian Subcontinent,native range,en
OSRONZE3NMZD3BC049,Indo-China,native range,en
OSRONZE3NMZD3BC049,Malesia,native range,en
OSROO0ZFQX24YW3FGM,Brazil,native range,en
OSROO0ZFQX24YW3FGM,Caribbean,native range,en
OSROO0ZFQX24YW3FGM,Central America,native range,en
OSROO0ZFQX24YW3FGM,Eastern Canada,native range,en
OSROO0ZFQX24YW3FGM,Mexico,native range,en
OSROO0ZFQX24YW3FGM,North-Central U.S.A.,native range,en
OSROO0ZFQX24YW3FGM,Northeastern U.S.A.,native range,en
OSROO0ZFQX24YW3FGM,Northern South America,native range,en
OSROO0ZFQX24YW3FGM,Northwestern U.S.A.,native range,en
OSROO0ZFQX24YW3FGM,South-Central U.S.A.,native range,en
OSROO0ZFQX24YW3FGM,Southeastern U.S.A.,native range,en
OSROO0ZFQX24YW3FGM,Southern South America,native range,en
OSROO0ZFQX24YW3FGM,Southwestern U.S.A.,native range,en
OSROO0ZFQX24YW3FGM,Western Canada,native range,en
OSROO0ZFQX24YW3FGM,Western South America,native range,en
OSROO2G627YBVOK6M4,Caucasus,native range,en
OSROO2G627YBVOK6M4,Middle Europe,native range,en
OSROO2G627YBVOK6M4,Northern Africa,native range,en
OSROO2G627YBVOK6M4,Northern Europe,native range,en
OSROO2G627YBVOK6M4,Southeastern Europe,native range,en
OSROO2G627YBVOK6M4,Southwestern Europe,native range,en
OSROO2G627YBVOK6M4,Western Asia,native range,en
OSROO3XSCYRQO1QZKG,Northern South America,native range,en
OSROO3XSCYRQO1QZKG,Southern South America,native range,en
OSROO3XSCYRQO1QZKG,Western South America,native range,en
OSROOJAAZ9QK1Q3LUQ,North-Central U.S.A.,native range,en
OSROOJAAZ9QK1Q3LUQ,Northeastern U.S.A.,native range,en
OSROOJAAZ9QK1Q3LUQ,South-Central U.S.A.,native range,en
OSROOJAAZ9QK1Q3LUQ,Southeastern U.S.A.,native range,en
OSROOLN6S77S7G9XY2,China,native range,en
OSROOLN6S77S7G9XY2,Eastern Asia,native range,en
OSROOMCWV1PZ054SX1,Northeast Tropical Africa,native range,en
OSROOOBLRV0QWAN1F5,Caucasus,native range,en
OSROOOBLRV0QWAN1F5,Southeastern Europe,native range,en
OSROOOBLRV0QWAN1F5,Western Asia,native range,en
OSROOS9MBCGWQ4PIIF,China,native range,en
OSROP1E2KZLGAX4UJX,Arabian Peninsula,native range,en
OSROP1E2KZLGAX4UJX,Caucasus,native range,en
OSROP1E2KZLGAX4UJX,Central Asia,native range,en
OSROP1E2KZLGAX4UJX,Indian Subcontinent,native range,en
OSROP1E2KZLGAX4UJX,Northeast Tropical Africa,native range,en
OSROP1E2KZLGAX4UJX,Northern Africa,native range,en
OSROP1E2KZLGAX4UJX,Southeastern Europe,native range,en
OSROP1E2KZLGAX4UJX,Southwestern Europe,native range,en
OSROP1E2KZLGAX4UJX,Western Asia,native range,en
OSROP68F4IF4KITFSW,Central America,native range,en
OSROP68F4IF4KITFSW,Mexico,native range,en
OSROP6UQC9MM6KW3RJ,Central Asia,native range,en
OSROP6UQC9MM6KW3RJ,China,native range,en
OSROP6UQC9MM6KW3RJ,Indian Subcontinent,native range,en
OSROP6UQC9MM6KW3RJ,Western Asia,native range,en
OSROPA487XQDI3KNS7,China,native range,en
OSROPA487XQDI3KNS7,Eastern Asia,native range,en
OSROPA487XQDI3KNS7,Indo-China,native range,en
OSROPA487XQDI3KNS7,Russian Far East,native range,en
OSROPA487XQDI3KNS7,Siberia,native range,en
OSROPCQW3DOJHLO6Y4,Eastern Canada,native range,en
OSROPCQW3DOJHLO6Y4,Mexico,native range,en
OSROPCQW3DOJHLO6Y4,North-Central U.S.A.,native range,en
OSROPCQW3DOJHLO6Y4,Northeastern U.S.A.,native range,en
OSROPCQW3DOJHLO6Y4,Northwestern U.S.A.,native range,en
OSROPCQW3DOJHLO6Y4,South-Central U.S.A.,native range,en
OSROPCQW3DOJHLO6Y4,Southeastern U.S.A.,native range,en
OSROPCQW3DOJHLO6Y4,Southwestern U.S.A.,native range,en
OSROPCQW3DOJHLO6Y4,Western Canada,native range,en
OSROPETCQY11CN7329,Australia,native range,en
OSROPETCQY11CN7329,China,native range,en
OSROPETCQY11CN7329,Eastern Asia,native range,en
OSROPETCQY11CN7329,Indian Subcontinent,native range,en
OSROPETCQY11CN7329,Indo-China,native range,en
OSROPETCQY11CN7329,Malesia,native range,en
OSROPETCQY11CN7329,Papuasia,native range,en
OSROPETCQY11CN7329,Russian Far East,native range,en
OSROPFO2L45V8V9SOZ,Eastern Canada,native range,en
OSROPFO2L45V8V9SOZ,North-Central U.S.A.,native range,en
OSROPFO2L45V8V9SOZ,Northeastern U.S.A.,native range,en
OSROPFO2L45V8V9SOZ,Southeastern U.S.A.,native range,en
OSROPGYAFQJD3CZU0J,Mexico,native range,en
OSROPGYAFQJD3CZU0J,North-Central U.S.A.,native range,en
OSROPGYAFQJD3CZU0J,Northeastern U.S.A.,native range,en
OSROPGYAFQJD3CZU0J,South-Central U.S.A.,native range,en
OSROPGYAFQJD3CZU0J,Southeastern U.S.A.,native range,en
OSROPLWNN1T0H3331U,Eastern Canada,native range,en
OSROPLWNN1T0H3331U,Northeastern U.S.A.,native range,en
OSROPLWNN1T0H3331U,Southeastern U.S.A.,native range,en
OSROPRR2YP6U08SK8U,Australia,native range,en
OSROPVI4L25O0BJEQ9,Arabian Peninsula,native range,en
OSROPVI4L25O0BJEQ9,Caucasus,native range,en
OSROPVI4L25O0BJEQ9,Central America,native range,en
OSROPVI4L25O0BJEQ9,Central Asia,native range,en
OSROPVI4L25O0BJEQ9,Indian Subcontinent,native range,en
OSROPVI4L25O0BJEQ9,Macaronesia,native range,en
OSROPVI4L25O0BJEQ9,Northeast Tropical Africa,native range,en
OSROPVI4L25O0BJEQ9,Northern Africa,native range,en
OSROPVI4L25O0BJEQ9,Southeastern Europe,native range,en
OSROPVI4L25O0BJEQ9,Southwestern Europe,native range,en
OSROPVI4L25O0BJEQ9,West Tropical Africa,native range,en
OSROPVI4L25O0BJEQ9,Western Asia,native range,en
OSROPW11F5XS2PG15H,Eastern Canada,native range,en
OSROPW11F5XS2PG15H,Mexico,native range,en
OSROPW11F5XS2PG15H,North-Central U.S.A.,native range,en
OSROPW11F5XS2PG15H,Northeastern U.S.A.,native range,en
OSROPW11F5XS2PG15H,Northwestern U.S.A.,native range,en
OSROPW11F5XS2PG15H,South-Central U.S.A.,native range,en
OSROPW11F5XS2PG15H,Southeastern U.S.A.,native range,en
OSROPW11F5XS2PG15H,Southwestern U.S.A.,native range,en
OSROPW11F5XS2PG15H,Western Canada,native range,en
OSROQ11RY79EUSLKXG,Central America,native range,en
OSROQ11RY79EUSLKXG,Eastern Canada,native range,en
OSROQ11RY79EUSLKXG,Mexico,native range,en
OSROQ11RY79EUSLKXG,North-Central U.S.A.,native range,en
OSROQ11RY79EUSLKXG,Northeastern U.S.A.,native range,en
OSROQ11RY79EUSLKXG,Northwestern U.S.A.,native range,en
OSROQ11RY79EUSLKXG,South-Central U.S.A.,native range,en
OSROQ11RY79EUSLKXG,Southeastern U.S.A.,native range,en
OSROQ11RY79EUSLKXG,Southwestern U.S.A.,native range,en
OSROQ11RY79EUSLKXG,Western Canada,native range,en
OSROQ69BTHSLN44TV7,Middle Europe,native range,en
OSROQ69BTHSLN44TV7,Southeastern Europe,native range,en
OSROQ69BTHSLN44TV7,Southwestern Europe,native range,en
OSROQARIIZA4YYT8QL,Arabian Peninsula,native range,en
OSROQARIIZA4YYT8QL,Caucasus,native range,en
OSROQARIIZA4YYT8QL,Central Asia,native range,en
OSROQARIIZA4YYT8QL,China,native range,en
OSROQARIIZA4YYT8QL,East Tropical Africa,native range,en
OSROQARIIZA4YYT8QL,Eastern Asia,native range,en
OSROQARIIZA4YYT8QL,Indian Subcontinent,native range,en
OSROQARIIZA4YYT8QL,Indo-China,native range,en
OSROQARIIZA4YYT8QL,Macaronesia,native range,en
OSROQARIIZA4YYT8QL,Malesia,native range,en
OSROQARIIZA4YYT8QL,Northeast Tropical Africa,native range,en
OSROQARIIZA4YYT8QL,Papuasia,native range,en
OSROQARIIZA4YYT8QL,South Tropical Africa,native range,en
OSROQARIIZA4YYT8QL,Southeastern Europe,native range,en
OSROQARIIZA4YYT8QL,Southern Africa,native range,en
OSROQARIIZA4YYT8QL,West Tropical Africa,native range,en
OSROQARIIZA4YYT8QL,West-Central Tropical Africa,native range,en
OSROQARIIZA4YYT8QL,Western Asia,native range,en
OSROQARIIZA4YYT8QL,Western Indian Ocean,native range,en
OSROQEQKMMB5P3YDIF,Southeastern Europe,native range,en
OSROQI2CIP0UZY7WXJ,Western Asia,native range,en
OSROQLGIF3UZLZYRHT,Caucasus,native range,en
OSROQLGIF3UZLZYRHT,Central Asia,native range,en
OSROQLGIF3UZLZYRHT,Indian Subcontinent,native range,en
OSROQLGIF3UZLZYRHT,Southeastern Europe,native range,en
OSROQLGIF3UZLZYRHT,Western Asia,native range,en
OSROQOWN80VEXZFR0B,Arabian Peninsula,native range,en
OSROQOWN80VEXZFR0B,Central Asia,native range,en
OSROQOWN80VEXZFR0B,China,native range,en
OSROQOWN80VEXZFR0B,Eastern Asia,native range,en
OSROQOWN80VEXZFR0B,Indian Subcontinent,native range,en
OSROQOWN80VEXZFR0B,Indo-China,native range,en
OSROQOWN80VEXZFR0B,Mongolia,native range,en
OSROQOWN80VEXZFR0B,Northeast Tropical Africa,native range,en
OSROQOWN80VEXZFR0B,Russian Far East,native range,en
OSROQOWN80VEXZFR0B,Siberia,native range,en
OSROQOWN80VEXZFR0B,Western Asia,native range,en
OSROQYIPDSITWKBYKS,Eastern Canada,native range,en
OSROQYIPDSITWKBYKS,North-Central U.S.A.,native range,en
OSROQYIPDSITWKBYKS,Northeastern U.S.A.,native range,en
OSROQYIPDSITWKBYKS,Northwestern U.S.A.,native range,en
OSROQYIPDSITWKBYKS,South-Central U.S.A.,native range,en
OSROQYIPDSITWKBYKS,Southeastern U.S.A.,native range,en
OSROQYIPDSITWKBYKS,Southwestern U.S.A.,native range,en
OSROQYIPDSITWKBYKS,Western Canada,native range,en
OSROQYN0RBJCBO4ERT,Brazil,native range,en
OSROQYN0RBJCBO4ERT,Southern South America,native range,en
OSROQZUQM4OS101P1T,Eastern Canada,native range,en
OSROQZUQM4OS101P1T,Mexico,native range,en
OSROQZUQM4OS101P1T,North-Central U.S.A.,native range,en
OSROQZUQM4OS101P1T,Northeastern U.S.A.,native range,en
OSROQZUQM4OS101P1T,South-Central U.S.A.,native range,en
OSROQZUQM4OS101P1T,Southeastern U.S.A.,native range,en
OSROR84U4592EYAIMW,China,native range,en
OSROR84U4592EYAIMW,Eastern Asia,native range,en
OSRORB0G5HS3SHV8W9,Eastern Canada,native range,en
OSRORB0G5HS3SHV8W9,North-Central U.S.A.,native range,en
OSRORB0G5HS3SHV8W9,Northeastern U.S.A.,native range,en
OSRORB0G5HS3SHV8W9,Northwestern U.S.A.,native range,en
OSRORB0G5HS3SHV8W9,Southeastern U.S.A.,native range,en
OSRORB0G5HS3SHV8W9,Southwestern U.S.A.,native range,en
OSRORB0G5HS3SHV8W9,Western Canada,native range,en
OSRORBEJ6ERLB5BM1A,hybrid,native range,en
OSRORC4CCS1LZDRM2R,Western Asia,native range,en
OSRORDH3PBZGF7DPXP,Caribbean,native range,en
OSRORDH3PBZGF7DPXP,Central America,native range,en
OSRORDH3PBZGF7DPXP,Eastern Canada,native range,en
OSRORDH3PBZGF7DPXP,Mexico,native range,en
OSRORDH3PBZGF7DPXP,North-Central U.S.A.,native range,en
OSRORDH3PBZGF7DPXP,Northeastern U.S.A.,native range,en
OSRORDH3PBZGF7DPXP,Northwestern U.S.A.,native range,en
OSRORDH3PBZGF7DPXP,South-Central U.S.A.,native range,en
OSRORDH3PBZGF7DPXP,Southeastern U.S.A.,native range,en
OSRORDH3PBZGF7DPXP,Southwestern U.S.A.,native range,en
OSRORDH3PBZGF7DPXP,Western Canada,native range,en
OSRORMC1L34AOTY1I2,Southwestern Europe,native range,en
OSRORNAZCPAIVO0999,Northern Africa,native range,en
OSRORNAZCPAIVO0999,Southeastern Europe,native range,en
OSRORNAZCPAIVO0999,Southwestern Europe,native range,en
OSRORNR3E7F8M2D9W3,China,native range,en
OSRORQ96GSPRF8W440,Southwestern Europe,native range,en
OSRORQLH8YJQLWS4Y7,Caucasus,native range,en
OSRORQLH8YJQLWS4Y7,Northern Africa,native range,en
OSRORQLH8YJQLWS4Y7,Southeastern Europe,native range,en
OSRORQLH8YJQLWS4Y7,Southwestern Europe,native range,en
OSRORQLH8YJQLWS4Y7,Western Asia,native range,en
OSRORSMBI8HV3RXUH0,North-Central U.S.A.,native range,en
OSRORSMBI8HV3RXUH0,South-Central U.S.A.,native range,en
OSRORSMBI8HV3RXUH0,Southeastern U.S.A.,native range,en
OSRORY3QI77QR4J92J,Indian Subcontinent,native range,en
OSROSEOK2S0X5C0XRE,Arabian Peninsula,native range,en
OSROSEOK2S0X5C0XRE,Caucasus,native range,en
OSROSEOK2S0X5C0XRE,Central Asia,native range,en
OSROSEOK2S0X5C0XRE,China,native range,en
OSROSEOK2S0X5C0XRE,Indian Subcontinent,native range,en
OSROSEOK2S0X5C0XRE,Indo-China,native range,en
OSROSEOK2S0X5C0XRE,Southeastern Europe,native range,en
OSROSEOK2S0X5C0XRE,Southwestern Europe,native range,en
OSROSEOK2S0X5C0XRE,Western Asia,native range,en
OSROSRUADLGD4IKGG4,Northern Africa,native range,en
OSROSRUADLGD4IKGG4,Southeastern Europe,native range,en
OSROSRUADLGD4IKGG4,Southwestern Europe,native range,en
OSROSRUADLGD4IKGG4,Western Asia,native range,en
OSROSX6RLI0ERKP90K,Australia,native range,en
OSROSX6RLI0ERKP90K,Brazil,native range,en
OSROSX6RLI0ERKP90K,Caribbean,native range,en
OSROSX6RLI0ERKP90K,Central America,native range,en
OSROSX6RLI0ERKP90K,Mexico,native range,en
OSROSX6RLI0ERKP90K,North-Central Pacific,native range,en
OSROSX6RLI0ERKP90K,North-Central U.S.A.,native range,en
OSROSX6RLI0ERKP90K,Northeastern U.S.A.,native range,en
OSROSX6RLI0ERKP90K,Northern South America,native range,en
OSROSX6RLI0ERKP90K,Northwestern U.S.A.,native range,en
OSROSX6RLI0ERKP90K,South-Central U.S.A.,native range,en
OSROSX6RLI0ERKP90K,Southeastern U.S.A.,native range,en
OSROSX6RLI0ERKP90K,Southern South America,native range,en
OSROSX6RLI0ERKP90K,Southwestern U.S.A.,native range,en
OSROSX6RLI0ERKP90K,Western Canada,native range,en
OSROSX6RLI0ERKP90K,Western South America,native range,en
OSROSXA81GFJZM2KZD,Mexico,native range,en
OSROT1XMU2DRABFW9F,Brazil,native range,en
OSROT1XMU2DRABFW9F,Caribbean,native range,en
OSROT1XMU2DRABFW9F,Central America,native range,en
OSROT1XMU2DRABFW9F,Mexico,native range,en
OSROT1XMU2DRABFW9F,North-Central U.S.A.,native range,en
OSROT1XMU2DRABFW9F,Northeastern U.S.A.,native range,en
OSROT1XMU2DRABFW9F,Northern South America,native range,en
OSROT1XMU2DRABFW9F,Northwestern U.S.A.,native range,en
OSROT1XMU2DRABFW9F,South-Central U.S.A.,native range,en
OSROT1XMU2DRABFW9F,Southeastern U.S.A.,native range,en
OSROT1XMU2DRABFW9F,Southern South America,native range,en
OSROT1XMU2DRABFW9F,Southwestern U.S.A.,native range,en
OSROT1XMU2DRABFW9F,Western South America,native range,en
OSROT49S7TTU7X22GB,Eastern Canada,native range,en
OSROT49S7TTU7X22GB,North-Central U.S.A.,native range,en
OSROT49S7TTU7X22GB,Northeastern U.S.A.,native range,en
OSROT49S7TTU7X22GB,Northwestern U.S.A.,native range,en
OSROT49S7TTU7X22GB,South-Central U.S.A.,native range,en
OSROT49S7TTU7X22GB,Southeastern U.S.A.,native range,en
OSROT49S7TTU7X22GB,Southwestern U.S.A.,native range,en
OSROT49S7TTU7X22GB,Western Canada,native range,en
OSROT5LV25R2S0AWG3,China,native range,en
OSROT9ZRQ43010FEZG,Brazil,native range,en
OSROT9ZRQ43010FEZG,Central America,native range,en
OSROT9ZRQ43010FEZG,Mexico,native range,en
OSROT9ZRQ43010FEZG,Northern South America,native range,en
OSROT9ZRQ43010FEZG,Northwestern U.S.A.,native range,en
OSROT9ZRQ43010FEZG,Southern South America,native range,en
OSROT9ZRQ43010FEZG,Western South America,native range,en
OSROTCWD25RNEVUF8W,China,native range,en
OSROTCWD25RNEVUF8W,Eastern Asia,native range,en
OSROTH0KABFL9SWVK0,Australia,native range,en
OSROTH0KABFL9SWVK0,Brazil,native range,en
OSROTH0KABFL9SWVK0,Caribbean,native range,en
OSROTH0KABFL9SWVK0,Central America,native range,en
OSROTH0KABFL9SWVK0,China,native range,en
OSROTH0KABFL9SWVK0,East Tropical Africa,native range,en
OSROTH0KABFL9SWVK0,Eastern Asia,native range,en
OSROTH0KABFL9SWVK0,Indian Subcontinent,native range,en
OSROTH0KABFL9SWVK0,Indo-China,native range,en
OSROTH0KABFL9SWVK0,Malesia,native range,en
OSROTH0KABFL9SWVK0,Mexico,native range,en
OSROTH0KABFL9SWVK0,Northeast Tropical Africa,native range,en
OSROTH0KABFL9SWVK0,Northern Africa,native range,en
OSROTH0KABFL9SWVK0,Northern South America,native range,en
OSROTH0KABFL9SWVK0,Papuasia,native range,en
OSROTH0KABFL9SWVK0,South Tropical Africa,native range,en
OSROTH0KABFL9SWVK0,South-Central U.S.A.,native range,en
OSROTH0KABFL9SWVK0,Southeastern U.S.A.,native range,en
OSROTH0KABFL9SWVK0,Southern Africa,native range,en
OSROTH0KABFL9SWVK0,Southern South America,native range,en
OSROTH0KABFL9SWVK0,West Tropical Africa,native range,en
OSROTH0KABFL9SWVK0,West-Central Tropical Africa,native range,en
OSROTH0KABFL9SWVK0,Western Asia,native range,en
OSROTH0KABFL9SWVK0,Western Indian Ocean,native range,en
OSROTH0KABFL9SWVK0,Western South America,native range,en
OSROTJVWNMPEQ9H9N4,North-Central U.S.A.,native range,en
OSROTJVWNMPEQ9H9N4,Northeastern U.S.A.,native range,en
OSROTJVWNMPEQ9H9N4,South-Central U.S.A.,native range,en
OSROTJVWNMPEQ9H9N4,Southeastern U.S.A.,native range,en
OSROTJVWNMPEQ9H9N4,Southwestern U.S.A.,native range,en
OSROTO5CS4U6IFS9IM,Central Asia,native range,en
OSROTO5CS4U6IFS9IM,China,native range,en
OSROTO5CS4U6IFS9IM,Indian Subcontinent,native range,en
OSROTO5CS4U6IFS9IM,Western Asia,native range,en
OSROTQVTC1OPEVV86N,Eastern Canada,native range,en
OSROTQVTC1OPEVV86N,Mexico,native range,en
OSROTQVTC1OPEVV86N,North-Central U.S.A.,native range,en
OSROTQVTC1OPEVV86N,Northeastern U.S.A.,native range,en
OSROTQVTC1OPEVV86N,South-Central U.S.A.,native range,en
OSROTQVTC1OPEVV86N,Southeastern U.S.A.,native range,en
OSROTQVTC1OPEVV86N,Western Canada,native range,en
OSROTZLTH26E65Y2W2,Eastern Canada,native range,en
OSROTZLTH26E65Y2W2,North-Central U.S.A.,native range,en
OSROTZLTH26E65Y2W2,Northeastern U.S.A.,native range,en
OSROTZLTH26E65Y2W2,Southeastern U.S.A.,native range,en
OSROU3CF9CRX9E60PS,Arabian Peninsula,native range,en
OSROU3CF9CRX9E60PS,Australia,native range,en
OSROU3CF9CRX9E60PS,East Tropical Africa,native range,en
OSROU3CF9CRX9E60PS,Indian Subcontinent,native range,en
OSROU3CF9CRX9E60PS,Northeast Tropical Africa,native range,en
OSROU3CF9CRX9E60PS,Papuasia,native range,en
OSROU3CF9CRX9E60PS,South Tropical Africa,native range,en
OSROU3CF9CRX9E60PS,Southern Africa,native range,en
OSROU3CF9CRX9E60PS,Western Asia,native range,en
OSROU4OBPJKEE9QM8S,Caucasus,native range,en
OSROU4OBPJKEE9QM8S,Central Asia,native range,en
OSROU4OBPJKEE9QM8S,Eastern Europe,native range,en
OSROU4OBPJKEE9QM8S,Western Asia,native range,en
OSROU6H1M9ZAH4D0WB,Caucasus,native range,en
OSROU6H1M9ZAH4D0WB,Indian Subcontinent,native range,en
OSROU6H1M9ZAH4D0WB,Western Asia,native range,en
OSROU89L66AWFHAQYL,Brazil,native range,en
OSROU89L66AWFHAQYL,Caribbean,native range,en
OSROU89L66AWFHAQYL,Central America,native range,en
OSROU89L66AWFHAQYL,Eastern Canada,native range,en
OSROU89L66AWFHAQYL,Mexico,native range,en
OSROU89L66AWFHAQYL,North-Central U.S.A.,native range,en
OSROU89L66AWFHAQYL,Northeastern U.S.A.,native range,en
OSROU89L66AWFHAQYL,Northern South America,native range,en
OSROU89L66AWFHAQYL,South-Central U.S.A.,native range,en
OSROU89L66AWFHAQYL,Southeastern U.S.A.,native range,en
OSROU89L66AWFHAQYL,Southern South America,native range,en
OSROU89L66AWFHAQYL,Southwestern U.S.A.,native range,en
OSROU89L66AWFHAQYL,Western South America,native range,en
OSROUCKL000365XLV0VBAW,Cryptogenic,native range,en
OSROUCKL00E02MI1CEL8MZ,Northern America,native range,en
OSROUCKL00ENWQQ49VDQRR,Cosmopolitan,native range,en
OSROUCKL00MGQ9M26MYBVB,Sub-Saharan Africa,native range,en
OSROUCKL040FXW4TILYC39,Sub-Saharan Africa,native range,en
OSROUCKL040FXW4TILYC39,Asia,native range,en
OSROUCKL040FXW4TILYC39,Central America,native range,en
OSROUCKL040FXW4TILYC39,Oceania,native range,en
OSROUCKL040FXW4TILYC39,South America,native range,en
OSROUCKL060LK5KLDV68VM,Eastern Asia,native range,en
OSROUCKL0BQYH0BUO40I36,Eastern Asia,native range,en
OSROUCKL0C9231FHCXZ3G3,Eastern Asia,native range,en
OSROUCKL0DOEEKPNU9NVTB,Northern America,native range,en
OSROUCKL0G9PTAJUDGHHHC,Southern Europe (Balkans),native range,en
OSROUCKL0G9PTAJUDGHHHC,"Western Asia (Anatolia, Caucasus)",native range,en
OSROUCKL0G9PTAJUDGHHHC,Central Asia,native range,en
OSROUCKL0GVIZJFI7QAG8A,Brazil,native range,en
OSROUCKL0GVIZJFI7QAG8A,Southern South America,native range,en
OSROUCKL0GVIZJFI7QAG8A,Western South America,native range,en
OSROUCKL0J0AAV2LW5Y5ME,Cosmopolitan,native range,en
OSROUCKL0MBJ3AH0AEJQJ5,South America,native range,en
OSROUCKL0N6IUWMS2GZ3WO,Eastern Asia,native range,en
OSROUCKL0N6IUWMS2GZ3WO,South-eastern Asia,native range,en
OSROUCKL0N6IUWMS2GZ3WO,North Asia,native range,en
OSROUCKL0QA9DCIDCQR3US,Eastern Asia,native range,en
OSROUCKL0R6V7IBKCW46KD,South-eastern Asia,native range,en
OSROUCKL0R6V7IBKCW46KD,Eastern Asia,native range,en
OSROUCKL0WVDKXBKOY01LC,Northern Europe,native range,en
OSROUCKL0WVDKXBKOY01LC,Northern Asia,native range,en
OSROUCKL0WVDKXBKOY01LC,Eastern Europe,native range,en
OSROUCKL0XQ0PWBUDJRFFI,Western Asia,native range,en
OSROUCKL0YIBE2M4MM5TAG,Cryptogenic,native range,en
OSROUCKL1047ZCSEC62Y2A,South America,native range,en
OSROUCKL1047ZCSEC62Y2A,Caribbean,native range,en
OSROUCKL194QQ2M5S7TZCX,Central Asia,native range,en
OSROUCKL1DNT2VCJXGH369,Cryptogenic,native range,en
OSROUCKL1H5L7P7KLP6F2X,Southern Europe,native range,en
OSROUCKL1H5L7P7KLP6F2X,Northern Africa,native range,en
OSROUCKL1H5L7P7KLP6F2X,Western Asia,native range,en
OSROUCKL1H5L7P7KLP6F2X,Central Asia,native range,en
OSROUCKL1KZHHMNANA8NEA,Northern Africa,native range,en
OSROUCKL1KZHHMNANA8NEA,Southern Europe,native range,en
OSROUCKL1O4WXW7Y0OE15G,Asia,native range,en
OSROUCKL1SGPOOEDS9FWR2,Northern America,native range,en
OSROUCKL1SMK0Y8ITKVJEY,Eastern Asia,native range,en
OSROUCKL1SVJ2DZ2LZW0S9,"Western Asia (Tigris-Euphrates, Levant)",native range,en
OSROUCKL1SVJ2DZ2LZW0S9,"Southern Asia (Iran, Indus)",native range,en
OSROUCKL1SVJ2DZ2LZW0S9,Northern Africa (Nile),native range,en
OSROUCKL1TPXXGPPZYF0YL,Asia,native range,en
OSROUCKL1V7WSW6RAIYO9Q,Eastern Asia,native range,en
OSROUCKL1VCZDFB84HH3OZ,Cosmopolitan,native range,en
OSROUCKL23883WW2X5O2UB,"Northern America (NW Atlantic coast, Gulf of St. Lawrence to Gulf of Mexico)",native range,en
OSROUCKL23883WW2X5O2UB,Central America (Gulf of Mexico),native range,en
OSROUCKL23883WW2X5O2UB,Atlantic Ocean,native range,en
OSROUCKL26Z7LDZVIU3XNW,Africa,native range,en
OSROUCKL29RVUVP8OB35JW,Northern America (Atlantic coast),native range,en
OSROUCKL29RVUVP8OB35JW,Atlantic Ocean,native range,en
OSROUCKL2CDZZVZDHO63R0,Caucasus,native range,en
OSROUCKL2CDZZVZDHO63R0,Central Asia,native range,en
OSROUCKL2CDZZVZDHO63R0,Eastern Europe,native range,en
OSROUCKL2CDZZVZDHO63R0,Western Asia,native range,en
OSROUCKL2CYGKCPCQ6YM8G,Central America,native range,en
OSROUCKL2CYGKCPCQ6YM8G,South America,native range,en
OSROUCKL2EMB5RDNP3Y9ZY,Australia and New Zealand,native range,en
OSROUCKL2FFKWYKBQDVJRQ,Eastern Asia,native range,en
OSROUCKL2HNHC188JJC3J8,Eastern Africa,native range,en
OSROUCKL2HR0STZ5XPXMQ7,Northern America,native range,en
OSROUCKL2RUVWRWWFGA6UC,Southern Europe,native range,en
OSROUCKL2UBUY4Y6ZUDHIH,Atlantic Ocean,native range,en
OSROUCKL2UU7MN0R3XNBL4,Northern America (Atlantic coast),native range,en
OSROUCKL2UU7MN0R3XNBL4,South America (Atlantic coast),native range,en
OSROUCKL2UU7MN0R3XNBL4,Atlantic Ocean (W),native range,en
OSROUCKL2UXP1CK1O9BGX8,Northern America,native range,en
OSROUCKL2WM79N72T3YJ2E,Asia,native range,en
OSROUCKL32PI1N923I677M,Cryptogenic,native range,en
OSROUCKL32WTUZ0ZKHNX8V,Northern America,native range,en
OSROUCKL33GMYR1SDIUZUH,Northern America,native range,en
OSROUCKL34FJNV7JDM23IA,Cryptogenic,native range,en
OSROUCKL3D36P7HTUDDI4P,Southern Europe (Balkans),native range,en
OSROUCKL3DB2UQ7N2RM5CK,Atlantic Ocean,native range,en
OSROUCKL3DB2UQ7N2RM5CK,Indian Ocean,native range,en
OSROUCKL3DB2UQ7N2RM5CK,Pacific Ocean,native range,en
OSROUCKL3E32XEAP9N32K1,Eastern Asia (North Asia),native range,en
OSROUCKL3E32XEAP9N32K1,North Asia,native range,en
OSROUCKL3F3G0LFHKG37RQ,Indian Ocean,native range,en
OSROUCKL3F3G0LFHKG37RQ,Pacific Ocean,native range,en
OSROUCKL3ILXFPTRFPXB4A,Australia and New Zealand,native range,en
OSROUCKL3KAXKTCM6XO876,Pacific Ocean,native range,en
OSROUCKL3N6CWCF8NK8AXM,Western Europe,native range,en
OSROUCKL3Q9N36OPT9UCZP,Cryptogenic,native range,en
OSROUCKL3R9MYP65PNGJDU,Western Europe,native range,en
OSROUCKL3R9MYP65PNGJDU,Northern Europe,native range,en
OSROUCKL3R9MYP65PNGJDU,Southern Europe,native range,en
OSROUCKL3TDAAW5PMNWPV8,Southern Europe,native range,en
OSROUCKL3TDAAW5PMNWPV8,Northern Africa,native range,en
OSROUCKL3TDAAW5PMNWPV8,Western Asia,native range,en
OSROUCKL3WYHSHK0J748NQ,Eastern Asia,native range,en
OSROUCKL46IEB6QQ0BNS7B,Cryptogenic,native range,en
OSROUCKL46VCK3EVGTKT13,Asia,native range,en
OSROUCKL46VCK3EVGTKT13,Oceania,native range,en
OSROUCKL4BXMOM1UH1A3KI,Northern America (eastern USA),native range,en
OSROUCKL4J6RQJKFBQ7NPZ,Cryptogenic,native range,en
OSROUCKL4K75Y91L368788,Central America,native range,en
OSROUCKL4K75Y91L368788,Eastern Canada,native range,en
OSROUCKL4K75Y91L368788,Mexico,native range,en
OSROUCKL4K75Y91L368788,North-Central U.S.A.,native range,en
OSROUCKL4K75Y91L368788,Northeastern U.S.A.,native range,en
OSROUCKL4K75Y91L368788,Northwestern U.S.A.,native range,en
OSROUCKL4K75Y91L368788,South-Central U.S.A.,native range,en
OSROUCKL4K75Y91L368788,Southeastern U.S.A.,native range,en
OSROUCKL4K75Y91L368788,Southwestern U.S.A.,native range,en
OSROUCKL4K75Y91L368788,Subarctic America,native range,en
OSROUCKL4K75Y91L368788,Western Canada,native range,en
OSROUCKL50Y85SDISXOUUU,Africa,native range,en
OSROUCKL56GZBSRT6GWOY2,"Eastern Asia (Japan, Korea)",native range,en
OSROUCKL57G01CYPDNE4AZ,Cryptogenic,native range,en
OSROUCKL58DXVL6BBDTJ0U,Northern America,native range,en
OSROUCKL58F2P97ZQV02AQ,Atlantic Ocean,native range,en
OSROUCKL58F2P97ZQV02AQ,Pacific Ocean,native range,en
OSROUCKL5AVZTM9I7V47FK,Northern America (NW Atlantic coast),native range,en
OSROUCKL5AVZTM9I7V47FK,Central America (Gulf of Mexico),native range,en
OSROUCKL5AVZTM9I7V47FK,Caribbean,native range,en
OSROUCKL5D0KGH9TEHSYFC,Arabian Peninsula,native range,en
OSROUCKL5D0KGH9TEHSYFC,Caucasus,native range,en
OSROUCKL5D0KGH9TEHSYFC,Central Asia,native range,en
OSROUCKL5D0KGH9TEHSYFC,China,native range,en
OSROUCKL5D0KGH9TEHSYFC,Eastern Asia,native range,en
OSROUCKL5D0KGH9TEHSYFC,Eastern Canada,native range,en
OSROUCKL5D0KGH9TEHSYFC,Eastern Europe,native range,en
OSROUCKL5D0KGH9TEHSYFC,Indian Subcontinent,native range,en
OSROUCKL5D0KGH9TEHSYFC,Indo-China,native range,en
OSROUCKL5D0KGH9TEHSYFC,Malesia,native range,en
OSROUCKL5D0KGH9TEHSYFC,Mexico,native range,en
OSROUCKL5D0KGH9TEHSYFC,Middle Europe,native range,en
OSROUCKL5D0KGH9TEHSYFC,Mongolia,native range,en
OSROUCKL5D0KGH9TEHSYFC,North-Central U.S.A.,native range,en
OSROUCKL5D0KGH9TEHSYFC,Northeastern U.S.A.,native range,en
OSROUCKL5D0KGH9TEHSYFC,Northwestern U.S.A.,native range,en
OSROUCKL5D0KGH9TEHSYFC,Russian Far East,native range,en
OSROUCKL5D0KGH9TEHSYFC,Siberia,native range,en
OSROUCKL5D0KGH9TEHSYFC,South-Central U.S.A.,native range,en
OSROUCKL5D0KGH9TEHSYFC,Southwestern Europe,native range,en
OSROUCKL5D0KGH9TEHSYFC,Southwestern U.S.A.,native range,en
OSROUCKL5D0KGH9TEHSYFC,Subarctic America,native range,en
OSROUCKL5D0KGH9TEHSYFC,Western Asia,native range,en
OSROUCKL5D0KGH9TEHSYFC,Western Canada,native range,en
OSROUCKL5GMPHGQ7QYF3JE,Asia,native range,en
OSROUCKL5N8L4BSEIRD4UO,Sub-Saharan Africa,native range,en
OSROUCKL5N8L4BSEIRD4UO,Southern Asia,native range,en
OSROUCKL5NZWB7IMP55N99,Southwestern Europe,native range,en
OSROUCKL5R0K2T0VJC5DTG,Western Asia,native range,en
OSROUCKL5R0K2T0VJC5DTG,Central Asia,native range,en
OSROUCKL5R0K2T0VJC5DTG,Eastern Asia,native range,en
OSROUCKL5R0K2T0VJC5DTG,North Asia,native range,en
OSROUCKL5R0K2T0VJC5DTG,South-eastern Asia,native range,en
OSROUCKL5SDDU59XZ6YQMH,Northern America,native range,en
OSROUCKL5SY3KAVTPTA9OG,hybrid,native range,en
OSROUCKL5SZG6PMSJEVN3S,Sub-Saharan Africa,native range,en
OSROUCKL5UL5IZY25FXAID,Eastern Asia,native range,en
OSROUCKL5W0JJMGL0QC946,Southern Asia (India),native range,en
OSROUCKL5WQ6TZCQ945NCC,South America,native range,en
OSROUCKL61NXDX40F8X9SR,Northern America,native range,en
OSROUCKL62P1ZJL836DBK4,Sub-Saharan Africa,native range,en
OSROUCKL63VE43EDM9EPY3,Northern America (S),native range,en
OSROUCKL63VE43EDM9EPY3,Central America (Mexico),native range,en
OSROUCKL64HCUE7X2I3JH0,Eastern Asia,native range,en
OSROUCKL64XJI6SSARTCNT,Southern Europe,native range,en
OSROUCKL64XJI6SSARTCNT,Northern Africa,native range,en
OSROUCKL64XJI6SSARTCNT,Western Asia,native range,en
OSROUCKL650I9RO5WA4TUY,Cosmopolitan,native range,en
OSROUCKL6648ZA25G6EHLW,Eastern Asia,native range,en
OSROUCKL69JT7U2SG0XOFI,Northern Africa,native range,en
OSROUCKL69JT7U2SG0XOFI,Western Asia,native range,en
OSROUCKL6A21D57EF7GLCV,Northern America,native range,en
OSROUCKL6A6U40V31SX21D,Northern America,native range,en
OSROUCKL6BSOD3M1AEHXWG,"Eastern Asia (Amur basin, China, Korea, Japan, Taiwan)",native range,en
OSROUCKL6BSOD3M1AEHXWG,South-eastern Asia,native range,en
OSROUCKL6DLZM9DC4GZPTU,Asia,native range,en
OSROUCKL6DYNFOKO1QN9J9,Asia,native range,en
OSROUCKL6K58JYJALN9HJA,Eastern Asia,native range,en
OSROUCKL6LNCWHBUEHXGTU,Eastern Asia,native range,en
OSROUCKL6M2IACEX3Q8AAO,Central America (Mexico),native range,en
OSROUCKL6N2D1T7A5NMALH,Southern Europe,native range,en
OSROUCKL6N2D1T7A5NMALH,Western Asia,native range,en
OSROUCKL6NQ8WEKQRMYYB5,Eastern Asia,native range,en
OSROUCKL6NQV1WGPA9JR5J,Brazil,native range,en
OSROUCKL6NQV1WGPA9JR5J,Caribbean,native range,en
OSROUCKL6NQV1WGPA9JR5J,Central America,native range,en
OSROUCKL6NQV1WGPA9JR5J,Mexico,native range,en
OSROUCKL6NQV1WGPA9JR5J,North-Central U.S.A.,native range,en
OSROUCKL6NQV1WGPA9JR5J,Northern South America,native range,en
OSROUCKL6NQV1WGPA9JR5J,Northwestern U.S.A.,native range,en
OSROUCKL6NQV1WGPA9JR5J,South-Central U.S.A.,native range,en
OSROUCKL6NQV1WGPA9JR5J,Southeastern U.S.A.,native range,en
OSROUCKL6NQV1WGPA9JR5J,Southern South America,native range,en
OSROUCKL6NQV1WGPA9JR5J,Southwestern U.S.A.,native range,en
OSROUCKL6NQV1WGPA9JR5J,Subantarctic Islands,native range,en
OSROUCKL6NQV1WGPA9JR5J,Subarctic America,native range,en
OSROUCKL6NQV1WGPA9JR5J,Western Canada,native range,en
OSROUCKL6NQV1WGPA9JR5J,Western South America,native range,en
OSROUCKL6U22ZFHJU285LL,Northern America,native range,en
OSROUCKL6UZY7CL470DOMN,Cosmopolitan,native range,en
OSROUCKL6VXI9U1X1I0VXF,Western Asia,native range,en
OSROUCKL6VXI9U1X1I0VXF,Central Asia,native range,en
OSROUCKL6XYX3U86YZI4D1,North-Central U.S.A.,native range,en
OSROUCKL6XYX3U86YZI4D1,Northeastern U.S.A.,native range,en
OSROUCKL6XYX3U86YZI4D1,Northwestern U.S.A.,native range,en
OSROUCKL6XYX3U86YZI4D1,South-Central U.S.A.,native range,en
OSROUCKL6XYX3U86YZI4D1,Southeastern U.S.A.,native range,en
OSROUCKL759HW84STSFDA9,Eastern Asia,native range,en
OSROUCKL76JMDHTO34DSIF,Eastern Asia (China),native range,en
OSROUCKL76MHABQ0OMZ2B3,Eastern Asia,native range,en
OSROUCKL76MHABQ0OMZ2B3,Pacific Ocean,native range,en
OSROUCKL774NGUMUU3A1OH,Africa,native range,en
OSROUCKL78L4BS18IWMTOK,Northern America,native range,en
OSROUCKL79I0PMMDIEY130,Africa,native range,en
OSROUCKL7A5P5U2OH58XOQ,South America,native range,en
OSROUCKL7A5XTJEPJ26PBH,Northern America,native range,en
OSROUCKL7CVEYUOUZ6DW7X,Northern America,native range,en
OSROUCKL7LJL7Y56XKFT6O,Asia,native range,en
OSROUCKL7MU64IBTUVS1FJ,Eastern Asia,native range,en
OSROUCKL7MU64IBTUVS1FJ,South-eastern Asia,native range,en
OSROUCKL7RIBPZZIKONCC7,Central America (Mexico),native range,en
OSROUCKL7TUGG63WLMT3RV,Caucasus,native range,en
OSROUCKL7TUGG63WLMT3RV,Central Asia,native range,en
OSROUCKL7TUGG63WLMT3RV,China,native range,en
OSROUCKL7TUGG63WLMT3RV,Eastern Asia,native range,en
OSROUCKL7TUGG63WLMT3RV,Eastern Europe,native range,en
OSROUCKL7TUGG63WLMT3RV,Indian Subcontinent,native range,en
OSROUCKL7TUGG63WLMT3RV,Indo-China,native range,en
OSROUCKL7TUGG63WLMT3RV,Malesia,native range,en
OSROUCKL7TUGG63WLMT3RV,Mongolia,native range,en
OSROUCKL7TUGG63WLMT3RV,Northern Africa,native range,en
OSROUCKL7TUGG63WLMT3RV,Russian Far East,native range,en
OSROUCKL7TUGG63WLMT3RV,Siberia,native range,en
OSROUCKL7TUGG63WLMT3RV,Southeastern Europe,native range,en
OSROUCKL7TUGG63WLMT3RV,Western Asia,native range,en
OSROUCKL7UDE7LHF5Y2KBA,Northern America (eastern USA),native range,en
OSROUCKL7Y4SL670315Y3H,Cosmopolitan,native range,en
OSROUCKL7YLMS53UAKTYX2,Europe,native range,en
OSROUCKL83HR9IOEY5IIZ2,Southern Europe,native range,en
OSROUCKL83HR9IOEY5IIZ2,Northern Africa,native range,en
OSROUCKL83HR9IOEY5IIZ2,Western Asia,native range,en
OSROUCKL8A813YVFTRT99N,Northern Africa,native range,en
OSROUCKL8A813YVFTRT99N,Western Asia,native range,en
OSROUCKL8B0NPDQ55Y7FDJ,Eastern Canada,native range,en
OSROUCKL8B0NPDQ55Y7FDJ,North-Central U.S.A.,native range,en
OSROUCKL8B0NPDQ55Y7FDJ,Northeastern U.S.A.,native range,en
OSROUCKL8B0NPDQ55Y7FDJ,Northwestern U.S.A.,native range,en
OSROUCKL8B0NPDQ55Y7FDJ,South-Central U.S.A.,native range,en
OSROUCKL8B0NPDQ55Y7FDJ,Southeastern U.S.A.,native range,en
OSROUCKL8B0NPDQ55Y7FDJ,Southwestern U.S.A.,native range,en
OSROUCKL8B0NPDQ55Y7FDJ,Subarctic America,native range,en
OSROUCKL8B0NPDQ55Y7FDJ,Western Canada,native range,en
OSROUCKL8BGAQNOMQ41VEH,Asia,native range,en
OSROUCKL8E35D3XENU0DVN,Northern America,native range,en
OSROUCKL8GT24IPWETB422,Northern America,native range,en
OSROUCKL8HJ90UUAB04FGY,Cryptogenic,native range,en
OSROUCKL8HXHHTERWX30R8,Atlantic Ocean (NE),native range,en
OSROUCKL8HXHHTERWX30R8,Mediterranean Sea,native range,en
OSROUCKL8P9BUUYWSSRAA9,South America,native range,en
OSROUCKL8R9F8DJ789W7TX,Asia,native range,en
OSROUCKL8S0RORMVEHC3V2,Northern America,native range,en
OSROUCKL8WJ5OMIG8F4938,Cryptogenic,native range,en
OSROUCKL8Z72IPX9LPVWB5,South-eastern Asia,native range,en
OSROUCKL8ZJ6N1BDZ5OYN8,Asia,native range,en
OSROUCKL90DRQOOD9WSJVP,Southern Europe,native range,en
OSROUCKL9AIFW8ZK8TYRDK,Eastern Asia,native range,en
OSROUCKL9AIFW8ZK8TYRDK,North Asia,native range,en
OSROUCKL9ANSG3LDTNWHN5,Southern Asia,native range,en
OSROUCKL9ANSG3LDTNWHN5,South-eastern Asia,native range,en
OSROUCKL9ANSG3LDTNWHN5,Eastern Asia,native range,en
OSROUCKL9ANSG3LDTNWHN5,Australia and New Zealand (Indo-West Pacific Ocean),native range,en
OSROUCKL9BNG2AHOG0WF82,Eastern Europe,native range,en
OSROUCKL9BNG2AHOG0WF82,Central Asia,native range,en
OSROUCKL9BNG2AHOG0WF82,Western Asia (Eurasian steppe),native range,en
OSROUCKL9C2NHM9CJDWL6Q,Cryptogenic,native range,en
OSROUCKL9FZ6PHYKDM5OP0,Australia and New Zealand,native range,en
OSROUCKL9HMJIIOKS2PO92,Eastern Asia,native range,en
OSROUCKL9J3ZPJYMX080QA,Eastern Asia,native range,en
OSROUCKL9LLMJNGTNXLHOQ,Eastern Asia,native range,en
OSROUCKL9QT94O9UFHSYY6,Northern America,native range,en
OSROUCKL9QT94O9UFHSYY6,Central America,native range,en
OSROUCKL9TPHK5FXZXZQKW,Southern Asia,native range,en
OSROUCKL9VDEA26R4QURQ7,Southern Asia,native range,en
OSROUCKL9VDEA26R4QURQ7,South-eastern Asia,native range,en
OSROUCKL9WKIT9LT0H2H3Z,Northern America,native range,en
OSROUCKL9WRF49ESWJT8TP,Northern America,native range,en
OSROUCKL9WRF49ESWJT8TP,Central America,native range,en
OSROUCKL9WRF49ESWJT8TP,South America,native range,en
OSROUCKL9ZC7C01995F7PB,Indian Ocean,native range,en
OSROUCKL9ZC7C01995F7PB,Pacific Ocean (Indo-West Pacific: SE Africa to Southern China),native range,en
OSROUCKLA0JVXHUAJ0IXW2,Western Europe (SW France),native range,en
OSROUCKLA0JVXHUAJ0IXW2,Southern Europe (Iberia),native range,en
OSROUCKLA6X45SQLV8DY19,Atlantic Ocean,native range,en
OSROUCKLA6X45SQLV8DY19,Indian Ocean,native range,en
OSROUCKLA6X45SQLV8DY19,Pacific Ocean,native range,en
OSROUCKLAF0ZPNGG2B26W3,Western Asia,native range,en
OSROUCKLAF0ZPNGG2B26W3,Southern Europe,native range,en
OSROUCKLAFBAFXBNWWDW0K,Eastern Asia,native range,en
OSROUCKLAFBAFXBNWWDW0K,North Asia,native range,en
OSROUCKLAGTFS7SXDKLPWU,Eastern Asia,native range,en
OSROUCKLAHEFBA5YQBUSML,Eastern Asia,native range,en
OSROUCKLAHP779QEW86E03,Arabian Peninsula,native range,en
OSROUCKLAHP779QEW86E03,Caucasus,native range,en
OSROUCKLAHP779QEW86E03,Central Asia,native range,en
OSROUCKLAHP779QEW86E03,China,native range,en
OSROUCKLAHP779QEW86E03,Eastern Asia,native range,en
OSROUCKLAHP779QEW86E03,Indian Subcontinent,native range,en
OSROUCKLAHP779QEW86E03,Indo-China,native range,en
OSROUCKLAHP779QEW86E03,Western Asia,native range,en
OSROUCKLAJIZG4XT7NSW6J,Asia,native range,en
OSROUCKLAK22D2THM63K6J,Asia,native range,en
OSROUCKLAKKWX3ELS4IHAT,Northern America,native range,en
OSROUCKLAKXWU68AXDHT5J,Southern South America,native range,en
OSROUCKLAKXWU68AXDHT5J,Western South America,native range,en
OSROUCKLANSLKPX5RLH5JK,Eastern Asia,native range,en
OSROUCKLANSLKPX5RLH5JK,Pacific Ocean (NW),native range,en
OSROUCKLAP96KBHHJ2L1WF,Northern America (Atlantic),native range,en
OSROUCKLAVP5DHIS9187Y0,Southern Asia,native range,en
OSROUCKLAXNPBNLE6CLGL3,Northern America,native range,en
OSROUCKLAYOR2EQ1BZ5JNS,China,native range,en
OSROUCKLAYOR2EQ1BZ5JNS,Eastern Asia,native range,en
OSROUCKLAYOR2EQ1BZ5JNS,Eastern Europe,native range,en
OSROUCKLAYOR2EQ1BZ5JNS,Indian Subcontinent,native range,en
OSROUCKLAYOR2EQ1BZ5JNS,Mongolia,native range,en
OSROUCKLAYOR2EQ1BZ5JNS,Russian Far East,native range,en
OSROUCKLAYOR2EQ1BZ5JNS,Siberia,native range,en
OSROUCKLAZTI9DNRDWAKP3,Eastern Asia,native range,en
OSROUCKLB3H53VGDAAXR0T,Eastern Africa,native range,en
OSROUCKLB7VPHJBQ1MSBN9,Southern Asia,native range,en
OSROUCKLB7VPHJBQ1MSBN9,South-eastern Asia,native range,en
OSROUCKLB8RK9VLNINADCM,Central America,native range,en
OSROUCKLB8RK9VLNINADCM,Northern America,native range,en
OSROUCKLBA0FNRZ9VHDD4Z,Australia and New Zealand,native range,en
OSROUCKLBAW4D4W8N28LGV,Eastern Asia,native range,en
OSROUCKLBBMABMRMV5Y21C,Eastern Canada,native range,en
OSROUCKLBBMABMRMV5Y21C,North-Central U.S.A.,native range,en
OSROUCKLBBMABMRMV5Y21C,Northeastern U.S.A.,native range,en
OSROUCKLBBMABMRMV5Y21C,Northwestern U.S.A.,native range,en
OSROUCKLBBMABMRMV5Y21C,Southeastern U.S.A.,native range,en
OSROUCKLBD64H3DZBYFXPU,Eastern Europe (type locality Romania),native range,en
OSROUCKLBHCPFBCC6RQ7M9,South America,native range,en
OSROUCKLBHYKLNU4073FW9,Pacific Ocean,native range,en
OSROUCKLBIKI4QF5W8COJ1,Eastern Asia,native range,en
OSROUCKLBIKI4QF5W8COJ1,South-eastern Asia,native range,en
OSROUCKLBIR5QHJR8T8WZD,Brazil,native range,en
OSROUCKLBIR5QHJR8T8WZD,Southern South America,native range,en
OSROUCKLBIR5QHJR8T8WZD,Western South America,native range,en
OSROUCKLBJE6TCUG35H9JN,Southern Europe,native range,en
OSROUCKLBL7N6FOV8URHTE,Central America,native range,en
OSROUCKLBL7N6FOV8URHTE,Mexico,native range,en
OSROUCKLBMVS7X8QBH8AYO,Western Asia,native range,en
OSROUCKLBWCBABDRLX224Z,Asia,native range,en
OSROUCKLC0OI0EUTWIEWZS,Cosmopolitan,native range,en
OSROUCKLC5QQI20D44YAJP,Atlantic Ocean,native range,en
OSROUCKLC5QQI20D44YAJP,Indian Ocean,native range,en
OSROUCKLC5QQI20D44YAJP,Pacific Ocean,native range,en
OSROUCKLCAH7AKUQGVKPYI,Cryptogenic,native range,en
OSROUCKLCAOTH7H5UPEDO9,Southern South America,native range,en
OSROUCKLCAWIP0YJRMIPB1,Sub-Saharan Africa,native range,en
OSROUCKLCAWIP0YJRMIPB1,Asia,native range,en
OSROUCKLCAWIP0YJRMIPB1,Central America,native range,en
OSROUCKLCAWIP0YJRMIPB1,Oceania,native range,en
OSROUCKLCAWIP0YJRMIPB1,South America,native range,en
OSROUCKLCD19GG8IYA4KN3,Atlantic Ocean (N),native range,en
OSROUCKLCD19GG8IYA4KN3,Northern America (Atlantic coast),native range,en
OSROUCKLCD19GG8IYA4KN3,Europe (Atlantic coast),native range,en
OSROUCKLCDDTOWKG0EPSJT,Northern America (Mississippi basin),native range,en
OSROUCKLCDU2DJ2CI5FPM0,Northern America,native range,en
OSROUCKLCELRWYUESTL2HG,Southern Europe,native range,en
OSROUCKLCELRWYUESTL2HG,Northern Africa,native range,en
OSROUCKLCELRWYUESTL2HG,Western Asia,native range,en
OSROUCKLCF3ZEFMTLHT3OW,Atlantic Ocean,native range,en
OSROUCKLCG0C7MTYW8CTKZ,Eastern Europe,native range,en
OSROUCKLCIFCQUZ1XAW8G4,Atlantic Ocean (NE),native range,en
OSROUCKLCIFCQUZ1XAW8G4,Pacific Ocean (NW),native range,en
OSROUCKLCNSAFOL7USBWLJ,Southern Asia,native range,en
OSROUCKLCQ63QEURXVTZT1,Cosmopolitan,native range,en
OSROUCKLCW2DWRACSTWUUF,South-eastern Asia,native range,en
OSROUCKLCXPO37R14UT8IJ,Eastern Asia,native range,en
OSROUCKLCXPO37R14UT8IJ,Pacific Ocean (NW),native range,en
OSROUCKLDB2X6I4BF6NAUO,Northern America,native range,en
OSROUCKLDG0G9Q6YSY9J0Q,Sub-Saharan Africa,native range,en
OSROUCKLDG0G9Q6YSY9J0Q,Southern Asia,native range,en
OSROUCKLDJYJYTLP2L5FGU,Northern America,native range,en
OSROUCKLDKFRQE8JWFDNCS,Eastern Europe (Ponto-Caspian),native range,en
OSROUCKLDKFRQE8JWFDNCS,Black Sea,native range,en
OSROUCKLDKFRQE8JWFDNCS,Caspian Sea,native range,en
OSROUCKLDMNFR2ALDZQMN9,Southern Europe (Alps),native range,en
OSROUCKLDNMMRBPMWKRXW1,Cryptogenic,native range,en
OSROUCKLDTE4LONMKRF2M9,Atlantic Ocean (NE),native range,en
OSROUCKLDTE4LONMKRF2M9,Mediterranean Sea,native range,en
OSROUCKLDWBDKD16DECDUD,Asia,native range,en
OSROUCKLDWWXJSUL7KBC7L,Northern America,native range,en
OSROUCKLE26JOY5C5J0WET,Australia and New Zealand,native range,en
OSROUCKLE3W1Q3WBJG2CN0,Mexico,native range,en
OSROUCKLE3W1Q3WBJG2CN0,North-Central U.S.A.,native range,en
OSROUCKLE3W1Q3WBJG2CN0,Northeastern U.S.A.,native range,en
OSROUCKLE3W1Q3WBJG2CN0,Northwestern U.S.A.,native range,en
OSROUCKLE3W1Q3WBJG2CN0,South-Central U.S.A.,native range,en
OSROUCKLE3W1Q3WBJG2CN0,Southeastern U.S.A.,native range,en
OSROUCKLE3W1Q3WBJG2CN0,Southwestern U.S.A.,native range,en
OSROUCKLE90HN9ND1EOIHS,Eastern Asia,native range,en
OSROUCKLEAX4YU0V8XCP4M,Southern Africa,native range,en
OSROUCKLECSN41WYXUY7TS,Eastern Europe (Ponto-Caspian: Dnieper and Southern Bug limans),native range,en
OSROUCKLECSN41WYXUY7TS,Black Sea,native range,en
OSROUCKLEFQZLBX857182U,Eastern Asia,native range,en
OSROUCKLEFQZLBX857182U,Pacific Ocean (NW),native range,en
OSROUCKLEGP6B00T2PO6N7,Eastern Asia (Japan),native range,en
OSROUCKLEIRNSR01C0W4ZG,Northern America,native range,en
OSROUCKLEPSJFO8LPBGXNI,Eastern Asia,native range,en
OSROUCKLEPSJFO8LPBGXNI,Southern Asia,native range,en
OSROUCKLERBZIFXR7W24HE,Central America,native range,en
OSROUCKLERBZIFXR7W24HE,South America,native range,en
OSROUCKLEUC7MBYA4XS40B,Cryptogenic,native range,en
OSROUCKLEWVC778LVSWHO3,Northern America,native range,en
OSROUCKLEWZXE1G26OH5F1,Northern America,native range,en
OSROUCKLEZUZUP2TSE2RTA,Southern Europe,native range,en
OSROUCKLEZUZUP2TSE2RTA,Northern Africa,native range,en
OSROUCKLEZUZUP2TSE2RTA,Western Asia,native range,en
OSROUCKLEZUZUP2TSE2RTA,Southern Asia,native range,en
OSROUCKLEZUZUP2TSE2RTA,South-eastern Asia,native range,en
OSROUCKLF1ZP1X52HL17AF,Asia,native range,en
OSROUCKLF2DG93LEP92KVS,Northern America,native range,en
OSROUCKLF45SGUZ2SDM7YV,Indian Ocean,native range,en
OSROUCKLF45SGUZ2SDM7YV,Pacific Ocean (Indo-Pacific),native range,en
OSROUCKLF45SGUZ2SDM7YV,Northern America (NW Atlantic coast),native range,en
OSROUCKLF45SGUZ2SDM7YV,Atlantic Ocean (NW),native range,en
OSROUCKLF526TCE3CO0IDY,Eastern Asia,native range,en
OSROUCKLFGK2WHA5J68J31,Cosmopolitan,native range,en
OSROUCKLFH6EUJN5LXV3C3,Northwestern U.S.A.,native range,en
OSROUCKLFH6EUJN5LXV3C3,Southwestern U.S.A.,native range,en
OSROUCKLFH6EUJN5LXV3C3,Western Canada,native range,en
OSROUCKLFL7FTRT68FSSC6,Asia,native range,en
OSROUCKLFRAK3W1EC7ZBO8,Arabian Peninsula,native range,en
OSROUCKLFRAK3W1EC7ZBO8,Caucasus,native range,en
OSROUCKLFRAK3W1EC7ZBO8,Eastern Europe,native range,en
OSROUCKLFRAK3W1EC7ZBO8,Indian Subcontinent,native range,en
OSROUCKLFRAK3W1EC7ZBO8,Macaronesia,native range,en
OSROUCKLFRAK3W1EC7ZBO8,Middle Europe,native range,en
OSROUCKLFRAK3W1EC7ZBO8,Northern Africa,native range,en
OSROUCKLFRAK3W1EC7ZBO8,Northern Europe,native range,en
OSROUCKLFRAK3W1EC7ZBO8,Southeastern Europe,native range,en
OSROUCKLFRAK3W1EC7ZBO8,Southwestern Europe,native range,en
OSROUCKLFRAK3W1EC7ZBO8,Western Asia,native range,en
OSROUCKLFTFPQLBYJ8NPST,Northern America (Atlantic coast),native range,en
OSROUCKLFTFPQLBYJ8NPST,Atlantic Ocean (NW),native range,en
OSROUCKLFWYSUJWR1Z306X,Cosmopolitan,native range,en
OSROUCKLFXPWSWMCTF45S6,Northern America,native range,en
OSROUCKLFXPWSWMCTF45S6,Central America,native range,en
OSROUCKLFYE2QLBC8GOW4H,Mexico,native range,en
OSROUCKLFYE2QLBC8GOW4H,North-Central U.S.A.,native range,en
OSROUCKLFYE2QLBC8GOW4H,South-Central U.S.A.,native range,en
OSROUCKLFYOPAVMGKAFJFW,Cryptogenic,native range,en
OSROUCKLG2V0FW1WAPET74,Southern Europe,native range,en
OSROUCKLG2V0FW1WAPET74,Northern Africa,native range,en
OSROUCKLG2V0FW1WAPET74,Western Asia,native range,en
OSROUCKLG5LA8FB946GPQH,Eastern Asia,native range,en
OSROUCKLGAUGHKZYEVSG6L,Western Asia,native range,en
OSROUCKLGH2E096ASEPFLB,Northern America,native range,en
OSROUCKLGK3AFGKP396289,Southern Asia,native range,en
OSROUCKLGK3AFGKP396289,Western Asia,native range,en
OSROUCKLGKHL9ZORBS1M05,Northern America,native range,en
OSROUCKLGP1JMIQ325ESFY,Eastern Asia,native range,en
OSROUCKLGQIAQ9NQZC92QJ,Northern America,native range,en
OSROUCKLGUF4VX8641W62V,Southern Asia,native range,en
OSROUCKLGY6X59O6M4GJQP,Brazil,native range,en
OSROUCKLGY6X59O6M4GJQP,Central America,native range,en
OSROUCKLGY6X59O6M4GJQP,Eastern Canada,native range,en
OSROUCKLGY6X59O6M4GJQP,Mexico,native range,en
OSROUCKLGY6X59O6M4GJQP,Northeastern U.S.A.,native range,en
OSROUCKLGY6X59O6M4GJQP,Northern South America,native range,en
OSROUCKLGY6X59O6M4GJQP,South-Central U.S.A.,native range,en
OSROUCKLGY6X59O6M4GJQP,Southeastern U.S.A.,native range,en
OSROUCKLGY6X59O6M4GJQP,Southern South America,native range,en
OSROUCKLGY6X59O6M4GJQP,Western South America,native range,en
OSROUCKLH2GDH8R2R7RKOJ,Northern America,native range,en
OSROUCKLH4C7BHCMCCIR76,Northern America,native range,en
OSROUCKLH4C7BHCMCCIR76,Central America,native range,en
OSROUCKLHCFGLGAQ1KVWYH,South America (Guyana),native range,en
OSROUCKLHDFM02FQDLZHLE,Southern Asia,native range,en
OSROUCKLHDFM02FQDLZHLE,South-eastern Asia (Indo-Australian region),native range,en
OSROUCKLHE1TXY890B7KGH,Eastern Asia,native range,en
OSROUCKLHE1TXY890B7KGH,Central Asia,native range,en
OSROUCKLHF1GFN4HG3G7K6,Mexico,native range,en
OSROUCKLHF1GFN4HG3G7K6,South-Central U.S.A.,native range,en
OSROUCKLHF1GFN4HG3G7K6,Southeastern U.S.A.,native range,en
OSROUCKLHF1GFN4HG3G7K6,Southwestern U.S.A.,native range,en
OSROUCKLHFR8M7XL8VX7Q8,Sub-Saharan Africa,native range,en
OSROUCKLHFR8M7XL8VX7Q8,Asia,native range,en
OSROUCKLHFR8M7XL8VX7Q8,Central America,native range,en
OSROUCKLHFR8M7XL8VX7Q8,Oceania,native range,en
OSROUCKLHFR8M7XL8VX7Q8,South America,native range,en
OSROUCKLHKL8C08K0WSXGE,Asia,native range,en
OSROUCKLHL4RTIPFAC8N59,Northern America,native range,en
OSROUCKLHM8OU1G5PMJ2TB,Eastern Asia,native range,en
OSROUCKLHNH15AE3ABCDQW,Eastern Asia,native range,en
OSROUCKLHO0R7ZMM95J8HH,Eastern Asia,native range,en
OSROUCKLHO0R7ZMM95J8HH,Pacific Ocean (NW),native range,en
OSROUCKLHTMKVDPJYDPK8P,Eastern Asia,native range,en
OSROUCKLHTMKVDPJYDPK8P,South-eastern Asia,native range,en
OSROUCKLHV9XH6T0XFNCI1,Northern America,native range,en
OSROUCKLHXPT5C3TJZ8PGK,Northern America,native range,en
OSROUCKLHXU8R6Z3ILPOU9,Atlantic Ocean,native range,en
OSROUCKLI2YIF0B8INUNB9,Europe,native range,en
OSROUCKLI5E3HT4X8NTWXT,Western Europe,native range,en
OSROUCKLI5E3HT4X8NTWXT,Northern Europe,native range,en
OSROUCKLIACIL0VRBY0JTC,Central Asia,native range,en
OSROUCKLIF9TG4H3DO14E9,Eastern Asia,native range,en
OSROUCKLIISP7VMURWOZIA,Central America,native range,en
OSROUCKLIISP7VMURWOZIA,South America,native range,en
OSROUCKLIJ6CHFQYTSM73F,Atlantic Ocean,native range,en
OSROUCKLILDY6B6MHF5NXY,hybrid,native range,en
OSROUCKLIM4LQTMVWQ25RE,Northern America,native range,en
OSROUCKLIN8LQ3MOQNV4S7,Asia,native range,en
OSROUCKLIO1QMA1DWD6OPC,Southern Asia,native range,en
OSROUCKLIO1QMA1DWD6OPC,Western Asia,native range,en
OSROUCKLIOWP2ZWTX0GJNQ,Atlantic Ocean,native range,en
OSROUCKLIOWP2ZWTX0GJNQ,Indian Ocean,native range,en
OSROUCKLIOWP2ZWTX0GJNQ,Pacific Ocean,native range,en
OSROUCKLIOXKMWPSN1GIO9,Cryptogenic,native range,en
OSROUCKLISY7B5Q316WDA1,Northern America,native range,en
OSROUCKLITV09YERSBJCZ6,Eastern Asia,native range,en
OSROUCKLIZK0T5XYDDGBA2,Atlantic Ocean,native range,en
OSROUCKLIZK0T5XYDDGBA2,Indian Ocean,native range,en
OSROUCKLIZK0T5XYDDGBA2,Pacific Ocean,native range,en
OSROUCKLJ13YLJB2PVH0EQ,"Southern Asia (India, Myanmar)",native range,en
OSROUCKLJ50FR0P01SWUI6,"Eastern Asia (NW Pacific: Yellow Sea, Bohai Sea)",native range,en
OSROUCKLJ50FR0P01SWUI6,Pacific Ocean,native range,en
OSROUCKLJ62WPZL4JI3D22,Atlantic Ocean,native range,en
OSROUCKLJ62WPZL4JI3D22,Indian Ocean,native range,en
OSROUCKLJ62WPZL4JI3D22,Pacific Ocean,native range,en
OSROUCKLJ6DPOYUAZIFWB1,Eastern Europe,native range,en
OSROUCKLJ6DPOYUAZIFWB1,Southern Europe,native range,en
OSROUCKLJ6DPOYUAZIFWB1,Western Asia,native range,en
OSROUCKLJ93PE3U2AKSHRI,Eastern Asia,native range,en
OSROUCKLJ93PE3U2AKSHRI,Pacific Ocean (NW),native range,en
OSROUCKLJEA2RB4RYDZ95S,Cosmopolitan,native range,en
OSROUCKLJF7CQ6UAMK9X4M,Eastern Asia,native range,en
OSROUCKLJGJMPGYCQ224QX,Eastern Asia (Amur basin),native range,en
OSROUCKLJIYOFJLTRPG3Y7,Mexico,native range,en
OSROUCKLJKPGJGFYKUV9TO,"Northern America (NW Atlantic coast, Labrador to North Carolina)",native range,en
OSROUCKLJKPGJGFYKUV9TO,Atlantic Ocean,native range,en
OSROUCKLJOFKZE267CZEIK,Southern Europe,native range,en
OSROUCKLJQYCSNWECRU6UZ,Eastern Africa,native range,en
OSROUCKLJQYCSNWECRU6UZ,Middle Africa,native range,en
OSROUCKLJQYCSNWECRU6UZ,Southern Africa,native range,en
OSROUCKLJQYCSNWECRU6UZ,Western Africa,native range,en
OSROUCKLJQYCSNWECRU6UZ,Western Asia,native range,en
OSROUCKLJSZJ1971AV4JUT,Eastern Asia,native range,en
OSROUCKLK57LVZS7XB3NWG,China,native range,en
OSROUCKLK57LVZS7XB3NWG,Eastern Asia,native range,en
OSROUCKLK57LVZS7XB3NWG,Russian Far East,native range,en
OSROUCKLK5PI7BJ575NJOD,Eastern Asia (North Asia),native range,en
OSROUCKLK5PI7BJ575NJOD,North Asia,native range,en
OSROUCKLKCMMG145PY5U4R,South America,native range,en
OSROUCKLKF89YZ1CZFEKNM,Southern Europe,native range,en
OSROUCKLKH0TZOXIRGXUZE,Southern Europe,native range,en
OSROUCKLKH0TZOXIRGXUZE,Northern Africa,native range,en
OSROUCKLKH0TZOXIRGXUZE,Western Asia,native range,en
OSROUCKLKIJQZZ56ON9Z1W,Northern America,native range,en
OSROUCKLKKI3SQN56MABIR,Northern America,native range,en
OSROUCKLKM6GMM95ZHGE2K,Northern America,native range,en
OSROUCKLKV6XQ0YZX12TJ7,Southern Europe,native range,en
OSROUCKLL4SNEO0UIR4A3U,Cryptogenic,native range,en
OSROUCKLL6RJ0NFEHMQWB0,Central America,native range,en
OSROUCKLL6RJ0NFEHMQWB0,Northern America,native range,en
OSROUCKLLFE93GHJH1EMFK,Northern America,native range,en
OSROUCKLLGZ6YRPUNDEMFY,Eastern Asia,native range,en
OSROUCKLLGZ6YRPUNDEMFY,Central Asia,native range,en
OSROUCKLLL8UQXT6S3PUW9,"Eastern Asia (China, Korea, Amur basin)",native range,en
OSROUCKLLL8UQXT6S3PUW9,South-eastern Asia,native range,en
OSROUCKLLL8UQXT6S3PUW9,Australia and New Zealand,native range,en
OSROUCKLLMKBQBGEUZ4TI4,Mediterranean Sea,native range,en
OSROUCKLLMKBQBGEUZ4TI4,Black Sea,native range,en
OSROUCKLLT175MZE6QAQ6G,Asia,native range,en
OSROUCKLLVCVH3NVLT26Q2,Northern Africa,native range,en
OSROUCKLLVCVH3NVLT26Q2,Eastern Africa,native range,en
OSROUCKLLVCVH3NVLT26Q2,Middle Africa,native range,en
OSROUCKLLVCVH3NVLT26Q2,Southern Africa,native range,en
OSROUCKLLVCVH3NVLT26Q2,Western Africa,native range,en
OSROUCKLM24Z9RPHL4BQCF,Northern America,native range,en
OSROUCKLM5ZRQ0U8NZPGGA,Eastern Asia,native range,en
OSROUCKLM775L4DUJSCPTD,"Western Asia (Caucasus, Pontus Mountains)",native range,en
OSROUCKLM775L4DUJSCPTD,Eastern Europe (Crimea),native range,en
OSROUCKLM9Z5HG1X5HT48Q,Eastern Asia,native range,en
OSROUCKLMA2FC9VTY7E4KS,Eastern Asia,native range,en
OSROUCKLMEKGCXS6PMGAJ3,Northern America,native range,en
OSROUCKLMH482EZKEVG22W,Africa,native range,en
OSROUCKLMHHWZCZFPO6WX0,Atlantic Ocean,native range,en
OSROUCKLMHHWZCZFPO6WX0,Indian Ocean,native range,en
OSROUCKLMHHWZCZFPO6WX0,Pacific Ocean,native range,en
OSROUCKLMHKR1ARYUKD1SF,Eastern Europe,native range,en
OSROUCKLMHKR1ARYUKD1SF,Middle Europe,native range,en
OSROUCKLMHKR1ARYUKD1SF,Northern Europe,native range,en
OSROUCKLMHKR1ARYUKD1SF,Southeastern Europe,native range,en
OSROUCKLMHKR1ARYUKD1SF,Southwestern Europe,native range,en
OSROUCKLMKX8ZIRNXN9WQG,Eastern Asia,native range,en
OSROUCKLMUJD0KQXEKW2YW,Eastern Asia,native range,en
OSROUCKLMXPJAFWA3YR3XJ,Northern Africa,native range,en
OSROUCKLMZRBVFMU99K0QA,Southern Europe,native range,en
OSROUCKLMZRBVFMU99K0QA,Northern Africa,native range,en
OSROUCKLN02NF4SE1IPRF2,Atlantic Ocean,native range,en
OSROUCKLN0GZ9ZUQRW3R91,Europe (Macaronesia: type locality Madeira),native range,en
OSROUCKLN0GZ9ZUQRW3R91,Northern Africa,native range,en
OSROUCKLN0GZ9ZUQRW3R91,Western Asia,native range,en
OSROUCKLN37A58L7KSCJK9,Eastern Europe,native range,en
OSROUCKLN37A58L7KSCJK9,"Southern Europe (Carpathians, Balkans)",native range,en
OSROUCKLN5IXMJ25H896Y2,Northern America,native range,en
OSROUCKLN63FWAMIHTY0E8,Western Europe,native range,en
OSROUCKLN63FWAMIHTY0E8,Northern Europe,native range,en
OSROUCKLN6APL71DJD69WG,Southern Europe,native range,en
OSROUCKLN6APL71DJD69WG,Northern Africa,native range,en
OSROUCKLN6APL71DJD69WG,Western Asia,native range,en
OSROUCKLNAPQVLS2UIHWAU,Central Asia,native range,en
OSROUCKLNAPQVLS2UIHWAU,Southeastern Europe,native range,en
OSROUCKLNAPQVLS2UIHWAU,Western Asia,native range,en
OSROUCKLNCLFBALA8E24QL,Northern America,native range,en
OSROUCKLND42YBMDYDPG32,Southern Europe,native range,en
OSROUCKLND42YBMDYDPG32,Western Europe,native range,en
OSROUCKLND42YBMDYDPG32,Northern Africa,native range,en
OSROUCKLNHVTD8V9NZ287A,Southern Europe,native range,en
OSROUCKLNHVTD8V9NZ287A,Western Europe,native range,en
OSROUCKLNIXPZWAOEAM887,Northern America,native range,en
OSROUCKLNNWEEY7XT1Y5JV,Northern America,native range,en
OSROUCKLNPWP84V5OJNT66,Western Asia,native range,en
OSROUCKLNQ5QNY27Q070SJ,Atlantic Ocean,native range,en
OSROUCKLNQ5QNY27Q070SJ,Indian Ocean,native range,en
OSROUCKLNQ5QNY27Q070SJ,Pacific Ocean,native range,en
OSROUCKLO0A79C681CP2NV,Cryptogenic,native range,en
OSROUCKLO0HQ6JP5Z7O7OW,South America,native range,en
OSROUCKLO0LUYMEHTNM8YB,Southern Europe,native range,en
OSROUCKLO0LUYMEHTNM8YB,Northern Africa,native range,en
OSROUCKLO0LUYMEHTNM8YB,Western Asia,native range,en
OSROUCKLO0LUYMEHTNM8YB,Southern Asia (India),native range,en
OSROUCKLO3KGA0SIAW24RF,Asia,native range,en
OSROUCKLO5MG2I8JKXKR1Y,Caucasus,native range,en
OSROUCKLO5MG2I8JKXKR1Y,Central Asia,native range,en
OSROUCKLO5MG2I8JKXKR1Y,Northeast Tropical Africa,native range,en
OSROUCKLO5MG2I8JKXKR1Y,Northern Africa,native range,en
OSROUCKLO5MG2I8JKXKR1Y,Southeastern Europe,native range,en
OSROUCKLO5MG2I8JKXKR1Y,Southwestern Europe,native range,en
OSROUCKLO5MG2I8JKXKR1Y,Western Asia,native range,en
OSROUCKLO92643ZLM0CPNR,Northern America,native range,en
OSROUCKLOB7QBKK6C7RI5F,Eastern Asia,native range,en
OSROUCKLOB8RE53FCYCCQJ,Arabian Peninsula,native range,en
OSROUCKLOB8RE53FCYCCQJ,Northeast Tropical Africa,native range,en
OSROUCKLOB8RE53FCYCCQJ,Northern Africa,native range,en
OSROUCKLOB8RE53FCYCCQJ,Western Asia,native range,en
OSROUCKLOE8AKAD3W775X2,Northern America,native range,en
OSROUCKLOE8AKAD3W775X2,North Asia,native range,en
OSROUCKLOHJ6AW159AKV7Z,Eastern Europe (Ponto-Caspian: Dnieper River),native range,en
OSROUCKLOHJ6AW159AKV7Z,Black Sea,native range,en
OSROUCKLOIKN6WCR9DYY6H,Northern America,native range,en
OSROUCKLOIX5YPDDR15VTH,Northern America (Atlantic coast),native range,en
OSROUCKLOIX5YPDDR15VTH,Atlantic Ocean (W),native range,en
OSROUCKLOM6GEPVK8JNZ9L,Eastern Asia (North Asia),native range,en
OSROUCKLOM6GEPVK8JNZ9L,South-eastern Asia,native range,en
OSROUCKLORZ96FBW6LXA3E,Central America,native range,en
OSROUCKLORZ96FBW6LXA3E,South America,native range,en
OSROUCKLOSKADISSFPIGEZ,Northern Africa,native range,en
OSROUCKLOSKADISSFPIGEZ,Western Africa,native range,en
OSROUCKLOSKADISSFPIGEZ,Middle Africa,native range,en
OSROUCKLOSKADISSFPIGEZ,Eastern Africa,native range,en
OSROUCKLOSKADISSFPIGEZ,Southern Asia,native range,en
OSROUCKLOSKADISSFPIGEZ,South-eastern Asia,native range,en
OSROUCKLOTGU4OTNPHDULY,Sub-Saharan Africa,native range,en
OSROUCKLOTGU4OTNPHDULY,Southern Asia,native range,en
OSROUCKLOTGU4OTNPHDULY,South-eastern Asia,native range,en
OSROUCKLOTMGS4AU7YILSU,Brazil,native range,en
OSROUCKLOTMGS4AU7YILSU,Central America,native range,en
OSROUCKLOTMGS4AU7YILSU,Northern South America,native range,en
OSROUCKLOTMGS4AU7YILSU,Southern South America,native range,en
OSROUCKLOTMGS4AU7YILSU,Western South America,native range,en
OSROUCKLOWFFN70M7QCLS8,Northern America (E),native range,en
OSROUCKLOZQL8C8H6PQGZL,Northern America,native range,en
OSROUCKLP1LTYUEA9TYAC1,Eastern Asia,native range,en
OSROUCKLP5M14OOMPDAHU7,Eastern Asia,native range,en
OSROUCKLP5M14OOMPDAHU7,South-eastern Asia,native range,en
OSROUCKLPB5N6MDU41380Q,Central Asia,native range,en
OSROUCKLPB5N6MDU41380Q,Eastern Asia,native range,en
OSROUCKLPB5N6MDU41380Q,North Asia,native range,en
OSROUCKLPIXV684AJCBXX5,Eastern Asia,native range,en
OSROUCKLPMKPWWPIL0XKUW,Eastern Europe (Ponto-Caspian),native range,en
OSROUCKLPMKPWWPIL0XKUW,Black Sea,native range,en
OSROUCKLPMKPWWPIL0XKUW,Caspian Sea,native range,en
OSROUCKLPMRQABN9IF5IPN,Northern America,native range,en
OSROUCKLPNKVKLTC4GILJ7,Northern Africa,native range,en
OSROUCKLPNKVKLTC4GILJ7,Eastern Africa,native range,en
OSROUCKLPNKVKLTC4GILJ7,Middle Africa,native range,en
OSROUCKLPNKVKLTC4GILJ7,Southern Africa,native range,en
OSROUCKLPNKVKLTC4GILJ7,Western Africa,native range,en
OSROUCKLPNKVKLTC4GILJ7,Western Asia,native range,en
OSROUCKLPPLFB8KQAUJE0N,Australia and New Zealand (New Zealand),native range,en
OSROUCKLPQCYV00WFXM65Z,Mexico,native range,en
OSROUCKLPQCYV00WFXM65Z,Northwestern U.S.A.,native range,en
OSROUCKLPQCYV00WFXM65Z,South-Central U.S.A.,native range,en
OSROUCKLPQCYV00WFXM65Z,Southwestern U.S.A.,native range,en
OSROUCKLPSL1QLV66AWWYX,Northern America,native range,en
OSROUCKLPTKXFN5HRJFGZ5,Northern America,native range,en
OSROUCKLPVQRCOXGY7BBSF,Northern America,native range,en
OSROUCKLPXAZK09A09QMZO,Mediterranean Sea,native range,en
OSROUCKLPXAZK09A09QMZO,Atlantic Ocean (E),native range,en
OSROUCKLQ19NGSEHRU6WHN,Northern America (Atlantic coast),native range,en
OSROUCKLQ19NGSEHRU6WHN,South America (Atlantic coast),native range,en
OSROUCKLQ19NGSEHRU6WHN,Atlantic Ocean (W),native range,en
OSROUCKLQ2GS03HHAC2BB7,Northern America,native range,en
OSROUCKLQ7OLAD3HZEKMIU,Eastern Asia,native range,en
OSROUCKLQ7OLAD3HZEKMIU,South-eastern Asia,native range,en
OSROUCKLQ9L34PCYSF6XSM,Eastern Asia,native range,en
OSROUCKLQDGLUDSKSMRZGB,Mexico,native range,en
OSROUCKLQDGLUDSKSMRZGB,North-Central U.S.A.,native range,en
OSROUCKLQDGLUDSKSMRZGB,Northwestern U.S.A.,native range,en
OSROUCKLQDGLUDSKSMRZGB,South-Central U.S.A.,native range,en
OSROUCKLQDGLUDSKSMRZGB,Southern South America,native range,en
OSROUCKLQDGLUDSKSMRZGB,Southwestern U.S.A.,native range,en
OSROUCKLQGOKOHS5A217Z8,Northern America,native range,en
OSROUCKLQI6CEVB45M3PL4,Northern America,native range,en
OSROUCKLQL286BQ9EVL0FT,"Northern America (Florida, Gulf of Mexico)",native range,en
OSROUCKLQL286BQ9EVL0FT,Atlantic Ocean (W),native range,en
OSROUCKLQL28BIY1J532IQ,South America (tropical),native range,en
OSROUCKLQL28BIY1J532IQ,Central America,native range,en
OSROUCKLQL28BIY1J532IQ,Caribbean,native range,en
OSROUCKLQSX4I8KBOYBCJI,Southern Europe,native range,en
OSROUCKLQSX4I8KBOYBCJI,Western Asia (Mediterranean basin),native range,en
OSROUCKLQTUY505LJY23E2,Sub-Saharan Africa,native range,en
OSROUCKLQTUY505LJY23E2,Asia,native range,en
OSROUCKLQTUY505LJY23E2,Central America,native range,en
OSROUCKLQTUY505LJY23E2,Oceania,native range,en
OSROUCKLQTUY505LJY23E2,South America,native range,en
OSROUCKLQU6LLTZZPUAJPZ,Northern America,native range,en
OSROUCKLQVSTK2ZJS9WR17,Cosmopolitan,native range,en
OSROUCKLQYXQQHVZS2P9BY,Central America,native range,en
OSROUCKLQYXQQHVZS2P9BY,South America,native range,en
OSROUCKLQZ4Z9AYXC84SHC,Northern America (E),native range,en
OSROUCKLQZTCUQ4AH9NW9I,Southern South America,native range,en
OSROUCKLQZTCUQ4AH9NW9I,Western South America,native range,en
OSROUCKLR6J2H9N7Y97HXV,China,native range,en
OSROUCKLR6J2H9N7Y97HXV,Eastern Asia,native range,en
OSROUCKLR8O8IIPO1W9WQP,Eastern Asia,native range,en
OSROUCKLRFU6TPRR18BOFX,Western Asia,native range,en
OSROUCKLRFU6TPRR18BOFX,Southern Europe,native range,en
OSROUCKLRJ15L0466RAJH2,Central Asia,native range,en
OSROUCKLRL4MLD666XZNB5,South America,native range,en
OSROUCKLRNJ3MHNLHM265L,Cosmopolitan,native range,en
OSROUCKLRQ3NDUGWPB1ICR,Northern America,native range,en
OSROUCKLRQE11GLNYHJV53,North Asia,native range,en
OSROUCKLRQE11GLNYHJV53,Central Asia,native range,en
OSROUCKLRQE11GLNYHJV53,Eastern Asia,native range,en
OSROUCKLRU59ZFZITE4VDU,Cryptogenic,native range,en
OSROUCKLRW9M71NUQTW5ZR,Southern Asia,native range,en
OSROUCKLS0QKW24X0J09J9,Northern America,native range,en
OSROUCKLSA7S2WZBCTLRFU,Southern Europe,native range,en
OSROUCKLSAGIOQT2J5CB93,Asia,native range,en
OSROUCKLSGAYY7JXRS83S1,Northern America,native range,en
OSROUCKLSH3IT33ZKV2M0L,Northern America,native range,en
OSROUCKLSHLFWT23740FEU,Brazil,native range,en
OSROUCKLSHLFWT23740FEU,Caribbean,native range,en
OSROUCKLSHLFWT23740FEU,Central America,native range,en
OSROUCKLSHLFWT23740FEU,Mexico,native range,en
OSROUCKLSHLFWT23740FEU,Northern South America,native range,en
OSROUCKLSHLFWT23740FEU,Southern South America,native range,en
OSROUCKLSHLFWT23740FEU,Western South America,native range,en
OSROUCKLSLYHU7F85GCOCN,Central Asia,native range,en
OSROUCKLSLYHU7F85GCOCN,Eastern Asia,native range,en
OSROUCKLSNSXC2OVA0514F,Southern Asia,native range,en
OSROUCKLSNSXC2OVA0514F,South-eastern Asia,native range,en
OSROUCKLSODY8P95D8ZULU,Eastern Canada,native range,en
OSROUCKLSODY8P95D8ZULU,North-Central U.S.A.,native range,en
OSROUCKLSODY8P95D8ZULU,Northeastern U.S.A.,native range,en
OSROUCKLSODY8P95D8ZULU,Northwestern U.S.A.,native range,en
OSROUCKLSODY8P95D8ZULU,Southeastern U.S.A.,native range,en
OSROUCKLSODY8P95D8ZULU,Western Canada,native range,en
OSROUCKLSR8GOG62VYM6V3,Eastern Canada,native range,en
OSROUCKLSR8GOG62VYM6V3,North-Central U.S.A.,native range,en
OSROUCKLSR8GOG62VYM6V3,Northeastern U.S.A.,native range,en
OSROUCKLSR8GOG62VYM6V3,South-Central U.S.A.,native range,en
OSROUCKLSR8GOG62VYM6V3,Southeastern U.S.A.,native range,en
OSROUCKLSSTWBO9X9WNQOV,Central Asia,native range,en
OSROUCKLSSTWBO9X9WNQOV,China,native range,en
OSROUCKLSSTWBO9X9WNQOV,Eastern Asia,native range,en
OSROUCKLSSTWBO9X9WNQOV,Mongolia,native range,en
OSROUCKLSSTWBO9X9WNQOV,Russian Far East,native range,en
OSROUCKLSSTWBO9X9WNQOV,Siberia,native range,en
OSROUCKLSTY7TQKJA01I75,Cosmopolitan,native range,en
OSROUCKLSY19TKTJPR6XW5,Southeastern Europe,native range,en
OSROUCKLSY19TKTJPR6XW5,Western Asia,native range,en
OSROUCKLSZGNO5L1LW06FR,Northern America (NW Atlantic coast & Gulf of Mexico),native range,en
OSROUCKLT1O00DLCB7KRC1,Eastern Asia,native range,en
OSROUCKLT7HCNFILGN2PSS,Northern America,native range,en
OSROUCKLT87EXFNY21TKYK,Southern Asia,native range,en
OSROUCKLT87EXFNY21TKYK,South-eastern Asia,native range,en
OSROUCKLT87EXFNY21TKYK,South America,native range,en
OSROUCKLTACJSA743EBMFO,Central America,native range,en
OSROUCKLTACJSA743EBMFO,South America,native range,en
OSROUCKLTG868JHM1SNGWS,Western Asia,native range,en
OSROUCKLTI2RKN5L72CTNM,Cosmopolitan,native range,en
OSROUCKLTIZBTT35XVNH3V,Asia,native range,en
OSROUCKLTP19JAEK9DEIZ4,Eastern Asia (NW Pacific),native range,en
OSROUCKLTP19JAEK9DEIZ4,Pacific Ocean,native range,en
OSROUCKLTPI2X54VSHGSIJ,Northern America,native range,en
OSROUCKLTVDC4TOB5V6HTY,Eastern Asia (North Asia),native range,en
OSROUCKLTVDC4TOB5V6HTY,North Asia,native range,en
OSROUCKLTWKB5CK7IVI7D1,Indian Ocean,native range,en
OSROUCKLTWKB5CK7IVI7D1,Pacific Ocean,native range,en
OSROUCKLU0MMXCAIPZ0DLQ,Mexico,native range,en
OSROUCKLU0MMXCAIPZ0DLQ,South-Central U.S.A.,native range,en
OSROUCKLU0MMXCAIPZ0DLQ,Southwestern U.S.A.,native range,en
OSROUCKLU0P9AK9ZTFUXJ7,Eastern Asia,native range,en
OSROUCKLU41SX18ZZBPH27,Indian Subcontinent,native range,en
OSROUCKLU48Z50CZCBL6PR,Northern America,native range,en
OSROUCKLUCW2K47W4N989V,Northern America,native range,en
OSROUCKLUJLC50TJ9TVCP5,Northern America (east of Mississippi),native range,en
OSROUCKLUWWVOBBXBXI4D4,Eastern Asia,native range,en
OSROUCKLUXOJZFN4GY7CLN,Northern America,native range,en
OSROUCKLV1VUDD0KUTZ6OK,Northern America,native range,en
OSROUCKLV1VUDD0KUTZ6OK,Central America,native range,en
OSROUCKLV1VUDD0KUTZ6OK,South America,native range,en
OSROUCKLV4N42GRGQ6729R,Cryptogenic,native range,en
OSROUCKLV8ZIJKTD4UIH1L,Atlantic Ocean (NE),native range,en
OSROUCKLV9GNAMNWK0YPY3,Cryptogenic,native range,en
OSROUCKLVAFPNT9MMLEIYT,Eastern Asia,native range,en
OSROUCKLVAHTSOZRCN4MZ6,Northern America (NW Atlantic coast),native range,en
OSROUCKLVAHTSOZRCN4MZ6,Central America (Gulf of Mexico),native range,en
OSROUCKLVAHTSOZRCN4MZ6,Caribbean,native range,en
OSROUCKLVAHTSOZRCN4MZ6,South America (SW Atlantic coast),native range,en
OSROUCKLVBCFMS4GTXWWGH,Cosmopolitan,native range,en
OSROUCKLVEAROF2NBWXE3M,Australia and New Zealand,native range,en
OSROUCKLVFQFS2NHTTD18L,Asia,native range,en
OSROUCKLVG8IKBV7RJCQDI,Southern Europe,native range,en
OSROUCKLVI53M19IJ72UEX,Asia,native range,en
OSROUCKLVJDR05K2BVSZKC,Northern America (Atlantic coast),native range,en
OSROUCKLVK5W2XSJMS0LLS,Northern America,native range,en
OSROUCKLVMR6FCWRPLKGRP,Northern America,native range,en
OSROUCKLVN6Q4PNG05KMMV,Eastern Asia,native range,en
OSROUCKLVNZ3XGTZZRJA2C,Asia,native range,en
OSROUCKLVO2B8M28ZIDS2Y,Eastern Asia,native range,en
OSROUCKLVO2B8M28ZIDS2Y,South-eastern Asia,native range,en
OSROUCKLVSHZLOIZUMFA6S,Northern America,native range,en
OSROUCKLVSX550RKQLN898,Cosmopolitan,native range,en
OSROUCKLVUYOWD4T1F8AGK,Cryptogenic,native range,en
OSROUCKLW23EP0ZXNJV6O2,Central Asia,native range,en
OSROUCKLW5QFVSPIRAODEK,Southern Africa,native range,en
OSROUCKLW604KJX8F6TWJO,Northern America,native range,en
OSROUCKLWA97U18XOHM7N8,Europe,native range,en
OSROUCKLWA97U18XOHM7N8,Asia,native range,en
OSROUCKLWAKNXMCCVHYZ82,Eastern Asia,native range,en
OSROUCKLWAKNXMCCVHYZ82,Western Asia,native range,en
OSROUCKLWAQD6KJU2CK4XW,Cryptogenic,native range,en
OSROUCKLWFEJHKZ6F9Z1U8,Southern Europe,native range,en
OSROUCKLWFEJHKZ6F9Z1U8,Northern Africa,native range,en
OSROUCKLWFEJHKZ6F9Z1U8,Southern Asia,native range,en
OSROUCKLWIXOTWGLZKV5GB,Eastern Asia,native range,en
OSROUCKLWR7T7CZG8MXPWR,Eastern Asia,native range,en
OSROUCKLWU5ZZFGR5ADICB,Northern America,native range,en
OSROUCKLWXXG6N76SAAEZX,Caucasus,native range,en
OSROUCKLWXXG6N76SAAEZX,China,native range,en
OSROUCKLWXXG6N76SAAEZX,Eastern Asia,native range,en
OSROUCKLWXXG6N76SAAEZX,Indian Subcontinent,native range,en
OSROUCKLWXXG6N76SAAEZX,Indo-China,native range,en
OSROUCKLWXXG6N76SAAEZX,Western Asia,native range,en
OSROUCKLX1F9D5IYOF4M81,Eastern Asia,native range,en
OSROUCKLX1F9D5IYOF4M81,South-eastern Asia (Indo-West Pacific Ocean),native range,en
OSROUCKLX4KYDC1MUSCFHJ,"Eastern Asia (Amur basin, China, Japan)",native range,en
OSROUCKLX7SNHZEVKBQ41A,Southern Europe,native range,en
OSROUCKLX7SNHZEVKBQ41A,Northern Africa,native range,en
OSROUCKLX7SNHZEVKBQ41A,Western Asia,native range,en
OSROUCKLXBDF6D2CZ0GO36,Central America,native range,en
OSROUCKLXBDF6D2CZ0GO36,South America,native range,en
OSROUCKLXD9ZWRMI4CP6WU,Southern Europe,native range,en
OSROUCKLXETLYH2V781Z7C,Northern America,native range,en
OSROUCKLXH4FB6UEZB360Z,Atlantic Ocean,native range,en
OSROUCKLXH4FB6UEZB360Z,Indian Ocean,native range,en
OSROUCKLXH4FB6UEZB360Z,Pacific Ocean,native range,en
OSROUCKLXIXZR53YS2327Z,Southern Europe,native range,en
OSROUCKLXIXZR53YS2327Z,Northern Africa,native range,en
OSROUCKLXIXZR53YS2327Z,Western Asia,native range,en
OSROUCKLXJ7O1LV8FZWE50,Northern America,native range,en
OSROUCKLXL688D9IU4UH72,Central America,native range,en
OSROUCKLXL688D9IU4UH72,South America,native range,en
OSROUCKLXNTS2B4CH36IBE,Western Asia,native range,en
OSROUCKLXNTS2B4CH36IBE,Central Asia,native range,en
OSROUCKLXTRV1Q1CDUFSEI,Cryptogenic,native range,en
OSROUCKLXWWM6UUAZZBY4T,Northern Africa,native range,en
OSROUCKLXWWM6UUAZZBY4T,Western Asia,native range,en
OSROUCKLY1ECLGIMLNEG9X,Cryptogenic,native range,en
OSROUCKLY63QO5V3TDPH1T,Asia,native range,en
OSROUCKLY8O6W24RZ26I2P,"Eastern Asia (NW Pacific: Sea of Japan, Yellow Sea, East China Sea, Bohai Sea)",native range,en
OSROUCKLY8O6W24RZ26I2P,Pacific Ocean,native range,en
OSROUCKLY92P4JOA0VNRV3,Indian Ocean (N),native range,en
OSROUCKLYBYPTGD1C1NKZH,Eastern Asia (Yangtze basin),native range,en
OSROUCKLYCC1Y0PNAEBW37,Northern America,native range,en
OSROUCKLYF1GAUOX83QN7K,Caucasus,native range,en
OSROUCKLYF1GAUOX83QN7K,Central Asia,native range,en
OSROUCKLYF1GAUOX83QN7K,China,native range,en
OSROUCKLYF1GAUOX83QN7K,Eastern Asia,native range,en
OSROUCKLYF1GAUOX83QN7K,Eastern Europe,native range,en
OSROUCKLYF1GAUOX83QN7K,Mongolia,native range,en
OSROUCKLYF1GAUOX83QN7K,Russian Far East,native range,en
OSROUCKLYF1GAUOX83QN7K,Siberia,native range,en
OSROUCKLYF1GAUOX83QN7K,Western Asia,native range,en
OSROUCKLYGU3AUYIQF78VQ,Northern America,native range,en
OSROUCKLYGZ4JAXZ8Z5L94,Southern Europe,native range,en
OSROUCKLYI87NH2C7749RV,Cryptogenic,native range,en
OSROUCKLYQ9K7OE4UOG445,Atlantic Ocean,native range,en
OSROUCKLYQ9K7OE4UOG445,Pacific Ocean,native range,en
OSROUCKLYQIOFOP2UWJEJD,Northern America,native range,en
OSROUCKLYRIHKZLYT6YX0Z,Southern Europe,native range,en
OSROUCKLYRIHKZLYT6YX0Z,Northern Africa,native range,en
OSROUCKLYRIHKZLYT6YX0Z,Western Asia,native range,en
OSROUCKLYSPYI13BO3SM5T,Southeastern Europe,native range,en
OSROUCKLYSPYI13BO3SM5T,Southwestern Europe,native range,en
OSROUCKLYTI70YWESVXGXI,Atlantic Ocean,native range,en
OSROUCKLYTI70YWESVXGXI,Mediterranean Sea,native range,en
OSROUCKLYUNBGB2NI8851H,Sub-Saharan Africa,native range,en
OSROUCKLYUU9Z0CG4UH87O,Asia,native range,en
OSROUCKLYUU9Z0CG4UH87O,Africa (Old World tropics),native range,en
OSROUCKLYXF4Y38X3VAUM2,Sub-Saharan Africa,native range,en
OSROUCKLZ0Q4OMXEL93XPH,"Northern America (Florida, Georgia)",native range,en
OSROUCKLZ2OULSATA17K5D,Eastern Asia,native range,en
OSROUCKLZ2OULSATA17K5D,South-eastern Asia,native range,en
OSROUCKLZ33AK8DAR0K1B8,Cryptogenic,native range,en
OSROUCKLZ50MQEYC2O1IP8,Eastern Asia,native range,en
OSROUCKLZ5Q02B7L1IUD9B,Northern America,native range,en
OSROUCKLZ67C9PADN5JDUL,Eastern Canada,native range,en
OSROUCKLZ67C9PADN5JDUL,Mexico,native range,en
OSROUCKLZ67C9PADN5JDUL,North-Central U.S.A.,native range,en
OSROUCKLZ67C9PADN5JDUL,Northeastern U.S.A.,native range,en
OSROUCKLZ67C9PADN5JDUL,Northwestern U.S.A.,native range,en
OSROUCKLZ67C9PADN5JDUL,South-Central U.S.A.,native range,en
OSROUCKLZ67C9PADN5JDUL,Southeastern U.S.A.,native range,en
OSROUCKLZ67C9PADN5JDUL,Southwestern U.S.A.,native range,en
OSROUCKLZ67C9PADN5JDUL,Western Canada,native range,en
OSROUCKLZ69DSRWC2NOH93,Sub-Saharan Africa,native range,en
OSROUCKLZ69DSRWC2NOH93,Western Asia,native range,en
OSROUCKLZ69DSRWC2NOH93,Southern Europe,native range,en
OSROUCKLZ69DSRWC2NOH93,Northern Africa (cryptic species complex),native range,en
OSROUCKLZ6GXHH1Q0LX3KH,Northern America (Atlantic coast),native range,en
OSROUCKLZ6GXHH1Q0LX3KH,Atlantic Ocean (W),native range,en
OSROUCKLZ6RW7T6XA86V36,Indian Ocean,native range,en
OSROUCKLZ6RW7T6XA86V36,Australia and New Zealand (Southern Hemisphere),native range,en
OSROUCKLZ9OZ2LVC8VC7F9,Atlantic Ocean,native range,en
OSROUCKLZ9OZ2LVC8VC7F9,Indian Ocean,native range,en
OSROUCKLZ9OZ2LVC8VC7F9,Pacific Ocean,native range,en
OSROUCKLZBDGQAONRA5Y9T,Northern America,native range,en
OSROUCKLZD3K37QSPIM7U6,South America (tropical),native range,en
OSROUCKLZDRVJH3C4054UF,Southern Europe,native range,en
OSROUCKLZDRVJH3C4054UF,Western Europe,native range,en
OSROUCKLZDRVJH3C4054UF,Northern Africa,native range,en
OSROUCKLZEZXXYB3GIE60M,Northern America,native range,en
OSROUCKLZJF3K0K94NN5EF,Northern America,native range,en
OSROUCKLZJLMQ75SCGHAC6,Northern America,native range,en
OSROUCKLZJLMQ75SCGHAC6,Central America,native range,en
OSROUCKLZKMFEC1REHBBHH,Mexico,native range,en
OSROUCKLZL82RHFGHJXYXX,South-eastern Asia,native range,en
OSROUCKLZL82RHFGHJXYXX,Eastern Asia,native range,en
OSROUCKLZLTO642WJMRM2R,Northern America,native range,en
OSROUCKLZPS1548T73NIE5,Africa,native range,en
OSROUCKLZQY3Q98XMI4ZWP,Cryptogenic,native range,en
OSROUCKLZTYB6Y5TJHBTPB,Eastern Europe,native range,en
OSROUCKLZTYB6Y5TJHBTPB,Central Asia,native range,en
OSROUCKLZTYB6Y5TJHBTPB,Eastern Asia,native range,en
OSROUCKLZUC6C8NTTU6F8U,Atlantic Ocean,native range,en
OSROUCKLZWCJP76RKTIVG9,Northern Africa,native range,en
OSROUCKLZWCJP76RKTIVG9,Southern Europe,native range,en
OSROUCKLZWCJP76RKTIVG9,Western Asia (Mediterranean basin),native range,en
OSROUCKLZYHO7PI2EP23OO,Sub-Saharan Africa,native range,en
OSROUCKLZYKGQEJWKFAF5E,Central Asia,native range,en
OSROUCKLZYKGQEJWKFAF5E,China,native range,en
OSROUCKLZYKGQEJWKFAF5E,Eastern Asia,native range,en
OSROUCKLZYKGQEJWKFAF5E,Mongolia,native range,en
OSROUCKLZZLEUILAERKV5Y,Eastern Asia,native range,en
OSROUCKLZZLEUILAERKV5Y,North Asia,native range,en
OSROUXERDZSYZQNOTJ,North-Central U.S.A.,native range,en
OSROUXERDZSYZQNOTJ,South-Central U.S.A.,native range,en
OSROUXERDZSYZQNOTJ,Southeastern U.S.A.,native range,en
OSROV30DSPY4TZ8AM6,Eastern Canada,native range,en
OSROV30DSPY4TZ8AM6,Mexico,native range,en
OSROV30DSPY4TZ8AM6,North-Central U.S.A.,native range,en
OSROV30DSPY4TZ8AM6,Northeastern U.S.A.,native range,en
OSROV30DSPY4TZ8AM6,Northwestern U.S.A.,native range,en
OSROV30DSPY4TZ8AM6,South-Central U.S.A.,native range,en
OSROV30DSPY4TZ8AM6,Southeastern U.S.A.,native range,en
OSROV30DSPY4TZ8AM6,Southwestern U.S.A.,native range,en
OSROV30DSPY4TZ8AM6,Western Canada,native range,en
OSROVCEH19438D4ESV,Macaronesia,native range,en
OSROVCEH19438D4ESV,Northern Africa,native range,en
OSROVCEH19438D4ESV,Southeastern Europe,native range,en
OSROVCEH19438D4ESV,Southwestern Europe,native range,en
OSROVCXD0L21R8G2AY,Eastern Asia,native range,en
OSROVJMHP7CUM69OUA,China,native range,en
OSROVJMHP7CUM69OUA,Eastern Asia,native range,en
OSROVJMHP7CUM69OUA,Eastern Europe,native range,en
OSROVJMHP7CUM69OUA,Middle Europe,native range,en
OSROVJMHP7CUM69OUA,Russian Far East,native range,en
OSROVJMHP7CUM69OUA,Southeastern Europe,native range,en
OSROVJMHP7CUM69OUA,Southwestern Europe,native range,en
OSROVQTFDHIWEBYZPF,Southeastern Europe,native range,en
OSROVV7E3TDAZEE3TW,China,native range,en
OSROVV7E3TDAZEE3TW,Eastern Asia,native range,en
OSROVV7E3TDAZEE3TW,Indian Subcontinent,native range,en
OSROVV7E3TDAZEE3TW,Indo-China,native range,en
OSROVV7E3TDAZEE3TW,Malesia,native range,en
OSROVV7E3TDAZEE3TW,Mongolia,native range,en
OSROVV7E3TDAZEE3TW,Russian Far East,native range,en
OSROVV7E3TDAZEE3TW,Siberia,native range,en
OSROVV7E3TDAZEE3TW,Western Asia,native range,en
OSROVX2AJ13XVHOQC9,Indian Subcontinent,native range,en
OSROVX2AJ13XVHOQC9,Indo-China,native range,en
OSROVX6Q23NEBICY1I,Brazil,native range,en
OSROVX6Q23NEBICY1I,Eastern Canada,native range,en
OSROVX6Q23NEBICY1I,Mexico,native range,en
OSROVX6Q23NEBICY1I,North-Central U.S.A.,native range,en
OSROVX6Q23NEBICY1I,Northeastern U.S.A.,native range,en
OSROVX6Q23NEBICY1I,Northwestern U.S.A.,native range,en
OSROVX6Q23NEBICY1I,South-Central U.S.A.,native range,en
OSROVX6Q23NEBICY1I,Southeastern U.S.A.,native range,en
OSROVX6Q23NEBICY1I,Southern South America,native range,en
OSROVX6Q23NEBICY1I,Southwestern U.S.A.,native range,en
OSROVX6Q23NEBICY1I,Western Canada,native range,en
OSROVX6Q23NEBICY1I,Western South America,native range,en
OSROVXJ55VC5PLYVA7,China,native range,en
OSROVXJ55VC5PLYVA7,Eastern Asia,native range,en
OSROVY8LANTBV6KVOY,Caucasus,native range,en
OSROVY8LANTBV6KVOY,Central Asia,native range,en
OSROVY8LANTBV6KVOY,East Tropical Africa,native range,en
OSROVY8LANTBV6KVOY,Eastern Europe,native range,en
OSROVY8LANTBV6KVOY,Indian Subcontinent,native range,en
OSROVY8LANTBV6KVOY,Indo-China,native range,en
OSROVY8LANTBV6KVOY,Middle Europe,native range,en
OSROVY8LANTBV6KVOY,Northeast Tropical Africa,native range,en
OSROVY8LANTBV6KVOY,Northern Africa,native range,en
OSROVY8LANTBV6KVOY,Siberia,native range,en
OSROVY8LANTBV6KVOY,South Tropical Africa,native range,en
OSROVY8LANTBV6KVOY,Southeastern Europe,native range,en
OSROVY8LANTBV6KVOY,Southern Africa,native range,en
OSROVY8LANTBV6KVOY,Southwestern Europe,native range,en
OSROVY8LANTBV6KVOY,West Tropical Africa,native range,en
OSROVY8LANTBV6KVOY,West-Central Tropical Africa,native range,en
OSROVY8LANTBV6KVOY,Western Asia,native range,en
OSROVYTMZ5HRAJ30MO,Australia,native range,en
OSROVYTMZ5HRAJ30MO,China,native range,en
OSROVYTMZ5HRAJ30MO,Eastern Asia,native range,en
OSROVYTMZ5HRAJ30MO,Indian Subcontinent,native range,en
OSROVYTMZ5HRAJ30MO,Indo-China,native range,en
OSROVYTMZ5HRAJ30MO,Malesia,native range,en
OSROVYTMZ5HRAJ30MO,Papuasia,native range,en
OSROW0QPD0BP3DNY0Z,Eastern Canada,native range,en
OSROW0QPD0BP3DNY0Z,North-Central U.S.A.,native range,en
OSROW0QPD0BP3DNY0Z,Northeastern U.S.A.,native range,en
OSROW0QPD0BP3DNY0Z,Southeastern U.S.A.,native range,en
OSROW66ZNJZ98ZQB69,Caucasus,native range,en
OSROW66ZNJZ98ZQB69,Eastern Europe,native range,en
OSROW66ZNJZ98ZQB69,Southeastern Europe,native range,en
OSROW66ZNJZ98ZQB69,Western Asia,native range,en
OSROW7165Y8MJ9RXF8,Central Asia,native range,en
OSROW7165Y8MJ9RXF8,Eastern Europe,native range,en
OSROW7165Y8MJ9RXF8,Southeastern Europe,native range,en
OSROW9K4FLJENFGHI4,Arabian Peninsula,native range,en
OSROW9K4FLJENFGHI4,Caucasus,native range,en
OSROW9K4FLJENFGHI4,Central Asia,native range,en
OSROW9K4FLJENFGHI4,China,native range,en
OSROW9K4FLJENFGHI4,Eastern Europe,native range,en
OSROW9K4FLJENFGHI4,Indian Subcontinent,native range,en
OSROW9K4FLJENFGHI4,Middle Europe,native range,en
OSROW9K4FLJENFGHI4,Mongolia,native range,en
OSROW9K4FLJENFGHI4,Southeastern Europe,native range,en
OSROW9K4FLJENFGHI4,Southwestern Europe,native range,en
OSROW9K4FLJENFGHI4,Western Asia,native range,en
OSROWBF4IQ434CF9KJ,Caucasus,native range,en
OSROWBF4IQ434CF9KJ,Eastern Europe,native range,en
OSROWBF4IQ434CF9KJ,Macaronesia,native range,en
OSROWBF4IQ434CF9KJ,Northern Africa,native range,en
OSROWBF4IQ434CF9KJ,Southeastern Europe,native range,en
OSROWBF4IQ434CF9KJ,Southwestern Europe,native range,en
OSROWBF4IQ434CF9KJ,Western Asia,native range,en
OSROWCCJYNWHX9ZDSH,Eastern Canada,native range,en
OSROWCCJYNWHX9ZDSH,North-Central U.S.A.,native range,en
OSROWCCJYNWHX9ZDSH,Northeastern U.S.A.,native range,en
OSROWCCJYNWHX9ZDSH,Northwestern U.S.A.,native range,en
OSROWCCJYNWHX9ZDSH,Southeastern U.S.A.,native range,en
OSROWCCJYNWHX9ZDSH,Southwestern U.S.A.,native range,en
OSROWCCJYNWHX9ZDSH,Western Canada,native range,en
OSROWEKXHIKFJI52OZ,Australia,native range,en
OSROWEKXHIKFJI52OZ,Caucasus,native range,en
OSROWEKXHIKFJI52OZ,China,native range,en
OSROWEKXHIKFJI52OZ,Eastern Asia,native range,en
OSROWEKXHIKFJI52OZ,Eastern Europe,native range,en
OSROWEKXHIKFJI52OZ,Indian Subcontinent,native range,en
OSROWEKXHIKFJI52OZ,Indo-China,native range,en
OSROWEKXHIKFJI52OZ,Malesia,native range,en
OSROWEKXHIKFJI52OZ,Papuasia,native range,en
OSROWEKXHIKFJI52OZ,Russian Far East,native range,en
OSROWEKXHIKFJI52OZ,Western Asia,native range,en
OSROWHMIQS4O4TX69Y,Southwestern Europe,native range,en
OSROWKJLVKA2K9CSWY,Caucasus,native range,en
OSROWKJLVKA2K9CSWY,Western Asia,native range,en
OSROWKZ8A2DWE7GYE1,Caribbean,native range,en
OSROWKZ8A2DWE7GYE1,Central America,native range,en
OSROWKZ8A2DWE7GYE1,Eastern Canada,native range,en
OSROWKZ8A2DWE7GYE1,Mexico,native range,en
OSROWKZ8A2DWE7GYE1,North-Central U.S.A.,native range,en
OSROWKZ8A2DWE7GYE1,Northeastern U.S.A.,native range,en
OSROWKZ8A2DWE7GYE1,South-Central U.S.A.,native range,en
OSROWKZ8A2DWE7GYE1,Southeastern U.S.A.,native range,en
OSROWKZ8A2DWE7GYE1,Western Canada,native range,en
OSROWM5WHVO5UEDPRN,Southeastern Europe,native range,en
OSROWQRHBA1DC189AA,China,native range,en
OSROWQRHBA1DC189AA,Eastern Asia,native range,en
OSROWQRHBA1DC189AA,Indian Subcontinent,native range,en
OSROWQRHBA1DC189AA,Indo-China,native range,en
OSROWQRHBA1DC189AA,Malesia,native range,en
OSROWQRHBA1DC189AA,Russian Far East,native range,en
OSROWS5H12SZS4U9TG,Eastern Canada,native range,en
OSROWS5H12SZS4U9TG,Mexico,native range,en
OSROWS5H12SZS4U9TG,North-Central U.S.A.,native range,en
OSROWS5H12SZS4U9TG,Northeastern U.S.A.,native range,en
OSROWS5H12SZS4U9TG,Northwestern U.S.A.,native range,en
OSROWS5H12SZS4U9TG,South-Central U.S.A.,native range,en
OSROWS5H12SZS4U9TG,Southeastern U.S.A.,native range,en
OSROWS5H12SZS4U9TG,Southwestern U.S.A.,native range,en
OSROWS5H12SZS4U9TG,Subarctic America,native range,en
OSROWS5H12SZS4U9TG,Western Canada,native range,en
OSROWXFL48H1SGS91Q,cultigen of hybrid origin,native range,en
OSROWZ30W59NC0B3BV,Eastern Asia,native range,en
OSROWZ30W59NC0B3BV,Russian Far East,native range,en
OSROXFME39TNPAEVJP,Arabian Peninsula,native range,en
OSROXFME39TNPAEVJP,Caucasus,native range,en
OSROXFME39TNPAEVJP,Central Asia,native range,en
OSROXFME39TNPAEVJP,Indian Subcontinent,native range,en
OSROXFME39TNPAEVJP,Indo-China,native range,en
OSROXFME39TNPAEVJP,Macaronesia,native range,en
OSROXFME39TNPAEVJP,Northeast Tropical Africa,native range,en
OSROXFME39TNPAEVJP,Northern Africa,native range,en
OSROXFME39TNPAEVJP,Western Asia,native range,en
OSROXH1OBTV0U4FI4J,Southeastern U.S.A.,native range,en
OSROXI44BR0POD3ZHS,China,native range,en
OSROXI44BR0POD3ZHS,Indian Subcontinent,native range,en
OSROXI44BR0POD3ZHS,Indo-China,native range,en
OSROXIEC4JMZ0QSDW3,Mexico,native range,en
OSROXIEC4JMZ0QSDW3,Northwestern U.S.A.,native range,en
OSROXIEC4JMZ0QSDW3,South-Central U.S.A.,native range,en
OSROXIEC4JMZ0QSDW3,Southwestern U.S.A.,native range,en
OSROXK4F82TDRDBTV3,Indian Subcontinent,native range,en
OSROXK4F82TDRDBTV3,Middle Europe,native range,en
OSROXK4F82TDRDBTV3,Northern Africa,native range,en
OSROXK4F82TDRDBTV3,Southeastern Europe,native range,en
OSROXK4F82TDRDBTV3,Southwestern Europe,native range,en
OSROXK4F82TDRDBTV3,Western Asia,native range,en
OSROXOAS7KBG25N7Y6,Indian Subcontinent,native range,en
OSROXOM2AVH6884T0O,Northern Europe,native range,en
OSROXOM2AVH6884T0O,Southwestern Europe,native range,en
OSROXQ2E97NJKX989K,Brazil,native range,en
OSROXQ2E97NJKX989K,Caribbean,native range,en
OSROXQ2E97NJKX989K,Central America,native range,en
OSROXQ2E97NJKX989K,Mexico,native range,en
OSROXQ2E97NJKX989K,Northern South America,native range,en
OSROXQ2E97NJKX989K,Southern South America,native range,en
OSROXQ2E97NJKX989K,Western South America,native range,en
OSROXUJ8C3H0YSRFJL,Southeastern U.S.A.,native range,en
OSROXWZGW4PK1Q4BKL,Caribbean,native range,en
OSROXWZGW4PK1Q4BKL,Central America,native range,en
OSROXWZGW4PK1Q4BKL,Eastern Canada,native range,en
OSROXWZGW4PK1Q4BKL,Mexico,native range,en
OSROXWZGW4PK1Q4BKL,North-Central U.S.A.,native range,en
OSROXWZGW4PK1Q4BKL,Northeastern U.S.A.,native range,en
OSROXWZGW4PK1Q4BKL,Northwestern U.S.A.,native range,en
OSROXWZGW4PK1Q4BKL,South-Central U.S.A.,native range,en
OSROXWZGW4PK1Q4BKL,Southeastern U.S.A.,native range,en
OSROXWZGW4PK1Q4BKL,Southwestern U.S.A.,native range,en
OSROXWZGW4PK1Q4BKL,Western Canada,native range,en
OSROXWZGW4PK1Q4BKL,Western South America,native range,en
OSROXXMLOYD6OU44XT,Eastern Canada,native range,en
OSROXXMLOYD6OU44XT,North-Central U.S.A.,native range,en
OSROXXMLOYD6OU44XT,Northeastern U.S.A.,native range,en
OSROXXMLOYD6OU44XT,Southeastern U.S.A.,native range,en
OSROXXMLOYD6OU44XT,Western Canada,native range,en
OSROY40U1Q7UFJ319E,Caucasus,native range,en
OSROY40U1Q7UFJ319E,Central Asia,native range,en
OSROY40U1Q7UFJ319E,Western Asia,native range,en
OSROY7DMS5LOMKKC34,China,native range,en
OSROY8ELV9S5GA2UW5,Eastern Canada,native range,en
OSROY8ELV9S5GA2UW5,North-Central U.S.A.,native range,en
OSROY8ELV9S5GA2UW5,Northeastern U.S.A.,native range,en
OSROY8ELV9S5GA2UW5,Northwestern U.S.A.,native range,en
OSROY8ELV9S5GA2UW5,South-Central U.S.A.,native range,en
OSROY8ELV9S5GA2UW5,Southeastern U.S.A.,native range,en
OSROY8ELV9S5GA2UW5,Western Canada,native range,en
OSROYAHTV5GQCQV0OF,Eastern Canada,native range,en
OSROYAHTV5GQCQV0OF,North-Central U.S.A.,native range,en
OSROYAHTV5GQCQV0OF,Northeastern U.S.A.,native range,en
OSROYAHTV5GQCQV0OF,Northwestern U.S.A.,native range,en
OSROYAHTV5GQCQV0OF,South-Central U.S.A.,native range,en
OSROYAHTV5GQCQV0OF,Southeastern U.S.A.,native range,en
OSROYAHTV5GQCQV0OF,Southwestern U.S.A.,native range,en
OSROYAHTV5GQCQV0OF,Subarctic America,native range,en
OSROYAHTV5GQCQV0OF,Western Canada,native range,en
OSROYBXMF53F2JONM8,Eastern Canada,native range,en
OSROYBXMF53F2JONM8,Mexico,native range,en
OSROYBXMF53F2JONM8,North-Central U.S.A.,native range,en
OSROYBXMF53F2JONM8,Northeastern U.S.A.,native range,en
OSROYBXMF53F2JONM8,Northwestern U.S.A.,native range,en
OSROYBXMF53F2JONM8,South-Central U.S.A.,native range,en
OSROYBXMF53F2JONM8,Southeastern U.S.A.,native range,en
OSROYBXMF53F2JONM8,Southwestern U.S.A.,native range,en
OSROYBXMF53F2JONM8,Western Canada,native range,en
OSROYJ94ILDSD5TLIW,Southeastern Europe,native range,en
OSROYJTAU1GOFY5F49,Eastern Canada,native range,en
OSROYJTAU1GOFY5F49,Mexico,native range,en
OSROYJTAU1GOFY5F49,North-Central U.S.A.,native range,en
OSROYJTAU1GOFY5F49,Northeastern U.S.A.,native range,en
OSROYJTAU1GOFY5F49,Northwestern U.S.A.,native range,en
OSROYJTAU1GOFY5F49,South-Central U.S.A.,native range,en
OSROYJTAU1GOFY5F49,Southeastern U.S.A.,native range,en
OSROYJTAU1GOFY5F49,Southwestern U.S.A.,native range,en
OSROYNBWONKPIWBDTT,Brazil,native range,en
OSROYNBWONKPIWBDTT,Caribbean,native range,en
OSROYNBWONKPIWBDTT,Central America,native range,en
OSROYNBWONKPIWBDTT,Mexico,native range,en
OSROYNBWONKPIWBDTT,Northern South America,native range,en
OSROYNBWONKPIWBDTT,Southern South America,native range,en
OSROYNBWONKPIWBDTT,Western South America,native range,en
OSROYQAB0KYBO7ACJC,Brazil,native range,en
OSROYQAB0KYBO7ACJC,Caribbean,native range,en
OSROYQAB0KYBO7ACJC,Central America,native range,en
OSROYQAB0KYBO7ACJC,Mexico,native range,en
OSROYQAB0KYBO7ACJC,Northern South America,native range,en
OSROYQAB0KYBO7ACJC,Southern South America,native range,en
OSROYQAB0KYBO7ACJC,Southwestern U.S.A.,native range,en
OSROYQAB0KYBO7ACJC,Western South America,native range,en
OSROYTRA4SFEY0DFE4,Southern Africa,native range,en
OSROZ0C70FUCMT0QKR,cultigen of hybrid origin,native range,en
OSROZ17ZB4NAWQGK0Q,China,native range,en
OSROZ17ZB4NAWQGK0Q,Eastern Asia,native range,en
OSROZ17ZB4NAWQGK0Q,Indo-China,native range,en
OSROZ5UYPW5WYATZDD,Brazil,native range,en
OSROZ5UYPW5WYATZDD,Southern South America,native range,en
OSROZ5UYPW5WYATZDD,Western South America,native range,en
OSROZ7WFQC9YHFOWBS,China,native range,en
OSROZDVDB0VV6VDE8E,hybrid,native range,en
OSROZKWIVI8OCFALSP,China,native range,en
OSROZPVFUASS4FU1BV,China,native range,en
OSROZQ8LBZ56ZB4PPE,China,native range,en
OSROZQ8LBZ56ZB4PPE,Eastern Asia,native range,en
OSROZQ8LBZ56ZB4PPE,Indo-China,native range,en
OSROZQ8LBZ56ZB4PPE,Russian Far East,native range,en
OSROZZO45PHCSA4SVJ,Southeastern U.S.A.,native range,en
