language,license,rightsHolder,datasetID,institutionCode,datasetName,taxonID,scientificName,kingdom,phylum,class,order,family,genus,taxonRank,nomenclaturalCode
en,CC BY 4.0,Ovidius University of Constanta,my_dataset_doi,UoC,Checklist of introduced taxa in Romania,OSRO042MZXSXTSV9RG,Senecio inaequidens DC.,Plantae,Tracheophyta,Magnoliopsida,Asterales,Asteraceae,Senecio,species,ICN
en,CC BY 4.0,Ovidius University of Constanta,my_dataset_doi,UoC,Checklist of introduced taxa in Romania,OSRO06HBKE7IICC0Y8,Parthenocissus tricuspidata (Siebold & Zucc.) Planch.,Plantae,Tracheophyta,Magnoliopsida,Vitales,Vitaceae,Parthenocissus,species,ICN
en,CC BY 4.0,Ovidius University of Constanta,my_dataset_doi,UoC,Checklist of introduced taxa in Romania,OSRO0C98CAJZANEOCF,Rosa rugosa Thunb.,Plantae,Tracheophyta,Magnoliopsida,Rosales,Rosaceae,Rosa,species,ICN
en,CC BY 4.0,Ovidius University of Constanta,my_dataset_doi,UoC,Checklist of introduced taxa in Romania,OSRO0HEITDLIV8A4TM,Levisticum officinale W.D.J.Koch,Plantae,Tracheophyta,Magnoliopsida,Apiales,Apiaceae,Levisticum,species,ICN
en,CC BY 4.0,Ovidius University of Constanta,my_dataset_doi,UoC,Checklist of introduced taxa in Romania,OSRO0IEBZPZ7COGV47,Cosmos bipinnatus Cav.,Plantae,Tracheophyta,Magnoliopsida,Asterales,Asteraceae,Cosmos,species,ICN
en,CC BY 4.0,Ovidius University of Constanta,my_dataset_doi,UoC,Checklist of introduced taxa in Romania,OSRO0QOGDITWVI8455,Spiraea × billardii Hérincq,Plantae,Tracheophyta,Magnoliopsida,Rosales,Rosaceae,Spiraea,species,ICN
en,CC BY 4.0,Ovidius University of Constanta,my_dataset_doi,UoC,Checklist of introduced taxa in Romania,OSRO0QVXTESXC0LB0O,Petroselinum crispum (Mill.) Fuss,Plantae,Tracheophyta,Magnoliopsida,Apiales,Apiaceae,Petroselinum,species,ICN
en,CC BY 4.0,Ovidius University of Constanta,my_dataset_doi,UoC,Checklist of introduced taxa in Romania,OSRO0R96ZHV6BE5EVT,Mirabilis jalapa L.,Plantae,Tracheophyta,Magnoliopsida,Caryophyllales,Nyctaginaceae,Mirabilis,species,ICN
en,CC BY 4.0,Ovidius University of Constanta,my_dataset_doi,UoC,Checklist of introduced taxa in Romania,OSRO0ZZO54RBZHH1OM,Oenothera parviflora L.,Plantae,Tracheophyta,Magnoliopsida,Myrtales,Onagraceae,Oenothera,species,ICN
en,CC BY 4.0,Ovidius University of Constanta,my_dataset_doi,UoC,Checklist of introduced taxa in Romania,OSRO16JA99ZZHD9Z8C,Erigeron canadensis L.,Plantae,Tracheophyta,Magnoliopsida,Asterales,Asteraceae,Erigeron,species,ICN
en,CC BY 4.0,Ovidius University of Constanta,my_dataset_doi,UoC,Checklist of introduced taxa in Romania,OSRO16TT85BD3JSWDY,Pseudotsuga menziesii (Mirb.) Franco,Plantae,Tracheophyta,Pinopsida,Pinales,Pinaceae,Pseudotsuga,species,ICN
en,CC BY 4.0,Ovidius University of Constanta,my_dataset_doi,UoC,Checklist of introduced taxa in Romania,OSRO179BY8PHSNN8QN,Rhus typhina L.,Plantae,Tracheophyta,Magnoliopsida,Sapindales,Anacardiaceae,Rhus,species,ICN
en,CC BY 4.0,Ovidius University of Constanta,my_dataset_doi,UoC,Checklist of introduced taxa in Romania,OSRO19WADEXPSP4CH6,Helminthotheca echioides (L) Holub,Plantae,Tracheophyta,Magnoliopsida,Asterales,Asteraceae,Helminthotheca,species,ICN
en,CC BY 4.0,Ovidius University of Constanta,my_dataset_doi,UoC,Checklist of introduced taxa in Romania,OSRO1HKBE5V1TRSI5J,Salvia officinalis L.,Plantae,Tracheophyta,Magnoliopsida,Lamiales,Lamiaceae,Salvia,species,ICN
en,CC BY 4.0,Ovidius University of Constanta,my_dataset_doi,UoC,Checklist of introduced taxa in Romania,OSRO1L1CBAAQC8NB4F,Viola sororia f. priceana (Pollard) Cooperr.,Plantae,Tracheophyta,Magnoliopsida,Malpighiales,Violaceae,Viola,form,ICN
en,CC BY 4.0,Ovidius University of Constanta,my_dataset_doi,UoC,Checklist of introduced taxa in Romania,OSRO1RQQOU7R8UW4JR,Gaillardia pulchella Foug.,Plantae,Tracheophyta,Magnoliopsida,Asterales,Asteraceae,Gaillardia,species,ICN
en,CC BY 4.0,Ovidius University of Constanta,my_dataset_doi,UoC,Checklist of introduced taxa in Romania,OSRO1YE47FWGDKURU9,Mentha spicata L.,Plantae,Tracheophyta,Magnoliopsida,Lamiales,Lamiaceae,Mentha,species,ICN
en,CC BY 4.0,Ovidius University of Constanta,my_dataset_doi,UoC,Checklist of introduced taxa in Romania,OSRO23QIS0BUI2W67Z,Nicotiana tabacum L.,Plantae,Tracheophyta,Magnoliopsida,Solanales,Solanaceae,Nicotiana,species,ICN
en,CC BY 4.0,Ovidius University of Constanta,my_dataset_doi,UoC,Checklist of introduced taxa in Romania,OSRO2GLIBTUDL438WL,Nicandra physalodes (L.) Gaertn.,Plantae,Tracheophyta,Magnoliopsida,Solanales,Solanaceae,Nicandra,species,ICN
en,CC BY 4.0,Ovidius University of Constanta,my_dataset_doi,UoC,Checklist of introduced taxa in Romania,OSRO2M7MNXQSXP9LA8,Oenothera villosa Thunb.,Plantae,Tracheophyta,Magnoliopsida,Myrtales,Onagraceae,Oenothera,species,ICN
en,CC BY 4.0,Ovidius University of Constanta,my_dataset_doi,UoC,Checklist of introduced taxa in Romania,OSRO2P7PCOQDR8K505,Oxalis stricta L.,Plantae,Tracheophyta,Magnoliopsida,Oxalidales,Oxalidaceae,Oxalis,species,ICN
en,CC BY 4.0,Ovidius University of Constanta,my_dataset_doi,UoC,Checklist of introduced taxa in Romania,OSRO2UNKRE4CUKDLE2,Myriophyllum aquaticum (Vell.) Verdc.,Plantae,Tracheophyta,Magnoliopsida,Saxifragales,Haloragaceae,Myriophyllum,species,ICN
en,CC BY 4.0,Ovidius University of Constanta,my_dataset_doi,UoC,Checklist of introduced taxa in Romania,OSRO2W9FSJXAGSFTCS,Tamarix tetrandra Pall. ex M.Bieb.,Plantae,Tracheophyta,Magnoliopsida,Caryophyllales,Tamaricaceae,Tamarix,species,ICN
en,CC BY 4.0,Ovidius University of Constanta,my_dataset_doi,UoC,Checklist of introduced taxa in Romania,OSRO2YOOZ6PEDAHMC2,Humulus scandens (Lour.) Merr.,Plantae,Tracheophyta,Magnoliopsida,Rosales,Cannabaceae,Humulus,species,ICN
en,CC BY 4.0,Ovidius University of Constanta,my_dataset_doi,UoC,Checklist of introduced taxa in Romania,OSRO31I3PKELL55WXM,Tagetes erecta L.,Plantae,Tracheophyta,Magnoliopsida,Asterales,Asteraceae,Tagetes,species,ICN
en,CC BY 4.0,Ovidius University of Constanta,my_dataset_doi,UoC,Checklist of introduced taxa in Romania,OSRO36ZCMWXEYGAZWE,Digitalis purpurea L.,Plantae,Tracheophyta,Magnoliopsida,Lamiales,Plantaginaceae,Digitalis,species,ICN
en,CC BY 4.0,Ovidius University of Constanta,my_dataset_doi,UoC,Checklist of introduced taxa in Romania,OSRO3IMX2M9EXUJFQ8,Gleditsia triacanthos L.,Plantae,Tracheophyta,Magnoliopsida,Fabales,Fabaceae,Gleditsia,species,ICN
en,CC BY 4.0,Ovidius University of Constanta,my_dataset_doi,UoC,Checklist of introduced taxa in Romania,OSRO3NMJDZ453AUHGV,Juniperus virginiana L.,Plantae,Tracheophyta,Pinopsida,Pinales,Cupressaceae,Juniperus,species,ICN
en,CC BY 4.0,Ovidius University of Constanta,my_dataset_doi,UoC,Checklist of introduced taxa in Romania,OSRO3R9Z85V0NQ81IG,Miscanthus sinensis Andersson,Plantae,Tracheophyta,Liliopsida,Poales,Poaceae,Miscanthus,species,ICN
en,CC BY 4.0,Ovidius University of Constanta,my_dataset_doi,UoC,Checklist of introduced taxa in Romania,OSRO3TYQZQ9M33EIRH,Sedum sarmentosum Bunge,Plantae,Tracheophyta,Magnoliopsida,Saxifragales,Crassulaceae,Sedum,species,ICN
en,CC BY 4.0,Ovidius University of Constanta,my_dataset_doi,UoC,Checklist of introduced taxa in Romania,OSRO40ID6QLHECS4GY,Euphorbia marginata Pursh,Plantae,Tracheophyta,Magnoliopsida,Malpighiales,Euphorbiaceae,Euphorbia,species,ICN
en,CC BY 4.0,Ovidius University of Constanta,my_dataset_doi,UoC,Checklist of introduced taxa in Romania,OSRO471V96WYAOLQ52,Glinus lotoides L.,Plantae,Tracheophyta,Magnoliopsida,Caryophyllales,Molluginaceae,Glinus,species,ICN
en,CC BY 4.0,Ovidius University of Constanta,my_dataset_doi,UoC,Checklist of introduced taxa in Romania,OSRO4FEBG7OFRLIC06,Gaillardia aristata Pursh,Plantae,Tracheophyta,Magnoliopsida,Asterales,Asteraceae,Gaillardia,species,ICN
en,CC BY 4.0,Ovidius University of Constanta,my_dataset_doi,UoC,Checklist of introduced taxa in Romania,OSRO4HM8B4Q9KKF126,Impatiens glandulifera Royle,Plantae,Tracheophyta,Magnoliopsida,Ericales,Balsaminaceae,Impatiens,species,ICN
en,CC BY 4.0,Ovidius University of Constanta,my_dataset_doi,UoC,Checklist of introduced taxa in Romania,OSRO4KUE8SBSK5KB4Y,Coriandrum sativum L.,Plantae,Tracheophyta,Magnoliopsida,Apiales,Apiaceae,Coriandrum,species,ICN
en,CC BY 4.0,Ovidius University of Constanta,my_dataset_doi,UoC,Checklist of introduced taxa in Romania,OSRO4NHFYPTWRV9WLK,Petunia × atkinsiana D.Don ex Loudon,Plantae,Tracheophyta,Magnoliopsida,Solanales,Solanaceae,Petunia,species,ICN
en,CC BY 4.0,Ovidius University of Constanta,my_dataset_doi,UoC,Checklist of introduced taxa in Romania,OSRO4NLSTRYITJH3YY,Tradescantia virginiana L.,Plantae,Tracheophyta,Liliopsida,Commelinales,Commelinaceae,Tradescantia,species,ICN
en,CC BY 4.0,Ovidius University of Constanta,my_dataset_doi,UoC,Checklist of introduced taxa in Romania,OSRO4S4LF5PVBH1SLN,Potentilla indica (Andrews) Th.Wolf,Plantae,Tracheophyta,Magnoliopsida,Rosales,Rosaceae,Potentilla,species,ICN
en,CC BY 4.0,Ovidius University of Constanta,my_dataset_doi,UoC,Checklist of introduced taxa in Romania,OSRO4TLT6QHZTANYXG,Robinia pseudoacacia L.,Plantae,Tracheophyta,Magnoliopsida,Fabales,Fabaceae,Robinia,species,ICN
en,CC BY 4.0,Ovidius University of Constanta,my_dataset_doi,UoC,Checklist of introduced taxa in Romania,OSRO4UFGLHY5KFYB51,Nicotiana alata Link & Otto,Plantae,Tracheophyta,Magnoliopsida,Solanales,Solanaceae,Nicotiana,species,ICN
en,CC BY 4.0,Ovidius University of Constanta,my_dataset_doi,UoC,Checklist of introduced taxa in Romania,OSRO4WE3U6XUINFUDX,Phyllostachys aureosulcata McClure,Plantae,Tracheophyta,Liliopsida,Poales,Poaceae,Phyllostachys,species,ICN
en,CC BY 4.0,Ovidius University of Constanta,my_dataset_doi,UoC,Checklist of introduced taxa in Romania,OSRO52DGBKWQ43HB4L,Datura stramonium L.,Plantae,Tracheophyta,Magnoliopsida,Solanales,Solanaceae,Datura,species,ICN
en,CC BY 4.0,Ovidius University of Constanta,my_dataset_doi,UoC,Checklist of introduced taxa in Romania,OSRO54KXGZPAF5P8ZQ,Solidago canadensis L.,Plantae,Tracheophyta,Magnoliopsida,Asterales,Asteraceae,Solidago,species,ICN
en,CC BY 4.0,Ovidius University of Constanta,my_dataset_doi,UoC,Checklist of introduced taxa in Romania,OSRO54Q5N6G9M1FU6V,Sorghum bicolor (L.) Moench,Plantae,Tracheophyta,Liliopsida,Poales,Poaceae,Sorghum,species,ICN
en,CC BY 4.0,Ovidius University of Constanta,my_dataset_doi,UoC,Checklist of introduced taxa in Romania,OSRO54WUAB7ND81249,Tanacetum parthenium (L.) Sch.Bip.,Plantae,Tracheophyta,Magnoliopsida,Asterales,Asteraceae,Tanacetum,species,ICN
en,CC BY 4.0,Ovidius University of Constanta,my_dataset_doi,UoC,Checklist of introduced taxa in Romania,OSRO55MSUJ5E9ED82G,Helianthus tuberosus L.,Plantae,Tracheophyta,Magnoliopsida,Asterales,Asteraceae,Helianthus,species,ICN
en,CC BY 4.0,Ovidius University of Constanta,my_dataset_doi,UoC,Checklist of introduced taxa in Romania,OSRO57KH11YUFTDORM,Euphorbia prostrata Aiton,Plantae,Tracheophyta,Magnoliopsida,Malpighiales,Euphorbiaceae,Euphorbia,species,ICN
en,CC BY 4.0,Ovidius University of Constanta,my_dataset_doi,UoC,Checklist of introduced taxa in Romania,OSRO5BV1AENTD9S928,Lonicera caprifolium L.,Plantae,Tracheophyta,Magnoliopsida,Dipsacales,Caprifoliaceae,Lonicera,species,ICN
en,CC BY 4.0,Ovidius University of Constanta,my_dataset_doi,UoC,Checklist of introduced taxa in Romania,OSRO5E568JW8S4TOMS,Symphyotrichum × salignum (Willd.) G.L.Nesom,Plantae,Tracheophyta,Magnoliopsida,Asterales,Asteraceae,Symphyotrichum,species,ICN
en,CC BY 4.0,Ovidius University of Constanta,my_dataset_doi,UoC,Checklist of introduced taxa in Romania,OSRO5HUPFTQTGOVQB0,Oenothera biennis L.,Plantae,Tracheophyta,Magnoliopsida,Myrtales,Onagraceae,Oenothera,species,ICN
en,CC BY 4.0,Ovidius University of Constanta,my_dataset_doi,UoC,Checklist of introduced taxa in Romania,OSRO5RFCIPJQXGY4MC,Centranthus ruber (L.) DC.,Plantae,Tracheophyta,Magnoliopsida,Dipsacales,Caprifoliaceae,Centranthus,species,ICN
en,CC BY 4.0,Ovidius University of Constanta,my_dataset_doi,UoC,Checklist of introduced taxa in Romania,OSRO5SFFYQ1Y7R6BNH,Oenothera suaveolens Desf. ex Pers.,Plantae,Tracheophyta,Magnoliopsida,Myrtales,Onagraceae,Oenothera,species,ICN
en,CC BY 4.0,Ovidius University of Constanta,my_dataset_doi,UoC,Checklist of introduced taxa in Romania,OSRO5SLXBFHXUBKNK0,Gymnocladus dioicus (L.) K.Koch,Plantae,Tracheophyta,Magnoliopsida,Fabales,Fabaceae,Gymnocladus,species,ICN
en,CC BY 4.0,Ovidius University of Constanta,my_dataset_doi,UoC,Checklist of introduced taxa in Romania,OSRO5ULRC8D1XX7Y34,Portulaca oleracea L.,Plantae,Tracheophyta,Magnoliopsida,Caryophyllales,Portulacaceae,Portulaca,species,ICN
en,CC BY 4.0,Ovidius University of Constanta,my_dataset_doi,UoC,Checklist of introduced taxa in Romania,OSRO5XRYW6XFVKMU0R,Echinocystis lobata (Michx.) Torr. & A.Gray,Plantae,Tracheophyta,Magnoliopsida,Cucurbitales,Cucurbitaceae,Echinocystis,species,ICN
en,CC BY 4.0,Ovidius University of Constanta,my_dataset_doi,UoC,Checklist of introduced taxa in Romania,OSRO5YMEN6EOTXHS9L,Platycladus orientalis (L.) Franco,Plantae,Tracheophyta,Pinopsida,Pinales,Cupressaceae,Platycladus,species,ICN
en,CC BY 4.0,Ovidius University of Constanta,my_dataset_doi,UoC,Checklist of introduced taxa in Romania,OSRO5ZLLYF6LOYBNN7,Sisymbrium volgense M.Bieb. ex E.Fourn.,Plantae,Tracheophyta,Magnoliopsida,Brassicales,Brassicaceae,Sisymbrium,species,ICN
en,CC BY 4.0,Ovidius University of Constanta,my_dataset_doi,UoC,Checklist of introduced taxa in Romania,OSRO616TX6YMLZT6QQ,Cyclachaena xanthiifolia (Nutt.) Fresen.,Plantae,Tracheophyta,Magnoliopsida,Asterales,Asteraceae,Cyclachaena,species,ICN
en,CC BY 4.0,Ovidius University of Constanta,my_dataset_doi,UoC,Checklist of introduced taxa in Romania,OSRO65EYAW6CRLG8PN,Cyperus odoratus L.,Plantae,Tracheophyta,Liliopsida,Poales,Cyperaceae,Cyperus,species,ICN
en,CC BY 4.0,Ovidius University of Constanta,my_dataset_doi,UoC,Checklist of introduced taxa in Romania,OSRO6DH50WYJZCN2I1,Coreopsis lanceolata L.,Plantae,Tracheophyta,Magnoliopsida,Asterales,Asteraceae,Coreopsis,species,ICN
en,CC BY 4.0,Ovidius University of Constanta,my_dataset_doi,UoC,Checklist of introduced taxa in Romania,OSRO6DY601ZMV25LOY,Rosa multiflora Thunb.,Plantae,Tracheophyta,Magnoliopsida,Rosales,Rosaceae,Rosa,species,ICN
en,CC BY 4.0,Ovidius University of Constanta,my_dataset_doi,UoC,Checklist of introduced taxa in Romania,OSRO6H1D97PGJDXXWG,Solidago gigantea Aiton,Plantae,Tracheophyta,Magnoliopsida,Asterales,Asteraceae,Solidago,species,ICN
en,CC BY 4.0,Ovidius University of Constanta,my_dataset_doi,UoC,Checklist of introduced taxa in Romania,OSRO6JD67FYL2N8UBU,Juglans nigra L.,Plantae,Tracheophyta,Magnoliopsida,Fagales,Juglandaceae,Juglans,species,ICN
en,CC BY 4.0,Ovidius University of Constanta,my_dataset_doi,UoC,Checklist of introduced taxa in Romania,OSRO6K6KQD2OAMVH3B,Forsythia suspensa (Thunb.) Vahl,Plantae,Tracheophyta,Magnoliopsida,Lamiales,Oleaceae,Forsythia,species,ICN
en,CC BY 4.0,Ovidius University of Constanta,my_dataset_doi,UoC,Checklist of introduced taxa in Romania,OSRO6KJ59ATG0F2RJC,Bidens frondosa L.,Plantae,Tracheophyta,Magnoliopsida,Asterales,Asteraceae,Bidens,species,ICN
en,CC BY 4.0,Ovidius University of Constanta,my_dataset_doi,UoC,Checklist of introduced taxa in Romania,OSRO6MGKW3KZTXA9BI,Callistephus chinensis (L.) Nees,Plantae,Tracheophyta,Magnoliopsida,Asterales,Asteraceae,Callistephus,species,ICN
en,CC BY 4.0,Ovidius University of Constanta,my_dataset_doi,UoC,Checklist of introduced taxa in Romania,OSRO6RDTQTQS0UJR4E,Quercus palustris Münchh.,Plantae,Tracheophyta,Magnoliopsida,Fagales,Fagaceae,Quercus,species,ICN
en,CC BY 4.0,Ovidius University of Constanta,my_dataset_doi,UoC,Checklist of introduced taxa in Romania,OSRO6VYXK1H61MQ4OL,Phytolacca acinosa Roxb.,Plantae,Tracheophyta,Magnoliopsida,Caryophyllales,Phytolaccaceae,Phytolacca,species,ICN
en,CC BY 4.0,Ovidius University of Constanta,my_dataset_doi,UoC,Checklist of introduced taxa in Romania,OSRO6WP2HJVAUMC7BV,Solanum triflorum var. ponticum (Prodan) Borza,Plantae,Tracheophyta,Magnoliopsida,Solanales,Solanaceae,Solanum,variety,ICN
en,CC BY 4.0,Ovidius University of Constanta,my_dataset_doi,UoC,Checklist of introduced taxa in Romania,OSRO782S643JEJESF2,Prunus cerasus L.,Plantae,Tracheophyta,Magnoliopsida,Rosales,Rosaceae,Prunus,species,ICN
en,CC BY 4.0,Ovidius University of Constanta,my_dataset_doi,UoC,Checklist of introduced taxa in Romania,OSRO7DASEZO321WIXS,Heracleum sosnowskyi Manden.,Plantae,Tracheophyta,Magnoliopsida,Apiales,Apiaceae,Heracleum,species,ICN
en,CC BY 4.0,Ovidius University of Constanta,my_dataset_doi,UoC,Checklist of introduced taxa in Romania,OSRO7G7F6K3I6E2KA3,Phedimus spurius (M.Bieb.) 't Hart,Plantae,Tracheophyta,Magnoliopsida,Saxifragales,Crassulaceae,Phedimus,species,ICN
en,CC BY 4.0,Ovidius University of Constanta,my_dataset_doi,UoC,Checklist of introduced taxa in Romania,OSRO7G7VCILDQ4R9AB,Brassica rapa L.,Plantae,Tracheophyta,Magnoliopsida,Brassicales,Brassicaceae,Brassica,species,ICN
en,CC BY 4.0,Ovidius University of Constanta,my_dataset_doi,UoC,Checklist of introduced taxa in Romania,OSRO7MPUSNQX6M1ZVA,Hibiscus moscheutos L.,Plantae,Tracheophyta,Magnoliopsida,Malvales,Malvaceae,Hibiscus,species,ICN
en,CC BY 4.0,Ovidius University of Constanta,my_dataset_doi,UoC,Checklist of introduced taxa in Romania,OSRO7O0LZT6Z7WA47I,Lycium barbarum L.,Plantae,Tracheophyta,Magnoliopsida,Solanales,Solanaceae,Lycium,species,ICN
en,CC BY 4.0,Ovidius University of Constanta,my_dataset_doi,UoC,Checklist of introduced taxa in Romania,OSRO7XHSPDRR7ESDGP,Morus alba L.,Plantae,Tracheophyta,Magnoliopsida,Rosales,Moraceae,Morus,species,ICN
en,CC BY 4.0,Ovidius University of Constanta,my_dataset_doi,UoC,Checklist of introduced taxa in Romania,OSRO7YJXSAOERC5XAG,Ipomoea hederacea Jacq.,Plantae,Tracheophyta,Magnoliopsida,Solanales,Convolvulaceae,Ipomoea,species,ICN
en,CC BY 4.0,Ovidius University of Constanta,my_dataset_doi,UoC,Checklist of introduced taxa in Romania,OSRO8AYFEHYQUIX2NF,Blitum virgatum L.,Plantae,Tracheophyta,Magnoliopsida,Caryophyllales,Amaranthaceae,Blitum,species,ICN
en,CC BY 4.0,Ovidius University of Constanta,my_dataset_doi,UoC,Checklist of introduced taxa in Romania,OSRO8E3O9SZ7B1CUIA,Populus deltoides W.Bartram ex Marshall,Plantae,Tracheophyta,Magnoliopsida,Malpighiales,Salicaceae,Populus,species,ICN
en,CC BY 4.0,Ovidius University of Constanta,my_dataset_doi,UoC,Checklist of introduced taxa in Romania,OSRO8H0XF1H4CQBN01,Pyracantha coccinea M.Roem.,Plantae,Tracheophyta,Magnoliopsida,Rosales,Rosaceae,Pyracantha,species,ICN
en,CC BY 4.0,Ovidius University of Constanta,my_dataset_doi,UoC,Checklist of introduced taxa in Romania,OSRO8MMF2KQOANY06T,Chaenomeles japonica (Thunb.) Lindl. ex Spach,Plantae,Tracheophyta,Magnoliopsida,Rosales,Rosaceae,Chaenomeles,species,ICN
en,CC BY 4.0,Ovidius University of Constanta,my_dataset_doi,UoC,Checklist of introduced taxa in Romania,OSRO8V8UWKNUFY2NTF,Hibiscus syriacus L.,Plantae,Tracheophyta,Magnoliopsida,Malvales,Malvaceae,Hibiscus,species,ICN
en,CC BY 4.0,Ovidius University of Constanta,my_dataset_doi,UoC,Checklist of introduced taxa in Romania,OSRO8YIFCKTECRN4T0,Eichhornia crassipes (Mart.) Solms,Plantae,Tracheophyta,Liliopsida,Commelinales,Pontederiaceae,Eichhornia,species,ICN
en,CC BY 4.0,Ovidius University of Constanta,my_dataset_doi,UoC,Checklist of introduced taxa in Romania,OSRO9CPXAE9BK4Y6KS,Erigeron sumatrensis Retz.,Plantae,Tracheophyta,Magnoliopsida,Asterales,Asteraceae,Erigeron,species,ICN
en,CC BY 4.0,Ovidius University of Constanta,my_dataset_doi,UoC,Checklist of introduced taxa in Romania,OSRO9GCBK3506R6861,Elaeagnus angustifolia L.,Plantae,Tracheophyta,Magnoliopsida,Rosales,Elaeagnaceae,Elaeagnus,species,ICN
en,CC BY 4.0,Ovidius University of Constanta,my_dataset_doi,UoC,Checklist of introduced taxa in Romania,OSRO9HJ0BZSI5TO779,Bromus diandrus Roth,Plantae,Tracheophyta,Liliopsida,Poales,Poaceae,Bromus,species,ICN
en,CC BY 4.0,Ovidius University of Constanta,my_dataset_doi,UoC,Checklist of introduced taxa in Romania,OSRO9I9G273SG52HNK,Rudbeckia triloba L.,Plantae,Tracheophyta,Magnoliopsida,Asterales,Asteraceae,Rudbeckia,species,ICN
en,CC BY 4.0,Ovidius University of Constanta,my_dataset_doi,UoC,Checklist of introduced taxa in Romania,OSRO9RJM63K44K76IV,Vitis vulpina L.,Plantae,Tracheophyta,Magnoliopsida,Vitales,Vitaceae,Vitis,species,ICN
en,CC BY 4.0,Ovidius University of Constanta,my_dataset_doi,UoC,Checklist of introduced taxa in Romania,OSRO9XXJP0WVY5LKP8,Tetradium fraxinifolium (Hook.fil.) T.G.Hartley,Plantae,Tracheophyta,Magnoliopsida,Sapindales,Rutaceae,Tetradium,species,ICN
en,CC BY 4.0,Ovidius University of Constanta,my_dataset_doi,UoC,Checklist of introduced taxa in Romania,OSRO9YYMFF6DF9JOP8,Silene pendula L.,Plantae,Tracheophyta,Magnoliopsida,Caryophyllales,Caryophyllaceae,Silene,species,ICN
en,CC BY 4.0,Ovidius University of Constanta,my_dataset_doi,UoC,Checklist of introduced taxa in Romania,OSRO9ZAV2ZOYIEUFQ8,Phytolacca americana L.,Plantae,Tracheophyta,Magnoliopsida,Caryophyllales,Phytolaccaceae,Phytolacca,species,ICN
en,CC BY 4.0,Ovidius University of Constanta,my_dataset_doi,UoC,Checklist of introduced taxa in Romania,OSROA5OEC9G91MD72R,Broussonetia papyrifera (L.) L'Hér. ex Vent.,Plantae,Tracheophyta,Magnoliopsida,Rosales,Moraceae,Broussonetia,species,ICN
en,CC BY 4.0,Ovidius University of Constanta,my_dataset_doi,UoC,Checklist of introduced taxa in Romania,OSROA5RHWNAOKJYE7V,Prunus domestica L.,Plantae,Tracheophyta,Magnoliopsida,Rosales,Rosaceae,Prunus,species,ICN
en,CC BY 4.0,Ovidius University of Constanta,my_dataset_doi,UoC,Checklist of introduced taxa in Romania,OSROAGFY9OLC8RSEUA,Cucurbita maxima Duchesne,Plantae,Tracheophyta,Magnoliopsida,Cucurbitales,Cucurbitaceae,Cucurbita,species,ICN
en,CC BY 4.0,Ovidius University of Constanta,my_dataset_doi,UoC,Checklist of introduced taxa in Romania,OSROATSNMN0TSGBSRH,Panicum dichotomiflorum Michx.,Plantae,Tracheophyta,Liliopsida,Poales,Poaceae,Panicum,species,ICN
en,CC BY 4.0,Ovidius University of Constanta,my_dataset_doi,UoC,Checklist of introduced taxa in Romania,OSROAYGD1QEYON5PVC,Ipomoea tricolor Cav.,Plantae,Tracheophyta,Magnoliopsida,Solanales,Convolvulaceae,Ipomoea,species,ICN
en,CC BY 4.0,Ovidius University of Constanta,my_dataset_doi,UoC,Checklist of introduced taxa in Romania,OSROB1FFTJ170933QM,Rudbeckia laciniata L.,Plantae,Tracheophyta,Magnoliopsida,Asterales,Asteraceae,Rudbeckia,species,ICN
en,CC BY 4.0,Ovidius University of Constanta,my_dataset_doi,UoC,Checklist of introduced taxa in Romania,OSROB46QBQ8HBO5KNG,Spiraea × vanhouttei (Briot) Zabel,Plantae,Tracheophyta,Magnoliopsida,Rosales,Rosaceae,Spiraea,species,ICN
en,CC BY 4.0,Ovidius University of Constanta,my_dataset_doi,UoC,Checklist of introduced taxa in Romania,OSROB7MIHOEP4AZLMI,Populus × canadensis Moench,Plantae,Tracheophyta,Magnoliopsida,Malpighiales,Salicaceae,Populus,species,ICN
en,CC BY 4.0,Ovidius University of Constanta,my_dataset_doi,UoC,Checklist of introduced taxa in Romania,OSROBA4I5BQS24BI7W,Erechtites hieraciifolius (L.) Raf. ex DC.,Plantae,Tracheophyta,Magnoliopsida,Asterales,Asteraceae,Erechtites,species,ICN
en,CC BY 4.0,Ovidius University of Constanta,my_dataset_doi,UoC,Checklist of introduced taxa in Romania,OSROBF6U57224KMHV8,Salix babylonica L.,Plantae,Tracheophyta,Magnoliopsida,Malpighiales,Salicaceae,Salix,species,ICN
en,CC BY 4.0,Ovidius University of Constanta,my_dataset_doi,UoC,Checklist of introduced taxa in Romania,OSROBGHCH5W8PIG2OB,Lobularia maritima (L.) Desv.,Plantae,Tracheophyta,Magnoliopsida,Brassicales,Brassicaceae,Lobularia,species,ICN
en,CC BY 4.0,Ovidius University of Constanta,my_dataset_doi,UoC,Checklist of introduced taxa in Romania,OSROBJFKVJ1NZZBYAK,Cleome spinosa Sw.,Plantae,Tracheophyta,Magnoliopsida,Brassicales,Cleomaceae,Cleome,species,ICN
en,CC BY 4.0,Ovidius University of Constanta,my_dataset_doi,UoC,Checklist of introduced taxa in Romania,OSROBLMGNQUFJ76461,Veronica persica Poir.,Plantae,Tracheophyta,Magnoliopsida,Lamiales,Plantaginaceae,Veronica,species,ICN
en,CC BY 4.0,Ovidius University of Constanta,my_dataset_doi,UoC,Checklist of introduced taxa in Romania,OSROBQRLXBIOKCCSCK,Juglans cinerea L.,Plantae,Tracheophyta,Magnoliopsida,Fagales,Juglandaceae,Juglans,species,ICN
en,CC BY 4.0,Ovidius University of Constanta,my_dataset_doi,UoC,Checklist of introduced taxa in Romania,OSROBTZNK7THS887YB,Cydonia oblonga Mill.,Plantae,Tracheophyta,Magnoliopsida,Rosales,Rosaceae,Cydonia,species,ICN
en,CC BY 4.0,Ovidius University of Constanta,my_dataset_doi,UoC,Checklist of introduced taxa in Romania,OSROBWYPLZ91M70GM0,Yucca filamentosa L.,Plantae,Tracheophyta,Liliopsida,Asparagales,Asparagaceae,Yucca,species,ICN
en,CC BY 4.0,Ovidius University of Constanta,my_dataset_doi,UoC,Checklist of introduced taxa in Romania,OSROBX0FFX8SKFTHRM,Iberis umbellata L.,Plantae,Tracheophyta,Magnoliopsida,Brassicales,Brassicaceae,Iberis,species,ICN
en,CC BY 4.0,Ovidius University of Constanta,my_dataset_doi,UoC,Checklist of introduced taxa in Romania,OSROC2H1BRYJPTENCY,Panicum capillare L.,Plantae,Tracheophyta,Liliopsida,Poales,Poaceae,Panicum,species,ICN
en,CC BY 4.0,Ovidius University of Constanta,my_dataset_doi,UoC,Checklist of introduced taxa in Romania,OSROC5QAUZM1O6EVBE,Cenchrus alopecuroides (L.) Thunb.,Plantae,Tracheophyta,Liliopsida,Poales,Poaceae,Cenchrus,species,ICN
en,CC BY 4.0,Ovidius University of Constanta,my_dataset_doi,UoC,Checklist of introduced taxa in Romania,OSROCBUHPNDETJ6L4S,Cercis siliquastrum L.,Plantae,Tracheophyta,Magnoliopsida,Fabales,Fabaceae,Cercis,species,ICN
en,CC BY 4.0,Ovidius University of Constanta,my_dataset_doi,UoC,Checklist of introduced taxa in Romania,OSROCC7PTMQOTVR5VO,Prunus armeniaca L.,Plantae,Tracheophyta,Magnoliopsida,Rosales,Rosaceae,Prunus,species,ICN
en,CC BY 4.0,Ovidius University of Constanta,my_dataset_doi,UoC,Checklist of introduced taxa in Romania,OSROCTSUKT8DQZCYSW,Datura innoxia Mill.,Plantae,Tracheophyta,Magnoliopsida,Solanales,Solanaceae,Datura,species,ICN
en,CC BY 4.0,Ovidius University of Constanta,my_dataset_doi,UoC,Checklist of introduced taxa in Romania,OSROCVFYN8868A5ZLJ,Symphyotrichum ciliatum (Ledeb.) G.L.Nesom,Plantae,Tracheophyta,Magnoliopsida,Asterales,Asteraceae,Symphyotrichum,species,ICN
en,CC BY 4.0,Ovidius University of Constanta,my_dataset_doi,UoC,Checklist of introduced taxa in Romania,OSROCZTTH4H6DCY7UF,Spartium junceum L.,Plantae,Tracheophyta,Magnoliopsida,Fabales,Fabaceae,Spartium,species,ICN
en,CC BY 4.0,Ovidius University of Constanta,my_dataset_doi,UoC,Checklist of introduced taxa in Romania,OSROD2IEI14J3QPSBK,Euphorbia glyptosperma Engelm.,Plantae,Tracheophyta,Magnoliopsida,Malpighiales,Euphorbiaceae,Euphorbia,species,ICN
en,CC BY 4.0,Ovidius University of Constanta,my_dataset_doi,UoC,Checklist of introduced taxa in Romania,OSROD3QRLGIRFR7K0W,Ulmus pumila L.,Plantae,Tracheophyta,Magnoliopsida,Rosales,Ulmaceae,Ulmus,species,ICN
en,CC BY 4.0,Ovidius University of Constanta,my_dataset_doi,UoC,Checklist of introduced taxa in Romania,OSROD89I4YNF23BYVM,Zea mays L.,Plantae,Tracheophyta,Liliopsida,Poales,Poaceae,Zea,species,ICN
en,CC BY 4.0,Ovidius University of Constanta,my_dataset_doi,UoC,Checklist of introduced taxa in Romania,OSRODCU1KMEAGL0DPG,Verbesina encelioides (Cav.) Benth. & Hook.fil. ex A.Gray,Plantae,Tracheophyta,Magnoliopsida,Asterales,Asteraceae,Verbesina,species,ICN
en,CC BY 4.0,Ovidius University of Constanta,my_dataset_doi,UoC,Checklist of introduced taxa in Romania,OSRODD2RHLJIC1KC3Y,Thladiantha dubia Bunge,Plantae,Tracheophyta,Magnoliopsida,Cucurbitales,Cucurbitaceae,Thladiantha,species,ICN
en,CC BY 4.0,Ovidius University of Constanta,my_dataset_doi,UoC,Checklist of introduced taxa in Romania,OSRODGDADJTBTKEE5O,Symphoricarpos albus (L.) K.Koch,Plantae,Tracheophyta,Magnoliopsida,Dipsacales,Caprifoliaceae,Symphoricarpos,species,ICN
en,CC BY 4.0,Ovidius University of Constanta,my_dataset_doi,UoC,Checklist of introduced taxa in Romania,OSRODJ8P6RB7XNQ94C,Oenothera macrocarpa Nutt.,Plantae,Tracheophyta,Magnoliopsida,Myrtales,Onagraceae,Oenothera,species,ICN
en,CC BY 4.0,Ovidius University of Constanta,my_dataset_doi,UoC,Checklist of introduced taxa in Romania,OSRODM0JHBISOEHBIF,Triticum aestivum L.,Plantae,Tracheophyta,Liliopsida,Poales,Poaceae,Triticum,species,ICN
en,CC BY 4.0,Ovidius University of Constanta,my_dataset_doi,UoC,Checklist of introduced taxa in Romania,OSRODPYNO09BDCOFT5,Euphorbia lathyris L.,Plantae,Tracheophyta,Magnoliopsida,Malpighiales,Euphorbiaceae,Euphorbia,species,ICN
en,CC BY 4.0,Ovidius University of Constanta,my_dataset_doi,UoC,Checklist of introduced taxa in Romania,OSRODTIULTD4MPURUZ,Fallopia baldschuanica (Regel) Holub,Plantae,Tracheophyta,Magnoliopsida,Caryophyllales,Polygonaceae,Fallopia,species,ICN
en,CC BY 4.0,Ovidius University of Constanta,my_dataset_doi,UoC,Checklist of introduced taxa in Romania,OSRODTPXEQJ23GE4DO,Ptelea trifoliata L.,Plantae,Tracheophyta,Magnoliopsida,Sapindales,Rutaceae,Ptelea,species,ICN
en,CC BY 4.0,Ovidius University of Constanta,my_dataset_doi,UoC,Checklist of introduced taxa in Romania,OSRODUHKZXJD78JLTF,Secale cereale L.,Plantae,Tracheophyta,Liliopsida,Poales,Poaceae,Secale,species,ICN
en,CC BY 4.0,Ovidius University of Constanta,my_dataset_doi,UoC,Checklist of introduced taxa in Romania,OSRODY2QZLIXE5AV7T,Sorghum × sudanense (Piper) Stapf,Plantae,Tracheophyta,Liliopsida,Poales,Poaceae,Sorghum,species,ICN
en,CC BY 4.0,Ovidius University of Constanta,my_dataset_doi,UoC,Checklist of introduced taxa in Romania,OSROE5E82ESX53FV5N,Symphyotrichum squamatum (Spreng.) G.L.Nesom,Plantae,Tracheophyta,Magnoliopsida,Asterales,Asteraceae,Symphyotrichum,species,ICN
en,CC BY 4.0,Ovidius University of Constanta,my_dataset_doi,UoC,Checklist of introduced taxa in Romania,OSROE7XPSQNMM8KEB3,Rudbeckia hirta L.,Plantae,Tracheophyta,Magnoliopsida,Asterales,Asteraceae,Rudbeckia,species,ICN
en,CC BY 4.0,Ovidius University of Constanta,my_dataset_doi,UoC,Checklist of introduced taxa in Romania,OSROEGBWWKJQZ3UTUS,Prunus virginiana L.,Plantae,Tracheophyta,Magnoliopsida,Rosales,Rosaceae,Prunus,species,ICN
en,CC BY 4.0,Ovidius University of Constanta,my_dataset_doi,UoC,Checklist of introduced taxa in Romania,OSROEX6VI4L5ZY2ZV5,Musa acuminata Colla,Plantae,Tracheophyta,Liliopsida,Zingiberales,Musaceae,Musa,species,ICN
en,CC BY 4.0,Ovidius University of Constanta,my_dataset_doi,UoC,Checklist of introduced taxa in Romania,OSROF6VKXQR1TQAMAT,Cenchrus longisetus M.C.Johnst.,Plantae,Tracheophyta,Liliopsida,Poales,Poaceae,Cenchrus,species,ICN
en,CC BY 4.0,Ovidius University of Constanta,my_dataset_doi,UoC,Checklist of introduced taxa in Romania,OSROF7D5QOWHQ54HUU,Reynoutria × bohemica Chrtek & Chrtková,Plantae,Tracheophyta,Magnoliopsida,Caryophyllales,Polygonaceae,Reynoutria,species,ICN
en,CC BY 4.0,Ovidius University of Constanta,my_dataset_doi,UoC,Checklist of introduced taxa in Romania,OSROF9GPLEQDUB824B,Hemerocallis fulva (L.) L.,Plantae,Tracheophyta,Liliopsida,Asparagales,Asphodelaceae,Hemerocallis,species,ICN
en,CC BY 4.0,Ovidius University of Constanta,my_dataset_doi,UoC,Checklist of introduced taxa in Romania,OSROFXVGMAUOV1ZTC7,Impatiens parviflora DC.,Plantae,Tracheophyta,Magnoliopsida,Ericales,Balsaminaceae,Impatiens,species,ICN
en,CC BY 4.0,Ovidius University of Constanta,my_dataset_doi,UoC,Checklist of introduced taxa in Romania,OSROG378UHH2LTGMGW,Maclura tricuspidata Carrière,Plantae,Tracheophyta,Magnoliopsida,Rosales,Moraceae,Maclura,species,ICN
en,CC BY 4.0,Ovidius University of Constanta,my_dataset_doi,UoC,Checklist of introduced taxa in Romania,OSROG7UQU3KSF1KF4R,Hordeum vulgare L.,Plantae,Tracheophyta,Liliopsida,Poales,Poaceae,Hordeum,species,ICN
en,CC BY 4.0,Ovidius University of Constanta,my_dataset_doi,UoC,Checklist of introduced taxa in Romania,OSROGDW4KB0KWOAEKI,Tragopogon graminifolius DC.,Plantae,Tracheophyta,Magnoliopsida,Asterales,Asteraceae,Tragopogon,species,ICN
en,CC BY 4.0,Ovidius University of Constanta,my_dataset_doi,UoC,Checklist of introduced taxa in Romania,OSROGFS84Y5C1JGSLB,Fraxinus pennsylvanica Marshall,Plantae,Tracheophyta,Magnoliopsida,Lamiales,Oleaceae,Fraxinus,species,ICN
en,CC BY 4.0,Ovidius University of Constanta,my_dataset_doi,UoC,Checklist of introduced taxa in Romania,OSROGHKTJXS0CKU6OJ,Lupinus polyphyllus Lindl.,Plantae,Tracheophyta,Magnoliopsida,Fabales,Fabaceae,Lupinus,species,ICN
en,CC BY 4.0,Ovidius University of Constanta,my_dataset_doi,UoC,Checklist of introduced taxa in Romania,OSROGK5PNXM8BUI5PE,Cabomba caroliniana A.Gray,Plantae,Tracheophyta,Magnoliopsida,Nymphaeales,Cabombaceae,Cabomba,species,ICN
en,CC BY 4.0,Ovidius University of Constanta,my_dataset_doi,UoC,Checklist of introduced taxa in Romania,OSROGLAY7UC8B1KO98,Portulaca grandiflora Hook.,Plantae,Tracheophyta,Magnoliopsida,Caryophyllales,Portulacaceae,Portulaca,species,ICN
en,CC BY 4.0,Ovidius University of Constanta,my_dataset_doi,UoC,Checklist of introduced taxa in Romania,OSROGUW7POIR60GZYH,Medicago sativa L.,Plantae,Tracheophyta,Magnoliopsida,Fabales,Fabaceae,Medicago,species,ICN
en,CC BY 4.0,Ovidius University of Constanta,my_dataset_doi,UoC,Checklist of introduced taxa in Romania,OSROGYS4Q9A44KRCGU,Sisyrinchium montanum Greene,Plantae,Tracheophyta,Liliopsida,Asparagales,Iridaceae,Sisyrinchium,species,ICN
en,CC BY 4.0,Ovidius University of Constanta,my_dataset_doi,UoC,Checklist of introduced taxa in Romania,OSROH7K0J6OIVU9ML8,Xanthium orientale var. italicum (Moretti) M.Hassl.,Plantae,Tracheophyta,Magnoliopsida,Asterales,Asteraceae,Xanthium,variety,ICN
en,CC BY 4.0,Ovidius University of Constanta,my_dataset_doi,UoC,Checklist of introduced taxa in Romania,OSROH9300UG9TP9RD1,Euphorbia davidii Subils,Plantae,Tracheophyta,Magnoliopsida,Malpighiales,Euphorbiaceae,Euphorbia,species,ICN
en,CC BY 4.0,Ovidius University of Constanta,my_dataset_doi,UoC,Checklist of introduced taxa in Romania,OSROHARTHN5OTQOJX4,Lepidium densiflorum Schrad.,Plantae,Tracheophyta,Magnoliopsida,Brassicales,Brassicaceae,Lepidium,species,ICN
en,CC BY 4.0,Ovidius University of Constanta,my_dataset_doi,UoC,Checklist of introduced taxa in Romania,OSROHDSEBRVK7SPTQZ,Oxalis dillenii Jacq.,Plantae,Tracheophyta,Magnoliopsida,Oxalidales,Oxalidaceae,Oxalis,species,ICN
en,CC BY 4.0,Ovidius University of Constanta,my_dataset_doi,UoC,Checklist of introduced taxa in Romania,OSROHHD72KNCJCH1PI,Pinus nigra J. F. Arnold subsp. nigra,Plantae,Tracheophyta,Pinopsida,Pinales,Pinaceae,Pinus,subspecies,ICN
en,CC BY 4.0,Ovidius University of Constanta,my_dataset_doi,UoC,Checklist of introduced taxa in Romania,OSROHK8VKDLT6WPT4J,Salvia reflexa Hornem.,Plantae,Tracheophyta,Magnoliopsida,Lamiales,Lamiaceae,Salvia,species,ICN
en,CC BY 4.0,Ovidius University of Constanta,my_dataset_doi,UoC,Checklist of introduced taxa in Romania,OSROHRGUWJLRDXCQ7A,Fragaria × ananassa (Weston) Rozier,Plantae,Tracheophyta,Magnoliopsida,Rosales,Rosaceae,Fragaria,species,ICN
en,CC BY 4.0,Ovidius University of Constanta,my_dataset_doi,UoC,Checklist of introduced taxa in Romania,OSROHTM5KC0AS464QV,Physalis peruviana L.,Plantae,Tracheophyta,Magnoliopsida,Solanales,Solanaceae,Physalis,species,ICN
en,CC BY 4.0,Ovidius University of Constanta,my_dataset_doi,UoC,Checklist of introduced taxa in Romania,OSROI085EZD0J374I6,Euphorbia maculata L.,Plantae,Tracheophyta,Magnoliopsida,Malpighiales,Euphorbiaceae,Euphorbia,species,ICN
en,CC BY 4.0,Ovidius University of Constanta,my_dataset_doi,UoC,Checklist of introduced taxa in Romania,OSROI24YI3BGLG1PCB,Catalpa bignonioides Walter,Plantae,Tracheophyta,Magnoliopsida,Lamiales,Bignoniaceae,Catalpa,species,ICN
en,CC BY 4.0,Ovidius University of Constanta,my_dataset_doi,UoC,Checklist of introduced taxa in Romania,OSROIDPSG8LSQ4K8NV,Symphyotrichum × versicolor (Willd.) G.L.Nesom,Plantae,Tracheophyta,Magnoliopsida,Asterales,Asteraceae,Symphyotrichum,species,ICN
en,CC BY 4.0,Ovidius University of Constanta,my_dataset_doi,UoC,Checklist of introduced taxa in Romania,OSROIF5MCJTE5YJHHX,Symphyotrichum laeve (L.) Á.Löve & D.Löve,Plantae,Tracheophyta,Magnoliopsida,Asterales,Asteraceae,Symphyotrichum,species,ICN
en,CC BY 4.0,Ovidius University of Constanta,my_dataset_doi,UoC,Checklist of introduced taxa in Romania,OSROIGVHNV86AXU8WF,Coreopsis grandiflora Hogg ex Sweet,Plantae,Tracheophyta,Magnoliopsida,Asterales,Asteraceae,Coreopsis,species,ICN
en,CC BY 4.0,Ovidius University of Constanta,my_dataset_doi,UoC,Checklist of introduced taxa in Romania,OSROIIJ0WA2Y1AOHTI,Petunia integrifolia (Hook.) Schinz & Thell.,Plantae,Tracheophyta,Magnoliopsida,Solanales,Solanaceae,Petunia,species,ICN
en,CC BY 4.0,Ovidius University of Constanta,my_dataset_doi,UoC,Checklist of introduced taxa in Romania,OSROIL1JEBX91LGBID,Solanum rostratum Dunal,Plantae,Tracheophyta,Magnoliopsida,Solanales,Solanaceae,Solanum,species,ICN
en,CC BY 4.0,Ovidius University of Constanta,my_dataset_doi,UoC,Checklist of introduced taxa in Romania,OSROIL3I5PBBDO85E3,Cosmos sulphureus Cav.,Plantae,Tracheophyta,Magnoliopsida,Asterales,Asteraceae,Cosmos,species,ICN
en,CC BY 4.0,Ovidius University of Constanta,my_dataset_doi,UoC,Checklist of introduced taxa in Romania,OSROIR57HIT64EBW74,Galinsoga parviflora Cav.,Plantae,Tracheophyta,Magnoliopsida,Asterales,Asteraceae,Galinsoga,species,ICN
en,CC BY 4.0,Ovidius University of Constanta,my_dataset_doi,UoC,Checklist of introduced taxa in Romania,OSROIWVYOAVR5DH8J1,Hemerocallis lilioasphodelus L.,Plantae,Tracheophyta,Liliopsida,Asparagales,Asphodelaceae,Hemerocallis,species,ICN
en,CC BY 4.0,Ovidius University of Constanta,my_dataset_doi,UoC,Checklist of introduced taxa in Romania,OSROIWZYGJ1UNQW0PP,Dysphania ambrosioides (L.) Mosyakin & Clemants,Plantae,Tracheophyta,Magnoliopsida,Caryophyllales,Amaranthaceae,Dysphania,species,ICN
en,CC BY 4.0,Ovidius University of Constanta,my_dataset_doi,UoC,Checklist of introduced taxa in Romania,OSROJ7BSV29QS0SGDX,Ludwigia peploides (Kunth) P.H.Raven,Plantae,Tracheophyta,Magnoliopsida,Myrtales,Onagraceae,Ludwigia,species,ICN
en,CC BY 4.0,Ovidius University of Constanta,my_dataset_doi,UoC,Checklist of introduced taxa in Romania,OSROJHJ7MI6YO1DX8L,Parthenocissus inserta (A.Kern.) Fritsch,Plantae,Tracheophyta,Magnoliopsida,Vitales,Vitaceae,Parthenocissus,species,ICN
en,CC BY 4.0,Ovidius University of Constanta,my_dataset_doi,UoC,Checklist of introduced taxa in Romania,OSROJMLTB9O81P5G7W,Lonicera tatarica L.,Plantae,Tracheophyta,Magnoliopsida,Dipsacales,Caprifoliaceae,Lonicera,species,ICN
en,CC BY 4.0,Ovidius University of Constanta,my_dataset_doi,UoC,Checklist of introduced taxa in Romania,OSROJP4VCOZEYTN790,"Cymbalaria muralis G.Gaertn., B.Mey. & Scherb.",Plantae,Tracheophyta,Magnoliopsida,Lamiales,Plantaginaceae,Cymbalaria,species,ICN
en,CC BY 4.0,Ovidius University of Constanta,my_dataset_doi,UoC,Checklist of introduced taxa in Romania,OSROJSLN0H4V13JFEX,Celtis occidentalis L.,Plantae,Tracheophyta,Magnoliopsida,Rosales,Cannabaceae,Celtis,species,ICN
en,CC BY 4.0,Ovidius University of Constanta,my_dataset_doi,UoC,Checklist of introduced taxa in Romania,OSROK2LFYCJKWBOB1L,Lonicera japonica Thunb.,Plantae,Tracheophyta,Magnoliopsida,Dipsacales,Caprifoliaceae,Lonicera,species,ICN
en,CC BY 4.0,Ovidius University of Constanta,my_dataset_doi,UoC,Checklist of introduced taxa in Romania,OSROK533LZ7LFFL647,Paspalum distichum L.,Plantae,Tracheophyta,Liliopsida,Poales,Poaceae,Paspalum,species,ICN
en,CC BY 4.0,Ovidius University of Constanta,my_dataset_doi,UoC,Checklist of introduced taxa in Romania,OSROK98K5Y5LGZD9OH,Canna indica L.,Plantae,Tracheophyta,Liliopsida,Zingiberales,Cannaceae,Canna,species,ICN
en,CC BY 4.0,Ovidius University of Constanta,my_dataset_doi,UoC,Checklist of introduced taxa in Romania,OSROKAPRDPTKVURMOP,Datura wrightii Regel,Plantae,Tracheophyta,Magnoliopsida,Solanales,Solanaceae,Datura,species,ICN
en,CC BY 4.0,Ovidius University of Constanta,my_dataset_doi,UoC,Checklist of introduced taxa in Romania,OSROKAPZH0ELRGYR3L,Helianthus annuus L.,Plantae,Tracheophyta,Magnoliopsida,Asterales,Asteraceae,Helianthus,species,ICN
en,CC BY 4.0,Ovidius University of Constanta,my_dataset_doi,UoC,Checklist of introduced taxa in Romania,OSROKTVZIIA06VIDEN,Philadelphus coronarius L.,Plantae,Tracheophyta,Magnoliopsida,Cornales,Hydrangeaceae,Philadelphus,species,ICN
en,CC BY 4.0,Ovidius University of Constanta,my_dataset_doi,UoC,Checklist of introduced taxa in Romania,OSROKW34TBR372NSHL,Campsis radicans (L.) Bureau,Plantae,Tracheophyta,Magnoliopsida,Lamiales,Bignoniaceae,Campsis,species,ICN
en,CC BY 4.0,Ovidius University of Constanta,my_dataset_doi,UoC,Checklist of introduced taxa in Romania,OSROKZ8USE2B7DUQCT,Reynoutria japonica Houtt.,Plantae,Tracheophyta,Magnoliopsida,Caryophyllales,Polygonaceae,Reynoutria,species,ICN
en,CC BY 4.0,Ovidius University of Constanta,my_dataset_doi,UoC,Checklist of introduced taxa in Romania,OSROL6YTJ9ZQOM7N77,Zinnia elegans Jacq.,Plantae,Tracheophyta,Magnoliopsida,Asterales,Asteraceae,Zinnia,species,ICN
en,CC BY 4.0,Ovidius University of Constanta,my_dataset_doi,UoC,Checklist of introduced taxa in Romania,OSROLD0K3FP9QADMMQ,Citrullus lanatus (Thunb.) Matsum. & Nakai,Plantae,Tracheophyta,Magnoliopsida,Cucurbitales,Cucurbitaceae,Citrullus,species,ICN
en,CC BY 4.0,Ovidius University of Constanta,my_dataset_doi,UoC,Checklist of introduced taxa in Romania,OSROLN1ZBPWUPE31Q3,Vitis riparia Michx.,Plantae,Tracheophyta,Magnoliopsida,Vitales,Vitaceae,Vitis,species,ICN
en,CC BY 4.0,Ovidius University of Constanta,my_dataset_doi,UoC,Checklist of introduced taxa in Romania,OSROLO3GBMG3B3THCW,Symphyotrichum novae-angliae (L.) G.L.Nesom,Plantae,Tracheophyta,Magnoliopsida,Asterales,Asteraceae,Symphyotrichum,species,ICN
en,CC BY 4.0,Ovidius University of Constanta,my_dataset_doi,UoC,Checklist of introduced taxa in Romania,OSROLO4O7VF9S5LDVI,Eschscholzia californica Cham.,Plantae,Tracheophyta,Magnoliopsida,Ranunculales,Papaveraceae,Eschscholzia,species,ICN
en,CC BY 4.0,Ovidius University of Constanta,my_dataset_doi,UoC,Checklist of introduced taxa in Romania,OSROLV6OTYTX8GVBC8,Euphorbia serpens Kunth,Plantae,Tracheophyta,Magnoliopsida,Malpighiales,Euphorbiaceae,Euphorbia,species,ICN
en,CC BY 4.0,Ovidius University of Constanta,my_dataset_doi,UoC,Checklist of introduced taxa in Romania,OSROLV8O0LT150FJE3,Oxalis corniculata L.,Plantae,Tracheophyta,Magnoliopsida,Oxalidales,Oxalidaceae,Oxalis,species,ICN
en,CC BY 4.0,Ovidius University of Constanta,my_dataset_doi,UoC,Checklist of introduced taxa in Romania,OSROLWGRZ6G7YTLF5Y,Lepidium oblongum Small,Plantae,Tracheophyta,Magnoliopsida,Brassicales,Brassicaceae,Lepidium,species,ICN
en,CC BY 4.0,Ovidius University of Constanta,my_dataset_doi,UoC,Checklist of introduced taxa in Romania,OSROM15DYAZWY6B2IH,Symphoricarpos orbiculatus Moench,Plantae,Tracheophyta,Magnoliopsida,Dipsacales,Caprifoliaceae,Symphoricarpos,species,ICN
en,CC BY 4.0,Ovidius University of Constanta,my_dataset_doi,UoC,Checklist of introduced taxa in Romania,OSROM8IYZB7MGXPSXW,Capsicum annuum L.,Plantae,Tracheophyta,Magnoliopsida,Solanales,Solanaceae,Capsicum,species,ICN
en,CC BY 4.0,Ovidius University of Constanta,my_dataset_doi,UoC,Checklist of introduced taxa in Romania,OSROM8KDWTDQPJNX3F,Tripidium ravennae (L.) H.Scholz,Plantae,Tracheophyta,Liliopsida,Poales,Poaceae,Tripidium,species,ICN
en,CC BY 4.0,Ovidius University of Constanta,my_dataset_doi,UoC,Checklist of introduced taxa in Romania,OSROMKXPH9YKQLDKWL,Cytisus scoparius (L.) Link,Plantae,Tracheophyta,Magnoliopsida,Fabales,Fabaceae,Cytisus,species,ICN
en,CC BY 4.0,Ovidius University of Constanta,my_dataset_doi,UoC,Checklist of introduced taxa in Romania,OSROMVV2A2JACUKL9H,Melissa officinalis L.,Plantae,Tracheophyta,Magnoliopsida,Lamiales,Lamiaceae,Melissa,species,ICN
en,CC BY 4.0,Ovidius University of Constanta,my_dataset_doi,UoC,Checklist of introduced taxa in Romania,OSROMZPPIJWD4VW0BL,Celosia argentea L.,Plantae,Tracheophyta,Magnoliopsida,Caryophyllales,Amaranthaceae,Celosia,species,ICN
en,CC BY 4.0,Ovidius University of Constanta,my_dataset_doi,UoC,Checklist of introduced taxa in Romania,OSRONEXYGP1AYCP6BQ,Prunus cerasifera Ehrh.,Plantae,Tracheophyta,Magnoliopsida,Rosales,Rosaceae,Prunus,species,ICN
en,CC BY 4.0,Ovidius University of Constanta,my_dataset_doi,UoC,Checklist of introduced taxa in Romania,OSRONHKHQHQPMX0ZHS,Sicyos angulatus L.,Plantae,Tracheophyta,Magnoliopsida,Cucurbitales,Cucurbitaceae,Sicyos,species,ICN
en,CC BY 4.0,Ovidius University of Constanta,my_dataset_doi,UoC,Checklist of introduced taxa in Romania,OSRONN6YNWCDLCPWUA,Pisum sativum L.,Plantae,Tracheophyta,Magnoliopsida,Fabales,Fabaceae,Pisum,species,ICN
en,CC BY 4.0,Ovidius University of Constanta,my_dataset_doi,UoC,Checklist of introduced taxa in Romania,OSRONND6PCVYH1JLUA,Erysimum × cheiri (L.) Crantz,Plantae,Tracheophyta,Magnoliopsida,Brassicales,Brassicaceae,Erysimum,species,ICN
en,CC BY 4.0,Ovidius University of Constanta,my_dataset_doi,UoC,Checklist of introduced taxa in Romania,OSRONUO4PGR5NBV7DQ,Solanum lycopersicum L.,Plantae,Tracheophyta,Magnoliopsida,Solanales,Solanaceae,Solanum,species,ICN
en,CC BY 4.0,Ovidius University of Constanta,my_dataset_doi,UoC,Checklist of introduced taxa in Romania,OSRONZE3NMZD3BC049,Coix lacryma-jobi L.,Plantae,Tracheophyta,Liliopsida,Poales,Poaceae,Coix,species,ICN
en,CC BY 4.0,Ovidius University of Constanta,my_dataset_doi,UoC,Checklist of introduced taxa in Romania,OSROO0ZFQX24YW3FGM,Lindernia dubia (L.) Pennell,Plantae,Tracheophyta,Magnoliopsida,Lamiales,Linderniaceae,Lindernia,species,ICN
en,CC BY 4.0,Ovidius University of Constanta,my_dataset_doi,UoC,Checklist of introduced taxa in Romania,OSROO2G627YBVOK6M4,Buxus sempervirens L.,Plantae,Tracheophyta,Magnoliopsida,Buxales,Buxaceae,Buxus,species,ICN
en,CC BY 4.0,Ovidius University of Constanta,my_dataset_doi,UoC,Checklist of introduced taxa in Romania,OSROO3XSCYRQO1QZKG,Solanum tuberosum L.,Plantae,Tracheophyta,Magnoliopsida,Solanales,Solanaceae,Solanum,species,ICN
en,CC BY 4.0,Ovidius University of Constanta,my_dataset_doi,UoC,Checklist of introduced taxa in Romania,OSROOJAAZ9QK1Q3LUQ,Vitis rupestris Scheele,Plantae,Tracheophyta,Magnoliopsida,Vitales,Vitaceae,Vitis,species,ICN
en,CC BY 4.0,Ovidius University of Constanta,my_dataset_doi,UoC,Checklist of introduced taxa in Romania,OSROOLN6S77S7G9XY2,Ziziphus jujuba Mill.,Plantae,Tracheophyta,Magnoliopsida,Rosales,Rhamnaceae,Ziziphus,species,ICN
en,CC BY 4.0,Ovidius University of Constanta,my_dataset_doi,UoC,Checklist of introduced taxa in Romania,OSROOMCWV1PZ054SX1,Ricinus communis L.,Plantae,Tracheophyta,Magnoliopsida,Malpighiales,Euphorbiaceae,Ricinus,species,ICN
en,CC BY 4.0,Ovidius University of Constanta,my_dataset_doi,UoC,Checklist of introduced taxa in Romania,OSROOOBLRV0QWAN1F5,Clematis viticella L.,Plantae,Tracheophyta,Magnoliopsida,Ranunculales,Ranunculaceae,Clematis,species,ICN
en,CC BY 4.0,Ovidius University of Constanta,my_dataset_doi,UoC,Checklist of introduced taxa in Romania,OSROOS9MBCGWQ4PIIF,Cercis chinensis Bunge,Plantae,Tracheophyta,Magnoliopsida,Fabales,Fabaceae,Cercis,species,ICN
en,CC BY 4.0,Ovidius University of Constanta,my_dataset_doi,UoC,Checklist of introduced taxa in Romania,OSROP1E2KZLGAX4UJX,Foeniculum vulgare Mill.,Plantae,Tracheophyta,Magnoliopsida,Apiales,Apiaceae,Foeniculum,species,ICN
en,CC BY 4.0,Ovidius University of Constanta,my_dataset_doi,UoC,Checklist of introduced taxa in Romania,OSROP68F4IF4KITFSW,Tagetes patula L.,Plantae,Tracheophyta,Magnoliopsida,Asterales,Asteraceae,Tagetes,species,ICN
en,CC BY 4.0,Ovidius University of Constanta,my_dataset_doi,UoC,Checklist of introduced taxa in Romania,OSROP6UQC9MM6KW3RJ,Malus domestica (Suckow) Borkh.,Plantae,Tracheophyta,Magnoliopsida,Rosales,Rosaceae,Malus,species,ICN
en,CC BY 4.0,Ovidius University of Constanta,my_dataset_doi,UoC,Checklist of introduced taxa in Romania,OSROPA487XQDI3KNS7,Commelina communis L.,Plantae,Tracheophyta,Liliopsida,Commelinales,Commelinaceae,Commelina,species,ICN
en,CC BY 4.0,Ovidius University of Constanta,my_dataset_doi,UoC,Checklist of introduced taxa in Romania,OSROPCQW3DOJHLO6Y4,Cenchrus longispinus (Hack.) Fernald,Plantae,Tracheophyta,Liliopsida,Poales,Poaceae,Cenchrus,species,ICN
en,CC BY 4.0,Ovidius University of Constanta,my_dataset_doi,UoC,Checklist of introduced taxa in Romania,OSROPETCQY11CN7329,Persicaria orientalis (L.) Spach,Plantae,Tracheophyta,Magnoliopsida,Caryophyllales,Polygonaceae,Persicaria,species,ICN
en,CC BY 4.0,Ovidius University of Constanta,my_dataset_doi,UoC,Checklist of introduced taxa in Romania,OSROPFO2L45V8V9SOZ,Quercus rubra L.,Plantae,Tracheophyta,Magnoliopsida,Fagales,Fagaceae,Quercus,species,ICN
en,CC BY 4.0,Ovidius University of Constanta,my_dataset_doi,UoC,Checklist of introduced taxa in Romania,OSROPGYAFQJD3CZU0J,Oenothera speciosa Nutt.,Plantae,Tracheophyta,Magnoliopsida,Myrtales,Onagraceae,Oenothera,species,ICN
en,CC BY 4.0,Ovidius University of Constanta,my_dataset_doi,UoC,Checklist of introduced taxa in Romania,OSROPLWNN1T0H3331U,Symphyotrichum novi-belgii (L.) G.L.Nesom,Plantae,Tracheophyta,Magnoliopsida,Asterales,Asteraceae,Symphyotrichum,species,ICN
en,CC BY 4.0,Ovidius University of Constanta,my_dataset_doi,UoC,Checklist of introduced taxa in Romania,OSROPRR2YP6U08SK8U,Dysphania pumilio (R.Br.) Mosyakin & Clemants,Plantae,Tracheophyta,Magnoliopsida,Caryophyllales,Amaranthaceae,Dysphania,species,ICN
en,CC BY 4.0,Ovidius University of Constanta,my_dataset_doi,UoC,Checklist of introduced taxa in Romania,OSROPVI4L25O0BJEQ9,Lolium multiflorum Lam.,Plantae,Tracheophyta,Liliopsida,Poales,Poaceae,Lolium,species,ICN
en,CC BY 4.0,Ovidius University of Constanta,my_dataset_doi,UoC,Checklist of introduced taxa in Romania,OSROPW11F5XS2PG15H,Mirabilis nyctaginea (Michx.) MacMill.,Plantae,Tracheophyta,Magnoliopsida,Caryophyllales,Nyctaginaceae,Mirabilis,species,ICN
en,CC BY 4.0,Ovidius University of Constanta,my_dataset_doi,UoC,Checklist of introduced taxa in Romania,OSROQ11RY79EUSLKXG,Prunus serotina Ehrh.,Plantae,Tracheophyta,Magnoliopsida,Rosales,Rosaceae,Prunus,species,ICN
en,CC BY 4.0,Ovidius University of Constanta,my_dataset_doi,UoC,Checklist of introduced taxa in Romania,OSROQ69BTHSLN44TV7,Sempervivum tectorum L.,Plantae,Tracheophyta,Magnoliopsida,Saxifragales,Crassulaceae,Sempervivum,species,ICN
en,CC BY 4.0,Ovidius University of Constanta,my_dataset_doi,UoC,Checklist of introduced taxa in Romania,OSROQARIIZA4YYT8QL,Eleusine indica (L.) Gaertn.,Plantae,Tracheophyta,Liliopsida,Poales,Poaceae,Eleusine,species,ICN
en,CC BY 4.0,Ovidius University of Constanta,my_dataset_doi,UoC,Checklist of introduced taxa in Romania,OSROQEQKMMB5P3YDIF,Raphanus sativus L.,Plantae,Tracheophyta,Magnoliopsida,Brassicales,Brassicaceae,Raphanus,species,ICN
en,CC BY 4.0,Ovidius University of Constanta,my_dataset_doi,UoC,Checklist of introduced taxa in Romania,OSROQI2CIP0UZY7WXJ,Lactuca sativa L.,Plantae,Tracheophyta,Magnoliopsida,Asterales,Asteraceae,Lactuca,species,ICN
en,CC BY 4.0,Ovidius University of Constanta,my_dataset_doi,UoC,Checklist of introduced taxa in Romania,OSROQLGIF3UZLZYRHT,Ficus carica L.,Plantae,Tracheophyta,Magnoliopsida,Rosales,Moraceae,Ficus,species,ICN
en,CC BY 4.0,Ovidius University of Constanta,my_dataset_doi,UoC,Checklist of introduced taxa in Romania,OSROQOWN80VEXZFR0B,Malva verticillata L.,Plantae,Tracheophyta,Magnoliopsida,Malvales,Malvaceae,Malva,species,ICN
en,CC BY 4.0,Ovidius University of Constanta,my_dataset_doi,UoC,Checklist of introduced taxa in Romania,OSROQYIPDSITWKBYKS,Elodea canadensis Michx.,Plantae,Tracheophyta,Liliopsida,Alismatales,Hydrocharitaceae,Elodea,species,ICN
en,CC BY 4.0,Ovidius University of Constanta,my_dataset_doi,UoC,Checklist of introduced taxa in Romania,OSROQYN0RBJCBO4ERT,Calibrachoa parviflora (Juss.) D'Arcy,Plantae,Tracheophyta,Magnoliopsida,Solanales,Solanaceae,Calibrachoa,species,ICN
en,CC BY 4.0,Ovidius University of Constanta,my_dataset_doi,UoC,Checklist of introduced taxa in Romania,OSROQZUQM4OS101P1T,Fraxinus americana L.,Plantae,Tracheophyta,Magnoliopsida,Lamiales,Oleaceae,Fraxinus,species,ICN
en,CC BY 4.0,Ovidius University of Constanta,my_dataset_doi,UoC,Checklist of introduced taxa in Romania,OSROR84U4592EYAIMW,Koelreuteria paniculata Laxm.,Plantae,Tracheophyta,Magnoliopsida,Sapindales,Sapindaceae,Koelreuteria,species,ICN
en,CC BY 4.0,Ovidius University of Constanta,my_dataset_doi,UoC,Checklist of introduced taxa in Romania,OSRORB0G5HS3SHV8W9,Erigeron annuus (L.) Pers.,Plantae,Tracheophyta,Magnoliopsida,Asterales,Asteraceae,Erigeron,species,ICN
en,CC BY 4.0,Ovidius University of Constanta,my_dataset_doi,UoC,Checklist of introduced taxa in Romania,OSRORBEJ6ERLB5BM1A,Oenothera × polgari Rostański,Plantae,Tracheophyta,Magnoliopsida,Myrtales,Onagraceae,Oenothera,species,ICN
en,CC BY 4.0,Ovidius University of Constanta,my_dataset_doi,UoC,Checklist of introduced taxa in Romania,OSRORC4CCS1LZDRM2R,Morus nigra L.,Plantae,Tracheophyta,Magnoliopsida,Rosales,Moraceae,Morus,species,ICN
en,CC BY 4.0,Ovidius University of Constanta,my_dataset_doi,UoC,Checklist of introduced taxa in Romania,OSRORDH3PBZGF7DPXP,Lepidium virginicum L.,Plantae,Tracheophyta,Magnoliopsida,Brassicales,Brassicaceae,Lepidium,species,ICN
en,CC BY 4.0,Ovidius University of Constanta,my_dataset_doi,UoC,Checklist of introduced taxa in Romania,OSRORMC1L34AOTY1I2,Calendula officinalis L.,Plantae,Tracheophyta,Magnoliopsida,Asterales,Asteraceae,Calendula,species,ICN
en,CC BY 4.0,Ovidius University of Constanta,my_dataset_doi,UoC,Checklist of introduced taxa in Romania,OSRORNAZCPAIVO0999,Borago officinalis L.,Plantae,Tracheophyta,Magnoliopsida,Boraginales,Boraginaceae,Borago,species,ICN
en,CC BY 4.0,Ovidius University of Constanta,my_dataset_doi,UoC,Checklist of introduced taxa in Romania,OSRORNR3E7F8M2D9W3,Buddleja davidii Franch.,Plantae,Tracheophyta,Magnoliopsida,Lamiales,Scrophulariaceae,Buddleja,species,ICN
en,CC BY 4.0,Ovidius University of Constanta,my_dataset_doi,UoC,Checklist of introduced taxa in Romania,OSRORQ96GSPRF8W440,Leucanthemum maximum (Ramond) DC.,Plantae,Tracheophyta,Magnoliopsida,Asterales,Asteraceae,Leucanthemum,species,ICN
en,CC BY 4.0,Ovidius University of Constanta,my_dataset_doi,UoC,Checklist of introduced taxa in Romania,OSRORQLH8YJQLWS4Y7,Celtis australis L.,Plantae,Tracheophyta,Magnoliopsida,Rosales,Cannabaceae,Celtis,species,ICN
en,CC BY 4.0,Ovidius University of Constanta,my_dataset_doi,UoC,Checklist of introduced taxa in Romania,OSRORSMBI8HV3RXUH0,Maclura pomifera (Raf. ex Sarg.) C.K.Schneid.,Plantae,Tracheophyta,Magnoliopsida,Rosales,Moraceae,Maclura,species,ICN
en,CC BY 4.0,Ovidius University of Constanta,my_dataset_doi,UoC,Checklist of introduced taxa in Romania,OSRORY3QI77QR4J92J,Impatiens balfourii Hook.fil.,Plantae,Tracheophyta,Magnoliopsida,Ericales,Balsaminaceae,Impatiens,species,ICN
en,CC BY 4.0,Ovidius University of Constanta,my_dataset_doi,UoC,Checklist of introduced taxa in Romania,OSROSEOK2S0X5C0XRE,Delphinium ajacis L.,Plantae,Tracheophyta,Magnoliopsida,Ranunculales,Ranunculaceae,Delphinium,species,ICN
en,CC BY 4.0,Ovidius University of Constanta,my_dataset_doi,UoC,Checklist of introduced taxa in Romania,OSROSRUADLGD4IKGG4,Malva trimestris (L.) Salisb.,Plantae,Tracheophyta,Magnoliopsida,Malvales,Malvaceae,Malva,species,ICN
en,CC BY 4.0,Ovidius University of Constanta,my_dataset_doi,UoC,Checklist of introduced taxa in Romania,OSROSX6RLI0ERKP90K,Heliotropium curassavicum L.,Plantae,Tracheophyta,Magnoliopsida,Boraginales,Boraginaceae,Heliotropium,species,ICN
en,CC BY 4.0,Ovidius University of Constanta,my_dataset_doi,UoC,Checklist of introduced taxa in Romania,OSROSXA81GFJZM2KZD,Cucurbita pepo L.,Plantae,Tracheophyta,Magnoliopsida,Cucurbitales,Cucurbitaceae,Cucurbita,species,ICN
en,CC BY 4.0,Ovidius University of Constanta,my_dataset_doi,UoC,Checklist of introduced taxa in Romania,OSROT1XMU2DRABFW9F,Lemna minuta Kunth,Plantae,Tracheophyta,Liliopsida,Alismatales,Araceae,Lemna,species,ICN
en,CC BY 4.0,Ovidius University of Constanta,my_dataset_doi,UoC,Checklist of introduced taxa in Romania,OSROT49S7TTU7X22GB,Elodea nuttallii (Planch.) H.St.John,Plantae,Tracheophyta,Liliopsida,Alismatales,Hydrocharitaceae,Elodea,species,ICN
en,CC BY 4.0,Ovidius University of Constanta,my_dataset_doi,UoC,Checklist of introduced taxa in Romania,OSROT5LV25R2S0AWG3,Styphnolobium japonicum (L.) Schott,Plantae,Tracheophyta,Magnoliopsida,Fabales,Fabaceae,Styphnolobium,species,ICN
en,CC BY 4.0,Ovidius University of Constanta,my_dataset_doi,UoC,Checklist of introduced taxa in Romania,OSROT9ZRQ43010FEZG,Galinsoga quadriradiata Ruiz & Pav.,Plantae,Tracheophyta,Magnoliopsida,Asterales,Asteraceae,Galinsoga,species,ICN
en,CC BY 4.0,Ovidius University of Constanta,my_dataset_doi,UoC,Checklist of introduced taxa in Romania,OSROTCWD25RNEVUF8W,Populus simonii Carrière,Plantae,Tracheophyta,Magnoliopsida,Malpighiales,Salicaceae,Populus,species,ICN
en,CC BY 4.0,Ovidius University of Constanta,my_dataset_doi,UoC,Checklist of introduced taxa in Romania,OSROTH0KABFL9SWVK0,Pistia stratiotes L.,Plantae,Tracheophyta,Liliopsida,Alismatales,Araceae,Pistia,species,ICN
en,CC BY 4.0,Ovidius University of Constanta,my_dataset_doi,UoC,Checklist of introduced taxa in Romania,OSROTJVWNMPEQ9H9N4,Catalpa speciosa (Warder ex Barney) Warder ex Engelm.,Plantae,Tracheophyta,Magnoliopsida,Lamiales,Bignoniaceae,Catalpa,species,ICN
en,CC BY 4.0,Ovidius University of Constanta,my_dataset_doi,UoC,Checklist of introduced taxa in Romania,OSROTO5CS4U6IFS9IM,Cannabis sativa L.,Plantae,Tracheophyta,Magnoliopsida,Rosales,Cannabaceae,Cannabis,species,ICN
en,CC BY 4.0,Ovidius University of Constanta,my_dataset_doi,UoC,Checklist of introduced taxa in Romania,OSROTQVTC1OPEVV86N,Menispermum canadense L.,Plantae,Tracheophyta,Magnoliopsida,Ranunculales,Menispermaceae,Menispermum,species,ICN
en,CC BY 4.0,Ovidius University of Constanta,my_dataset_doi,UoC,Checklist of introduced taxa in Romania,OSROTZLTH26E65Y2W2,Helianthus decapetalus L.,Plantae,Tracheophyta,Magnoliopsida,Asterales,Asteraceae,Helianthus,species,ICN
en,CC BY 4.0,Ovidius University of Constanta,my_dataset_doi,UoC,Checklist of introduced taxa in Romania,OSROU3CF9CRX9E60PS,Cucumis melo L.,Plantae,Tracheophyta,Magnoliopsida,Cucurbitales,Cucurbitaceae,Cucumis,species,ICN
en,CC BY 4.0,Ovidius University of Constanta,my_dataset_doi,UoC,Checklist of introduced taxa in Romania,OSROU4OBPJKEE9QM8S,Dipsacus strigosus Willd.,Plantae,Tracheophyta,Magnoliopsida,Dipsacales,Caprifoliaceae,Dipsacus,species,ICN
en,CC BY 4.0,Ovidius University of Constanta,my_dataset_doi,UoC,Checklist of introduced taxa in Romania,OSROU6H1M9ZAH4D0WB,Juglans regia L.,Plantae,Tracheophyta,Magnoliopsida,Fagales,Juglandaceae,Juglans,species,ICN
en,CC BY 4.0,Ovidius University of Constanta,my_dataset_doi,UoC,Checklist of introduced taxa in Romania,OSROU89L66AWFHAQYL,Eclipta prostrata (L.) L.,Plantae,Tracheophyta,Magnoliopsida,Asterales,Asteraceae,Eclipta,species,ICN
en,CC BY 4.0,Ovidius University of Constanta,my_dataset_doi,UoC,Checklist of introduced taxa in Romania,OSROUCKL000365XLV0VBAW,"Aphelenchoides ritzemabosi (Schwartz, 1911) Steiner & Buhrer, 1932",Animalia,Nematoda,Chromadorea,Rhabditida,,Aphelenchoides,species,ICZN
en,CC BY 4.0,Ovidius University of Constanta,my_dataset_doi,UoC,Checklist of introduced taxa in Romania,OSROUCKL00E02MI1CEL8MZ,"Euura tibialis (Newman, 1837)",Animalia,Arthropoda,Insecta,Hymenoptera,Tenthredinidae,Euura,species,ICZN
en,CC BY 4.0,Ovidius University of Constanta,my_dataset_doi,UoC,Checklist of introduced taxa in Romania,OSROUCKL00ENWQQ49VDQRR,"Monstrilla longicornis Thompson I.C., 1890",Animalia,Arthropoda,Copepoda,Monstrilloida,Monstrillidae,Monstrilla,species,ICZN
en,CC BY 4.0,Ovidius University of Constanta,my_dataset_doi,UoC,Checklist of introduced taxa in Romania,OSROUCKL00MGQ9M26MYBVB,"Chrysodeixis chalcites (Esper, 1789)",Animalia,Arthropoda,Insecta,Lepidoptera,Noctuidae,Chrysodeixis,species,ICZN
en,CC BY 4.0,Ovidius University of Constanta,my_dataset_doi,UoC,Checklist of introduced taxa in Romania,OSROUCKL040FXW4TILYC39,"Corcyra cephalonica (Stainton, 1866)",Animalia,Arthropoda,Insecta,Lepidoptera,Pyralidae,Corcyra,species,ICZN
en,CC BY 4.0,Ovidius University of Constanta,my_dataset_doi,UoC,Checklist of introduced taxa in Romania,OSROUCKL060LK5KLDV68VM,"Orientus ishidae (Matsumura, 1902)",Animalia,Arthropoda,Insecta,Hemiptera,Cicadellidae,Orientus,species,ICZN
en,CC BY 4.0,Ovidius University of Constanta,my_dataset_doi,UoC,Checklist of introduced taxa in Romania,OSROUCKL0BQYH0BUO40I36,"Myzus (Nectarosiphon) persicae (Sulzer, 1776)",Animalia,Arthropoda,Insecta,Hemiptera,Aphididae,Myzus,species,ICZN
en,CC BY 4.0,Ovidius University of Constanta,my_dataset_doi,UoC,Checklist of introduced taxa in Romania,OSROUCKL0C9231FHCXZ3G3,"Encarsia perniciosi (Tower, 1913)",Animalia,Arthropoda,Insecta,Hymenoptera,Aphelinidae,Encarsia,species,ICZN
en,CC BY 4.0,Ovidius University of Constanta,my_dataset_doi,UoC,Checklist of introduced taxa in Romania,OSROUCKL0DOEEKPNU9NVTB,"Coleotechnites piceaella (Kearfott, 1903)",Animalia,Arthropoda,Insecta,Lepidoptera,Gelechiidae,Coleotechnites,species,ICZN
en,CC BY 4.0,Ovidius University of Constanta,my_dataset_doi,UoC,Checklist of introduced taxa in Romania,OSROUCKL0G9PTAJUDGHHHC,"Phyllonorycter platani (Staudinger, 1870)",Animalia,Arthropoda,Insecta,Lepidoptera,Gracillariidae,Phyllonorycter,species,ICZN
en,CC BY 4.0,Ovidius University of Constanta,my_dataset_doi,UoC,Checklist of introduced taxa in Romania,OSROUCKL0GVIZJFI7QAG8A,Ambrosia tenuifolia Spreng.,Plantae,Tracheophyta,Magnoliopsida,Asterales,Asteraceae,Ambrosia,species,ICN
en,CC BY 4.0,Ovidius University of Constanta,my_dataset_doi,UoC,Checklist of introduced taxa in Romania,OSROUCKL0J0AAV2LW5Y5ME,"Triconia minuta (Giesbrecht, 1893)",Animalia,Arthropoda,Copepoda,Cyclopoida,Oncaeidae,Triconia,species,ICZN
en,CC BY 4.0,Ovidius University of Constanta,my_dataset_doi,UoC,Checklist of introduced taxa in Romania,OSROUCKL0MBJ3AH0AEJQJ5,"Ceroplastes sinensis Del Guercio, 1900",Animalia,Arthropoda,Insecta,Hemiptera,Coccidae,Ceroplastes,species,ICZN
en,CC BY 4.0,Ovidius University of Constanta,my_dataset_doi,UoC,Checklist of introduced taxa in Romania,OSROUCKL0N6IUWMS2GZ3WO,"Nyctereutes procyonoides (Gray, 1834)",Animalia,Chordata,Mammalia,Carnivora,Canidae,Nyctereutes,species,ICZN
en,CC BY 4.0,Ovidius University of Constanta,my_dataset_doi,UoC,Checklist of introduced taxa in Romania,OSROUCKL0QA9DCIDCQR3US,"Adelges (Aphrastasia) tsugae Annand, 1924",Animalia,Arthropoda,Insecta,Hemiptera,Adelgidae,Adelges,species,ICZN
en,CC BY 4.0,Ovidius University of Constanta,my_dataset_doi,UoC,Checklist of introduced taxa in Romania,OSROUCKL0R6V7IBKCW46KD,"Aedes (Stegomyia) albopictus (Skuse, 1894)",Animalia,Arthropoda,Insecta,Diptera,Culicidae,Aedes,species,ICZN
en,CC BY 4.0,Ovidius University of Constanta,my_dataset_doi,UoC,Checklist of introduced taxa in Romania,OSROUCKL0WVDKXBKOY01LC,"Ips duplicatus Sahlberg, 1836",Animalia,Arthropoda,Insecta,Coleoptera,Curculionidae,Ips,species,ICZN
en,CC BY 4.0,Ovidius University of Constanta,my_dataset_doi,UoC,Checklist of introduced taxa in Romania,OSROUCKL0XQ0PWBUDJRFFI,Alcea rosea L.,Plantae,Tracheophyta,Magnoliopsida,Malvales,Malvaceae,Alcea,species,ICN
en,CC BY 4.0,Ovidius University of Constanta,my_dataset_doi,UoC,Checklist of introduced taxa in Romania,OSROUCKL0YIBE2M4MM5TAG,"Cryptophagus acutangulus Gyllenhal, 1827",Animalia,Arthropoda,Insecta,Coleoptera,Cryptophagidae,Cryptophagus,species,ICZN
en,CC BY 4.0,Ovidius University of Constanta,my_dataset_doi,UoC,Checklist of introduced taxa in Romania,OSROUCKL1047ZCSEC62Y2A,"Poecilia reticulata Peters, 1859",Animalia,Chordata,Actinopterygii,Cyprinodontiformes,Poeciliidae,Poecilia,species,ICZN
en,CC BY 4.0,Ovidius University of Constanta,my_dataset_doi,UoC,Checklist of introduced taxa in Romania,OSROUCKL194QQ2M5S7TZCX,Acorus calamus L.,Plantae,Tracheophyta,Liliopsida,Acorales,Acoraceae,Acorus,species,ICN
en,CC BY 4.0,Ovidius University of Constanta,my_dataset_doi,UoC,Checklist of introduced taxa in Romania,OSROUCKL1DNT2VCJXGH369,"Dorypteryx domestica (Smithers, 1958)",Animalia,Arthropoda,Insecta,Psocodea,Psyllipsocidae,Dorypteryx,species,ICZN
en,CC BY 4.0,Ovidius University of Constanta,my_dataset_doi,UoC,Checklist of introduced taxa in Romania,OSROUCKL1H5L7P7KLP6F2X,"Hyalopterus amygdali E. Blanchard, 1840",Animalia,Arthropoda,Insecta,Hemiptera,Aphididae,Hyalopterus,species,ICZN
en,CC BY 4.0,Ovidius University of Constanta,my_dataset_doi,UoC,Checklist of introduced taxa in Romania,OSROUCKL1KZHHMNANA8NEA,"Aspidiotus nerii Bouche, 1833",Animalia,Arthropoda,Insecta,Hemiptera,Diaspididae,Aspidiotus,species,ICZN
en,CC BY 4.0,Ovidius University of Constanta,my_dataset_doi,UoC,Checklist of introduced taxa in Romania,OSROUCKL1O4WXW7Y0OE15G,"Aspidapion validum (Germar, 1817)",Animalia,Arthropoda,Insecta,Coleoptera,Brentidae,Aspidapion,species,ICZN
en,CC BY 4.0,Ovidius University of Constanta,my_dataset_doi,UoC,Checklist of introduced taxa in Romania,OSROUCKL1SGPOOEDS9FWR2,"Chaetosiphon (Pentatrichopus) fragaefolii (Cockerell, 1901)",Animalia,Arthropoda,Insecta,Hemiptera,Aphididae,Chaetosiphon,species,ICZN
en,CC BY 4.0,Ovidius University of Constanta,my_dataset_doi,UoC,Checklist of introduced taxa in Romania,OSROUCKL1SMK0Y8ITKVJEY,"Carassius auratus (Linnaeus, 1758)",Animalia,Chordata,Actinopterygii,Cypriniformes,Cyprinidae,Carassius,species,ICZN
en,CC BY 4.0,Ovidius University of Constanta,my_dataset_doi,UoC,Checklist of introduced taxa in Romania,OSROUCKL1SVJ2DZ2LZW0S9,"Corbicula fluminalis (O. F. Müller, 1774)",Animalia,Mollusca,Bivalvia,Venerida,Cyrenidae,Corbicula,species,ICZN
en,CC BY 4.0,Ovidius University of Constanta,my_dataset_doi,UoC,Checklist of introduced taxa in Romania,OSROUCKL1TPXXGPPZYF0YL,"Planococcus citri (Risso, 1813)",Animalia,Arthropoda,Insecta,Hemiptera,Pseudococcidae,Planococcus,species,ICZN
en,CC BY 4.0,Ovidius University of Constanta,my_dataset_doi,UoC,Checklist of introduced taxa in Romania,OSROUCKL1V7WSW6RAIYO9Q,"Diaspidiotus perniciosus (Comstock, 1881)",Animalia,Arthropoda,Insecta,Hemiptera,Diaspididae,Comstockaspis,species,ICZN
en,CC BY 4.0,Ovidius University of Constanta,my_dataset_doi,UoC,Checklist of introduced taxa in Romania,OSROUCKL1VCZDFB84HH3OZ,"Meloidogyne incognita (Kofoid & White, 1919) Chitwood, 1949",Animalia,Nematoda,Chromadorea,Rhabditida,Meloidogynidae,Meloidogyne,species,ICZN
en,CC BY 4.0,Ovidius University of Constanta,my_dataset_doi,UoC,Checklist of introduced taxa in Romania,OSROUCKL23883WW2X5O2UB,"Rhithropanopeus harrisii (Gould, 1841)",Animalia,Arthropoda,Malacostraca,Decapoda,Panopeidae,Rhithropanopeus,species,ICZN
en,CC BY 4.0,Ovidius University of Constanta,my_dataset_doi,UoC,Checklist of introduced taxa in Romania,OSROUCKL26Z7LDZVIU3XNW,"Grammodes bifasciata Petagna, 1787",Animalia,Arthropoda,Insecta,Lepidoptera,Erebidae,Grammodes,species,ICZN
en,CC BY 4.0,Ovidius University of Constanta,my_dataset_doi,UoC,Checklist of introduced taxa in Romania,OSROUCKL29RVUVP8OB35JW,"Marenzelleria neglecta Sikorski & Bick, 2004",Animalia,Annelida,Polychaeta,Spionida,Spionidae,Marenzelleria,species,ICZN
en,CC BY 4.0,Ovidius University of Constanta,my_dataset_doi,UoC,Checklist of introduced taxa in Romania,OSROUCKL2CDZZVZDHO63R0,Atriplex hortensis L.,Plantae,Tracheophyta,Magnoliopsida,Caryophyllales,Amaranthaceae,Atriplex,species,ICN
en,CC BY 4.0,Ovidius University of Constanta,my_dataset_doi,UoC,Checklist of introduced taxa in Romania,OSROUCKL2CYGKCPCQ6YM8G,"Heliothrips haemorrhoidalis (Bouché, 1833)",Animalia,Arthropoda,Insecta,Thysanoptera,Heliothripidae,Heliothrips,species,ICZN
en,CC BY 4.0,Ovidius University of Constanta,my_dataset_doi,UoC,Checklist of introduced taxa in Romania,OSROUCKL2EMB5RDNP3Y9ZY,"Thrips simplex (Morison, 1930)",Animalia,Arthropoda,Insecta,Thysanoptera,Thripidae,Thrips,species,ICZN
en,CC BY 4.0,Ovidius University of Constanta,my_dataset_doi,UoC,Checklist of introduced taxa in Romania,OSROUCKL2FFKWYKBQDVJRQ,"Phyllonorycter issikii (Kumata, 1963)",Animalia,Arthropoda,Insecta,Lepidoptera,Gracillariidae,Phyllonorycter,species,ICZN
en,CC BY 4.0,Ovidius University of Constanta,my_dataset_doi,UoC,Checklist of introduced taxa in Romania,OSROUCKL2HNHC188JJC3J8,"Ceratitis (Ceratitis) capitata (Wiedemann, 1824)",Animalia,Arthropoda,Insecta,Diptera,Tephritidae,Ceratitis,species,ICZN
en,CC BY 4.0,Ovidius University of Constanta,my_dataset_doi,UoC,Checklist of introduced taxa in Romania,OSROUCKL2HR0STZ5XPXMQ7,"Pineus (Pineus) abietinus Underwood & Balch, 1964",Animalia,Arthropoda,Insecta,Hemiptera,Adelgidae,Pineus,species,ICZN
en,CC BY 4.0,Ovidius University of Constanta,my_dataset_doi,UoC,Checklist of introduced taxa in Romania,OSROUCKL2RUVWRWWFGA6UC,"Alphitophagus bifasciatus (Say, 1824)",Animalia,Arthropoda,Insecta,Coleoptera,Tenebrionidae,Alphitophagus,species,ICZN
en,CC BY 4.0,Ovidius University of Constanta,my_dataset_doi,UoC,Checklist of introduced taxa in Romania,OSROUCKL2UBUY4Y6ZUDHIH,"Dipolydora quadrilobata (Jacobi, 1883)",Animalia,Annelida,Polychaeta,Spionida,Spionidae,Dipolydora,species,ICZN
en,CC BY 4.0,Ovidius University of Constanta,my_dataset_doi,UoC,Checklist of introduced taxa in Romania,OSROUCKL2UU7MN0R3XNBL4,"Beroe ovata Bruguière, 1789",Animalia,Ctenophora,Nuda,Beroida,Beroidae,Beroe,species,ICZN
en,CC BY 4.0,Ovidius University of Constanta,my_dataset_doi,UoC,Checklist of introduced taxa in Romania,OSROUCKL2UXP1CK1O9BGX8,"Dasineura gleditchiae (Osten Sacken, 1866)",Animalia,Arthropoda,Insecta,Diptera,Cecidomyiidae,Dasineura,species,ICZN
en,CC BY 4.0,Ovidius University of Constanta,my_dataset_doi,UoC,Checklist of introduced taxa in Romania,OSROUCKL2WM79N72T3YJ2E,"Perigona (Trechicus) nigriceps (Dejean, 1831)",Animalia,Arthropoda,Insecta,Coleoptera,Carabidae,Perigona,species,ICZN
en,CC BY 4.0,Ovidius University of Constanta,my_dataset_doi,UoC,Checklist of introduced taxa in Romania,OSROUCKL32PI1N923I677M,"Plodia interpunctella (Hübner, 1813)",Animalia,Arthropoda,Insecta,Lepidoptera,Pyralidae,Plodia,species,ICZN
en,CC BY 4.0,Ovidius University of Constanta,my_dataset_doi,UoC,Checklist of introduced taxa in Romania,OSROUCKL32WTUZ0ZKHNX8V,"Bagnalliella yuccae (Hinds, 1902)",Animalia,Arthropoda,Insecta,Thysanoptera,Phlaeothripidae,Bagnalliella,species,ICZN
en,CC BY 4.0,Ovidius University of Constanta,my_dataset_doi,UoC,Checklist of introduced taxa in Romania,OSROUCKL33GMYR1SDIUZUH,"Salvelinus fontinalis (Mitchill, 1814)",Animalia,Chordata,Actinopterygii,Salmoniformes,Salmonidae,Salvelinus,species,ICZN
en,CC BY 4.0,Ovidius University of Constanta,my_dataset_doi,UoC,Checklist of introduced taxa in Romania,OSROUCKL34FJNV7JDM23IA,"Oryzaephilus surinamensis (Linnaeus, 1758)",Animalia,Arthropoda,Insecta,Coleoptera,Silvanidae,Oryzaephilus,species,ICZN
en,CC BY 4.0,Ovidius University of Constanta,my_dataset_doi,UoC,Checklist of introduced taxa in Romania,OSROUCKL3D36P7HTUDDI4P,"Cameraria ohridella Deschka & Dimić, 1986",Animalia,Arthropoda,Insecta,Lepidoptera,Gracillariidae,Cameraria,species,ICZN
en,CC BY 4.0,Ovidius University of Constanta,my_dataset_doi,UoC,Checklist of introduced taxa in Romania,OSROUCKL3DB2UQ7N2RM5CK,"Oncaea mediterranea (Claus, 1863)",Animalia,Arthropoda,Copepoda,Cyclopoida,Oncaeidae,Oncaea,species,ICZN
en,CC BY 4.0,Ovidius University of Constanta,my_dataset_doi,UoC,Checklist of introduced taxa in Romania,OSROUCKL3E32XEAP9N32K1,"Perccottus glenii Dybowski, 1877",Animalia,Chordata,Actinopterygii,Gobiiformes,Odontobutidae,Perccottus,species,ICZN
en,CC BY 4.0,Ovidius University of Constanta,my_dataset_doi,UoC,Checklist of introduced taxa in Romania,OSROUCKL3F3G0LFHKG37RQ,"Clausocalanus arcuicornis arcuicornis (Dana, 1849-1852)",Animalia,Arthropoda,Copepoda,Calanoida,Clausocalanidae,Clausocalanus,subspecies,ICZN
en,CC BY 4.0,Ovidius University of Constanta,my_dataset_doi,UoC,Checklist of introduced taxa in Romania,OSROUCKL3ILXFPTRFPXB4A,"Aridius nodifer (Westwood, 1839)",Animalia,Arthropoda,Insecta,Coleoptera,Latridiidae,Cartodere,species,ICZN
en,CC BY 4.0,Ovidius University of Constanta,my_dataset_doi,UoC,Checklist of introduced taxa in Romania,OSROUCKL3KAXKTCM6XO876,"Phaenna spinifera Claus, 1863",Animalia,Arthropoda,Copepoda,Calanoida,Phaennidae,Phaenna,species,ICZN
en,CC BY 4.0,Ovidius University of Constanta,my_dataset_doi,UoC,Checklist of introduced taxa in Romania,OSROUCKL3N6CWCF8NK8AXM,"Metopolophium albidum Hille Ris Lambers, 1947",Animalia,Arthropoda,Insecta,Hemiptera,Aphididae,Metopolophium,species,ICZN
en,CC BY 4.0,Ovidius University of Constanta,my_dataset_doi,UoC,Checklist of introduced taxa in Romania,OSROUCKL3Q9N36OPT9UCZP,"Bruchidius siliquastri Delobel, A., 2007",Animalia,Arthropoda,Insecta,Coleoptera,Chrysomelidae,Bruchidius,species,ICZN
en,CC BY 4.0,Ovidius University of Constanta,my_dataset_doi,UoC,Checklist of introduced taxa in Romania,OSROUCKL3R9MYP65PNGJDU,"Cepaea nemoralis (Linnaeus, 1758)",Animalia,Mollusca,Gastropoda,Stylommatophora,Helicidae,Cepaea,species,ICZN
en,CC BY 4.0,Ovidius University of Constanta,my_dataset_doi,UoC,Checklist of introduced taxa in Romania,OSROUCKL3TDAAW5PMNWPV8,"Lepidosaphes conchiformis (Gmelin, 1790)",Animalia,Arthropoda,Insecta,Hemiptera,Diaspididae,Lepidosaphes,species,ICZN
en,CC BY 4.0,Ovidius University of Constanta,my_dataset_doi,UoC,Checklist of introduced taxa in Romania,OSROUCKL3WYHSHK0J748NQ,"Chionaspis wistariae Cooley, 1897",Animalia,Arthropoda,Insecta,Hemiptera,Diaspididae,Chionaspis,species,ICZN
en,CC BY 4.0,Ovidius University of Constanta,my_dataset_doi,UoC,Checklist of introduced taxa in Romania,OSROUCKL46IEB6QQ0BNS7B,"Myzus (Sciamyzus) ascalonicus Doncaster, 1946",Animalia,Arthropoda,Insecta,Hemiptera,Aphididae,Myzus,species,ICZN
en,CC BY 4.0,Ovidius University of Constanta,my_dataset_doi,UoC,Checklist of introduced taxa in Romania,OSROUCKL46VCK3EVGTKT13,"Pseudococcus longispinus (Targioni Tozzetti, 1867)",Animalia,Arthropoda,Insecta,Hemiptera,Pseudococcidae,Pseudococcus,species,ICZN
en,CC BY 4.0,Ovidius University of Constanta,my_dataset_doi,UoC,Checklist of introduced taxa in Romania,OSROUCKL4BXMOM1UH1A3KI,"Urnatella gracilis Leidy, 1851",Animalia,Entoprocta,,,Barentsiidae,Urnatella,species,ICZN
en,CC BY 4.0,Ovidius University of Constanta,my_dataset_doi,UoC,Checklist of introduced taxa in Romania,OSROUCKL4J6RQJKFBQ7NPZ,"Ptinus fur (Linnaeus, 1758)",Animalia,Arthropoda,Insecta,Coleoptera,Ptinidae,Ptinus,species,ICZN
en,CC BY 4.0,Ovidius University of Constanta,my_dataset_doi,UoC,Checklist of introduced taxa in Romania,OSROUCKL4K75Y91L368788,Acer negundo L.,Plantae,Tracheophyta,Magnoliopsida,Sapindales,Sapindaceae,Acer,species,ICN
en,CC BY 4.0,Ovidius University of Constanta,my_dataset_doi,UoC,Checklist of introduced taxa in Romania,OSROUCKL50Y85SDISXOUUU,Tenebroides mauritanicus (Linnaeus),Animalia,Arthropoda,Insecta,Coleoptera,Trogossitidae,Tenebroides,species,ICZN
en,CC BY 4.0,Ovidius University of Constanta,my_dataset_doi,UoC,Checklist of introduced taxa in Romania,OSROUCKL56GZBSRT6GWOY2,"Aedes (Hulecoeteomyia) japonicus (Theobald, 1901)",Animalia,Arthropoda,Insecta,Diptera,Culicidae,Aedes,species,ICZN
en,CC BY 4.0,Ovidius University of Constanta,my_dataset_doi,UoC,Checklist of introduced taxa in Romania,OSROUCKL57G01CYPDNE4AZ,"Ptinus bicinctus Sturm, 1837",Animalia,Arthropoda,Insecta,Coleoptera,Ptinidae,Ptinus,species,ICZN
en,CC BY 4.0,Ovidius University of Constanta,my_dataset_doi,UoC,Checklist of introduced taxa in Romania,OSROUCKL58DXVL6BBDTJ0U,"Prociphilus (Meliarhizophagus) fraxinifolii (Riley, 1879)",Animalia,Arthropoda,Insecta,Hemiptera,Aphididae,Prociphilus,species,ICZN
en,CC BY 4.0,Ovidius University of Constanta,my_dataset_doi,UoC,Checklist of introduced taxa in Romania,OSROUCKL58F2P97ZQV02AQ,"Calocalanus pavo (Dana, 1849-1852)",Animalia,Arthropoda,Copepoda,Calanoida,Paracalanidae,Calocalanus,species,ICZN
en,CC BY 4.0,Ovidius University of Constanta,my_dataset_doi,UoC,Checklist of introduced taxa in Romania,OSROUCKL5AVZTM9I7V47FK,"Amphibalanus eburneus (Gould, 1841)",Animalia,Arthropoda,Hexanauplia,Balanomorpha,Balanidae,Amphibalanus,species,ICZN
en,CC BY 4.0,Ovidius University of Constanta,my_dataset_doi,UoC,Checklist of introduced taxa in Romania,OSROUCKL5D0KGH9TEHSYFC,Artemisia dracunculus L.,Plantae,Tracheophyta,Magnoliopsida,Asterales,Asteraceae,Artemisia,species,ICN
en,CC BY 4.0,Ovidius University of Constanta,my_dataset_doi,UoC,Checklist of introduced taxa in Romania,OSROUCKL5GMPHGQ7QYF3JE,"Gravitarmata margarotana (Heinemann, 1863)",Animalia,Arthropoda,Insecta,Lepidoptera,Tortricidae,Gravitarmata,species,ICZN
en,CC BY 4.0,Ovidius University of Constanta,my_dataset_doi,UoC,Checklist of introduced taxa in Romania,OSROUCKL5N8L4BSEIRD4UO,"Monomorium pharaonis (Linnaeus, 1758)",Animalia,Arthropoda,Insecta,Hymenoptera,Formicidae,Monomorium,species,ICZN
en,CC BY 4.0,Ovidius University of Constanta,my_dataset_doi,UoC,Checklist of introduced taxa in Romania,OSROUCKL5NZWB7IMP55N99,Antirrhinum majus L.,Plantae,Tracheophyta,Magnoliopsida,Lamiales,Plantaginaceae,Antirrhinum,species,ICN
en,CC BY 4.0,Ovidius University of Constanta,my_dataset_doi,UoC,Checklist of introduced taxa in Romania,OSROUCKL5R0K2T0VJC5DTG,"Phasianus colchicus Linnaeus, 1758",Animalia,Chordata,Aves,Galliformes,Phasianidae,Phasianus,species,ICZN
en,CC BY 4.0,Ovidius University of Constanta,my_dataset_doi,UoC,Checklist of introduced taxa in Romania,OSROUCKL5SDDU59XZ6YQMH,"Ophraella communa LeSage, 1986",Animalia,Arthropoda,Insecta,Coleoptera,Chrysomelidae,Ophraella,species,ICZN
en,CC BY 4.0,Ovidius University of Constanta,my_dataset_doi,UoC,Checklist of introduced taxa in Romania,OSROUCKL5SY3KAVTPTA9OG,Aster × frikartii Silva Tar. & C.K.Schneid.,Plantae,Tracheophyta,Magnoliopsida,Asterales,Asteraceae,Aster,species,ICN
en,CC BY 4.0,Ovidius University of Constanta,my_dataset_doi,UoC,Checklist of introduced taxa in Romania,OSROUCKL5SZG6PMSJEVN3S,"Periplaneta americana (Linnaeus, 1758)",Animalia,Arthropoda,Insecta,Blattodea,Blattidae,Periplaneta,species,ICZN
en,CC BY 4.0,Ovidius University of Constanta,my_dataset_doi,UoC,Checklist of introduced taxa in Romania,OSROUCKL5UL5IZY25FXAID,"Sitophilus zeamais Motschulsky, V. de, 1855",Animalia,Arthropoda,Insecta,Coleoptera,Curculionidae,Sitophilus,species,ICZN
en,CC BY 4.0,Ovidius University of Constanta,my_dataset_doi,UoC,Checklist of introduced taxa in Romania,OSROUCKL5W0JJMGL0QC946,"Supella longipalpa (Fabricius, 1798)",Animalia,Arthropoda,Insecta,Blattodea,Blattelidae,Supella,species,ICZN
en,CC BY 4.0,Ovidius University of Constanta,my_dataset_doi,UoC,Checklist of introduced taxa in Romania,OSROUCKL5WQ6TZCQ945NCC,"Chrysomphalus aonidum (Linnaeus, 1758)",Animalia,Arthropoda,Insecta,Hemiptera,Diaspididae,Chrysomphalus,species,ICZN
en,CC BY 4.0,Ovidius University of Constanta,my_dataset_doi,UoC,Checklist of introduced taxa in Romania,OSROUCKL61NXDX40F8X9SR,"Meloidogyne hapla Chitwood, 1949",Animalia,Nematoda,Chromadorea,Rhabditida,Meloidogynidae,Meloidogyne,species,ICZN
en,CC BY 4.0,Ovidius University of Constanta,my_dataset_doi,UoC,Checklist of introduced taxa in Romania,OSROUCKL62P1ZJL836DBK4,"Chrysomphalus dictyospermi (Morgan, 1889)",Animalia,Arthropoda,Insecta,Hemiptera,Diaspididae,Chrysomphalus,species,ICZN
en,CC BY 4.0,Ovidius University of Constanta,my_dataset_doi,UoC,Checklist of introduced taxa in Romania,OSROUCKL63VE43EDM9EPY3,"Leptinotarsa decemlineata (Say, 1824)",Animalia,Arthropoda,Insecta,Coleoptera,Chrysomelidae,Leptinotarsa,species,ICZN
en,CC BY 4.0,Ovidius University of Constanta,my_dataset_doi,UoC,Checklist of introduced taxa in Romania,OSROUCKL64HCUE7X2I3JH0,"Parlatoria ziziphi (Lucas, 1853)",Animalia,Arthropoda,Insecta,Hemiptera,Diaspididae,Parlatoria,species,ICZN
en,CC BY 4.0,Ovidius University of Constanta,my_dataset_doi,UoC,Checklist of introduced taxa in Romania,OSROUCKL64XJI6SSARTCNT,"Bruchus ervi Frölich, 1799",Animalia,Arthropoda,Insecta,Coleoptera,Chrysomelidae,Bruchus,species,ICZN
en,CC BY 4.0,Ovidius University of Constanta,my_dataset_doi,UoC,Checklist of introduced taxa in Romania,OSROUCKL650I9RO5WA4TUY,"Agetus typicus Krøyer, 1849",Animalia,Arthropoda,Copepoda,Cyclopoida,Corycaeidae,Agetus,species,ICZN
en,CC BY 4.0,Ovidius University of Constanta,my_dataset_doi,UoC,Checklist of introduced taxa in Romania,OSROUCKL6648ZA25G6EHLW,"Macrosiphoniella (Macrosiphoniella) sanborni (Gillette, 1908)",Animalia,Arthropoda,Insecta,Hemiptera,Aphididae,Macrosiphoniella,species,ICZN
en,CC BY 4.0,Ovidius University of Constanta,my_dataset_doi,UoC,Checklist of introduced taxa in Romania,OSROUCKL69JT7U2SG0XOFI,Vespa orientalis,Animalia,Arthropoda,Insecta,Hymenoptera,Vespidae,Vespa,species,ICZN
en,CC BY 4.0,Ovidius University of Constanta,my_dataset_doi,UoC,Checklist of introduced taxa in Romania,OSROUCKL6A21D57EF7GLCV,"Callopistromyia annulipes (Macquart, 1855)",Animalia,Arthropoda,Insecta,Diptera,Ulidiidae,Callopistromyia,species,ICZN
en,CC BY 4.0,Ovidius University of Constanta,my_dataset_doi,UoC,Checklist of introduced taxa in Romania,OSROUCKL6A6U40V31SX21D,"Aphis (Aphis) forbesi Weed, 1889",Animalia,Arthropoda,Insecta,Hemiptera,Aphididae,Aphis,species,ICZN
en,CC BY 4.0,Ovidius University of Constanta,my_dataset_doi,UoC,Checklist of introduced taxa in Romania,OSROUCKL6BSOD3M1AEHXWG,"Sinanodonta woodiana (I. Lea, 1834)",Animalia,Mollusca,Bivalvia,Unionida,Unionidae,Sinanodonta,species,ICZN
en,CC BY 4.0,Ovidius University of Constanta,my_dataset_doi,UoC,Checklist of introduced taxa in Romania,OSROUCKL6DLZM9DC4GZPTU,"Trioza neglecta Loginova, 1978",Animalia,Arthropoda,Insecta,Hemiptera,Triozidae,Trioza,species,ICZN
en,CC BY 4.0,Ovidius University of Constanta,my_dataset_doi,UoC,Checklist of introduced taxa in Romania,OSROUCKL6DYNFOKO1QN9J9,"Tinocallis (Sappocallis) saltans (Nevsky, 1929)",Animalia,Arthropoda,Insecta,Hemiptera,Aphididae,Tinocallis,species,ICZN
en,CC BY 4.0,Ovidius University of Constanta,my_dataset_doi,UoC,Checklist of introduced taxa in Romania,OSROUCKL6K58JYJALN9HJA,"Varroa destructor Anderson & Trueman, 2000",Animalia,Arthropoda,Arachnida,Mesostigmata,Varroidae,Varroa,species,ICZN
en,CC BY 4.0,Ovidius University of Constanta,my_dataset_doi,UoC,Checklist of introduced taxa in Romania,OSROUCKL6LNCWHBUEHXGTU,"Halyomorpha halys (Stål, 1855)",Animalia,Arthropoda,Insecta,Hemiptera,Pentatomidae,Halyomorpha,species,ICZN
en,CC BY 4.0,Ovidius University of Constanta,my_dataset_doi,UoC,Checklist of introduced taxa in Romania,OSROUCKL6M2IACEX3Q8AAO,"Diaspis echinocacti (Bouché, 1833)",Animalia,Arthropoda,Insecta,Hemiptera,Diaspididae,Diaspis,species,ICZN
en,CC BY 4.0,Ovidius University of Constanta,my_dataset_doi,UoC,Checklist of introduced taxa in Romania,OSROUCKL6N2D1T7A5NMALH,"Mediodactylus kotschyi (Steindachner, 1870)",Animalia,Chordata,Reptilia,Squamata,Gekkonidae,Mediodactylus,species,ICZN
en,CC BY 4.0,Ovidius University of Constanta,my_dataset_doi,UoC,Checklist of introduced taxa in Romania,OSROUCKL6NQ8WEKQRMYYB5,"Lepidosaphes gloverii (Packard, 1869)",Animalia,Arthropoda,Insecta,Hemiptera,Diaspididae,Lepidosaphes,species,ICZN
en,CC BY 4.0,Ovidius University of Constanta,my_dataset_doi,UoC,Checklist of introduced taxa in Romania,OSROUCKL6NQV1WGPA9JR5J,Azolla filiculoides Lam.,Plantae,Tracheophyta,Polypodiopsida,Salviniales,Salviniaceae,Azolla,species,ICN
en,CC BY 4.0,Ovidius University of Constanta,my_dataset_doi,UoC,Checklist of introduced taxa in Romania,OSROUCKL6U22ZFHJU285LL,"Hyphantria cunea (Drury, 1773)",Animalia,Arthropoda,Insecta,Lepidoptera,Erebidae,Hyphantria,species,ICZN
en,CC BY 4.0,Ovidius University of Constanta,my_dataset_doi,UoC,Checklist of introduced taxa in Romania,OSROUCKL6UZY7CL470DOMN,"Caromiobenella helgolandica (Claus, 1863)",Animalia,Arthropoda,Copepoda,Monstrilloida,Monstrillidae,Monstrilla,species,ICZN
en,CC BY 4.0,Ovidius University of Constanta,my_dataset_doi,UoC,Checklist of introduced taxa in Romania,OSROUCKL6VXI9U1X1I0VXF,"Diuraphis (Diuraphis) muehlei (Börner, 1950)",Animalia,Arthropoda,Insecta,Hemiptera,Aphididae,Diuraphis,species,ICZN
en,CC BY 4.0,Ovidius University of Constanta,my_dataset_doi,UoC,Checklist of introduced taxa in Romania,OSROUCKL6XYX3U86YZI4D1,Amaranthus blitoides S.Watson,Plantae,Tracheophyta,Magnoliopsida,Caryophyllales,Amaranthaceae,Amaranthus,species,ICN
en,CC BY 4.0,Ovidius University of Constanta,my_dataset_doi,UoC,Checklist of introduced taxa in Romania,OSROUCKL759HW84STSFDA9,"Megastigmus wachtli Steiner, 1916",Animalia,Arthropoda,Insecta,Hymenoptera,Megastigmidae,Megastigmus,species,ICZN
en,CC BY 4.0,Ovidius University of Constanta,my_dataset_doi,UoC,Checklist of introduced taxa in Romania,OSROUCKL76JMDHTO34DSIF,"Dryocosmus kuriphilus Yasumatsu, 1951",Animalia,Arthropoda,Insecta,Hymenoptera,Cynipidae,Dryocosmus,species,ICZN
en,CC BY 4.0,Ovidius University of Constanta,my_dataset_doi,UoC,Checklist of introduced taxa in Romania,OSROUCKL76MHABQ0OMZ2B3,"Oithona davisae Ferrari F.D. & Orsi, 1984",Animalia,Arthropoda,Copepoda,Cyclopoida,Oithonidae,Oithona,species,ICZN
en,CC BY 4.0,Ovidius University of Constanta,my_dataset_doi,UoC,Checklist of introduced taxa in Romania,OSROUCKL774NGUMUU3A1OH,"Tribolium confusum Jaquelin Du Val, 1868",Animalia,Arthropoda,Insecta,Coleoptera,Tenebrionidae,Tribolium,species,ICZN
en,CC BY 4.0,Ovidius University of Constanta,my_dataset_doi,UoC,Checklist of introduced taxa in Romania,OSROUCKL78L4BS18IWMTOK,"Rhopalosiphoninus (Rhopalosiphoninus) latysiphon (Davidson, 1912)",Animalia,Arthropoda,Insecta,Hemiptera,Aphididae,Rhopalosiphoninus,species,ICZN
en,CC BY 4.0,Ovidius University of Constanta,my_dataset_doi,UoC,Checklist of introduced taxa in Romania,OSROUCKL79I0PMMDIEY130,"Hypoponera punctatissima (Roger, 1859)",Animalia,Arthropoda,Insecta,Hymenoptera,Formicidae,Hypoponera,species,ICZN
en,CC BY 4.0,Ovidius University of Constanta,my_dataset_doi,UoC,Checklist of introduced taxa in Romania,OSROUCKL7A5P5U2OH58XOQ,"Piaractus brachypomus (Cuvier, 1818)",Animalia,Chordata,Actinopterygii,Characiformes,Serrasalmidae,Piaractus,species,ICZN
en,CC BY 4.0,Ovidius University of Constanta,my_dataset_doi,UoC,Checklist of introduced taxa in Romania,OSROUCKL7A5XTJEPJ26PBH,Spalangia cameroni Perkins 1910,Animalia,Arthropoda,Insecta,Hymenoptera,Spalangiidae,Spalangia,species,ICZN
en,CC BY 4.0,Ovidius University of Constanta,my_dataset_doi,UoC,Checklist of introduced taxa in Romania,OSROUCKL7CVEYUOUZ6DW7X,"Isodontia mexicana (de Saussure, 1867)",Animalia,Arthropoda,Insecta,Hymenoptera,Sphecidae,Isodontia,species,ICZN
en,CC BY 4.0,Ovidius University of Constanta,my_dataset_doi,UoC,Checklist of introduced taxa in Romania,OSROUCKL7LJL7Y56XKFT6O,"Xylographus bostrichoides (Dufour, 1843)",Animalia,Arthropoda,Insecta,Coleoptera,Ciidae,Xylographus,species,ICZN
en,CC BY 4.0,Ovidius University of Constanta,my_dataset_doi,UoC,Checklist of introduced taxa in Romania,OSROUCKL7MU64IBTUVS1FJ,"Pinnaspis aspidistrae (Signoret, 1869)",Animalia,Arthropoda,Insecta,Hemiptera,Diaspididae,Pinnaspis,species,ICZN
en,CC BY 4.0,Ovidius University of Constanta,my_dataset_doi,UoC,Checklist of introduced taxa in Romania,OSROUCKL7RIBPZZIKONCC7,"Diabrotica virgifera J. L. LeConte, 1868",Animalia,Arthropoda,Insecta,Coleoptera,Chrysomelidae,Diabrotica,species,ICZN
en,CC BY 4.0,Ovidius University of Constanta,my_dataset_doi,UoC,Checklist of introduced taxa in Romania,OSROUCKL7TUGG63WLMT3RV,Artemisia annua L.,Plantae,Tracheophyta,Magnoliopsida,Asterales,Asteraceae,Artemisia,species,ICN
en,CC BY 4.0,Ovidius University of Constanta,my_dataset_doi,UoC,Checklist of introduced taxa in Romania,OSROUCKL7UDE7LHF5Y2KBA,"Onchocleidus dispar Mueller, 1936",Animalia,Platyhelminthes,Monogenea,Dactylogyridea,Ancyrocephalidae,Onchocleidus,species,ICZN
en,CC BY 4.0,Ovidius University of Constanta,my_dataset_doi,UoC,Checklist of introduced taxa in Romania,OSROUCKL7Y4SL670315Y3H,"Urocorycaeus furcifer (Claus, 1863)",Animalia,Arthropoda,Copepoda,Cyclopoida,Corycaeidae,Urocorycaeus,species,ICZN
en,CC BY 4.0,Ovidius University of Constanta,my_dataset_doi,UoC,Checklist of introduced taxa in Romania,OSROUCKL7YLMS53UAKTYX2,"Pineus (Pineus) pini (Goeze, 1778)",Animalia,Arthropoda,Insecta,Hemiptera,Adelgidae,Pineus,species,ICZN
en,CC BY 4.0,Ovidius University of Constanta,my_dataset_doi,UoC,Checklist of introduced taxa in Romania,OSROUCKL83HR9IOEY5IIZ2,"Cadra calidella Guenée, 1845",Animalia,Arthropoda,Insecta,Lepidoptera,Pyralidae,Cadra,species,ICZN
en,CC BY 4.0,Ovidius University of Constanta,my_dataset_doi,UoC,Checklist of introduced taxa in Romania,OSROUCKL8A813YVFTRT99N,"Blatta orientalis Linnaeus, 1758",Animalia,Arthropoda,Insecta,Blattodea,Blattidae,Blatta,species,ICZN
en,CC BY 4.0,Ovidius University of Constanta,my_dataset_doi,UoC,Checklist of introduced taxa in Romania,OSROUCKL8B0NPDQ55Y7FDJ,Ambrosia artemisiifolia L.,Plantae,Tracheophyta,Magnoliopsida,Asterales,Asteraceae,Ambrosia,species,ICN
en,CC BY 4.0,Ovidius University of Constanta,my_dataset_doi,UoC,Checklist of introduced taxa in Romania,OSROUCKL8BGAQNOMQ41VEH,"Pulvinaria regalis Canard, 1968",Animalia,Arthropoda,Insecta,Hemiptera,Coccidae,Pulvinaria,species,ICZN
en,CC BY 4.0,Ovidius University of Constanta,my_dataset_doi,UoC,Checklist of introduced taxa in Romania,OSROUCKL8E35D3XENU0DVN,"Perillus bioculatus (Fabricius, 1775)",Animalia,Arthropoda,Insecta,Hemiptera,Pentatomidae,Perillus,species,ICZN
en,CC BY 4.0,Ovidius University of Constanta,my_dataset_doi,UoC,Checklist of introduced taxa in Romania,OSROUCKL8GT24IPWETB422,"Phyllocnistis vitegenella Clemens, 1859",Animalia,Arthropoda,Insecta,Lepidoptera,Gracillariidae,Phyllocnistis,species,ICZN
en,CC BY 4.0,Ovidius University of Constanta,my_dataset_doi,UoC,Checklist of introduced taxa in Romania,OSROUCKL8HJ90UUAB04FGY,"Cryptophagus cellaris (Scopoli, 1763)",Animalia,Arthropoda,Insecta,Coleoptera,Cryptophagidae,Cryptophagus,species,ICZN
en,CC BY 4.0,Ovidius University of Constanta,my_dataset_doi,UoC,Checklist of introduced taxa in Romania,OSROUCKL8HXHHTERWX30R8,"Verruca spengleri Darwin, 1854",Animalia,Arthropoda,Thecostraca,Verrucomorpha,Verrucidae,Verruca,species,ICZN
en,CC BY 4.0,Ovidius University of Constanta,my_dataset_doi,UoC,Checklist of introduced taxa in Romania,OSROUCKL8P9BUUYWSSRAA9,"Myocastor coypus (Molina, 1782)",Animalia,Chordata,Mammalia,Rodentia,Echimyidae,Myocastor,species,ICZN
en,CC BY 4.0,Ovidius University of Constanta,my_dataset_doi,UoC,Checklist of introduced taxa in Romania,OSROUCKL8R9F8DJ789W7TX,"Omonadus floralis (Linnaeus, 1758)",Animalia,Arthropoda,Insecta,Coleoptera,Anthicidae,Omonadus,species,ICZN
en,CC BY 4.0,Ovidius University of Constanta,my_dataset_doi,UoC,Checklist of introduced taxa in Romania,OSROUCKL8S0RORMVEHC3V2,"Stelidota geminata (Say, 1825)",Animalia,Arthropoda,Insecta,Coleoptera,Nitidulidae,Stelidota,species,ICZN
en,CC BY 4.0,Ovidius University of Constanta,my_dataset_doi,UoC,Checklist of introduced taxa in Romania,OSROUCKL8WJ5OMIG8F4938,"Hemiberlesia rapax (Comstock, 1881)",Animalia,Arthropoda,Insecta,Hemiptera,Diaspididae,Hemiberlesia,species,ICZN
en,CC BY 4.0,Ovidius University of Constanta,my_dataset_doi,UoC,Checklist of introduced taxa in Romania,OSROUCKL8Z72IPX9LPVWB5,"Phyllocnistis citrella Stainton, 1856",Animalia,Arthropoda,Insecta,Lepidoptera,Gracillariidae,Phyllocnistis,species,ICZN
en,CC BY 4.0,Ovidius University of Constanta,my_dataset_doi,UoC,Checklist of introduced taxa in Romania,OSROUCKL8ZJ6N1BDZ5OYN8,"Parasteatoda tepidariorum (C. L. Koch, 1841)",Animalia,Arthropoda,Arachnida,Araneae,Theridiidae,Parasteatoda,species,ICZN
en,CC BY 4.0,Ovidius University of Constanta,my_dataset_doi,UoC,Checklist of introduced taxa in Romania,OSROUCKL90DRQOOD9WSJVP,"Phyllonorycter leucographella (Zeller, 1850)",Animalia,Arthropoda,Insecta,Lepidoptera,Gracillariidae,Phyllonorycter,species,ICZN
en,CC BY 4.0,Ovidius University of Constanta,my_dataset_doi,UoC,Checklist of introduced taxa in Romania,OSROUCKL9AIFW8ZK8TYRDK,"Rattus norvegicus (Berkenhout, 1769)",Animalia,Chordata,Mammalia,Rodentia,Muridae,Rattus,species,ICZN
en,CC BY 4.0,Ovidius University of Constanta,my_dataset_doi,UoC,Checklist of introduced taxa in Romania,OSROUCKL9ANSG3LDTNWHN5,"Anadara kagoshimensis (Tokunaga, 1906)",Animalia,Mollusca,Bivalvia,Arcida,Arcidae,Anadara,species,ICZN
en,CC BY 4.0,Ovidius University of Constanta,my_dataset_doi,UoC,Checklist of introduced taxa in Romania,OSROUCKL9BNG2AHOG0WF82,"Rhipicephalus rossicus Yakimov & Kol-Yakimova, 1911",Animalia,Arthropoda,Arachnida,Ixodida,Ixodidae,Rhipicephalus,species,ICZN
en,CC BY 4.0,Ovidius University of Constanta,my_dataset_doi,UoC,Checklist of introduced taxa in Romania,OSROUCKL9C2NHM9CJDWL6Q,"Bruchophagus robiniae Zerova, 1970",Animalia,Arthropoda,Insecta,Hymenoptera,Eurytomidae,Bruchophagus,species,ICZN
en,CC BY 4.0,Ovidius University of Constanta,my_dataset_doi,UoC,Checklist of introduced taxa in Romania,OSROUCKL9FZ6PHYKDM5OP0,Lamyctes (Lamyctes) emarginatus Newport (1844),Animalia,Arthropoda,Chilopoda,Lithobiomorpha,Henicopidae,Lamyctes,species,ICZN
en,CC BY 4.0,Ovidius University of Constanta,my_dataset_doi,UoC,Checklist of introduced taxa in Romania,OSROUCKL9HMJIIOKS2PO92,"Pseudaulacaspis pentagona (Targioni Tozzetti, 1886)",Animalia,Arthropoda,Insecta,Hemiptera,Diaspididae,Pseudaulacaspis,species,ICZN
en,CC BY 4.0,Ovidius University of Constanta,my_dataset_doi,UoC,Checklist of introduced taxa in Romania,OSROUCKL9J3ZPJYMX080QA,Berberis thunbergii DC.,Plantae,Tracheophyta,Magnoliopsida,Ranunculales,Berberidaceae,Berberis,species,ICN
en,CC BY 4.0,Ovidius University of Constanta,my_dataset_doi,UoC,Checklist of introduced taxa in Romania,OSROUCKL9LLMJNGTNXLHOQ,"Bruchidius terrenus (Sharp, 1886)",Animalia,Arthropoda,Insecta,Coleoptera,Chrysomelidae,Bruchidius,species,ICZN
en,CC BY 4.0,Ovidius University of Constanta,my_dataset_doi,UoC,Checklist of introduced taxa in Romania,OSROUCKL9QT94O9UFHSYY6,"Aix sponsa (Linnaeus, 1758)",Animalia,Chordata,Aves,Anseriformes,Anatidae,Aix,species,ICZN
en,CC BY 4.0,Ovidius University of Constanta,my_dataset_doi,UoC,Checklist of introduced taxa in Romania,OSROUCKL9TPHK5FXZXZQKW,"Branchiura sowerbyi Beddard, 1892",Animalia,Annelida,Clitellata,Tubificida,Naididae,Branchiura,species,ICZN
en,CC BY 4.0,Ovidius University of Constanta,my_dataset_doi,UoC,Checklist of introduced taxa in Romania,OSROUCKL9VDEA26R4QURQ7,"Philonthus (Philonthus) rectangulus Sharp, 1874",Animalia,Arthropoda,Insecta,Coleoptera,Staphylinidae,Philonthus,species,ICZN
en,CC BY 4.0,Ovidius University of Constanta,my_dataset_doi,UoC,Checklist of introduced taxa in Romania,OSROUCKL9WKIT9LT0H2H3Z,"Graptemys ouachitensis Cagle, 1953",Animalia,Chordata,Reptilia,Testudines,Emydidae,Graptemys,species,ICZN
en,CC BY 4.0,Ovidius University of Constanta,my_dataset_doi,UoC,Checklist of introduced taxa in Romania,OSROUCKL9WRF49ESWJT8TP,"Mythimna (Pseudaletia) unipuncta (Haworth, 1809)",Animalia,Arthropoda,Insecta,Lepidoptera,Noctuidae,Mythimna,species,ICZN
en,CC BY 4.0,Ovidius University of Constanta,my_dataset_doi,UoC,Checklist of introduced taxa in Romania,OSROUCKL9ZC7C01995F7PB,"Amphibalanus amphitrite (Darwin, 1854)",Animalia,Arthropoda,Thecostraca,Balanomorpha,Balanidae,Amphibalanus,species,ICZN
en,CC BY 4.0,Ovidius University of Constanta,my_dataset_doi,UoC,Checklist of introduced taxa in Romania,OSROUCKLA0JVXHUAJ0IXW2,"Arion vulgaris Moquin-Tandon, 1855",Animalia,Mollusca,Gastropoda,Stylommatophora,Arionidae,Arion,species,ICZN
en,CC BY 4.0,Ovidius University of Constanta,my_dataset_doi,UoC,Checklist of introduced taxa in Romania,OSROUCKLA6X45SQLV8DY19,"Eudoxoides spiralis (Bigelow, 1911)",Animalia,Cnidaria,Hydrozoa,Siphonophorae,Diphyidae,Eudoxoides,species,ICZN
en,CC BY 4.0,Ovidius University of Constanta,my_dataset_doi,UoC,Checklist of introduced taxa in Romania,OSROUCKLAF0ZPNGG2B26W3,"Dama dama (Linnaeus, 1758)",Animalia,Chordata,Mammalia,Artiodactyla,Cervidae,Dama,species,ICZN
en,CC BY 4.0,Ovidius University of Constanta,my_dataset_doi,UoC,Checklist of introduced taxa in Romania,OSROUCKLAFBAFXBNWWDW0K,"Sebastes schlegelii Hilgendorf, 1880",Animalia,Chordata,Actinopterygii,Perciformes,Sebastidae,Sebastes,species,ICZN
en,CC BY 4.0,Ovidius University of Constanta,my_dataset_doi,UoC,Checklist of introduced taxa in Romania,OSROUCKLAGTFS7SXDKLPWU,Samia cynthia Drury 1773,Animalia,Arthropoda,Insecta,Lepidoptera,Saturnidae,Samia,species,ICZN
en,CC BY 4.0,Ovidius University of Constanta,my_dataset_doi,UoC,Checklist of introduced taxa in Romania,OSROUCKLAHEFBA5YQBUSML,"Antheraea yamamai (Guérin-Méneville, 1861)",Animalia,Arthropoda,Insecta,Lepidoptera,Saturnidae,Antheraea,species,ICZN
en,CC BY 4.0,Ovidius University of Constanta,my_dataset_doi,UoC,Checklist of introduced taxa in Romania,OSROUCKLAHP779QEW86E03,Arundo donax L.,Plantae,Tracheophyta,Liliopsida,Poales,Poaceae,Arundo,species,ICN
en,CC BY 4.0,Ovidius University of Constanta,my_dataset_doi,UoC,Checklist of introduced taxa in Romania,OSROUCKLAJIZG4XT7NSW6J,"Pulvinaria floccifera (Westwood, 1870)",Animalia,Arthropoda,Insecta,Hemiptera,Coccidae,Pulvinaria,species,ICZN
en,CC BY 4.0,Ovidius University of Constanta,my_dataset_doi,UoC,Checklist of introduced taxa in Romania,OSROUCKLAK22D2THM63K6J,"Stenchaetothrips biformis (Bagnall, 1913)",Animalia,Arthropoda,Insecta,Thysanoptera,Thripidae,Stenchaetothrips,species,ICZN
en,CC BY 4.0,Ovidius University of Constanta,my_dataset_doi,UoC,Checklist of introduced taxa in Romania,OSROUCKLAKKWX3ELS4IHAT,"Corythucha ciliata (Say, 1832)",Animalia,Arthropoda,Insecta,Hemiptera,Tingidae,Corythucha,species,ICZN
en,CC BY 4.0,Ovidius University of Constanta,my_dataset_doi,UoC,Checklist of introduced taxa in Romania,OSROUCKLAKXWU68AXDHT5J,Amaranthus deflexus L.,Plantae,Tracheophyta,Magnoliopsida,Caryophyllales,Amaranthaceae,Amaranthus,species,ICN
en,CC BY 4.0,Ovidius University of Constanta,my_dataset_doi,UoC,Checklist of introduced taxa in Romania,OSROUCKLANSLKPX5RLH5JK,"Palaemon macrodactylus M. J. Rathbun, 1902",Animalia,Arthropoda,Malacostraca,Decapoda,Palaemonidae,Palaemon,species,ICZN
en,CC BY 4.0,Ovidius University of Constanta,my_dataset_doi,UoC,Checklist of introduced taxa in Romania,OSROUCKLAP96KBHHJ2L1WF,"Menetus dilatatus (A. A. Gould, 1841)",Animalia,Mollusca,Gastropoda,Pulmonata,Planorbidae,Menetus,species,ICZN
en,CC BY 4.0,Ovidius University of Constanta,my_dataset_doi,UoC,Checklist of introduced taxa in Romania,OSROUCKLAVP5DHIS9187Y0,"Rhyzopertha dominica (Fabricius, 1792)",Animalia,Arthropoda,Insecta,Coleoptera,Bostrichidae,Rhyzopertha,species,ICZN
en,CC BY 4.0,Ovidius University of Constanta,my_dataset_doi,UoC,Checklist of introduced taxa in Romania,OSROUCKLAXNPBNLE6CLGL3,"Scaphoideus (Scaphoideus) titanus Ball, 1932",Animalia,Arthropoda,Insecta,Hemiptera,Cicadellidae,Scaphoideus,species,ICZN
en,CC BY 4.0,Ovidius University of Constanta,my_dataset_doi,UoC,Checklist of introduced taxa in Romania,OSROUCKLAYOR2EQ1BZ5JNS,Artemisia umbrosa Turcz. ex DC.,Plantae,Tracheophyta,Magnoliopsida,Asterales,Asteraceae,Artemisia,species,ICN
en,CC BY 4.0,Ovidius University of Constanta,my_dataset_doi,UoC,Checklist of introduced taxa in Romania,OSROUCKLAZTI9DNRDWAKP3,"Eriococcus glyceriae Green, 1921",Animalia,Arthropoda,Insecta,Hemiptera,Eriococcidae,Kaweckia,species,ICZN
en,CC BY 4.0,Ovidius University of Constanta,my_dataset_doi,UoC,Checklist of introduced taxa in Romania,OSROUCKLB3H53VGDAAXR0T,"Nezara viridula (Linnaeus, 1758)",Animalia,Arthropoda,Insecta,Hemiptera,Pentatomidae,Nezara,species,ICZN
en,CC BY 4.0,Ovidius University of Constanta,my_dataset_doi,UoC,Checklist of introduced taxa in Romania,OSROUCKLB7VPHJBQ1MSBN9,"Toxoptera aurantii Boyer de Fonscolombe, 1841",Animalia,Arthropoda,Insecta,Hemiptera,Aphididae,Toxoptera,species,ICZN
en,CC BY 4.0,Ovidius University of Constanta,my_dataset_doi,UoC,Checklist of introduced taxa in Romania,OSROUCKLB8RK9VLNINADCM,"Glischrochilus quadrisignatus (Say, 1835)",Animalia,Arthropoda,Insecta,Coleoptera,Nitidulidae,Glischrochilus,species,ICZN
en,CC BY 4.0,Ovidius University of Constanta,my_dataset_doi,UoC,Checklist of introduced taxa in Romania,OSROUCKLBA0FNRZ9VHDD4Z,"Melopsittacus undulatus (Shaw, 1805)",Animalia,Chordata,Aves,Psittaciformes,Psittaculidae,Melopsittacus,species,ICZN
en,CC BY 4.0,Ovidius University of Constanta,my_dataset_doi,UoC,Checklist of introduced taxa in Romania,OSROUCKLBAW4D4W8N28LGV,"Harmonia axyridis (Pallas, 1773)",Animalia,Arthropoda,Insecta,Coleoptera,Coccinellidae,Harmonia,species,ICZN
en,CC BY 4.0,Ovidius University of Constanta,my_dataset_doi,UoC,Checklist of introduced taxa in Romania,OSROUCKLBBMABMRMV5Y21C,Bidens connata Muhl. ex Willd.,Plantae,Tracheophyta,Magnoliopsida,Asterales,Asteraceae,Bidens,species,ICN
en,CC BY 4.0,Ovidius University of Constanta,my_dataset_doi,UoC,Checklist of introduced taxa in Romania,OSROUCKLBD64H3DZBYFXPU,"Hoplothrips lichenis Knechtel, 1954",Animalia,Arthropoda,Insecta,Thysanoptera,Phlaeothripidae,Hoplothrips,species,ICZN
en,CC BY 4.0,Ovidius University of Constanta,my_dataset_doi,UoC,Checklist of introduced taxa in Romania,OSROUCKLBHCPFBCC6RQ7M9,"Tuta absoluta (Meyrick, 1917)",Animalia,Arthropoda,Insecta,Lepidoptera,Gelechiidae,Tuta,species,ICZN
en,CC BY 4.0,Ovidius University of Constanta,my_dataset_doi,UoC,Checklist of introduced taxa in Romania,OSROUCKLBHYKLNU4073FW9,"Neocalanus gracilis (Dana, 1849-1852)",Animalia,Arthropoda,Copepoda,Calanoida,Calanidae,Neocalanus,species,ICZN
en,CC BY 4.0,Ovidius University of Constanta,my_dataset_doi,UoC,Checklist of introduced taxa in Romania,OSROUCKLBIKI4QF5W8COJ1,"Fiorinia fioriniae (Targioni Tozzetti, 1867)",Animalia,Arthropoda,Insecta,Hemiptera,Diaspididae,Fiorinia,species,ICZN
en,CC BY 4.0,Ovidius University of Constanta,my_dataset_doi,UoC,Checklist of introduced taxa in Romania,OSROUCKLBIR5QHJR8T8WZD,Amaranthus blitum L.,Plantae,Tracheophyta,Magnoliopsida,Caryophyllales,Amaranthaceae,Amaranthus,species,ICN
en,CC BY 4.0,Ovidius University of Constanta,my_dataset_doi,UoC,Checklist of introduced taxa in Romania,OSROUCKLBJE6TCUG35H9JN,"Lamprodila festiva (Linnaeus, 1767)",Animalia,Arthropoda,Insecta,Coleoptera,Buprestidae,Lamprodila,species,ICZN
en,CC BY 4.0,Ovidius University of Constanta,my_dataset_doi,UoC,Checklist of introduced taxa in Romania,OSROUCKLBL7N6FOV8URHTE,Amaranthus cruentus L.,Plantae,Tracheophyta,Magnoliopsida,Caryophyllales,Amaranthaceae,Amaranthus,species,ICN
en,CC BY 4.0,Ovidius University of Constanta,my_dataset_doi,UoC,Checklist of introduced taxa in Romania,OSROUCKLBMVS7X8QBH8AYO,"Lasius neglectus Van Loon et al., 1990",Animalia,Arthropoda,Insecta,Hymenoptera,Formicidae,Lasius,species,ICZN
en,CC BY 4.0,Ovidius University of Constanta,my_dataset_doi,UoC,Checklist of introduced taxa in Romania,OSROUCKLBWCBABDRLX224Z,"Macropsis (Macropsis) elaeagni Emeljanov, 1964",Animalia,Arthropoda,Insecta,Hemiptera,Cicadellidae,Macropsis,species,ICZN
en,CC BY 4.0,Ovidius University of Constanta,my_dataset_doi,UoC,Checklist of introduced taxa in Romania,OSROUCKLC0OI0EUTWIEWZS,"Rhincalanus nasutus Giesbrecht, 1888",Animalia,Arthropoda,Copepoda,Calanoida,Rhincalanidae,Rhincalanus,species,ICZN
en,CC BY 4.0,Ovidius University of Constanta,my_dataset_doi,UoC,Checklist of introduced taxa in Romania,OSROUCKLC5QQI20D44YAJP,"Agetus flaccus (Giesbrecht, 1891)",Animalia,Arthropoda,Copepoda,Cyclopoida,Corycaeidae,Agetus,species,ICZN
en,CC BY 4.0,Ovidius University of Constanta,my_dataset_doi,UoC,Checklist of introduced taxa in Romania,OSROUCKLCAH7AKUQGVKPYI,"Anisopteromalus calandrae (Howard, 1881)",Animalia,Arthropoda,Insecta,Hymenoptera,Pteromalidae,Anisopteromalus,species,ICZN
en,CC BY 4.0,Ovidius University of Constanta,my_dataset_doi,UoC,Checklist of introduced taxa in Romania,OSROUCKLCAOTH7H5UPEDO9,Amaranthus crispus (Lesp. & Thévenau) N.Terracc.,Plantae,Tracheophyta,Magnoliopsida,Caryophyllales,Amaranthaceae,Amaranthus,species,ICN
en,CC BY 4.0,Ovidius University of Constanta,my_dataset_doi,UoC,Checklist of introduced taxa in Romania,OSROUCKLCAWIP0YJRMIPB1,"Coccus hesperidum Linnaeus, 1758",Animalia,Arthropoda,Insecta,Hemiptera,Coccidae,Coccus,species,ICZN
en,CC BY 4.0,Ovidius University of Constanta,my_dataset_doi,UoC,Checklist of introduced taxa in Romania,OSROUCKLCD19GG8IYA4KN3,"Alitta succinea (Leuckart, 1847)",Animalia,Annelida,Polychaeta,Phyllodocida,Nereidae,Alitta,species,ICZN
en,CC BY 4.0,Ovidius University of Constanta,my_dataset_doi,UoC,Checklist of introduced taxa in Romania,OSROUCKLCDDTOWKG0EPSJT,"Physella acuta (Draparnaud, 1805)",Animalia,Mollusca,Gastropoda,Pulmonata,Physidae,Physella,species,ICZN
en,CC BY 4.0,Ovidius University of Constanta,my_dataset_doi,UoC,Checklist of introduced taxa in Romania,OSROUCKLCDU2DJ2CI5FPM0,"Aculops allotrichus (Nalepa, 1894)",Animalia,Arthropoda,Arachnida,Sarcoptiformes,Eriophyidae,Aculops,species,ICZN
en,CC BY 4.0,Ovidius University of Constanta,my_dataset_doi,UoC,Checklist of introduced taxa in Romania,OSROUCKLCELRWYUESTL2HG,"Aphis (Aphis) nerii Boyer de Fonscolombe, 1841",Animalia,Arthropoda,Insecta,Hemiptera,Aphididae,Aphis,species,ICZN
en,CC BY 4.0,Ovidius University of Constanta,my_dataset_doi,UoC,Checklist of introduced taxa in Romania,OSROUCKLCF3ZEFMTLHT3OW,"Cymbasoma thompsonii (Giesbrecht, 1893)",Animalia,Arthropoda,Copepoda,Monstrilloida,Monstrillidae,Cymbasoma,species,ICZN
en,CC BY 4.0,Ovidius University of Constanta,my_dataset_doi,UoC,Checklist of introduced taxa in Romania,OSROUCKLCG0C7MTYW8CTKZ,"Armoracia rusticana G.Gaertn., B.Mey. & Scherb.",Plantae,Tracheophyta,Magnoliopsida,Brassicales,Brassicaceae,Armoracia,species,ICN
en,CC BY 4.0,Ovidius University of Constanta,my_dataset_doi,UoC,Checklist of introduced taxa in Romania,OSROUCKLCIFCQUZ1XAW8G4,"Teredo navalis Linnaeus, 1758",Animalia,Mollusca,Bivalvia,Myida,Teredinidae,Teredo,species,ICZN
en,CC BY 4.0,Ovidius University of Constanta,my_dataset_doi,UoC,Checklist of introduced taxa in Romania,OSROUCKLCNSAFOL7USBWLJ,"Samia ricini (Jones, 1791)",Animalia,Arthropoda,Insecta,Lepidoptera,Saturnidae,Samia,species,ICZN
en,CC BY 4.0,Ovidius University of Constanta,my_dataset_doi,UoC,Checklist of introduced taxa in Romania,OSROUCKLCQ63QEURXVTZT1,"Meloidogyne arenaria (Neal, 1889) Chitwood, 1949",Animalia,Nematoda,Chromadorea,Rhabditida,Meloidogynidae,Meloidogyne,species,ICZN
en,CC BY 4.0,Ovidius University of Constanta,my_dataset_doi,UoC,Checklist of introduced taxa in Romania,OSROUCKLCW2DWRACSTWUUF,"Heteronchocleidus buschkieli Bychowsky, 1957",Animalia,Platyhelminthes,Monogenea,Dactylogyridea,Ancyrocephalidae,Heteronchocleidus,species,ICZN
en,CC BY 4.0,Ovidius University of Constanta,my_dataset_doi,UoC,Checklist of introduced taxa in Romania,OSROUCKLCXPO37R14UT8IJ,"Polydora websteri Hartman in Loosanoff & Engle, 1943",Animalia,Annelida,Polychaeta,Spionida,Spionidae,Polydora,species,ICZN
en,CC BY 4.0,Ovidius University of Constanta,my_dataset_doi,UoC,Checklist of introduced taxa in Romania,OSROUCKLDB2X6I4BF6NAUO,"Ponometia candefacta (Hübner, 1831)",Animalia,Arthropoda,Insecta,Lepidoptera,Noctuidae,Ponometia,species,ICZN
en,CC BY 4.0,Ovidius University of Constanta,my_dataset_doi,UoC,Checklist of introduced taxa in Romania,OSROUCKLDG0G9Q6YSY9J0Q,"Sitophilus oryzae Hustache, A., 1930",Animalia,Arthropoda,Insecta,Coleoptera,Curculionidae,Sitophilus,species,ICZN
en,CC BY 4.0,Ovidius University of Constanta,my_dataset_doi,UoC,Checklist of introduced taxa in Romania,OSROUCKLDJYJYTLP2L5FGU,"Appendiseta robiniae (Gillette, 1907)",Animalia,Arthropoda,Insecta,Hemiptera,Aphididae,Appendiseta,species,ICZN
en,CC BY 4.0,Ovidius University of Constanta,my_dataset_doi,UoC,Checklist of introduced taxa in Romania,OSROUCKLDKFRQE8JWFDNCS,"Blackfordia virginica Mayer, 1910",Animalia,Cnidaria,Hydrozoa,Leptothecata,Blackfordiidae,Blackfordia,species,ICZN
en,CC BY 4.0,Ovidius University of Constanta,my_dataset_doi,UoC,Checklist of introduced taxa in Romania,OSROUCKLDMNFR2ALDZQMN9,"Argyresthia trifasciata Staudinger, 1871",Animalia,Arthropoda,Insecta,Lepidoptera,Argyresthiidae,Argyresthia,species,ICZN
en,CC BY 4.0,Ovidius University of Constanta,my_dataset_doi,UoC,Checklist of introduced taxa in Romania,OSROUCKLDNMMRBPMWKRXW1,"Hemiberlesia lataniae (Signoret, 1869)",Animalia,Arthropoda,Insecta,Hemiptera,Diaspididae,Hemiberlesia,species,ICZN
en,CC BY 4.0,Ovidius University of Constanta,my_dataset_doi,UoC,Checklist of introduced taxa in Romania,OSROUCKLDTE4LONMKRF2M9,"Amphiglena mediterranea (Leydig, 1851)",Animalia,Annelida,Polychaeta,Sabellida,Sabellidae,Amphiglena,species,ICZN
en,CC BY 4.0,Ovidius University of Constanta,my_dataset_doi,UoC,Checklist of introduced taxa in Romania,OSROUCKLDWBDKD16DECDUD,"Panaphis juglandis (Goeze, 1778)",Animalia,Arthropoda,Insecta,Hemiptera,Aphididae,Panaphis,species,ICZN
en,CC BY 4.0,Ovidius University of Constanta,my_dataset_doi,UoC,Checklist of introduced taxa in Romania,OSROUCKLDWWXJSUL7KBC7L,"Acanalonia conica (Say, 1830)",Animalia,Arthropoda,Insecta,Hemiptera,Acanaloniidae,Acanalonia,species,ICZN
en,CC BY 4.0,Ovidius University of Constanta,my_dataset_doi,UoC,Checklist of introduced taxa in Romania,OSROUCKLE26JOY5C5J0WET,"Sitotroga cerealella (Olivier, 1789)",Animalia,Arthropoda,Insecta,Lepidoptera,Gelechiidae,Sitotroga,species,ICZN
en,CC BY 4.0,Ovidius University of Constanta,my_dataset_doi,UoC,Checklist of introduced taxa in Romania,OSROUCKLE3W1Q3WBJG2CN0,Amorpha fruticosa L.,Plantae,Tracheophyta,Magnoliopsida,Fabales,Fabaceae,Amorpha,species,ICN
en,CC BY 4.0,Ovidius University of Constanta,my_dataset_doi,UoC,Checklist of introduced taxa in Romania,OSROUCKLE90HN9ND1EOIHS,"Neomyzus circumflexus (Buckton, 1876)",Animalia,Arthropoda,Insecta,Hemiptera,Aphididae,Aulacorthum,species,ICZN
en,CC BY 4.0,Ovidius University of Constanta,my_dataset_doi,UoC,Checklist of introduced taxa in Romania,OSROUCKLEAX4YU0V8XCP4M,"Pulvinariella mesembryanthemi (Vallot, 1829)",Animalia,Arthropoda,Insecta,Hemiptera,Coccidae,Pulvinariella,species,ICZN
en,CC BY 4.0,Ovidius University of Constanta,my_dataset_doi,UoC,Checklist of introduced taxa in Romania,OSROUCKLECSN41WYXUY7TS,"Dreissena bugensis Andrusov, 1897",Animalia,Mollusca,Bivalvia,Myida,Dreissenidae,Dreissena,species,ICZN
en,CC BY 4.0,Ovidius University of Constanta,my_dataset_doi,UoC,Checklist of introduced taxa in Romania,OSROUCKLEFQZLBX857182U,"Hemigrapsus sanguineus (De Haan, 1835)",Animalia,Arthropoda,Malacostraca,Decapoda,Varunidae,Hemigrapsus,species,ICZN
en,CC BY 4.0,Ovidius University of Constanta,my_dataset_doi,UoC,Checklist of introduced taxa in Romania,OSROUCKLEGP6B00T2PO6N7,"Oxidus gracilis (C. L. Koch, 1847)",Animalia,Arthropoda,Diplopoda,Polydesmida,Paradoxosomatidae,Oxydus,species,ICZN
en,CC BY 4.0,Ovidius University of Constanta,my_dataset_doi,UoC,Checklist of introduced taxa in Romania,OSROUCKLEIRNSR01C0W4ZG,"Macrosiphum (Macrosiphum) euphorbiae (Thomas, 1878)",Animalia,Arthropoda,Insecta,Hemiptera,Aphididae,Macrosiphum,species,ICZN
en,CC BY 4.0,Ovidius University of Constanta,my_dataset_doi,UoC,Checklist of introduced taxa in Romania,OSROUCKLEPSJFO8LPBGXNI,"Garella musculana (Erschoff, 1874)",Animalia,Arthropoda,Insecta,Lepidoptera,Nolidae,Garella,species,ICZN
en,CC BY 4.0,Ovidius University of Constanta,my_dataset_doi,UoC,Checklist of introduced taxa in Romania,OSROUCKLERBZIFXR7W24HE,"Acharia stimulea (Clemens, 1860)",Animalia,Arthropoda,Insecta,Lepidoptera,Limacodidae,Acharia,species,ICZN
en,CC BY 4.0,Ovidius University of Constanta,my_dataset_doi,UoC,Checklist of introduced taxa in Romania,OSROUCKLEUC7MBYA4XS40B,"Cryptophagus fallax Balfour-Browne, 1953",Animalia,Arthropoda,Insecta,Coleoptera,Cryptophagidae,Cryptophagus,species,ICZN
en,CC BY 4.0,Ovidius University of Constanta,my_dataset_doi,UoC,Checklist of introduced taxa in Romania,OSROUCKLEWVC778LVSWHO3,"Parectopa robiniella Clemens, 1863",Animalia,Arthropoda,Insecta,Lepidoptera,Gracillariidae,Parectopa,species,ICZN
en,CC BY 4.0,Ovidius University of Constanta,my_dataset_doi,UoC,Checklist of introduced taxa in Romania,OSROUCKLEWZXE1G26OH5F1,"Leptoglossus occidentalis Heidemann, 1910",Animalia,Arthropoda,Insecta,Hemiptera,Coreidae,Leptoglossus,species,ICZN
en,CC BY 4.0,Ovidius University of Constanta,my_dataset_doi,UoC,Checklist of introduced taxa in Romania,OSROUCKLEZUZUP2TSE2RTA,"Ephestia kuehniella Zeller, 1879",Animalia,Arthropoda,Insecta,Lepidoptera,Pyralidae,Ephestia,species,ICZN
en,CC BY 4.0,Ovidius University of Constanta,my_dataset_doi,UoC,Checklist of introduced taxa in Romania,OSROUCKLF1ZP1X52HL17AF,"Myzus (Myzus) varians Davidson, 1912",Animalia,Arthropoda,Insecta,Hemiptera,Aphididae,Myzus,species,ICZN
en,CC BY 4.0,Ovidius University of Constanta,my_dataset_doi,UoC,Checklist of introduced taxa in Romania,OSROUCKLF2DG93LEP92KVS,"Belonochilus numenius (Say, 1832)",Animalia,Arthropoda,Insecta,Hemiptera,Lygaeidae,Belonochilus,species,ICZN
en,CC BY 4.0,Ovidius University of Constanta,my_dataset_doi,UoC,Checklist of introduced taxa in Romania,OSROUCKLF45SGUZ2SDM7YV,"Acartia (Acanthacartia) tonsa Dana, 1849-1852",Animalia,Arthropoda,Copepoda,Calanoida,Acartiidae,Acartia,species,ICZN
en,CC BY 4.0,Ovidius University of Constanta,my_dataset_doi,UoC,Checklist of introduced taxa in Romania,OSROUCKLF526TCE3CO0IDY,"Monema flavescens Walker, 1855",Animalia,Arthropoda,Insecta,Lepidoptera,Limacodidae,Monema,species,ICZN
en,CC BY 4.0,Ovidius University of Constanta,my_dataset_doi,UoC,Checklist of introduced taxa in Romania,OSROUCKLFGK2WHA5J68J31,"Calocalanus pavoninus Farran, 1936",Animalia,Arthropoda,Copepoda,Calanoida,Paracalanidae,Calocalanus,species,ICZN
en,CC BY 4.0,Ovidius University of Constanta,my_dataset_doi,UoC,Checklist of introduced taxa in Romania,OSROUCKLFH6EUJN5LXV3C3,Berberis aquifolium Pursh,Plantae,Tracheophyta,Magnoliopsida,Ranunculales,Berberidaceae,Berberis,species,ICN
en,CC BY 4.0,Ovidius University of Constanta,my_dataset_doi,UoC,Checklist of introduced taxa in Romania,OSROUCKLFL7FTRT68FSSC6,"Aceria erinea (Nalepa, 1891)",Animalia,Arthropoda,Arachnida,Sarcoptiformes,Eriophyidae,Aceria,species,ICZN
en,CC BY 4.0,Ovidius University of Constanta,my_dataset_doi,UoC,Checklist of introduced taxa in Romania,OSROUCKLFRAK3W1EC7ZBO8,Beta vulgaris L.,Plantae,Tracheophyta,Magnoliopsida,Caryophyllales,Amaranthaceae,Beta,species,ICN
en,CC BY 4.0,Ovidius University of Constanta,my_dataset_doi,UoC,Checklist of introduced taxa in Romania,OSROUCKLFTFPQLBYJ8NPST,"Molgula manhattensis (De Kay, 1843)",Animalia,Chordata,Ascidiacea,Stolidobranchia,Molgulidae,Molgula,species,ICZN
en,CC BY 4.0,Ovidius University of Constanta,my_dataset_doi,UoC,Checklist of introduced taxa in Romania,OSROUCKLFWYSUJWR1Z306X,"Dysaphis tulipae (Fonscolombe, 1841)",Animalia,Arthropoda,Insecta,Hemiptera,Aphididae,Dysaphis,species,ICZN
en,CC BY 4.0,Ovidius University of Constanta,my_dataset_doi,UoC,Checklist of introduced taxa in Romania,OSROUCKLFXPWSWMCTF45S6,"Procyon lotor (Linnaeus, 1758)",Animalia,Chordata,Mammalia,Carnivora,Procyonidae,Procyon,species,ICZN
en,CC BY 4.0,Ovidius University of Constanta,my_dataset_doi,UoC,Checklist of introduced taxa in Romania,OSROUCKLFYE2QLBC8GOW4H,Amaranthus hypochondriacus L.,Plantae,Tracheophyta,Magnoliopsida,Caryophyllales,Amaranthaceae,Amaranthus,species,ICN
en,CC BY 4.0,Ovidius University of Constanta,my_dataset_doi,UoC,Checklist of introduced taxa in Romania,OSROUCKLFYOPAVMGKAFJFW,"Sinelobus vanhaareni Bamber, 2014",Animalia,Arthropoda,Malacostraca,Tanaidacea,Tanaididae,Sinelobus,species,ICZN
en,CC BY 4.0,Ovidius University of Constanta,my_dataset_doi,UoC,Checklist of introduced taxa in Romania,OSROUCKLG2V0FW1WAPET74,"Iris oratoria Linné, 1758",Animalia,Arthropoda,Insecta,Mantodea,Eremiaphilidae,Iris,species,ICZN
en,CC BY 4.0,Ovidius University of Constanta,my_dataset_doi,UoC,Checklist of introduced taxa in Romania,OSROUCKLG5LA8FB946GPQH,"Panonychus citri (McGregor, 1916)",Animalia,Arthropoda,Arachnida,Trombidiformes,Tetranychidae,Panonychus,species,ICZN
en,CC BY 4.0,Ovidius University of Constanta,my_dataset_doi,UoC,Checklist of introduced taxa in Romania,OSROUCKLGAUGHKZYEVSG6L,"Cinara cupressi (Buckton, 1881)",Animalia,Arthropoda,Insecta,Hemiptera,Aphididae,Cinara,species,ICZN
en,CC BY 4.0,Ovidius University of Constanta,my_dataset_doi,UoC,Checklist of introduced taxa in Romania,OSROUCKLGH2E096ASEPFLB,"Adelges (Gilletteella) cooleyi (Gillette, 1907)",Animalia,Arthropoda,Insecta,Hemiptera,Adelgidae,Gilletteella,species,ICZN
en,CC BY 4.0,Ovidius University of Constanta,my_dataset_doi,UoC,Checklist of introduced taxa in Romania,OSROUCKLGK3AFGKP396289,"Hierodula transcaucasica Brunner von Wattenwyl, 1878",Animalia,Arthropoda,Insecta,Mantodea,Mantidae,Hierodula,species,ICZN
en,CC BY 4.0,Ovidius University of Constanta,my_dataset_doi,UoC,Checklist of introduced taxa in Romania,OSROUCKLGKHL9ZORBS1M05,"Chymomyza amoena (Loew, 1862)",Animalia,Arthropoda,Insecta,Diptera,Drosophilidae,Chymomyza,species,ICZN
en,CC BY 4.0,Ovidius University of Constanta,my_dataset_doi,UoC,Checklist of introduced taxa in Romania,OSROUCKLGP1JMIQ325ESFY,Ooencyrtus kuwanai (Howard),Animalia,Arthropoda,Insecta,Hymenoptera,Encyrtidae,Ooencyrtus,species,ICZN
en,CC BY 4.0,Ovidius University of Constanta,my_dataset_doi,UoC,Checklist of introduced taxa in Romania,OSROUCKLGQIAQ9NQZC92QJ,"Pseudemys floridana (Le Conte, 1830)",Animalia,Chordata,Reptilia,Testudines,Emydidae,Pseudemys,species,ICZN
en,CC BY 4.0,Ovidius University of Constanta,my_dataset_doi,UoC,Checklist of introduced taxa in Romania,OSROUCKLGUF4VX8641W62V,"Rattus rattus (Linnaeus, 1758)",Animalia,Chordata,Mammalia,Rodentia,Muridae,Rattus,species,ICZN
en,CC BY 4.0,Ovidius University of Constanta,my_dataset_doi,UoC,Checklist of introduced taxa in Romania,OSROUCKLGY6X59O6M4GJQP,Amaranthus hybridus L.,Plantae,Tracheophyta,Magnoliopsida,Caryophyllales,Amaranthaceae,Amaranthus,species,ICN
en,CC BY 4.0,Ovidius University of Constanta,my_dataset_doi,UoC,Checklist of introduced taxa in Romania,OSROUCKLH2GDH8R2R7RKOJ,"Pseudosuccinea columella (Say, 1817)",Animalia,Mollusca,Gastropoda,Pulmonata,Lymnaeidae,Pseudosuccinea,species,ICZN
en,CC BY 4.0,Ovidius University of Constanta,my_dataset_doi,UoC,Checklist of introduced taxa in Romania,OSROUCKLH4C7BHCMCCIR76,"Zelus renardii Kolenati, 1857",Animalia,Arthropoda,Insecta,Hemiptera,Reduviidae,Zelus,species,ICZN
en,CC BY 4.0,Ovidius University of Constanta,my_dataset_doi,UoC,Checklist of introduced taxa in Romania,OSROUCKLHCFGLGAQ1KVWYH,"Nipaecoccus nipae (Maskell, 1893)",Animalia,Arthropoda,Insecta,Hemiptera,Pseudococcidae,Nipaecoccus,species,ICZN
en,CC BY 4.0,Ovidius University of Constanta,my_dataset_doi,UoC,Checklist of introduced taxa in Romania,OSROUCKLHDFM02FQDLZHLE,"Tribolium castaneum (Herbst, 1797)",Animalia,Arthropoda,Insecta,Coleoptera,Tenebrionidae,Tribolium,species,ICZN
en,CC BY 4.0,Ovidius University of Constanta,my_dataset_doi,UoC,Checklist of introduced taxa in Romania,OSROUCKLHE1TXY890B7KGH,"Trichoferus campestris (Faldermann, 1835)",Animalia,Arthropoda,Insecta,Coleoptera,Cerambycidae,Trichoferus,species,ICZN
en,CC BY 4.0,Ovidius University of Constanta,my_dataset_doi,UoC,Checklist of introduced taxa in Romania,OSROUCKLHF1GFN4HG3G7K6,Amaranthus albus L.,Plantae,Tracheophyta,Magnoliopsida,Caryophyllales,Amaranthaceae,Amaranthus,species,ICN
en,CC BY 4.0,Ovidius University of Constanta,my_dataset_doi,UoC,Checklist of introduced taxa in Romania,OSROUCKLHFR8M7XL8VX7Q8,"Oryzaephilus mercator (Fauvel, 1889)",Animalia,Arthropoda,Insecta,Coleoptera,Silvanidae,Oryzaephilus,species,ICZN
en,CC BY 4.0,Ovidius University of Constanta,my_dataset_doi,UoC,Checklist of introduced taxa in Romania,OSROUCKLHKL8C08K0WSXGE,"Sceliphron curvatum (F. Smith, 1870)",Animalia,Arthropoda,Insecta,Hymenoptera,Sphecidae,Sceliphron,species,ICZN
en,CC BY 4.0,Ovidius University of Constanta,my_dataset_doi,UoC,Checklist of introduced taxa in Romania,OSROUCKLHL4RTIPFAC8N59,"Trialeurodes vaporariorum (Westwood, 1856)",Animalia,Arthropoda,Insecta,Hemiptera,Aleyrodidae,Trialeurodes,species,ICZN
en,CC BY 4.0,Ovidius University of Constanta,my_dataset_doi,UoC,Checklist of introduced taxa in Romania,OSROUCKLHM8OU1G5PMJ2TB,"Japananus hyalinus (Osborn, 1900)",Animalia,Arthropoda,Insecta,Hemiptera,Cicadellidae,Japananus,species,ICZN
en,CC BY 4.0,Ovidius University of Constanta,my_dataset_doi,UoC,Checklist of introduced taxa in Romania,OSROUCKLHNH15AE3ABCDQW,"Cryptographis perspectalis Walker, 1859",Animalia,Arthropoda,Insecta,Lepidoptera,Crambidae,Cydalima,species,ICZN
en,CC BY 4.0,Ovidius University of Constanta,my_dataset_doi,UoC,Checklist of introduced taxa in Romania,OSROUCKLHO0R7ZMM95J8HH,"Styela clava Herdman, 1881",Animalia,Chordata,Ascidiacea,Stolidobranchia,Styelidae,Styela,species,ICZN
en,CC BY 4.0,Ovidius University of Constanta,my_dataset_doi,UoC,Checklist of introduced taxa in Romania,OSROUCKLHTMKVDPJYDPK8P,"Hypophthalmichthys nobilis (Richardson, 1845)",Animalia,Chordata,Actinopterygii,Cypriniformes,Xenocyprididae,Hypophthalmichthys,species,ICZN
en,CC BY 4.0,Ovidius University of Constanta,my_dataset_doi,UoC,Checklist of introduced taxa in Romania,OSROUCKLHV9XH6T0XFNCI1,"Physokermes piceae (Schrank, 1801)",Animalia,Arthropoda,Insecta,Hemiptera,Coccidae,Physokermes,species,ICZN
en,CC BY 4.0,Ovidius University of Constanta,my_dataset_doi,UoC,Checklist of introduced taxa in Romania,OSROUCKLHXPT5C3TJZ8PGK,"Lineomyzocallis ephemerata (Richards, 1965)",Animalia,Arthropoda,Insecta,Hemiptera,Aphididae,Lineomyzocallis,species,ICZN
en,CC BY 4.0,Ovidius University of Constanta,my_dataset_doi,UoC,Checklist of introduced taxa in Romania,OSROUCKLHXU8R6Z3ILPOU9,"Polydora cornuta Bosc, 1802",Animalia,Annelida,Polychaeta,Spionida,Spionidae,Polydora,species,ICZN
en,CC BY 4.0,Ovidius University of Constanta,my_dataset_doi,UoC,Checklist of introduced taxa in Romania,OSROUCKLI2YIF0B8INUNB9,"Cryptolestes ferrugineus (Stephens, 1831)",Animalia,Arthropoda,Insecta,Coleoptera,Laemophloeidae,Cryptolestes,species,ICZN
en,CC BY 4.0,Ovidius University of Constanta,my_dataset_doi,UoC,Checklist of introduced taxa in Romania,OSROUCKLI5E3HT4X8NTWXT,"Choneiulus palmatus (Nĕmec, 1895)",Animalia,Arthropoda,Diplopoda,Julida,Blaniulidae,Choneiulus,species,ICZN
en,CC BY 4.0,Ovidius University of Constanta,my_dataset_doi,UoC,Checklist of introduced taxa in Romania,OSROUCKLIACIL0VRBY0JTC,"Impatientinum asiaticum Nevsky, 1929",Animalia,Arthropoda,Insecta,Hemiptera,Aphididae,Impatientinum,species,ICZN
en,CC BY 4.0,Ovidius University of Constanta,my_dataset_doi,UoC,Checklist of introduced taxa in Romania,OSROUCKLIF9TG4H3DO14E9,"Rhopalosiphum rufiabdominale (Sasaki, 1899)",Animalia,Arthropoda,Insecta,Hemiptera,Aphididae,Rhopalosiphum,species,ICZN
en,CC BY 4.0,Ovidius University of Constanta,my_dataset_doi,UoC,Checklist of introduced taxa in Romania,OSROUCKLIISP7VMURWOZIA,"Acanthoscelides obtectus (Say, 1831)",Animalia,Arthropoda,Insecta,Coleoptera,Chrysomelidae,Acanthoscelides,species,ICZN
en,CC BY 4.0,Ovidius University of Constanta,my_dataset_doi,UoC,Checklist of introduced taxa in Romania,OSROUCKLIJ6CHFQYTSM73F,"Cymbasoma rigidum Thompson I.C., 1888",Animalia,Arthropoda,Copepoda,Monstrilloida,Monstrillidae,Cymbasoma,species,ICZN
en,CC BY 4.0,Ovidius University of Constanta,my_dataset_doi,UoC,Checklist of introduced taxa in Romania,OSROUCKLILDY6B6MHF5NXY,Aesculus × carnea Hayne,Plantae,Tracheophyta,Magnoliopsida,Sapindales,Sapindaceae,Aesculus,species,ICN
en,CC BY 4.0,Ovidius University of Constanta,my_dataset_doi,UoC,Checklist of introduced taxa in Romania,OSROUCKLIM4LQTMVWQ25RE,"Erasmoneura vulnerata (Fitch, 1851)",Animalia,Arthropoda,Insecta,Hemiptera,Cicadellidae,Erasmoneura,species,ICZN
en,CC BY 4.0,Ovidius University of Constanta,my_dataset_doi,UoC,Checklist of introduced taxa in Romania,OSROUCKLIN8LQ3MOQNV4S7,"Chromaphis juglandicola (Kaltenbach, 1843)",Animalia,Arthropoda,Insecta,Hemiptera,Aphididae,Chromaphis,species,ICZN
en,CC BY 4.0,Ovidius University of Constanta,my_dataset_doi,UoC,Checklist of introduced taxa in Romania,OSROUCKLIO1QMA1DWD6OPC,"Hierodula tenuidentata Saussure, 1869",Animalia,Arthropoda,Insecta,Mantodea,Mantidae,Hierodula,species,ICZN
en,CC BY 4.0,Ovidius University of Constanta,my_dataset_doi,UoC,Checklist of introduced taxa in Romania,OSROUCKLIOWP2ZWTX0GJNQ,"Oithona similis Claus, 1866",Animalia,Arthropoda,Copepoda,Cyclopoida,Oithonidae,Oithona,species,ICZN
en,CC BY 4.0,Ovidius University of Constanta,my_dataset_doi,UoC,Checklist of introduced taxa in Romania,OSROUCKLIOXKMWPSN1GIO9,"Nicobium castaneum (Olivier, 1790)",Animalia,Arthropoda,Insecta,Coleoptera,Anobiidae,Nicobium,species,ICZN
en,CC BY 4.0,Ovidius University of Constanta,my_dataset_doi,UoC,Checklist of introduced taxa in Romania,OSROUCKLISY7B5Q316WDA1,"Tetragnatha shoshone Levi, 1981",Animalia,Arthropoda,Arachnida,Araneae,Tetragnathidae,Tetragnatha,species,ICZN
en,CC BY 4.0,Ovidius University of Constanta,my_dataset_doi,UoC,Checklist of introduced taxa in Romania,OSROUCKLITV09YERSBJCZ6,"Mauremys reevesii (Gray, 1831)",Animalia,Chordata,Reptilia,Testudines,Geoemydidae,Mauremys,species,ICZN
en,CC BY 4.0,Ovidius University of Constanta,my_dataset_doi,UoC,Checklist of introduced taxa in Romania,OSROUCKLIZK0T5XYDDGBA2,"Paracalanus aculeatus aculeatus Giesbrecht, 1888",Animalia,Arthropoda,Copepoda,Calanoida,Paracalanidae,Paracalanus,subspecies,ICZN
en,CC BY 4.0,Ovidius University of Constanta,my_dataset_doi,UoC,Checklist of introduced taxa in Romania,OSROUCKLJ13YLJB2PVH0EQ,"Blattella germanica Linnaeus, 1767",Animalia,Arthropoda,Insecta,Blattodea,Ectobiidae,Blattella,species,ICZN
en,CC BY 4.0,Ovidius University of Constanta,my_dataset_doi,UoC,Checklist of introduced taxa in Romania,OSROUCKLJ50FR0P01SWUI6,"Eriocheir sinensis H. Milne Edwards, 1853",Animalia,Arthropoda,Malacostraca,Decapoda,Varunidae,Eriocheir,species,ICZN
en,CC BY 4.0,Ovidius University of Constanta,my_dataset_doi,UoC,Checklist of introduced taxa in Romania,OSROUCKLJ62WPZL4JI3D22,"Calocalanus plumulosus (Claus, 1863)",Animalia,Arthropoda,Copepoda,Calanoida,Paracalanidae,Calocalanus,species,ICZN
en,CC BY 4.0,Ovidius University of Constanta,my_dataset_doi,UoC,Checklist of introduced taxa in Romania,OSROUCKLJ6DPOYUAZIFWB1,"Mediodactylus danilewskii (Strauch, 1887)",Animalia,Chordata,Reptilia,Squamata,Gekkonidae,Mediodactylus,species,ICZN
en,CC BY 4.0,Ovidius University of Constanta,my_dataset_doi,UoC,Checklist of introduced taxa in Romania,OSROUCKLJ93PE3U2AKSHRI,"Diadumene lineata (Verrill, 1869)",Animalia,Cnidaria,Anthozoa,Actiniaria,Diadumenidae,Diadumene,species,ICZN
en,CC BY 4.0,Ovidius University of Constanta,my_dataset_doi,UoC,Checklist of introduced taxa in Romania,OSROUCKLJEA2RB4RYDZ95S,"Pleuromamma gracilis gracilis Claus, 1863",Animalia,Arthropoda,Copepoda,Calanoida,Metridinidae,Pleuromamma,species,ICZN
en,CC BY 4.0,Ovidius University of Constanta,my_dataset_doi,UoC,Checklist of introduced taxa in Romania,OSROUCKLJF7CQ6UAMK9X4M,"Phenacoccus insularis Danzig, 1971",Animalia,Arthropoda,Insecta,Hemiptera,Pseudococcidae,Phenacoccus,species,ICZN
en,CC BY 4.0,Ovidius University of Constanta,my_dataset_doi,UoC,Checklist of introduced taxa in Romania,OSROUCKLJGJMPGYCQ224QX,"Dactylogyrus lamellatus Akhmerow, 1952",Animalia,Platyhelminthes,Monogenea,Dactylogyridea,Dactylogyridae,Dactylogyrus,species,ICZN
en,CC BY 4.0,Ovidius University of Constanta,my_dataset_doi,UoC,Checklist of introduced taxa in Romania,OSROUCKLJIYOFJLTRPG3Y7,Amaranthus × soproniensis Priszter & Kárpáti,Plantae,Tracheophyta,Magnoliopsida,Caryophyllales,Amaranthaceae,Amaranthus,species,ICN
en,CC BY 4.0,Ovidius University of Constanta,my_dataset_doi,UoC,Checklist of introduced taxa in Romania,OSROUCKLJKPGJGFYKUV9TO,"Mya arenaria Linnaeus, 1758",Animalia,Mollusca,Bivalvia,Myida,Myidae,Mya,species,ICZN
en,CC BY 4.0,Ovidius University of Constanta,my_dataset_doi,UoC,Checklist of introduced taxa in Romania,OSROUCKLJOFKZE267CZEIK,"Rhacocleis annulata Fieber, 1853",Animalia,Arthropoda,Insecta,Orthoptera,Tettigoniidae,Rhacocleis,species,ICZN
en,CC BY 4.0,Ovidius University of Constanta,my_dataset_doi,UoC,Checklist of introduced taxa in Romania,OSROUCKLJQYCSNWECRU6UZ,"Threskiornis aethiopicus (Latham, 1790)",Animalia,Chordata,Aves,Pelecaniformes,Threskiornithidae,Threskiornis,species,ICZN
en,CC BY 4.0,Ovidius University of Constanta,my_dataset_doi,UoC,Checklist of introduced taxa in Romania,OSROUCKLJSZJ1971AV4JUT,"Eriococcus zygophylli Archangelskaya, 1931",Animalia,Arthropoda,Insecta,Hemiptera,Eriococcidae,Rhizococcus,species,ICZN
en,CC BY 4.0,Ovidius University of Constanta,my_dataset_doi,UoC,Checklist of introduced taxa in Romania,OSROUCKLK57LVZS7XB3NWG,Artemisia argyi H.Lév. & Vaniot,Plantae,Tracheophyta,Magnoliopsida,Asterales,Asteraceae,Artemisia,species,ICN
en,CC BY 4.0,Ovidius University of Constanta,my_dataset_doi,UoC,Checklist of introduced taxa in Romania,OSROUCKLK5PI7BJ575NJOD,"Hypophthalmichthys molitrix (Valenciennes, 1844)",Animalia,Chordata,Actinopterygii,Cypriniformes,Xenocyprididae,Hypophthalmichthys,species,ICZN
en,CC BY 4.0,Ovidius University of Constanta,my_dataset_doi,UoC,Checklist of introduced taxa in Romania,OSROUCKLKCMMG145PY5U4R,"Ostearius melanopygius (O. Pickard-Cambridge, 1880)",Animalia,Arthropoda,Arachnida,Araneae,Linyphiidae,Ostearius,species,ICZN
en,CC BY 4.0,Ovidius University of Constanta,my_dataset_doi,UoC,Checklist of introduced taxa in Romania,OSROUCKLKF89YZ1CZFEKNM,"Anthocoris butleri Le Quesne, 1955",Animalia,Arthropoda,Insecta,Hemiptera,Anthocoridae,Anthocoris,species,ICZN
en,CC BY 4.0,Ovidius University of Constanta,my_dataset_doi,UoC,Checklist of introduced taxa in Romania,OSROUCKLKH0TZOXIRGXUZE,"Ectomyelois ceratoniae Zeller, 1839",Animalia,Arthropoda,Insecta,Lepidoptera,Pyralidae,Ectomyelois,species,ICZN
en,CC BY 4.0,Ovidius University of Constanta,my_dataset_doi,UoC,Checklist of introduced taxa in Romania,OSROUCKLKIJQZZ56ON9Z1W,"Frankliniella occidentalis (Pergande, 1895)",Animalia,Arthropoda,Insecta,Thysanoptera,Thripidae,Frankliniella,species,ICZN
en,CC BY 4.0,Ovidius University of Constanta,my_dataset_doi,UoC,Checklist of introduced taxa in Romania,OSROUCKLKKI3SQN56MABIR,"Ferrissia californica (Rowell, 1863)",Animalia,Mollusca,Gastropoda,Pulmonata,Planorbidae,Ferrissia,species,ICZN
en,CC BY 4.0,Ovidius University of Constanta,my_dataset_doi,UoC,Checklist of introduced taxa in Romania,OSROUCKLKM6GMM95ZHGE2K,"Liriomyza trifolii (Burgess, 1880)",Animalia,Arthropoda,Insecta,Diptera,Agromyzidae,Liriomyza,species,ICZN
en,CC BY 4.0,Ovidius University of Constanta,my_dataset_doi,UoC,Checklist of introduced taxa in Romania,OSROUCKLKV6XQ0YZX12TJ7,"Yersinella raymondii (Yersin, 1860)",Animalia,Arthropoda,Insecta,Orthoptera,Tettigoniidae,Yersinella,species,ICZN
en,CC BY 4.0,Ovidius University of Constanta,my_dataset_doi,UoC,Checklist of introduced taxa in Romania,OSROUCKLL4SNEO0UIR4A3U,"Nagurus cristatus (Dollfus, 1889)",Animalia,Arthropoda,Malacostraca,Isopoda,Trachelipodidae,Nagurus,species,ICZN
en,CC BY 4.0,Ovidius University of Constanta,my_dataset_doi,UoC,Checklist of introduced taxa in Romania,OSROUCKLL6RJ0NFEHMQWB0,"Sceliphron caementarium (Drury, 1773)",Animalia,Arthropoda,Insecta,Hymenoptera,Sphecidae,Sceliphron,species,ICZN
en,CC BY 4.0,Ovidius University of Constanta,my_dataset_doi,UoC,Checklist of introduced taxa in Romania,OSROUCKLLFE93GHJH1EMFK,"Argyresthia thuiella (Packard, 1871)",Animalia,Arthropoda,Insecta,Lepidoptera,Argyresthiidae,Argyresthia,species,ICZN
en,CC BY 4.0,Ovidius University of Constanta,my_dataset_doi,UoC,Checklist of introduced taxa in Romania,OSROUCKLLGZ6YRPUNDEMFY,"Acyrthosiphon (Acyrthosiphon) caraganae (Cholodkovsky, 1908)",Animalia,Arthropoda,Insecta,Hemiptera,Aphididae,Acyrthosiphon,species,ICZN
en,CC BY 4.0,Ovidius University of Constanta,my_dataset_doi,UoC,Checklist of introduced taxa in Romania,OSROUCKLLL8UQXT6S3PUW9,"Corbicula fluminea (O. F. Müller, 1774)",Animalia,Mollusca,Bivalvia,Venerida,Cyrenidae,Corbicula,species,ICZN
en,CC BY 4.0,Ovidius University of Constanta,my_dataset_doi,UoC,Checklist of introduced taxa in Romania,OSROUCKLLMKBQBGEUZ4TI4,"Centropages kroyeri Giesbrecht, 1892-1893",Animalia,Arthropoda,Copepoda,Calanoida,Centropagidae,Сentropages,species,ICZN
en,CC BY 4.0,Ovidius University of Constanta,my_dataset_doi,UoC,Checklist of introduced taxa in Romania,OSROUCKLLT175MZE6QAQ6G,"Alocentron curvirostre (Gyllenhal, 1833)",Animalia,Arthropoda,Insecta,Coleoptera,Brentidae,Alocentron,species,ICZN
en,CC BY 4.0,Ovidius University of Constanta,my_dataset_doi,UoC,Checklist of introduced taxa in Romania,OSROUCKLLVCVH3NVLT26Q2,"Alopochen aegyptiaca (Linnaeus, 1766)",Animalia,Chordata,Aves,Anseriformes,Anatidae,Alopochen,species,ICZN
en,CC BY 4.0,Ovidius University of Constanta,my_dataset_doi,UoC,Checklist of introduced taxa in Romania,OSROUCKLM24Z9RPHL4BQCF,"Spilococcus mamillariae (Bouche, 1844)",Animalia,Arthropoda,Insecta,Hemiptera,Pseudococcidae,Spilococcus,species,ICZN
en,CC BY 4.0,Ovidius University of Constanta,my_dataset_doi,UoC,Checklist of introduced taxa in Romania,OSROUCKLM5ZRQ0U8NZPGGA,"Attagenus unicolor japonicus Reitter, 1877",Animalia,Arthropoda,Insecta,Coleoptera,Dermestidae,Attagenus,subspecies,ICZN
en,CC BY 4.0,Ovidius University of Constanta,my_dataset_doi,UoC,Checklist of introduced taxa in Romania,OSROUCKLM775L4DUJSCPTD,"Adelges (Dreyfusia) nordmannianae (Eckstein, 1890)",Animalia,Arthropoda,Insecta,Hemiptera,Adelgidae,Dreyfusia,species,ICZN
en,CC BY 4.0,Ovidius University of Constanta,my_dataset_doi,UoC,Checklist of introduced taxa in Romania,OSROUCKLM9Z5HG1X5HT48Q,"Rhopalosiphum maidis (Fitch, 1856)",Animalia,Arthropoda,Insecta,Hemiptera,Aphididae,Rhopalosiphum,species,ICZN
en,CC BY 4.0,Ovidius University of Constanta,my_dataset_doi,UoC,Checklist of introduced taxa in Romania,OSROUCKLMA2FC9VTY7E4KS,"Amphiareus obscuriceps (Poppius, 1909)",Animalia,Arthropoda,Insecta,Hemiptera,Anthocoridae,Amphiareus,species,ICZN
en,CC BY 4.0,Ovidius University of Constanta,my_dataset_doi,UoC,Checklist of introduced taxa in Romania,OSROUCKLMEKGCXS6PMGAJ3,"Amblycerus robiniae (Fabricius, 1781)",Animalia,Arthropoda,Insecta,Coleoptera,Chrysomelidae,Amblycerus,species,ICZN
en,CC BY 4.0,Ovidius University of Constanta,my_dataset_doi,UoC,Checklist of introduced taxa in Romania,OSROUCKLMH482EZKEVG22W,"Saissetia coffeae (Walker, 1852)",Animalia,Arthropoda,Insecta,Hemiptera,Coccidae,Saissetia,species,ICZN
en,CC BY 4.0,Ovidius University of Constanta,my_dataset_doi,UoC,Checklist of introduced taxa in Romania,OSROUCKLMHHWZCZFPO6WX0,"Corycaeus clausi Dahl F., 1894",Animalia,Arthropoda,Copepoda,Cyclopoida,Corycaeidae,Corycaeus,species,ICZN
en,CC BY 4.0,Ovidius University of Constanta,my_dataset_doi,UoC,Checklist of introduced taxa in Romania,OSROUCKLMHKR1ARYUKD1SF,Aquilegia vulgaris L.,Plantae,Tracheophyta,Magnoliopsida,Ranunculales,Ranunculaceae,Aquilegia,species,ICN
en,CC BY 4.0,Ovidius University of Constanta,my_dataset_doi,UoC,Checklist of introduced taxa in Romania,OSROUCKLMKX8ZIRNXN9WQG,"Meloidogyne mali Itoh, Ohshima & Ichinoche, 1969",Animalia,Nematoda,Chromadorea,Rhabditida,Meloidogynidae,Meloidogyne,species,ICZN
en,CC BY 4.0,Ovidius University of Constanta,my_dataset_doi,UoC,Checklist of introduced taxa in Romania,OSROUCKLMUJD0KQXEKW2YW,"Aonidiella aurantii (Maskell, 1879)",Animalia,Arthropoda,Insecta,Hemiptera,Diaspididae,Aonidiella,species,ICZN
en,CC BY 4.0,Ovidius University of Constanta,my_dataset_doi,UoC,Checklist of introduced taxa in Romania,OSROUCKLMXPJAFWA3YR3XJ,"Cylindroiulus truncorum (Silvestri, 1896)",Animalia,Arthropoda,Diplopoda,Julida,Julidae,Cylindroiulus,species,ICZN
en,CC BY 4.0,Ovidius University of Constanta,my_dataset_doi,UoC,Checklist of introduced taxa in Romania,OSROUCKLMZRBVFMU99K0QA,"Oxycarenus (Oxycarenus) lavaterae (Fabricius, 1787)",Animalia,Arthropoda,Insecta,Hemiptera,Oxycarenidae,Oxycarenus,species,ICZN
en,CC BY 4.0,Ovidius University of Constanta,my_dataset_doi,UoC,Checklist of introduced taxa in Romania,OSROUCKLN02NF4SE1IPRF2,"Hesionides arenaria Friedrich, 1937",Animalia,Annelida,Polychaeta,Phyllodocida,Microphthalmidae,Hesionides,species,ICZN
en,CC BY 4.0,Ovidius University of Constanta,my_dataset_doi,UoC,Checklist of introduced taxa in Romania,OSROUCKLN0GZ9ZUQRW3R91,"Philachyra maderae (Walker, 1849)",Animalia,Arthropoda,Insecta,Hymenoptera,Eurytomidae,Tetramesa,species,ICZN
en,CC BY 4.0,Ovidius University of Constanta,my_dataset_doi,UoC,Checklist of introduced taxa in Romania,OSROUCKLN37A58L7KSCJK9,"Protracheoniscus major (Dollfus, 1903)",Animalia,Arthropoda,Malacostraca,Isopoda,Agnaridae,Protracheoniscus,species,ICZN
en,CC BY 4.0,Ovidius University of Constanta,my_dataset_doi,UoC,Checklist of introduced taxa in Romania,OSROUCKLN5IXMJ25H896Y2,"Illinoia azalea (Mason, 1925)",Animalia,Arthropoda,Insecta,Hemiptera,Aphididae,Illinoia,species,ICZN
en,CC BY 4.0,Ovidius University of Constanta,my_dataset_doi,UoC,Checklist of introduced taxa in Romania,OSROUCKLN63FWAMIHTY0E8,"Cepaea hortensis (O. F. Müller, 1774)",Animalia,Mollusca,Gastropoda,Stylommatophora,Helicidae,Cepaea,species,ICZN
en,CC BY 4.0,Ovidius University of Constanta,my_dataset_doi,UoC,Checklist of introduced taxa in Romania,OSROUCKLN6APL71DJD69WG,"Ageniaspis fuscicollis (Dalman, 1820)",Animalia,Arthropoda,Insecta,Hymenoptera,Encyrtidae,Ageniaspis,species,ICZN
en,CC BY 4.0,Ovidius University of Constanta,my_dataset_doi,UoC,Checklist of introduced taxa in Romania,OSROUCKLNAPQVLS2UIHWAU,Aesculus hippocastanum L.,Plantae,Tracheophyta,Magnoliopsida,Sapindales,Sapindaceae,Aesculus,species,ICN
en,CC BY 4.0,Ovidius University of Constanta,my_dataset_doi,UoC,Checklist of introduced taxa in Romania,OSROUCKLNCLFBALA8E24QL,"Metcalfa pruinosa (Say, 1830)",Animalia,Arthropoda,Insecta,Hemiptera,Flatidae,Metcalfa,species,ICZN
en,CC BY 4.0,Ovidius University of Constanta,my_dataset_doi,UoC,Checklist of introduced taxa in Romania,OSROUCKLND42YBMDYDPG32,"Tarentola mauritanica (Linnaeus, 1758)",Animalia,Chordata,Reptilia,Squamata,Phyllodactylidae,Tarentola,species,ICZN
en,CC BY 4.0,Ovidius University of Constanta,my_dataset_doi,UoC,Checklist of introduced taxa in Romania,OSROUCKLNHVTD8V9NZ287A,"Podarcis siculus (Rafinesque-Schmaltz, 1810)",Animalia,Chordata,Reptilia,Squamata,Lacertidae,Podarcis,species,ICZN
en,CC BY 4.0,Ovidius University of Constanta,my_dataset_doi,UoC,Checklist of introduced taxa in Romania,OSROUCKLNIXPZWAOEAM887,"Neogale vison (Schreber, 1777)",Animalia,Chordata,Mammalia,Carnivora,Mustelidae,Neogale,species,ICZN
en,CC BY 4.0,Ovidius University of Constanta,my_dataset_doi,UoC,Checklist of introduced taxa in Romania,OSROUCKLNNWEEY7XT1Y5JV,"Megastigmus spermotrophus Wachtl, 1893",Animalia,Arthropoda,Insecta,Hymenoptera,Megastigmidae,Megastigmus,species,ICZN
en,CC BY 4.0,Ovidius University of Constanta,my_dataset_doi,UoC,Checklist of introduced taxa in Romania,OSROUCKLNPWP84V5OJNT66,Avena sativa L.,Plantae,Tracheophyta,Liliopsida,Poales,Poaceae,Avena,species,ICN
en,CC BY 4.0,Ovidius University of Constanta,my_dataset_doi,UoC,Checklist of introduced taxa in Romania,OSROUCKLNQ5QNY27Q070SJ,"Oithona nana Giesbrecht, 1893",Animalia,Arthropoda,Copepoda,Cyclopoida,Oithonidae,Oithona,species,ICZN
en,CC BY 4.0,Ovidius University of Constanta,my_dataset_doi,UoC,Checklist of introduced taxa in Romania,OSROUCKLO0A79C681CP2NV,"Ozognathus cornutus (LeConte, 1859)",Animalia,Arthropoda,Insecta,Coleoptera,Ptinidae,Ozognathus,species,ICZN
en,CC BY 4.0,Ovidius University of Constanta,my_dataset_doi,UoC,Checklist of introduced taxa in Romania,OSROUCKLO0HQ6JP5Z7O7OW,"Obama nungara Carbayo, Alvarez-Presas, Jones & Riutort, 2016",Animalia,Platyhelminthes,Turbellaria,Tricladida,Geoplanidae,Obama,species,ICZN
en,CC BY 4.0,Ovidius University of Constanta,my_dataset_doi,UoC,Checklist of introduced taxa in Romania,OSROUCKLO0LUYMEHTNM8YB,"Parlatoria oleae (Colvée, 1880)",Animalia,Arthropoda,Insecta,Hemiptera,Diaspididae,Parlatoria,species,ICZN
en,CC BY 4.0,Ovidius University of Constanta,my_dataset_doi,UoC,Checklist of introduced taxa in Romania,OSROUCKLO3KGA0SIAW24RF,"Rhopalapion longirostre (Olivier, 1807)",Animalia,Arthropoda,Insecta,Coleoptera,Brentidae,Rhopalapion,species,ICZN
en,CC BY 4.0,Ovidius University of Constanta,my_dataset_doi,UoC,Checklist of introduced taxa in Romania,OSROUCKLO5MG2I8JKXKR1Y,Allium ampeloprasum L.,Plantae,Tracheophyta,Liliopsida,Asparagales,Amaryllidaceae,Allium,species,ICN
en,CC BY 4.0,Ovidius University of Constanta,my_dataset_doi,UoC,Checklist of introduced taxa in Romania,OSROUCKLO92643ZLM0CPNR,"Blastothrix hedqvisti Sugonjaev, 1964",Animalia,Arthropoda,Insecta,Hymenoptera,Encyrtidae,Blastothrix,species,ICZN
en,CC BY 4.0,Ovidius University of Constanta,my_dataset_doi,UoC,Checklist of introduced taxa in Romania,OSROUCKLOB7QBKK6C7RI5F,"Megachile sculpturalis Smith, 1853",Animalia,Arthropoda,Insecta,Hymenoptera,Megachilidae,Megachile,species,ICZN
en,CC BY 4.0,Ovidius University of Constanta,my_dataset_doi,UoC,Checklist of introduced taxa in Romania,OSROUCKLOB8RE53FCYCCQJ,Anethum graveolens L.,Plantae,Tracheophyta,Magnoliopsida,Apiales,Apiaceae,Anethum,species,ICN
en,CC BY 4.0,Ovidius University of Constanta,my_dataset_doi,UoC,Checklist of introduced taxa in Romania,OSROUCKLOE8AKAD3W775X2,"Oncorhynchus mykiss (Walbaum, 1792)",Animalia,Chordata,Actinopterygii,Salmoniformes,Salmonidae,Oncorhynchus,species,ICZN
en,CC BY 4.0,Ovidius University of Constanta,my_dataset_doi,UoC,Checklist of introduced taxa in Romania,OSROUCKLOHJ6AW159AKV7Z,"Clathrocaspia knipowitschii (Makarov, 1938)",Animalia,Mollusca,Gastropoda,Littorinimorpha,Hydrobiidae,Clathrocaspia,species,ICZN
en,CC BY 4.0,Ovidius University of Constanta,my_dataset_doi,UoC,Checklist of introduced taxa in Romania,OSROUCKLOIKN6WCR9DYY6H,"Brevipalpus obovatus Donnadieu, 1875",Animalia,Arthropoda,Arachnida,Trombidiformes,Tenuipalpidae,Brevipalpus,species,ICZN
en,CC BY 4.0,Ovidius University of Constanta,my_dataset_doi,UoC,Checklist of introduced taxa in Romania,OSROUCKLOIX5YPDDR15VTH,"Eurypanopeus depressus (Smith, 1869)",Animalia,Arthropoda,Malacostraca,Decapoda,Panopeidae,Eurypanopeus,species,ICZN
en,CC BY 4.0,Ovidius University of Constanta,my_dataset_doi,UoC,Checklist of introduced taxa in Romania,OSROUCKLOM6GEPVK8JNZ9L,"Pseudorasbora parva (Temminck & Schlegel, 1846)",Animalia,Chordata,Actinopterygii,Cypriniformes,Cyprinidae,Pseudorasbora,species,ICZN
en,CC BY 4.0,Ovidius University of Constanta,my_dataset_doi,UoC,Checklist of introduced taxa in Romania,OSROUCKLORZ96FBW6LXA3E,"Lasioderma serricorne Fabricius, 1792",Animalia,Arthropoda,Insecta,Coleoptera,Ptinidae,Lasioderma,species,ICZN
en,CC BY 4.0,Ovidius University of Constanta,my_dataset_doi,UoC,Checklist of introduced taxa in Romania,OSROUCKLOSKADISSFPIGEZ,"Psittacula krameri (Scopoli, 1769)",Animalia,Chordata,Aves,Psittaciformes,Psittaculidae,Psittacula,species,ICZN
en,CC BY 4.0,Ovidius University of Constanta,my_dataset_doi,UoC,Checklist of introduced taxa in Romania,OSROUCKLOTGU4OTNPHDULY,"Carpophilus nepos Murray, 1864",Animalia,Arthropoda,Insecta,Coleoptera,Nitidulidae,Carpophilus,species,ICZN
en,CC BY 4.0,Ovidius University of Constanta,my_dataset_doi,UoC,Checklist of introduced taxa in Romania,OSROUCKLOTMGS4AU7YILSU,Oxalis debilis Kunth,Plantae,Tracheophyta,Magnoliopsida,Oxalidales,Oxalidaceae,Oxalis,species,ICN
en,CC BY 4.0,Ovidius University of Constanta,my_dataset_doi,UoC,Checklist of introduced taxa in Romania,OSROUCKLOWFFN70M7QCLS8,"Daktulosphaira vitifoliae (Fitch, 1855)",Animalia,Arthropoda,Insecta,Hemiptera,Phylloxeridae,Daktulosphaira,species,ICZN
en,CC BY 4.0,Ovidius University of Constanta,my_dataset_doi,UoC,Checklist of introduced taxa in Romania,OSROUCKLOZQL8C8H6PQGZL,"Polyodon spathula (Walbaum, 1792)",Animalia,Chordata,Actinopterygii,Acipenseriformes,Polyodontidae,Polyodon,species,ICZN
en,CC BY 4.0,Ovidius University of Constanta,my_dataset_doi,UoC,Checklist of introduced taxa in Romania,OSROUCKLP1LTYUEA9TYAC1,"Eudiplozoon nipponicum (Goto, 1891) Khotenovsky, 1984",Animalia,Platyhelminthes,Monogenea,Mazocraeidea,Diplozoidae,Eudiplozoon,species,ICZN
en,CC BY 4.0,Ovidius University of Constanta,my_dataset_doi,UoC,Checklist of introduced taxa in Romania,OSROUCKLP5M14OOMPDAHU7,"Megabruchidius tonkineus (Pic, 1904)",Animalia,Arthropoda,Insecta,Coleoptera,Chrysomelidae,Megabruchidius,species,ICZN
en,CC BY 4.0,Ovidius University of Constanta,my_dataset_doi,UoC,Checklist of introduced taxa in Romania,OSROUCKLPB5N6MDU41380Q,"Anser indicus (Latham, 1790)",Animalia,Chordata,Aves,Anseriformes,Anatidae,Anser,species,ICZN
en,CC BY 4.0,Ovidius University of Constanta,my_dataset_doi,UoC,Checklist of introduced taxa in Romania,OSROUCKLPIXV684AJCBXX5,"Aphis (Aphis) spiraecola Patch, 1914",Animalia,Arthropoda,Insecta,Hemiptera,Aphididae,Aphis,species,ICZN
en,CC BY 4.0,Ovidius University of Constanta,my_dataset_doi,UoC,Checklist of introduced taxa in Romania,OSROUCKLPMKPWWPIL0XKUW,"Hypania invalida (Grube, 1860)",Animalia,Annelida,Polychaeta,Terebellida,Ampharetidae,Hypania,species,ICZN
en,CC BY 4.0,Ovidius University of Constanta,my_dataset_doi,UoC,Checklist of introduced taxa in Romania,OSROUCKLPMRQABN9IF5IPN,"Neoclytus acuminatus (Fabricius, 1775)",Animalia,Arthropoda,Insecta,Coleoptera,Cerambycidae,Neoclytus,species,ICZN
en,CC BY 4.0,Ovidius University of Constanta,my_dataset_doi,UoC,Checklist of introduced taxa in Romania,OSROUCKLPNKVKLTC4GILJ7,"Clarias gariepinus (Burchell, 1822)",Animalia,Chordata,Actinopterygii,Siluriformes,Clariidae,Clarias,species,ICZN
en,CC BY 4.0,Ovidius University of Constanta,my_dataset_doi,UoC,Checklist of introduced taxa in Romania,OSROUCKLPPLFB8KQAUJE0N,"Potamopyrgus antipodarum (J. E. Gray, 1843)",Animalia,Mollusca,Gastropoda,Littorinimorpha,Tateidae,Potamopyrgus,species,ICZN
en,CC BY 4.0,Ovidius University of Constanta,my_dataset_doi,UoC,Checklist of introduced taxa in Romania,OSROUCKLPQCYV00WFXM65Z,Amaranthus powellii S.Watson,Plantae,Tracheophyta,Magnoliopsida,Caryophyllales,Amaranthaceae,Amaranthus,species,ICN
en,CC BY 4.0,Ovidius University of Constanta,my_dataset_doi,UoC,Checklist of introduced taxa in Romania,OSROUCKLPSL1QLV66AWWYX,"Corythucha arcuata (Say, 1832)",Animalia,Arthropoda,Insecta,Hemiptera,Tingidae,Corythucha,species,ICZN
en,CC BY 4.0,Ovidius University of Constanta,my_dataset_doi,UoC,Checklist of introduced taxa in Romania,OSROUCKLPTKXFN5HRJFGZ5,"Lepomis gibbosus (Linnaeus, 1758)",Animalia,Chordata,Actinopterygii,Centrarchiformes,Centrarchidae,Lepomis,species,ICZN
en,CC BY 4.0,Ovidius University of Constanta,my_dataset_doi,UoC,Checklist of introduced taxa in Romania,OSROUCKLPVQRCOXGY7BBSF,"Pemphigus populitransversus Riley ex Riley & Monell, 1879",Animalia,Arthropoda,Insecta,Hemiptera,Aphididae,Pemphigus,species,ICZN
en,CC BY 4.0,Ovidius University of Constanta,my_dataset_doi,UoC,Checklist of introduced taxa in Romania,OSROUCKLPXAZK09A09QMZO,"Microeuraphia depressa (Poli, 1791)",Animalia,Arthropoda,Thecostraca,Balanomorpha,Chthamalidae,Microeuraphia,species,ICZN
en,CC BY 4.0,Ovidius University of Constanta,my_dataset_doi,UoC,Checklist of introduced taxa in Romania,OSROUCKLQ19NGSEHRU6WHN,"Mnemiopsis leidyi A. Agassiz, 1865",Animalia,Ctenophora,Tentaculata,Lobata,Bolinopsidae,Mnemiopsis,species,ICZN
en,CC BY 4.0,Ovidius University of Constanta,my_dataset_doi,UoC,Checklist of introduced taxa in Romania,OSROUCKLQ2GS03HHAC2BB7,"Pineus (Pineus) strobi (Hartig, 1839)",Animalia,Arthropoda,Insecta,Hemiptera,Adelgidae,Pineus,species,ICZN
en,CC BY 4.0,Ovidius University of Constanta,my_dataset_doi,UoC,Checklist of introduced taxa in Romania,OSROUCKLQ7OLAD3HZEKMIU,"Macrobrachium nipponense (De Haan, 1849)",Animalia,Arthropoda,Malacostraca,Decapoda,Palaemonidae,Macrobrachium,species,ICZN
en,CC BY 4.0,Ovidius University of Constanta,my_dataset_doi,UoC,Checklist of introduced taxa in Romania,OSROUCKLQ9L34PCYSF6XSM,"Oceanaspidiotus spinosus (Comstock, 1883)",Animalia,Arthropoda,Insecta,Hemiptera,Diaspididae,Oceanaspidiotus,species,ICZN
en,CC BY 4.0,Ovidius University of Constanta,my_dataset_doi,UoC,Checklist of introduced taxa in Romania,OSROUCKLQDGLUDSKSMRZGB,Solanum elaeagnifolium Cav.,Plantae,Tracheophyta,Magnoliopsida,Solanales,Solanaceae,Solanum,species,ICN
en,CC BY 4.0,Ovidius University of Constanta,my_dataset_doi,UoC,Checklist of introduced taxa in Romania,OSROUCKLQGOKOHS5A217Z8,"Podisus maculiventris (Say, 1832)",Animalia,Arthropoda,Insecta,Hemiptera,Pentatomidae,Podisus,species,ICZN
en,CC BY 4.0,Ovidius University of Constanta,my_dataset_doi,UoC,Checklist of introduced taxa in Romania,OSROUCKLQI6CEVB45M3PL4,"Aphytis mytilaspidis (Le Baron, 1870)",Animalia,Arthropoda,Insecta,Hymenoptera,Aphelinidae,Aphytis,species,ICZN
en,CC BY 4.0,Ovidius University of Constanta,my_dataset_doi,UoC,Checklist of introduced taxa in Romania,OSROUCKLQL286BQ9EVL0FT,"Streblospio gynobranchiata Rice & Levin, 1998",Animalia,Annelida,Polychaeta,Spionida,Spionidae,Streblospio,species,ICZN
en,CC BY 4.0,Ovidius University of Constanta,my_dataset_doi,UoC,Checklist of introduced taxa in Romania,OSROUCKLQL28BIY1J532IQ,"Aleurothrixus floccosus (Maskell, 1896)",Animalia,Arthropoda,Insecta,Hemiptera,Aleyrodidae,Aleurothrixus,species,ICZN
en,CC BY 4.0,Ovidius University of Constanta,my_dataset_doi,UoC,Checklist of introduced taxa in Romania,OSROUCKLQSX4I8KBOYBCJI,"Bruchus pisorum Linnaeus, 1758",Animalia,Arthropoda,Insecta,Coleoptera,Chrysomelidae,Bruchus,species,ICZN
en,CC BY 4.0,Ovidius University of Constanta,my_dataset_doi,UoC,Checklist of introduced taxa in Romania,OSROUCKLQTUY505LJY23E2,"Rhodobium porosum (Sanderson, 1900)",Animalia,Arthropoda,Insecta,Hemiptera,Aphididae,Rhodobium,species,ICZN
en,CC BY 4.0,Ovidius University of Constanta,my_dataset_doi,UoC,Checklist of introduced taxa in Romania,OSROUCKLQU6LLTZZPUAJPZ,"Stictocephala bisonia Kopp & Yonke, 1977",Animalia,Arthropoda,Insecta,Hemiptera,Membracidae,Stictocephala,species,ICZN
en,CC BY 4.0,Ovidius University of Constanta,my_dataset_doi,UoC,Checklist of introduced taxa in Romania,OSROUCKLQVSTK2ZJS9WR17,"Euchaeta marina (Prestandrea, 1833)",Animalia,Arthropoda,Copepoda,Calanoida,Euchaetidae,Euchaeta,species,ICZN
en,CC BY 4.0,Ovidius University of Constanta,my_dataset_doi,UoC,Checklist of introduced taxa in Romania,OSROUCKLQYXQQHVZS2P9BY,"Encarsia formosa (Gahan, 1924)",Animalia,Arthropoda,Insecta,Hymenoptera,Aphelinidae,Encarsia,species,ICZN
en,CC BY 4.0,Ovidius University of Constanta,my_dataset_doi,UoC,Checklist of introduced taxa in Romania,OSROUCKLQZ4Z9AYXC84SHC,"Eriosoma lanigerum (Hausmann, 1802)",Animalia,Arthropoda,Insecta,Hemiptera,Aphididae,Eriosoma,species,ICZN
en,CC BY 4.0,Ovidius University of Constanta,my_dataset_doi,UoC,Checklist of introduced taxa in Romania,OSROUCKLQZTCUQ4AH9NW9I,Amaranthus caudatus L.,Plantae,Tracheophyta,Magnoliopsida,Caryophyllales,Amaranthaceae,Amaranthus,species,ICN
en,CC BY 4.0,Ovidius University of Constanta,my_dataset_doi,UoC,Checklist of introduced taxa in Romania,OSROUCKLR6J2H9N7Y97HXV,Ailanthus altissima (Mill.) Swingle,Plantae,Tracheophyta,Magnoliopsida,Sapindales,Simaroubaceae,Ailanthus,species,ICN
en,CC BY 4.0,Ovidius University of Constanta,my_dataset_doi,UoC,Checklist of introduced taxa in Romania,OSROUCKLR8O8IIPO1W9WQP,"Bruchophagus sophorae Crosby & Crosby, 1929",Animalia,Arthropoda,Insecta,Hymenoptera,Eurytomidae,Bruchophagus,species,ICZN
en,CC BY 4.0,Ovidius University of Constanta,my_dataset_doi,UoC,Checklist of introduced taxa in Romania,OSROUCKLRFU6TPRR18BOFX,"Bruchus lentis Frölich, 1799",Animalia,Arthropoda,Insecta,Coleoptera,Chrysomelidae,Bruchus,species,ICZN
en,CC BY 4.0,Ovidius University of Constanta,my_dataset_doi,UoC,Checklist of introduced taxa in Romania,OSROUCKLRJ15L0466RAJH2,Aphis (Aphis) spiraephaga,Animalia,Arthropoda,Insecta,Hemiptera,Aphididae,Aphis,species,ICZN
en,CC BY 4.0,Ovidius University of Constanta,my_dataset_doi,UoC,Checklist of introduced taxa in Romania,OSROUCKLRL4MLD666XZNB5,"Phthorimaea operculella (Zeller, 1873)",Animalia,Arthropoda,Insecta,Lepidoptera,Gelechiidae,Phthorimaea,species,ICZN
en,CC BY 4.0,Ovidius University of Constanta,my_dataset_doi,UoC,Checklist of introduced taxa in Romania,OSROUCKLRNJ3MHNLHM265L,"Euterpina acutifrons (Dana, 1848)",Animalia,Arthropoda,Copepoda,Harpacticoida,Tachidiidae,Euterpina,species,ICZN
en,CC BY 4.0,Ovidius University of Constanta,my_dataset_doi,UoC,Checklist of introduced taxa in Romania,OSROUCKLRQ3NDUGWPB1ICR,"Aphelinus mali (Haldeman, 1851)",Animalia,Arthropoda,Insecta,Hymenoptera,Aphelinidae,Aphelinus,species,ICZN
en,CC BY 4.0,Ovidius University of Constanta,my_dataset_doi,UoC,Checklist of introduced taxa in Romania,OSROUCKLRQE11GLNYHJV53,"Acipenser baerii Brandt, 1869",Animalia,Chordata,Actinopterygii,Acipenseriformes,Acipenseridae,Acipenser,species,ICZN
en,CC BY 4.0,Ovidius University of Constanta,my_dataset_doi,UoC,Checklist of introduced taxa in Romania,OSROUCKLRU59ZFZITE4VDU,"Ptinus latro Fabricius, 1775",Animalia,Arthropoda,Insecta,Coleoptera,Ptinidae,Ptinus,species,ICZN
en,CC BY 4.0,Ovidius University of Constanta,my_dataset_doi,UoC,Checklist of introduced taxa in Romania,OSROUCKLRW9M71NUQTW5ZR,"Trogoderma granarium Everts, 1899",Animalia,Arthropoda,Insecta,Coleoptera,Dermestidae,Trogoderma,species,ICZN
en,CC BY 4.0,Ovidius University of Constanta,my_dataset_doi,UoC,Checklist of introduced taxa in Romania,OSROUCKLS0QKW24X0J09J9,"Graptemys pseudogeographica (Gray, 1831)",Animalia,Chordata,Reptilia,Testudines,Emydidae,Graptemys,species,ICZN
en,CC BY 4.0,Ovidius University of Constanta,my_dataset_doi,UoC,Checklist of introduced taxa in Romania,OSROUCKLSA7S2WZBCTLRFU,"Aculus hippocastani (Fockeu, 1890)",Animalia,Arthropoda,Arachnida,Sarcoptiformes,Eriophyidae,Aculus,species,ICZN
en,CC BY 4.0,Ovidius University of Constanta,my_dataset_doi,UoC,Checklist of introduced taxa in Romania,OSROUCKLSAGIOQT2J5CB93,"Lepidosaphes pinnaeformis (Bouche, 1851)",Animalia,Arthropoda,Insecta,Hemiptera,Diaspididae,Lepidosaphes,species,ICZN
en,CC BY 4.0,Ovidius University of Constanta,my_dataset_doi,UoC,Checklist of introduced taxa in Romania,OSROUCKLSGAYY7JXRS83S1,"Uroleucon erigeronense (Thomas C., 1878)",Animalia,Arthropoda,Insecta,Hemiptera,Aphididae,Uroleucon,species,ICZN
en,CC BY 4.0,Ovidius University of Constanta,my_dataset_doi,UoC,Checklist of introduced taxa in Romania,OSROUCKLSH3IT33ZKV2M0L,"Onchocleidus similis Mueller, 1936",Animalia,Platyhelminthes,Monogenea,Dactylogyridea,Ancyrocephalidae,Onchocleidus,species,ICZN
en,CC BY 4.0,Ovidius University of Constanta,my_dataset_doi,UoC,Checklist of introduced taxa in Romania,OSROUCKLSHLFWT23740FEU,Amaranthus viridis L.,Plantae,Tracheophyta,Magnoliopsida,Caryophyllales,Amaranthaceae,Amaranthus,species,ICN
en,CC BY 4.0,Ovidius University of Constanta,my_dataset_doi,UoC,Checklist of introduced taxa in Romania,OSROUCKLSLYHU7F85GCOCN,"Pterochloroides persicae (Cholodkovsky, 1898)",Animalia,Arthropoda,Insecta,Hemiptera,Aphididae,Pterochloroides,species,ICZN
en,CC BY 4.0,Ovidius University of Constanta,my_dataset_doi,UoC,Checklist of introduced taxa in Romania,OSROUCKLSNSXC2OVA0514F,"Myzus ornatus Laing, 1932",Animalia,Arthropoda,Insecta,Hemiptera,Aphididae,Myzus,species,ICZN
en,CC BY 4.0,Ovidius University of Constanta,my_dataset_doi,UoC,Checklist of introduced taxa in Romania,OSROUCKLSODY8P95D8ZULU,Asclepias syriaca L.,Plantae,Tracheophyta,Magnoliopsida,Gentianales,Apocynaceae,Asclepias,species,ICN
en,CC BY 4.0,Ovidius University of Constanta,my_dataset_doi,UoC,Checklist of introduced taxa in Romania,OSROUCKLSR8GOG62VYM6V3,Acer saccharinum L.,Plantae,Tracheophyta,Magnoliopsida,Sapindales,Sapindaceae,Acer,species,ICN
en,CC BY 4.0,Ovidius University of Constanta,my_dataset_doi,UoC,Checklist of introduced taxa in Romania,OSROUCKLSSTWBO9X9WNQOV,Bergenia crassifolia (L.) Fritsch,Plantae,Tracheophyta,Magnoliopsida,Saxifragales,Saxifragaceae,Bergenia,species,ICN
en,CC BY 4.0,Ovidius University of Constanta,my_dataset_doi,UoC,Checklist of introduced taxa in Romania,OSROUCKLSTY7TQKJA01I75,"Eutintinnus lusus-undae (Entz, 1885)",Protozoa,Ciliophora,Oligotrichea,Tintinnida,Eutintinnidae,Eutintinnus,species,ICZN
en,CC BY 4.0,Ovidius University of Constanta,my_dataset_doi,UoC,Checklist of introduced taxa in Romania,OSROUCKLSY19TKTJPR6XW5,Aubrieta deltoidea (L.) DC.,Plantae,Tracheophyta,Magnoliopsida,Brassicales,Brassicaceae,Aubrieta,species,ICN
en,CC BY 4.0,Ovidius University of Constanta,my_dataset_doi,UoC,Checklist of introduced taxa in Romania,OSROUCKLSZGNO5L1LW06FR,"Corambe obscura (A. E. Verrill, 1870)",Animalia,Mollusca,Gastropoda,Nudibranchia,Corambidae,Corambe,species,ICZN
en,CC BY 4.0,Ovidius University of Constanta,my_dataset_doi,UoC,Checklist of introduced taxa in Romania,OSROUCKLT1O00DLCB7KRC1,"Tinocallis (Eotinocallis) platani (Kaltenbach, 1843)",Animalia,Arthropoda,Insecta,Hemiptera,Aphididae,Tinocallis,species,ICZN
en,CC BY 4.0,Ovidius University of Constanta,my_dataset_doi,UoC,Checklist of introduced taxa in Romania,OSROUCKLT7HCNFILGN2PSS,"Pseudemys concinna (Le Conte, 1830)",Animalia,Chordata,Reptilia,Testudines,Emydidae,Pseudemys,species,ICZN
en,CC BY 4.0,Ovidius University of Constanta,my_dataset_doi,UoC,Checklist of introduced taxa in Romania,OSROUCKLT87EXFNY21TKYK,"Cadra figulilella (Gregson, 1871)",Animalia,Arthropoda,Insecta,Lepidoptera,Pyralidae,Cadra,species,ICZN
en,CC BY 4.0,Ovidius University of Constanta,my_dataset_doi,UoC,Checklist of introduced taxa in Romania,OSROUCKLTACJSA743EBMFO,"Diaspis boisduvalii Signoret, 1869",Animalia,Arthropoda,Insecta,Hemiptera,Diaspididae,Diaspis,species,ICZN
en,CC BY 4.0,Ovidius University of Constanta,my_dataset_doi,UoC,Checklist of introduced taxa in Romania,OSROUCKLTG868JHM1SNGWS,"Pholcus phalangioides (Fuesslin, 1775)",Animalia,Arthropoda,Arachnida,Araneae,Pholcidae,Pholcus,species,ICZN
en,CC BY 4.0,Ovidius University of Constanta,my_dataset_doi,UoC,Checklist of introduced taxa in Romania,OSROUCKLTI2RKN5L72CTNM,"Scolecithrix danae (Lubbock, 1856)",Animalia,Arthropoda,Copepoda,Calanoida,Scolecitrichidae,Scolecithrix,species,ICZN
en,CC BY 4.0,Ovidius University of Constanta,my_dataset_doi,UoC,Checklist of introduced taxa in Romania,OSROUCKLTIZBTT35XVNH3V,"Polyphagotarsonemus latus (Banks, 1904)",Animalia,Arthropoda,Arachnida,Trombidiformes,Tarsonemidae,Polyphagotarsonemus,species,ICZN
en,CC BY 4.0,Ovidius University of Constanta,my_dataset_doi,UoC,Checklist of introduced taxa in Romania,OSROUCKLTP19JAEK9DEIZ4,"Magallana gigas (Thunberg, 1793)",Animalia,Mollusca,Bivalvia,Ostreida,Ostreidae,Magallana,species,ICZN
en,CC BY 4.0,Ovidius University of Constanta,my_dataset_doi,UoC,Checklist of introduced taxa in Romania,OSROUCKLTPI2X54VSHGSIJ,"Macrosaccus robiniella (Clemens, 1859)",Animalia,Arthropoda,Insecta,Lepidoptera,Gracillariidae,Macrosaccus,species,ICZN
en,CC BY 4.0,Ovidius University of Constanta,my_dataset_doi,UoC,Checklist of introduced taxa in Romania,OSROUCKLTVDC4TOB5V6HTY,"Ctenopharyngodon idella (Valenciennes, 1844)",Animalia,Chordata,Actinopterygii,Cypriniformes,Xenocyprididae,Ctenopharyngodon,species,ICZN
en,CC BY 4.0,Ovidius University of Constanta,my_dataset_doi,UoC,Checklist of introduced taxa in Romania,OSROUCKLTWKB5CK7IVI7D1,"Ctenocalanus vanus Giesbrecht, 1888",Animalia,Arthropoda,Copepoda,Calanoida,Clausocalanidae,Ctenocalanus,species,ICZN
en,CC BY 4.0,Ovidius University of Constanta,my_dataset_doi,UoC,Checklist of introduced taxa in Romania,OSROUCKLU0MMXCAIPZ0DLQ,Amaranthus palmeri S.Watson,Plantae,Tracheophyta,Magnoliopsida,Caryophyllales,Amaranthaceae,Amaranthus,species,ICN
en,CC BY 4.0,Ovidius University of Constanta,my_dataset_doi,UoC,Checklist of introduced taxa in Romania,OSROUCKLU0P9AK9ZTFUXJ7,"Callosobruchus chinensis (Linnaeus, 1758)",Animalia,Arthropoda,Insecta,Coleoptera,Chrysomelidae,Callosobruchus,species,ICZN
en,CC BY 4.0,Ovidius University of Constanta,my_dataset_doi,UoC,Checklist of introduced taxa in Romania,OSROUCKLU41SX18ZZBPH27,Abelmoschus esculentus (L.) Moench,Plantae,Tracheophyta,Magnoliopsida,Malvales,Malvaceae,Abelmoschus,species,ICN
en,CC BY 4.0,Ovidius University of Constanta,my_dataset_doi,UoC,Checklist of introduced taxa in Romania,OSROUCKLU48Z50CZCBL6PR,"Ondatra zibethicus (Linnaeus, 1766)",Animalia,Chordata,Mammalia,Rodentia,Cricetidae,Ondatra,species,ICZN
en,CC BY 4.0,Ovidius University of Constanta,my_dataset_doi,UoC,Checklist of introduced taxa in Romania,OSROUCKLUCW2K47W4N989V,"Aphis (Aphis) annuae Oestlund, 1886",Animalia,Arthropoda,Insecta,Hemiptera,Aphididae,Aphis,species,ICZN
en,CC BY 4.0,Ovidius University of Constanta,my_dataset_doi,UoC,Checklist of introduced taxa in Romania,OSROUCKLUJLC50TJ9TVCP5,"Pectinatella magnifica (Leidy, 1851)",Animalia,Bryozoa,Phylactolaemata,Plumatellida,Pectinatellidae,Pectinatella,species,ICZN
en,CC BY 4.0,Ovidius University of Constanta,my_dataset_doi,UoC,Checklist of introduced taxa in Romania,OSROUCKLUWWVOBBXBXI4D4,"Aproceros leucopoda Takeuchi, 1939",Animalia,Arthropoda,Insecta,Hymenoptera,Argidae,Aproceros,species,ICZN
en,CC BY 4.0,Ovidius University of Constanta,my_dataset_doi,UoC,Checklist of introduced taxa in Romania,OSROUCKLUXOJZFN4GY7CLN,"Rhopalosiphum padi (Linnaeus, 1758)",Animalia,Arthropoda,Insecta,Hemiptera,Aphididae,Rhopalosiphum,species,ICZN
en,CC BY 4.0,Ovidius University of Constanta,my_dataset_doi,UoC,Checklist of introduced taxa in Romania,OSROUCKLV1VUDD0KUTZ6OK,"Trachemys scripta (Thunberg, 1792)",Animalia,Chordata,Reptilia,Testudines,Emydidae,Trachemys,species,ICZN
en,CC BY 4.0,Ovidius University of Constanta,my_dataset_doi,UoC,Checklist of introduced taxa in Romania,OSROUCKLV4N42GRGQ6729R,"Laonome xeprovala Bick & Bastrop, in Bick et al., 2018",Animalia,Annelida,Polychaeta,Sabellida,Sabellidae,Laonome,species,ICZN
en,CC BY 4.0,Ovidius University of Constanta,my_dataset_doi,UoC,Checklist of introduced taxa in Romania,OSROUCKLV8ZIJKTD4UIH1L,"Monstrilla grandis Giesbrecht, 1891",Animalia,Arthropoda,Copepoda,Monstrilloida,Monstrillidae,Monstrilla,species,ICZN
en,CC BY 4.0,Ovidius University of Constanta,my_dataset_doi,UoC,Checklist of introduced taxa in Romania,OSROUCKLV9GNAMNWK0YPY3,"Aculops lycopersici (Tryon, 1917)",Animalia,Arthropoda,Arachnida,Sarcoptiformes,Eriophyidae,Aculops,species,ICZN
en,CC BY 4.0,Ovidius University of Constanta,my_dataset_doi,UoC,Checklist of introduced taxa in Romania,OSROUCKLVAFPNT9MMLEIYT,"Megabruchidius dorsalis (Fåhraeus, 1839)",Animalia,Arthropoda,Insecta,Coleoptera,Chrysomelidae,Megabruchidius,species,ICZN
en,CC BY 4.0,Ovidius University of Constanta,my_dataset_doi,UoC,Checklist of introduced taxa in Romania,OSROUCKLVAHTSOZRCN4MZ6,"Amphibalanus improvisus (Darwin, 1854)",Animalia,Arthropoda,Hexanauplia,Balanomorpha,Balanidae,Amphibalanus,species,ICZN
en,CC BY 4.0,Ovidius University of Constanta,my_dataset_doi,UoC,Checklist of introduced taxa in Romania,OSROUCKLVBCFMS4GTXWWGH,"Triconia dentipes (Giesbrecht, 1891)",Animalia,Arthropoda,Copepoda,Cyclopoida,Oncaeidae,Triconia,species,ICZN
en,CC BY 4.0,Ovidius University of Constanta,my_dataset_doi,UoC,Checklist of introduced taxa in Romania,OSROUCKLVEAROF2NBWXE3M,"Icerya purchasi Maskell, 1879",Animalia,Arthropoda,Insecta,Hemiptera,Margarodidae,Icerya,species,ICZN
en,CC BY 4.0,Ovidius University of Constanta,my_dataset_doi,UoC,Checklist of introduced taxa in Romania,OSROUCKLVFQFS2NHTTD18L,"Hofmannophila pseudospretella Stainton, 1849",Animalia,Arthropoda,Insecta,Lepidoptera,Oecophoridae,Hofmannophila,species,ICZN
en,CC BY 4.0,Ovidius University of Constanta,my_dataset_doi,UoC,Checklist of introduced taxa in Romania,OSROUCKLVG8IKBV7RJCQDI,"Thecturota marchii (Dodero, 1922)",Animalia,Arthropoda,Insecta,Coleoptera,Staphilinidae,Thecturota,species,ICZN
en,CC BY 4.0,Ovidius University of Constanta,my_dataset_doi,UoC,Checklist of introduced taxa in Romania,OSROUCKLVI53M19IJ72UEX,"Trichogramma dendrolimi Matsumura, 1926",Animalia,Arthropoda,Insecta,Hymenoptera,Trichogrammatidae,Trichogramma,species,ICZN
en,CC BY 4.0,Ovidius University of Constanta,my_dataset_doi,UoC,Checklist of introduced taxa in Romania,OSROUCKLVJDR05K2BVSZKC,"Faxonius limosus (Rafinesque, 1817)",Animalia,Arthropoda,Malacostraca,Decapoda,Cambaridae,Faxonius,species,ICZN
en,CC BY 4.0,Ovidius University of Constanta,my_dataset_doi,UoC,Checklist of introduced taxa in Romania,OSROUCKLVK5W2XSJMS0LLS,"Gambusia holbrooki Girard, 1859",Animalia,Chordata,Actinopterygii,Cyprinodontiformes,Poeciliidae,Gambusia,species,ICZN
en,CC BY 4.0,Ovidius University of Constanta,my_dataset_doi,UoC,Checklist of introduced taxa in Romania,OSROUCKLVMR6FCWRPLKGRP,"Ameiurus nebulosus (Lesueur, 1819)",Animalia,Chordata,Actinopterygii,Siluriformes,Ictaluridae,Ameiurus,species,ICZN
en,CC BY 4.0,Ovidius University of Constanta,my_dataset_doi,UoC,Checklist of introduced taxa in Romania,OSROUCKLVN6Q4PNG05KMMV,"Arboridia (Arboridia) kakogawana (Matsumura, 1932)",Animalia,Arthropoda,Insecta,Hemiptera,Cicadellidae,Arboridia,species,ICZN
en,CC BY 4.0,Ovidius University of Constanta,my_dataset_doi,UoC,Checklist of introduced taxa in Romania,OSROUCKLVNZ3XGTZZRJA2C,"Unaspis euonymi (Comstock, 1881)",Animalia,Arthropoda,Insecta,Hemiptera,Diaspididae,Unaspis,species,ICZN
en,CC BY 4.0,Ovidius University of Constanta,my_dataset_doi,UoC,Checklist of introduced taxa in Romania,OSROUCKLVO2B8M28ZIDS2Y,"Mauremys sinensis (Gray, 1834)",Animalia,Chordata,Reptilia,Testudines,Geoemydidae,Mauremys,species,ICZN
en,CC BY 4.0,Ovidius University of Constanta,my_dataset_doi,UoC,Checklist of introduced taxa in Romania,OSROUCKLVSHZLOIZUMFA6S,"Acanthoscelides pallidipennis (Motschulsky, 1874)",Animalia,Arthropoda,Insecta,Coleoptera,Chrysomelidae,Acanthoscelides,species,ICZN
en,CC BY 4.0,Ovidius University of Constanta,my_dataset_doi,UoC,Checklist of introduced taxa in Romania,OSROUCKLVSX550RKQLN898,"Microsetella rosea (Dana, 1847)",Animalia,Arthropoda,Copepoda,Harpacticoida,Ectinosomatidae,Microsetella,species,ICZN
en,CC BY 4.0,Ovidius University of Constanta,my_dataset_doi,UoC,Checklist of introduced taxa in Romania,OSROUCKLVUYOWD4T1F8AGK,"Epauloecus unicolor (Piller & Mitterpacher, 1783)",Animalia,Arthropoda,Insecta,Coleoptera,Ptinidae,Epauloecus,species,ICZN
en,CC BY 4.0,Ovidius University of Constanta,my_dataset_doi,UoC,Checklist of introduced taxa in Romania,OSROUCKLW23EP0ZXNJV6O2,"Phenacoccus pumilus Kiritshenko, 1936",Animalia,Arthropoda,Insecta,Hemiptera,Pseudococcidae,Phenacoccus,species,ICZN
en,CC BY 4.0,Ovidius University of Constanta,my_dataset_doi,UoC,Checklist of introduced taxa in Romania,OSROUCKLW5QFVSPIRAODEK,"Saissetia miranda (Cockerell & Parrott, 1899)",Animalia,Arthropoda,Insecta,Hemiptera,Coccidae,Saissetia,species,ICZN
en,CC BY 4.0,Ovidius University of Constanta,my_dataset_doi,UoC,Checklist of introduced taxa in Romania,OSROUCKLW604KJX8F6TWJO,"Girardia tigrina (Girard, 1850)",Animalia,Platyhelminthes,,Tricladida,Dugesiidae,Girardia,species,ICZN
en,CC BY 4.0,Ovidius University of Constanta,my_dataset_doi,UoC,Checklist of introduced taxa in Romania,OSROUCKLWA97U18XOHM7N8,"Corticaria elongata Gyllenhal, 1827",Animalia,Arthropoda,Insecta,Coleoptera,Latridiidae,Corticaria,species,ICZN
en,CC BY 4.0,Ovidius University of Constanta,my_dataset_doi,UoC,Checklist of introduced taxa in Romania,OSROUCKLWAKNXMCCVHYZ82,"Pineus (Pineus) orientalis (Dreyfus, 1888)",Animalia,Arthropoda,Insecta,Hemiptera,Adelgidae,Pineus,species,ICZN
en,CC BY 4.0,Ovidius University of Constanta,my_dataset_doi,UoC,Checklist of introduced taxa in Romania,OSROUCKLWAQD6KJU2CK4XW,"Cadra cautella (Walker, 1863)",Animalia,Arthropoda,Insecta,Lepidoptera,Pyralidae,Cadra,species,ICZN
en,CC BY 4.0,Ovidius University of Constanta,my_dataset_doi,UoC,Checklist of introduced taxa in Romania,OSROUCKLWFEJHKZ6F9Z1U8,"Cornutiplusia circumflexa (Linnaeus, 1767)",Animalia,Arthropoda,Insecta,Lepidoptera,Noctuidae,Cornutiplusia,species,ICZN
en,CC BY 4.0,Ovidius University of Constanta,my_dataset_doi,UoC,Checklist of introduced taxa in Romania,OSROUCKLWIXOTWGLZKV5GB,"Caloptilia azaleella (Brants, 1913)",Animalia,Arthropoda,Insecta,Lepidoptera,Gracillariidae,Caloptilia,species,ICZN
en,CC BY 4.0,Ovidius University of Constanta,my_dataset_doi,UoC,Checklist of introduced taxa in Romania,OSROUCKLWR7T7CZG8MXPWR,"Xylosandrus germanus Hoffmann, C.H., 1941",Animalia,Arthropoda,Insecta,Coleoptera,Curculionidae,Xylosandrus,species,ICZN
en,CC BY 4.0,Ovidius University of Constanta,my_dataset_doi,UoC,Checklist of introduced taxa in Romania,OSROUCKLWU5ZZFGR5ADICB,"Monopis crocicapitella (Clemens, 1859)",Animalia,Arthropoda,Insecta,Lepidoptera,Tineidae,Monopis,species,ICZN
en,CC BY 4.0,Ovidius University of Constanta,my_dataset_doi,UoC,Checklist of introduced taxa in Romania,OSROUCKLWXXG6N76SAAEZX,Albizia julibrissin Durazz.,Plantae,Tracheophyta,Magnoliopsida,Fabales,Fabaceae,Albizia,species,ICN
en,CC BY 4.0,Ovidius University of Constanta,my_dataset_doi,UoC,Checklist of introduced taxa in Romania,OSROUCKLX1F9D5IYOF4M81,"Arcuatula senhousia (W. H. Benson, 1842)",Animalia,Mollusca,Bivalvia,Mytilida,Mytilidae,Arcuatula,species,ICZN
en,CC BY 4.0,Ovidius University of Constanta,my_dataset_doi,UoC,Checklist of introduced taxa in Romania,OSROUCKLX4KYDC1MUSCFHJ,"Schyzocotyle acheilognathi (Yamaguti, 1934) Brabec, Waeschenbach, Scholz, Littlewood & Kuchta, 2015",Animalia,Platyhelminthes,Cestoda,Bothriocephalidea,Bothriocephalidae,Schyzocotyle,species,ICZN
en,CC BY 4.0,Ovidius University of Constanta,my_dataset_doi,UoC,Checklist of introduced taxa in Romania,OSROUCKLX7SNHZEVKBQ41A,"Contarinia pisi (Winnertz, 1854)",Animalia,Arthropoda,Insecta,Diptera,Cecidomyiidae,Contarinia,species,ICZN
en,CC BY 4.0,Ovidius University of Constanta,my_dataset_doi,UoC,Checklist of introduced taxa in Romania,OSROUCKLXBDF6D2CZ0GO36,"Hercinothrips femoralis (Reuter, 1891)",Animalia,Arthropoda,Insecta,Thysanoptera,Heliothripidae,Hercinothrips,species,ICZN
en,CC BY 4.0,Ovidius University of Constanta,my_dataset_doi,UoC,Checklist of introduced taxa in Romania,OSROUCKLXD9ZWRMI4CP6WU,"Arocatus longiceps Stål, 1872",Animalia,Arthropoda,Insecta,Hemiptera,Lygaeidae,Arocatus,species,ICZN
en,CC BY 4.0,Ovidius University of Constanta,my_dataset_doi,UoC,Checklist of introduced taxa in Romania,OSROUCKLXETLYH2V781Z7C,"Parthenolecanium fletcheri (Cockerell, 1893)",Animalia,Arthropoda,Insecta,Hemiptera,Coccidae,Parthenolecanium,species,ICZN
en,CC BY 4.0,Ovidius University of Constanta,my_dataset_doi,UoC,Checklist of introduced taxa in Romania,OSROUCKLXH4FB6UEZB360Z,"Mecynocera clausi Thompson I.C., 1888",Animalia,Arthropoda,Copepoda,Calanoida,Paracalanidae,Mecynocera,species,ICZN
en,CC BY 4.0,Ovidius University of Constanta,my_dataset_doi,UoC,Checklist of introduced taxa in Romania,OSROUCKLXIXZR53YS2327Z,"Anacridium aegyptium (Linnaeus, 1764)",Animalia,Arthropoda,Insecta,Orthoptera,Acrididae,Anacridium ,species,ICZN
en,CC BY 4.0,Ovidius University of Constanta,my_dataset_doi,UoC,Checklist of introduced taxa in Romania,OSROUCKLXJ7O1LV8FZWE50,"Branta canadensis (Linnaeus, 1758)",Animalia,Chordata,Aves,Anseriformes,Anatidae,Branta,species,ICZN
en,CC BY 4.0,Ovidius University of Constanta,my_dataset_doi,UoC,Checklist of introduced taxa in Romania,OSROUCKLXL688D9IU4UH72,"Zabrotes subfasciatus (Boheman, 1833)",Animalia,Arthropoda,Insecta,Coleoptera,Chrysomelidae,Zabrotes,species,ICZN
en,CC BY 4.0,Ovidius University of Constanta,my_dataset_doi,UoC,Checklist of introduced taxa in Romania,OSROUCKLXNTS2B4CH36IBE,"Shelfordella lateralis (Walker, 1868)",Animalia,Arthropoda,Insecta,Blattodea,Blattidae,Shelfordella,species,ICZN
en,CC BY 4.0,Ovidius University of Constanta,my_dataset_doi,UoC,Checklist of introduced taxa in Romania,OSROUCKLXTRV1Q1CDUFSEI,"Cryptophagus laticollis Lucas, 1849",Animalia,Arthropoda,Insecta,Coleoptera,Cryptophagidae,Cryptophagus,species,ICZN
en,CC BY 4.0,Ovidius University of Constanta,my_dataset_doi,UoC,Checklist of introduced taxa in Romania,OSROUCKLXWWM6UUAZZBY4T,"Hyalomma aegyptium Linnaeus, 1758",Animalia,Arthropoda,Arachnida,Ixodida,Ixodidae,Hyalomma,species,ICZN
en,CC BY 4.0,Ovidius University of Constanta,my_dataset_doi,UoC,Checklist of introduced taxa in Romania,OSROUCKLY1ECLGIMLNEG9X,"Phytonemus pallidus (Banks, 1899)",Animalia,Arthropoda,Arachnida,Trombidiformes,Tarsonemidae,Phytonemus,species,ICZN
en,CC BY 4.0,Ovidius University of Constanta,my_dataset_doi,UoC,Checklist of introduced taxa in Romania,OSROUCKLY63QO5V3TDPH1T,"Phlogotettix cyclops (Mulsant & Rey, 1855)",Animalia,Arthropoda,Insecta,Hemiptera,Cicadellidae,Phlogotettix,species,ICZN
en,CC BY 4.0,Ovidius University of Constanta,my_dataset_doi,UoC,Checklist of introduced taxa in Romania,OSROUCKLY8O6W24RZ26I2P,"Rapana venosa (Valenciennes, 1846)",Animalia,Mollusca,Gastropoda,Neogastropoda,Muricidae,Rapana,species,ICZN
en,CC BY 4.0,Ovidius University of Constanta,my_dataset_doi,UoC,Checklist of introduced taxa in Romania,OSROUCKLY92P4JOA0VNRV3,"Sphaeroma walkeri Stebbing, 1905",Animalia,Arthropoda,Malacostraca,Isopoda,Sphaeromatidae,Sphaeroma,species,ICZN
en,CC BY 4.0,Ovidius University of Constanta,my_dataset_doi,UoC,Checklist of introduced taxa in Romania,OSROUCKLYBYPTGD1C1NKZH,"Craspedacusta sowerbii Lankester, 1880",Animalia,Cnidaria,Hydrozoa,Limnomedusae,Olindiidae,Craspedacusta,species,ICZN
en,CC BY 4.0,Ovidius University of Constanta,my_dataset_doi,UoC,Checklist of introduced taxa in Romania,OSROUCKLYCC1Y0PNAEBW37,"Pseudemys nelsoni Carr, 1938",Animalia,Chordata,Reptilia,Testudines,Emydidae,Pseudemys,species,ICZN
en,CC BY 4.0,Ovidius University of Constanta,my_dataset_doi,UoC,Checklist of introduced taxa in Romania,OSROUCKLYF1GAUOX83QN7K,Bassia scoparia (L.) Beck,Plantae,Tracheophyta,Magnoliopsida,Caryophyllales,Amaranthaceae,Bassia,species,ICN
en,CC BY 4.0,Ovidius University of Constanta,my_dataset_doi,UoC,Checklist of introduced taxa in Romania,OSROUCKLYGU3AUYIQF78VQ,"Pseudemys peninsularis Carr, 1938",Animalia,Chordata,Reptilia,Testudines,Emydidae,Pseudemys,species,ICZN
en,CC BY 4.0,Ovidius University of Constanta,my_dataset_doi,UoC,Checklist of introduced taxa in Romania,OSROUCKLYGZ4JAXZ8Z5L94,"Meconema meridionale Costa, 1860",Animalia,Arthropoda,Insecta,Orthoptera,Tettigoniidae,Meconema,species,ICZN
en,CC BY 4.0,Ovidius University of Constanta,my_dataset_doi,UoC,Checklist of introduced taxa in Romania,OSROUCKLYI87NH2C7749RV,"Gibbium psylloides (Czenpinski, 1778)",Animalia,Arthropoda,Insecta,Coleoptera,Ptinidae,Gibbium,species,ICZN
en,CC BY 4.0,Ovidius University of Constanta,my_dataset_doi,UoC,Checklist of introduced taxa in Romania,OSROUCKLYQ9K7OE4UOG445,"Paracalanus nanus Sars G.O., 1925",Animalia,Arthropoda,Copepoda,Calanoida,Paracalanidae,Paracalanus,species,ICZN
en,CC BY 4.0,Ovidius University of Constanta,my_dataset_doi,UoC,Checklist of introduced taxa in Romania,OSROUCKLYQIOFOP2UWJEJD,"Ameiurus melas (Rafinesque, 1820)",Animalia,Chordata,Actinopterygii,Siluriformes,Ictaluridae,Ameiurus,species,ICZN
en,CC BY 4.0,Ovidius University of Constanta,my_dataset_doi,UoC,Checklist of introduced taxa in Romania,OSROUCKLYRIHKZLYT6YX0Z,"Duponchelia fovealis Zeller, 1847",Animalia,Arthropoda,Insecta,Lepidoptera,Crambidae,Duponchelia,species,ICZN
en,CC BY 4.0,Ovidius University of Constanta,my_dataset_doi,UoC,Checklist of introduced taxa in Romania,OSROUCKLYSPYI13BO3SM5T,Artemisia abrotanum L.,Plantae,Tracheophyta,Magnoliopsida,Asterales,Asteraceae,Artemisia,species,ICN
en,CC BY 4.0,Ovidius University of Constanta,my_dataset_doi,UoC,Checklist of introduced taxa in Romania,OSROUCKLYTI70YWESVXGXI,"Chthamalus stellatus (Poli, 1791)",Animalia,Arthropoda,Thecostraca,Balanomorpha,Chthamalidae,Chthamalus,species,ICZN
en,CC BY 4.0,Ovidius University of Constanta,my_dataset_doi,UoC,Checklist of introduced taxa in Romania,OSROUCKLYUNBGB2NI8851H,"Parasaissetia nigra (Nietner, 1861)",Animalia,Arthropoda,Insecta,Hemiptera,Coccidae,Parasaissetia,species,ICZN
en,CC BY 4.0,Ovidius University of Constanta,my_dataset_doi,UoC,Checklist of introduced taxa in Romania,OSROUCKLYUU9Z0CG4UH87O,"Aphis (Aphis) gossypii Glover, 1877",Animalia,Arthropoda,Insecta,Hemiptera,Aphididae,Aphis,species,ICZN
en,CC BY 4.0,Ovidius University of Constanta,my_dataset_doi,UoC,Checklist of introduced taxa in Romania,OSROUCKLYXF4Y38X3VAUM2,"Parthenothrips dracaenae (Heeger, 1854)",Animalia,Arthropoda,Insecta,Thysanoptera,Parthenothripidae,Parthenothrips,species,ICZN
en,CC BY 4.0,Ovidius University of Constanta,my_dataset_doi,UoC,Checklist of introduced taxa in Romania,OSROUCKLZ0Q4OMXEL93XPH,"Procambarus virginalis Lyko, 2017",Animalia,Arthropoda,Malacostraca,Decapoda,Cambaridae,Procambarus,species,ICZN
en,CC BY 4.0,Ovidius University of Constanta,my_dataset_doi,UoC,Checklist of introduced taxa in Romania,OSROUCKLZ2OULSATA17K5D,"Pelodiscus sinensis (Wiegmann, 1835)",Animalia,Chordata,Reptilia,Testudines,Trionychidae,Pelodiscus,species,ICZN
en,CC BY 4.0,Ovidius University of Constanta,my_dataset_doi,UoC,Checklist of introduced taxa in Romania,OSROUCKLZ33AK8DAR0K1B8,"Ephestia elutella (Hübner, 1796)",Animalia,Arthropoda,Insecta,Lepidoptera,Pyralidae,Ephestia,species,ICZN
en,CC BY 4.0,Ovidius University of Constanta,my_dataset_doi,UoC,Checklist of introduced taxa in Romania,OSROUCKLZ50MQEYC2O1IP8,"Grapholita molesta (Busck, 1916)",Animalia,Arthropoda,Insecta,Lepidoptera,Tortricidae,Grapholita,species,ICZN
en,CC BY 4.0,Ovidius University of Constanta,my_dataset_doi,UoC,Checklist of introduced taxa in Romania,OSROUCKLZ5Q02B7L1IUD9B,"Tenuipalpus pacificus Baker, 1945",Animalia,Arthropoda,Arachnida,Trombidiformes,Tenuipalpidae,Tenuipalpus,species,ICZN
en,CC BY 4.0,Ovidius University of Constanta,my_dataset_doi,UoC,Checklist of introduced taxa in Romania,OSROUCKLZ67C9PADN5JDUL,Ambrosia trifida L.,Plantae,Tracheophyta,Magnoliopsida,Asterales,Asteraceae,Ambrosia,species,ICN
en,CC BY 4.0,Ovidius University of Constanta,my_dataset_doi,UoC,Checklist of introduced taxa in Romania,OSROUCKLZ69DSRWC2NOH93,"Bemisia tabaci (Gennadius, 1889)",Animalia,Arthropoda,Insecta,Hemiptera,Aleyrodidae,Bemisia,species,ICZN
en,CC BY 4.0,Ovidius University of Constanta,my_dataset_doi,UoC,Checklist of introduced taxa in Romania,OSROUCKLZ6GXHH1Q0LX3KH,"Callinectes sapidus Rathbun, 1896",Animalia,Arthropoda,Malacostraca,Decapoda,Portunidae,Callinectes,species,ICZN
en,CC BY 4.0,Ovidius University of Constanta,my_dataset_doi,UoC,Checklist of introduced taxa in Romania,OSROUCKLZ6RW7T6XA86V36,"Ficopomatus enigmaticus (Fauvel, 1923)",Animalia,Annelida,Polychaeta,Sabellida,Serpulidae,Ficopomatus,species,ICZN
en,CC BY 4.0,Ovidius University of Constanta,my_dataset_doi,UoC,Checklist of introduced taxa in Romania,OSROUCKLZ9OZ2LVC8VC7F9,"Mesocalanus tenuicornis (Dana, 1849-1852)",Animalia,Arthropoda,Copepoda,Calanoida,Calanidae,Mesocalanus,species,ICZN
en,CC BY 4.0,Ovidius University of Constanta,my_dataset_doi,UoC,Checklist of introduced taxa in Romania,OSROUCKLZBDGQAONRA5Y9T,"Helisoma anceps (Menke, 1830)",Animalia,Mollusca,Gastropoda,Pulmonata,Planorbidae,Helisoma,species,ICZN
en,CC BY 4.0,Ovidius University of Constanta,my_dataset_doi,UoC,Checklist of introduced taxa in Romania,OSROUCKLZD3K37QSPIM7U6,"Gymnaspis aechmeae Newstead, 1898",Animalia,Arthropoda,Insecta,Hemiptera,Diaspididae,Gymnaspis,species,ICZN
en,CC BY 4.0,Ovidius University of Constanta,my_dataset_doi,UoC,Checklist of introduced taxa in Romania,OSROUCKLZDRVJH3C4054UF,"Oryctolagus cuniculus (Linnaeus, 1758)",Animalia,Chordata,Mammalia,Lagomorpha,Leporidae,Oryctolagus,species,ICZN
en,CC BY 4.0,Ovidius University of Constanta,my_dataset_doi,UoC,Checklist of introduced taxa in Romania,OSROUCKLZEZXXYB3GIE60M,"Echinothrips americanus Morgan, 1913",Animalia,Arthropoda,Insecta,Thysanoptera,Thripidae,Echinothrips,species,ICZN
en,CC BY 4.0,Ovidius University of Constanta,my_dataset_doi,UoC,Checklist of introduced taxa in Romania,OSROUCKLZJF3K0K94NN5EF,"Stictocephala alta (Walker, 1851)",Animalia,Arthropoda,Insecta,Hemiptera,Membracidae,Stictocephala,species,ICZN
en,CC BY 4.0,Ovidius University of Constanta,my_dataset_doi,UoC,Checklist of introduced taxa in Romania,OSROUCKLZJLMQ75SCGHAC6,"Ictalurus punctatus (Rafinesque, 1818)",Animalia,Chordata,Actinopterygii,Siluriformes,Ictaluridae,Ictalurus,species,ICZN
en,CC BY 4.0,Ovidius University of Constanta,my_dataset_doi,UoC,Checklist of introduced taxa in Romania,OSROUCKLZKMFEC1REHBBHH,Amaranthus retroflexus L.,Plantae,Tracheophyta,Magnoliopsida,Caryophyllales,Amaranthaceae,Amaranthus,species,ICN
en,CC BY 4.0,Ovidius University of Constanta,my_dataset_doi,UoC,Checklist of introduced taxa in Romania,OSROUCKLZL82RHFGHJXYXX,"Lepidosaphes beckii (Newman, 1869)",Animalia,Arthropoda,Insecta,Hemiptera,Diaspididae,Lepidosaphes,species,ICZN
en,CC BY 4.0,Ovidius University of Constanta,my_dataset_doi,UoC,Checklist of introduced taxa in Romania,OSROUCKLZLTO642WJMRM2R,"Obolodiplosis robiniae (Haldeman, 1847)",Animalia,Arthropoda,Insecta,Diptera,Cecidomyiidae,Obolodiplosis,species,ICZN
en,CC BY 4.0,Ovidius University of Constanta,my_dataset_doi,UoC,Checklist of introduced taxa in Romania,OSROUCKLZPS1548T73NIE5,"Orseolia cynodontis Kieffer & Massalongo, 1902",Animalia,Arthropoda,Insecta,Diptera,Cecidomyiidae,Orseolia,species,ICZN
en,CC BY 4.0,Ovidius University of Constanta,my_dataset_doi,UoC,Checklist of introduced taxa in Romania,OSROUCKLZQY3Q98XMI4ZWP,"Eriophyes pyri (Pagenstecher, 1857)",Animalia,Arthropoda,Arachnida,Sarcoptiformes,Eriophyidae,Eriophyes,species,ICZN
en,CC BY 4.0,Ovidius University of Constanta,my_dataset_doi,UoC,Checklist of introduced taxa in Romania,OSROUCKLZTYB6Y5TJHBTPB,"Anoplistes halodendri ephippium (Steven & Dalman, 1817)",Animalia,Arthropoda,Insecta,Coleoptera,Cerambycidae,Anoplistes,subspecies,ICZN
en,CC BY 4.0,Ovidius University of Constanta,my_dataset_doi,UoC,Checklist of introduced taxa in Romania,OSROUCKLZUC6C8NTTU6F8U,"Calocalanus tenuis Farran, 1926",Animalia,Arthropoda,Copepoda,Calanoida,Paracalanidae,Calocalanus,species,ICZN
en,CC BY 4.0,Ovidius University of Constanta,my_dataset_doi,UoC,Checklist of introduced taxa in Romania,OSROUCKLZWCJP76RKTIVG9,"Bruchus rufimanus Boheman, 1833",Animalia,Arthropoda,Insecta,Coleoptera,Chrysomelidae,Bruchus,species,ICZN
en,CC BY 4.0,Ovidius University of Constanta,my_dataset_doi,UoC,Checklist of introduced taxa in Romania,OSROUCKLZYHO7PI2EP23OO,"Pheidole megacephala (Fabricius, 1793)",Animalia,Arthropoda,Insecta,Hymenoptera,Formicidae,Pheidole,species,ICZN
en,CC BY 4.0,Ovidius University of Constanta,my_dataset_doi,UoC,Checklist of introduced taxa in Romania,OSROUCKLZYKGQEJWKFAF5E,Abutilon theophrasti Medik.,Plantae,Tracheophyta,Magnoliopsida,Malvales,Malvaceae,Abutilon,species,ICN
en,CC BY 4.0,Ovidius University of Constanta,my_dataset_doi,UoC,Checklist of introduced taxa in Romania,OSROUCKLZZLEUILAERKV5Y,"Aix galericulata (Linnaeus, 1758)",Animalia,Chordata,Aves,Anseriformes,Anatidae,Aix,species,ICZN
en,CC BY 4.0,Ovidius University of Constanta,my_dataset_doi,UoC,Checklist of introduced taxa in Romania,OSROUXERDZSYZQNOTJ,Philadelphus pubescens Loisel.,Plantae,Tracheophyta,Magnoliopsida,Cornales,Hydrangeaceae,Philadelphus,species,ICN
en,CC BY 4.0,Ovidius University of Constanta,my_dataset_doi,UoC,Checklist of introduced taxa in Romania,OSROV30DSPY4TZ8AM6,Coreopsis tinctoria Nutt.,Plantae,Tracheophyta,Magnoliopsida,Asterales,Asteraceae,Coreopsis,species,ICN
en,CC BY 4.0,Ovidius University of Constanta,my_dataset_doi,UoC,Checklist of introduced taxa in Romania,OSROVCEH19438D4ESV,Papaver somniferum L.,Plantae,Tracheophyta,Magnoliopsida,Ranunculales,Papaveraceae,Papaver,species,ICN
en,CC BY 4.0,Ovidius University of Constanta,my_dataset_doi,UoC,Checklist of introduced taxa in Romania,OSROVCXD0L21R8G2AY,Deutzia scabra Thunb.,Plantae,Tracheophyta,Magnoliopsida,Cornales,Hydrangeaceae,Deutzia,species,ICN
en,CC BY 4.0,Ovidius University of Constanta,my_dataset_doi,UoC,Checklist of introduced taxa in Romania,OSROVJMHP7CUM69OUA,Dianthus barbatus L.,Plantae,Tracheophyta,Magnoliopsida,Caryophyllales,Caryophyllaceae,Dianthus,species,ICN
en,CC BY 4.0,Ovidius University of Constanta,my_dataset_doi,UoC,Checklist of introduced taxa in Romania,OSROVQTFDHIWEBYZPF,Trigonella caerulea (L.) Ser.,Plantae,Tracheophyta,Magnoliopsida,Fabales,Fabaceae,Trigonella,species,ICN
en,CC BY 4.0,Ovidius University of Constanta,my_dataset_doi,UoC,Checklist of introduced taxa in Romania,OSROVV7E3TDAZEE3TW,Elsholtzia ciliata (Thunb.) Hyl.,Plantae,Tracheophyta,Magnoliopsida,Lamiales,Lamiaceae,Elsholtzia,species,ICN
en,CC BY 4.0,Ovidius University of Constanta,my_dataset_doi,UoC,Checklist of introduced taxa in Romania,OSROVX2AJ13XVHOQC9,Panicum miliaceum L.,Plantae,Tracheophyta,Liliopsida,Poales,Poaceae,Panicum,species,ICN
en,CC BY 4.0,Ovidius University of Constanta,my_dataset_doi,UoC,Checklist of introduced taxa in Romania,OSROVX6Q23NEBICY1I,Xanthium spinosum L.,Plantae,Tracheophyta,Magnoliopsida,Asterales,Asteraceae,Xanthium,species,ICN
en,CC BY 4.0,Ovidius University of Constanta,my_dataset_doi,UoC,Checklist of introduced taxa in Romania,OSROVXJ55VC5PLYVA7,Paulownia tomentosa (Thunb.) Steud.,Plantae,Tracheophyta,Magnoliopsida,Lamiales,Paulowniaceae,Paulownia,species,ICN
en,CC BY 4.0,Ovidius University of Constanta,my_dataset_doi,UoC,Checklist of introduced taxa in Romania,OSROVY8LANTBV6KVOY,Vallisneria spiralis L.,Plantae,Tracheophyta,Liliopsida,Alismatales,Hydrocharitaceae,Vallisneria,species,ICN
en,CC BY 4.0,Ovidius University of Constanta,my_dataset_doi,UoC,Checklist of introduced taxa in Romania,OSROVYTMZ5HRAJ30MO,Ocimum basilicum L.,Plantae,Tracheophyta,Magnoliopsida,Lamiales,Lamiaceae,Ocimum,species,ICN
en,CC BY 4.0,Ovidius University of Constanta,my_dataset_doi,UoC,Checklist of introduced taxa in Romania,OSROW0QPD0BP3DNY0Z,Fraxinus nigra Marshall,Plantae,Tracheophyta,Magnoliopsida,Lamiales,Oleaceae,Fraxinus,species,ICN
en,CC BY 4.0,Ovidius University of Constanta,my_dataset_doi,UoC,Checklist of introduced taxa in Romania,OSROW66ZNJZ98ZQB69,Stachys byzantina K.Koch,Plantae,Tracheophyta,Magnoliopsida,Lamiales,Lamiaceae,Stachys,species,ICN
en,CC BY 4.0,Ovidius University of Constanta,my_dataset_doi,UoC,Checklist of introduced taxa in Romania,OSROW7165Y8MJ9RXF8,Satureja hortensis L.,Plantae,Tracheophyta,Magnoliopsida,Lamiales,Lamiaceae,Satureja,species,ICN
en,CC BY 4.0,Ovidius University of Constanta,my_dataset_doi,UoC,Checklist of introduced taxa in Romania,OSROW9K4FLJENFGHI4,Dysphania botrys (L.) Mosyakin & Clemants,Plantae,Tracheophyta,Magnoliopsida,Caryophyllales,Amaranthaceae,Dysphania,species,ICN
en,CC BY 4.0,Ovidius University of Constanta,my_dataset_doi,UoC,Checklist of introduced taxa in Romania,OSROWBF4IQ434CF9KJ,Nigella damascena L.,Plantae,Tracheophyta,Magnoliopsida,Ranunculales,Ranunculaceae,Nigella,species,ICN
en,CC BY 4.0,Ovidius University of Constanta,my_dataset_doi,UoC,Checklist of introduced taxa in Romania,OSROWCCJYNWHX9ZDSH,Bidens vulgata Greene,Plantae,Tracheophyta,Magnoliopsida,Asterales,Asteraceae,Bidens,species,ICN
en,CC BY 4.0,Ovidius University of Constanta,my_dataset_doi,UoC,Checklist of introduced taxa in Romania,OSROWEKXHIKFJI52OZ,Nelumbo nucifera Gaertn.,Plantae,Tracheophyta,Magnoliopsida,Proteales,Nelumbonaceae,Nelumbo,species,ICN
en,CC BY 4.0,Ovidius University of Constanta,my_dataset_doi,UoC,Checklist of introduced taxa in Romania,OSROWHMIQS4O4TX69Y,Brassica napus L.,Plantae,Tracheophyta,Magnoliopsida,Brassicales,Brassicaceae,Brassica,species,ICN
en,CC BY 4.0,Ovidius University of Constanta,my_dataset_doi,UoC,Checklist of introduced taxa in Romania,OSROWKJLVKA2K9CSWY,Pterocarya fraxinifolia (Poir.) Spach,Plantae,Tracheophyta,Magnoliopsida,Fagales,Juglandaceae,Pterocarya,species,ICN
en,CC BY 4.0,Ovidius University of Constanta,my_dataset_doi,UoC,Checklist of introduced taxa in Romania,OSROWKZ8A2DWE7GYE1,Parthenocissus quinquefolia (L.) Planch.,Plantae,Tracheophyta,Magnoliopsida,Vitales,Vitaceae,Parthenocissus,species,ICN
en,CC BY 4.0,Ovidius University of Constanta,my_dataset_doi,UoC,Checklist of introduced taxa in Romania,OSROWM5WHVO5UEDPRN,Iris × germanica L.,Plantae,Tracheophyta,Liliopsida,Iridales,Iridaceae,Iris,species,ICN
en,CC BY 4.0,Ovidius University of Constanta,my_dataset_doi,UoC,Checklist of introduced taxa in Romania,OSROWQRHBA1DC189AA,Perilla frutescens (L.) Britton,Plantae,Tracheophyta,Magnoliopsida,Lamiales,Lamiaceae,Perilla,species,ICN
en,CC BY 4.0,Ovidius University of Constanta,my_dataset_doi,UoC,Checklist of introduced taxa in Romania,OSROWS5H12SZS4U9TG,Symphyotrichum lanceolatum (Willd.) G.L.Nesom,Plantae,Tracheophyta,Magnoliopsida,Asterales,Asteraceae,Symphyotrichum,species,ICN
en,CC BY 4.0,Ovidius University of Constanta,my_dataset_doi,UoC,Checklist of introduced taxa in Romania,OSROWXFL48H1SGS91Q,Oenothera glazioviana Micheli,Plantae,Tracheophyta,Magnoliopsida,Myrtales,Onagraceae,Oenothera,species,ICN
en,CC BY 4.0,Ovidius University of Constanta,my_dataset_doi,UoC,Checklist of introduced taxa in Romania,OSROWZ30W59NC0B3BV,Reynoutria sachalinensis (F.Schmidt) Nakai,Plantae,Tracheophyta,Magnoliopsida,Caryophyllales,Polygonaceae,Reynoutria,species,ICN
en,CC BY 4.0,Ovidius University of Constanta,my_dataset_doi,UoC,Checklist of introduced taxa in Romania,OSROXFME39TNPAEVJP,Sorghum halepense (L.) Pers.,Plantae,Tracheophyta,Liliopsida,Poales,Poaceae,Sorghum,species,ICN
en,CC BY 4.0,Ovidius University of Constanta,my_dataset_doi,UoC,Checklist of introduced taxa in Romania,OSROXH1OBTV0U4FI4J,Robinia hispida L.,Plantae,Tracheophyta,Magnoliopsida,Fabales,Fabaceae,Robinia,species,ICN
en,CC BY 4.0,Ovidius University of Constanta,my_dataset_doi,UoC,Checklist of introduced taxa in Romania,OSROXI44BR0POD3ZHS,Cucumis sativus L.,Plantae,Tracheophyta,Magnoliopsida,Cucurbitales,Cucurbitaceae,Cucumis,species,ICN
en,CC BY 4.0,Ovidius University of Constanta,my_dataset_doi,UoC,Checklist of introduced taxa in Romania,OSROXIEC4JMZ0QSDW3,Robinia neomexicana A.Gray,Plantae,Tracheophyta,Magnoliopsida,Fabales,Fabaceae,Robinia,species,ICN
en,CC BY 4.0,Ovidius University of Constanta,my_dataset_doi,UoC,Checklist of introduced taxa in Romania,OSROXK4F82TDRDBTV3,Dittrichia graveolens (L.) Greuter,Plantae,Tracheophyta,Magnoliopsida,Asterales,Asteraceae,Dittrichia,species,ICN
en,CC BY 4.0,Ovidius University of Constanta,my_dataset_doi,UoC,Checklist of introduced taxa in Romania,OSROXOAS7KBG25N7Y6,Impatiens balsamina L.,Plantae,Tracheophyta,Magnoliopsida,Ericales,Balsaminaceae,Impatiens,species,ICN
en,CC BY 4.0,Ovidius University of Constanta,my_dataset_doi,UoC,Checklist of introduced taxa in Romania,OSROXOM2AVH6884T0O,Brassica oleracea L.,Plantae,Tracheophyta,Magnoliopsida,Brassicales,Brassicaceae,Brassica,species,ICN
en,CC BY 4.0,Ovidius University of Constanta,my_dataset_doi,UoC,Checklist of introduced taxa in Romania,OSROXQ2E97NJKX989K,Erigeron bonariensis L.,Plantae,Tracheophyta,Magnoliopsida,Asterales,Asteraceae,Erigeron,species,ICN
en,CC BY 4.0,Ovidius University of Constanta,my_dataset_doi,UoC,Checklist of introduced taxa in Romania,OSROXUJ8C3H0YSRFJL,Robinia viscosa Michx. ex Vent.,Plantae,Tracheophyta,Magnoliopsida,Fabales,Fabaceae,Robinia,species,ICN
en,CC BY 4.0,Ovidius University of Constanta,my_dataset_doi,UoC,Checklist of introduced taxa in Romania,OSROXWZGW4PK1Q4BKL,Cuscuta campestris Yunck.,Plantae,Tracheophyta,Magnoliopsida,Solanales,Convolvulaceae,Cuscuta,species,ICN
en,CC BY 4.0,Ovidius University of Constanta,my_dataset_doi,UoC,Checklist of introduced taxa in Romania,OSROXXMLOYD6OU44XT,Thuja occidentalis L.,Plantae,Tracheophyta,Pinopsida,Pinales,Cupressaceae,Thuja,species,ICN
en,CC BY 4.0,Ovidius University of Constanta,my_dataset_doi,UoC,Checklist of introduced taxa in Romania,OSROY40U1Q7UFJ319E,Medicago × varia Martyn,Plantae,Tracheophyta,Magnoliopsida,Fabales,Fabaceae,Medicago,species,ICN
en,CC BY 4.0,Ovidius University of Constanta,my_dataset_doi,UoC,Checklist of introduced taxa in Romania,OSROY7DMS5LOMKKC34,Wisteria sinensis (Sims) DC.,Plantae,Tracheophyta,Magnoliopsida,Fabales,Fabaceae,Wisteria,species,ICN
en,CC BY 4.0,Ovidius University of Constanta,my_dataset_doi,UoC,Checklist of introduced taxa in Romania,OSROY8ELV9S5GA2UW5,Heliopsis helianthoides (L.) Sweet,Plantae,Tracheophyta,Magnoliopsida,Asterales,Asteraceae,Heliopsis,species,ICN
en,CC BY 4.0,Ovidius University of Constanta,my_dataset_doi,UoC,Checklist of introduced taxa in Romania,OSROYAHTV5GQCQV0OF,Matricaria discoidea DC.,Plantae,Tracheophyta,Magnoliopsida,Asterales,Asteraceae,Matricaria,species,ICN
en,CC BY 4.0,Ovidius University of Constanta,my_dataset_doi,UoC,Checklist of introduced taxa in Romania,OSROYBXMF53F2JONM8,Grindelia squarrosa (Pursh) Dunal,Plantae,Tracheophyta,Magnoliopsida,Asterales,Asteraceae,Grindelia,species,ICN
en,CC BY 4.0,Ovidius University of Constanta,my_dataset_doi,UoC,Checklist of introduced taxa in Romania,OSROYJ94ILDSD5TLIW,Cerastium tomentosum L.,Plantae,Tracheophyta,Magnoliopsida,Caryophyllales,Caryophyllaceae,Cerastium,species,ICN
en,CC BY 4.0,Ovidius University of Constanta,my_dataset_doi,UoC,Checklist of introduced taxa in Romania,OSROYJTAU1GOFY5F49,Juncus tenuis Willd.,Plantae,Tracheophyta,Liliopsida,Poales,Juncaceae,Juncus,species,ICN
en,CC BY 4.0,Ovidius University of Constanta,my_dataset_doi,UoC,Checklist of introduced taxa in Romania,OSROYNBWONKPIWBDTT,Parthenium hysterophorus L.,Plantae,Tracheophyta,Magnoliopsida,Asterales,Asteraceae,Parthenium,species,ICN
en,CC BY 4.0,Ovidius University of Constanta,my_dataset_doi,UoC,Checklist of introduced taxa in Romania,OSROYQAB0KYBO7ACJC,Ipomoea purpurea (L.) Roth,Plantae,Tracheophyta,Magnoliopsida,Solanales,Convolvulaceae,Ipomoea,species,ICN
en,CC BY 4.0,Ovidius University of Constanta,my_dataset_doi,UoC,Checklist of introduced taxa in Romania,OSROYTRA4SFEY0DFE4,Delosperma cooperi (Hook.fil.) L.Bolus,Plantae,Tracheophyta,Magnoliopsida,Caryophyllales,Aizoaceae,Delosperma,species,ICN
en,CC BY 4.0,Ovidius University of Constanta,my_dataset_doi,UoC,Checklist of introduced taxa in Romania,OSROZ0C70FUCMT0QKR,Brassica juncea (L.) Czern.,Plantae,Tracheophyta,Magnoliopsida,Brassicales,Brassicaceae,Brassica,species,ICN
en,CC BY 4.0,Ovidius University of Constanta,my_dataset_doi,UoC,Checklist of introduced taxa in Romania,OSROZ17ZB4NAWQGK0Q,Pteris multifida Poir.,Plantae,Tracheophyta,Polypodiopsida,Polypodiales,Pteridaceae,Pteris,species,ICN
en,CC BY 4.0,Ovidius University of Constanta,my_dataset_doi,UoC,Checklist of introduced taxa in Romania,OSROZ5UYPW5WYATZDD,"Petunia axillaris (Lam.) Britton, Sterns & Poggenb.",Plantae,Tracheophyta,Magnoliopsida,Solanales,Solanaceae,Petunia,species,ICN
en,CC BY 4.0,Ovidius University of Constanta,my_dataset_doi,UoC,Checklist of introduced taxa in Romania,OSROZ7WFQC9YHFOWBS,Chaenomeles speciosa (Sweet) Nakai,Plantae,Tracheophyta,Magnoliopsida,Rosales,Rosaceae,Chaenomeles,species,ICN
en,CC BY 4.0,Ovidius University of Constanta,my_dataset_doi,UoC,Checklist of introduced taxa in Romania,OSROZDVDB0VV6VDE8E,Viola × wittrockiana Gams,Plantae,Tracheophyta,Magnoliopsida,Malpighiales,Violaceae,Viola,species,ICN
en,CC BY 4.0,Ovidius University of Constanta,my_dataset_doi,UoC,Checklist of introduced taxa in Romania,OSROZKWIVI8OCFALSP,Prunus persica (L.) Stokes,Plantae,Tracheophyta,Magnoliopsida,Rosales,Rosaceae,Prunus,species,ICN
en,CC BY 4.0,Ovidius University of Constanta,my_dataset_doi,UoC,Checklist of introduced taxa in Romania,OSROZPVFUASS4FU1BV,Fagopyrum esculentum Moench,Plantae,Tracheophyta,Magnoliopsida,Caryophyllales,Polygonaceae,Fagopyrum,species,ICN
en,CC BY 4.0,Ovidius University of Constanta,my_dataset_doi,UoC,Checklist of introduced taxa in Romania,OSROZQ8LBZ56ZB4PPE,Eriochloa villosa (Thunb.) Kunth,Plantae,Tracheophyta,Liliopsida,Poales,Poaceae,Eriochloa,species,ICN
en,CC BY 4.0,Ovidius University of Constanta,my_dataset_doi,UoC,Checklist of introduced taxa in Romania,OSROZZO45PHCSA4SVJ,Robinia × ambigua Poir.,Plantae,Tracheophyta,Magnoliopsida,Fabales,Fabaceae,Robinia,species,ICN
