taxon_id,scientific name,kingdom,phylum,class,order,family,genus,taxon rank,nomenclatural code,location,country code,occurrence status,establishment means,degree of establishment,introduction pathway 1,introduction pathway 2,introduction pathway 3,date first observation,date last observation,source,remarks,native range,terrestrial,marine,freshwater,host,date added,added by,verified by
OSROWHMIQS4O4TX69Y,Brassica napus L.,Plantae,Tracheophyta,Magnoliopsida,Brassicales,Brassicaceae,Brassica,species,ICN,Romania,RO,present,introduced,casual,agriculture,,,1778,2020,"Anastasiu P, Miu I, Gavrilidis A, Preda C, Rozylowicz L, Sirbu C, Oprea A, Urziceanu M, Camen-Comanescu P, Nagoda E, Memedemin D, Barbos M, Boruz V, Cislariu A, Don I, Fagaras M, Frink J, Georgescu I, Haruta O, Hurdu B-I, Matis A, Milanovici S, Muncaciu S, Neacsu A, Neblea M, Nicolin A, Niculescu M, Oroian S, Pop O, Radutoiu D, Samarghitan M, Simion I, Soare L, Steiu C, Stoianov E, Strat D, Szabo A, Szatmari P, Tanase C, Mirea M, Manta N, Sirbu I (2024) Alien plant species distribution in Romania: a nationwide survey following the implementation of the EU Regulation on Invasive Alien Species. Biodiversity Data Journal 12. https://doi.org/10.3897/BDJ.12.e119539",,Southwestern Europe,TRUE,FALSE,FALSE,,2025-11-26,Cristina Preda | Laurentiu Rozylowicz,Daniyar Memedemin
OSROUCKL194QQ2M5S7TZCX,Acorus calamus L.,Plantae,Tracheophyta,Liliopsida,Acorales,Acoraceae,Acorus,species,ICN,Romania,RO,present,introduced,established,OtherEscape,,,1780,2022,"Anastasiu P, Miu I, Gavrilidis A, Preda C, Rozylowicz L, Sirbu C, Oprea A, Urziceanu M, Camen-Comanescu P, Nagoda E, Memedemin D, Barbos M, Boruz V, Cislariu A, Don I, Fagaras M, Frink J, Georgescu I, Haruta O, Hurdu B-I, Matis A, Milanovici S, Muncaciu S, Neacsu A, Neblea M, Nicolin A, Niculescu M, Oroian S, Pop O, Radutoiu D, Samarghitan M, Simion I, Soare L, Steiu C, Stoianov E, Strat D, Szabo A, Szatmari P, Tanase C, Mirea M, Manta N, Sirbu I (2024) Alien plant species distribution in Romania: a nationwide survey following the implementation of the EU Regulation on Invasive Alien Species. Biodiversity Data Journal 12. https://doi.org/10.3897/BDJ.12.e119539 | Pop E (1930) Contributii la istoria botanicei romanesti. Bul. Grad. Bot. Muz. Bot. Cluj, 1-4: 185-196",,Central Asia,TRUE,FALSE,TRUE,,2025-11-26,Cristina Preda | Laurentiu Rozylowicz,Paulina Anastasiu | Culita Sirbu
OSRO5E568JW8S4TOMS,Symphyotrichum × salignum (Willd.) G.L.Nesom,Plantae,Tracheophyta,Magnoliopsida,Asterales,Asteraceae,Symphyotrichum,species,ICN,Romania,RO,present,introduced,established,ornamentalNonHorticulture,escapeFromConfinement,,1780,2023,"Anastasiu P, Miu I, Gavrilidis A, Preda C, Rozylowicz L, Sirbu C, Oprea A, Urziceanu M, Camen-Comanescu P, Nagoda E, Memedemin D, Barbos M, Boruz V, Cislariu A, Don I, Fagaras M, Frink J, Georgescu I, Haruta O, Hurdu B-I, Matis A, Milanovici S, Muncaciu S, Neacsu A, Neblea M, Nicolin A, Niculescu M, Oroian S, Pop O, Radutoiu D, Samarghitan M, Simion I, Soare L, Steiu C, Stoianov E, Strat D, Szabo A, Szatmari P, Tanase C, Mirea M, Manta N, Sirbu I (2024) Alien plant species distribution in Romania: a nationwide survey following the implementation of the EU Regulation on Invasive Alien Species. Biodiversity Data Journal 12. https://doi.org/10.3897/BDJ.12.e119539 | Anastasiu P, Camen-Comanescu P, Sirbu I-M, Urziceanu M (2024) Urban flora: new reports for Bucharest's flora. Acta Horti Botanici Bucurestiensis 50(1): 41-58. https://doi.org/10.62229/ahbb.2024.50/3 | Sirbu C, Oprea A (2011) Plante adventive in flora Romaniei. Editura Ion Ionescu de la Brad, Iasi | Schur JF (1866) Enumeratio Plantarum Transsilvaniae. Vindobonae | Blackburn TM, Pysek P, Bacher S, Carlton JT, Duncan RP, Jarosik V, Wilson JRU, Richardson DM (2011) A proposed unified framework for biological invasions. Trends in Ecology and Evolution 26: 333–339. https://doi.org/10.1016/j.tree.2011.03.023 | Plants of the World Online (2026) https://powo.science.kew.org/",,North-Central U.S.A.,TRUE,FALSE,FALSE,,2025-11-26,Cristina Preda | Laurentiu Rozylowicz,Mihaela Urziceanu | Lucian Patrascu
OSRO4TLT6QHZTANYXG,Robinia pseudoacacia L.,Plantae,Tracheophyta,Magnoliopsida,Fabales,Fabaceae,Robinia,species,ICN,Romania,RO,present,introduced,invasive,erosionControl,OtherIntentionalRelease,forestry,1780,2022,"Anastasiu P, Miu I, Gavrilidis A, Preda C, Rozylowicz L, Sirbu C, Oprea A, Urziceanu M, Camen-Comanescu P, Nagoda E, Memedemin D, Barbos M, Boruz V, Cislariu A, Don I, Fagaras M, Frink J, Georgescu I, Haruta O, Hurdu B-I, Matis A, Milanovici S, Muncaciu S, Neacsu A, Neblea M, Nicolin A, Niculescu M, Oroian S, Pop O, Radutoiu D, Samarghitan M, Simion I, Soare L, Steiu C, Stoianov E, Strat D, Szabo A, Szatmari P, Tanase C, Mirea M, Manta N, Sirbu I (2024) Alien plant species distribution in Romania: a nationwide survey following the implementation of the EU Regulation on Invasive Alien Species. Biodiversity Data Journal 12. https://doi.org/10.3897/BDJ.12.e119539",,Northeastern U.S.A. | Southeastern U.S.A.,TRUE,FALSE,FALSE,,2025-11-26,Cristina Preda | Laurentiu Rozylowicz,Culita Sirbu
OSRO54WUAB7ND81249,Tanacetum parthenium (L.) Sch.Bip.,Plantae,Tracheophyta,Magnoliopsida,Asterales,Asteraceae,Tanacetum,species,ICN,Romania,RO,present,introduced,casual,naturalDispersal,,,1790,2022,"Anastasiu P, Miu I, Gavrilidis A, Preda C, Rozylowicz L, Sirbu C, Oprea A, Urziceanu M, Camen-Comanescu P, Nagoda E, Memedemin D, Barbos M, Boruz V, Cislariu A, Don I, Fagaras M, Frink J, Georgescu I, Haruta O, Hurdu B-I, Matis A, Milanovici S, Muncaciu S, Neacsu A, Neblea M, Nicolin A, Niculescu M, Oroian S, Pop O, Radutoiu D, Samarghitan M, Simion I, Soare L, Steiu C, Stoianov E, Strat D, Szabo A, Szatmari P, Tanase C, Mirea M, Manta N, Sirbu I (2024) Alien plant species distribution in Romania: a nationwide survey following the implementation of the EU Regulation on Invasive Alien Species. Biodiversity Data Journal 12. https://doi.org/10.3897/BDJ.12.e119539",,Caucasus | Eastern Europe | Indian Subcontinent | Southeastern Europe | Western Asia,TRUE,FALSE,FALSE,,2025-11-26,Cristina Preda | Laurentiu Rozylowicz,Daniyar Memedemin
OSROIWZYGJ1UNQW0PP,Dysphania ambrosioides (L.) Mosyakin & Clemants,Plantae,Tracheophyta,Magnoliopsida,Caryophyllales,Amaranthaceae,Dysphania,species,ICN,Romania,RO,present,introduced,invasive,seedContaminant,,,1791,2022,"Anastasiu P, Miu I, Gavrilidis A, Preda C, Rozylowicz L, Sirbu C, Oprea A, Urziceanu M, Camen-Comanescu P, Nagoda E, Memedemin D, Barbos M, Boruz V, Cislariu A, Don I, Fagaras M, Frink J, Georgescu I, Haruta O, Hurdu B-I, Matis A, Milanovici S, Muncaciu S, Neacsu A, Neblea M, Nicolin A, Niculescu M, Oroian S, Pop O, Radutoiu D, Samarghitan M, Simion I, Soare L, Steiu C, Stoianov E, Strat D, Szabo A, Szatmari P, Tanase C, Mirea M, Manta N, Sirbu I (2024) Alien plant species distribution in Romania: a nationwide survey following the implementation of the EU Regulation on Invasive Alien Species. Biodiversity Data Journal 12. https://doi.org/10.3897/BDJ.12.e119539",,Brazil | Caribbean | Central America | Mexico | North-Central U.S.A. | Northern South America | South-Central U.S.A. | Southeastern U.S.A. | Southern South America | Subantarctic Islands | Western South America,TRUE,FALSE,FALSE,,2025-11-26,Cristina Preda | Laurentiu Rozylowicz,Daniyar Memedemin
OSROUCKLSHLFWT23740FEU,Amaranthus viridis L.,Plantae,Tracheophyta,Magnoliopsida,Caryophyllales,Amaranthaceae,Amaranthus,species,ICN,Romania,RO,present,introduced,established,seedContaminant,,,1794,2021,"Anastasiu P, Miu I, Gavrilidis A, Preda C, Rozylowicz L, Sirbu C, Oprea A, Urziceanu M, Camen-Comanescu P, Nagoda E, Memedemin D, Barbos M, Boruz V, Cislariu A, Don I, Fagaras M, Frink J, Georgescu I, Haruta O, Hurdu B-I, Matis A, Milanovici S, Muncaciu S, Neacsu A, Neblea M, Nicolin A, Niculescu M, Oroian S, Pop O, Radutoiu D, Samarghitan M, Simion I, Soare L, Steiu C, Stoianov E, Strat D, Szabo A, Szatmari P, Tanase C, Mirea M, Manta N, Sirbu I (2024) Alien plant species distribution in Romania: a nationwide survey following the implementation of the EU Regulation on Invasive Alien Species. Biodiversity Data Journal 12. https://doi.org/10.3897/BDJ.12.e119539 | Anastasiu P, Sarbu I, Negrean G (2009) Verbesina encelioides-A new alien plant in Romania. Annals of the University of Craiova-Agriculture, Montanology, Cadastre Series, 39(2), 15-18",,Brazil | Caribbean | Central America | Mexico | Northern South America | Southern South America | Western South America,TRUE,FALSE,FALSE,,2025-11-26,Cristina Preda | Laurentiu Rozylowicz,Daniyar Memedemin
OSROUCKLGUF4VX8641W62V,"Rattus rattus (Linnaeus, 1758)",Animalia,Chordata,Mammalia,Rodentia,Muridae,Rattus,species,ICZN,Romania,RO,present,introduced,established,transportStowaway,naturalDispersal,,1802,1995,"Cogalniceanu D, Cobzaru I, Dragan O, Fanaru G, Iftime A, Stanescu F, Telea E, Topliceanu S, Ureche D, Chisamera G, Petrescu A, Iftime O (2021) Raport tehnic privind sursele bibliografice referitoare la speciile de vertebrate terestre alogene invazive si potential invazive. Zenodo. https://doi.org/10.5281/zenodo.5593956 | Leonard J (1802) Systematica Mammalium ac Avium Transsylvanicarum enumeratio pro loco. Ioannis Barth, Cibini. | Muntiu N, Vasiliu GD (1933) Nouvelles contributions a l'etude des rats de Roumanie. Notationes Biologicea, 1(2), 78-85. | Sandor DA, Kiss JB (2004) The diet of wintering Long-eared Owls (Asio otus) in Tulcea, Romania. Analele stiintifice ale Institutului Delta Dunarii 10:49-54.",,Southern Asia,TRUE,FALSE,FALSE,,2025-11-26,Cristina Preda | Laurentiu Rozylowicz,Gabriel Chisamera
OSROF9GPLEQDUB824B,Hemerocallis fulva (L.) L.,Plantae,Tracheophyta,Liliopsida,Asparagales,Asphodelaceae,Hemerocallis,species,ICN,Romania,RO,present,introduced,casual,ornamentalNonHorticulture,,,1816,2022,"Anastasiu P, Miu I, Gavrilidis A, Preda C, Rozylowicz L, Sirbu C, Oprea A, Urziceanu M, Camen-Comanescu P, Nagoda E, Memedemin D, Barbos M, Boruz V, Cislariu A, Don I, Fagaras M, Frink J, Georgescu I, Haruta O, Hurdu B-I, Matis A, Milanovici S, Muncaciu S, Neacsu A, Neblea M, Nicolin A, Niculescu M, Oroian S, Pop O, Radutoiu D, Samarghitan M, Simion I, Soare L, Steiu C, Stoianov E, Strat D, Szabo A, Szatmari P, Tanase C, Mirea M, Manta N, Sirbu I (2024) Alien plant species distribution in Romania: a nationwide survey following the implementation of the EU Regulation on Invasive Alien Species. Biodiversity Data Journal 12. https://doi.org/10.3897/BDJ.12.e119539 | Baumgarten JChG (1816) Enumeratio Stirpium Magno Transsilvaniae Principatui, I-III, Vindobonae",,China | Eastern Asia,TRUE,FALSE,FALSE,,2025-11-26,Cristina Preda | Laurentiu Rozylowicz,Paulina Anastasiu
OSROIWVYOAVR5DH8J1,Hemerocallis lilioasphodelus L.,Plantae,Tracheophyta,Liliopsida,Asparagales,Asphodelaceae,Hemerocallis,species,ICN,Romania,RO,present,introduced,casual,ornamentalNonHorticulture,,,1816,2022,"Anastasiu P, Miu I, Gavrilidis A, Preda C, Rozylowicz L, Sirbu C, Oprea A, Urziceanu M, Camen-Comanescu P, Nagoda E, Memedemin D, Barbos M, Boruz V, Cislariu A, Don I, Fagaras M, Frink J, Georgescu I, Haruta O, Hurdu B-I, Matis A, Milanovici S, Muncaciu S, Neacsu A, Neblea M, Nicolin A, Niculescu M, Oroian S, Pop O, Radutoiu D, Samarghitan M, Simion I, Soare L, Steiu C, Stoianov E, Strat D, Szabo A, Szatmari P, Tanase C, Mirea M, Manta N, Sirbu I (2024) Alien plant species distribution in Romania: a nationwide survey following the implementation of the EU Regulation on Invasive Alien Species. Biodiversity Data Journal 12. https://doi.org/10.3897/BDJ.12.e119539 | Baumgarten JChG (1816) Enumeratio Stirpium Magno Transsilvaniae Principatui, I-III, Vindobonae",,Central Asia | China | Eastern Asia | Mongolia | Russian Far East | Siberia | Southeastern Europe,TRUE,FALSE,FALSE,,2025-11-26,Cristina Preda | Laurentiu Rozylowicz,Paulina Anastasiu
OSROWM5WHVO5UEDPRN,Iris × germanica L.,Plantae,Tracheophyta,Liliopsida,Iridales,Iridaceae,Iris,species,ICN,Romania,RO,present,introduced,casual,horticulture,naturalDispersal,,1816,2025,"Anastasiu P, Miu I, Gavrilidis A, Preda C, Rozylowicz L, Sirbu C, Oprea A, Urziceanu M, Camen-Comanescu P, Nagoda E, Memedemin D, Barbos M, Boruz V, Cislariu A, Don I, Fagaras M, Frink J, Georgescu I, Haruta O, Hurdu B-I, Matis A, Milanovici S, Muncaciu S, Neacsu A, Neblea M, Nicolin A, Niculescu M, Oroian S, Pop O, Radutoiu D, Samarghitan M, Simion I, Soare L, Steiu C, Stoianov E, Strat D, Szabo A, Szatmari P, Tanase C, Mirea M, Manta N, Sirbu I (2024) Alien plant species distribution in Romania: a nationwide survey following the implementation of the EU Regulation on Invasive Alien Species. Biodiversity Data Journal 12. https://doi.org/10.3897/BDJ.12.e119539 | Anastasiu P, Camen-Comanescu P, Sirbu I-M, Urziceanu M (2024) Urban flora: new reports for Bucharest's flora. Acta Horti Botanici Bucurestiensis 50(1): 41-58. https://doi.org/10.62229/ahbb.2024.50/3 | Sirbu C, Oprea A (2011) Plante adventive in flora Romaniei. Editura Ion Ionescu de la Brad, Iasi | Baumgarten JChG (1816) Enumeratio Stirpium Magno Transsilvaniae Principatui. Vindobonae | Blackburn TM, Pysek P, Bacher S, Carlton JT, Duncan RP, Jarosik V, Wilson JRU, Richardson DM (2011) A proposed unified framework for biological invasions. Trends in Ecology and Evolution 26: 333–339. https://doi.org/10.1016/j.tree.2011.03.023 | Plants of the World Online (2026) https://powo.science.kew.org/",,Southeastern Europe,TRUE,FALSE,FALSE,,2025-11-26,Cristina Preda | Laurentiu Rozylowicz,Mihaela Urziceanu
OSROUCKLNPWP84V5OJNT66,Avena sativa L.,Plantae,Tracheophyta,Liliopsida,Poales,Poaceae,Avena,species,ICN,Romania,RO,present,introduced,casual,agriculture,,,1816,2022,"Anastasiu P, Miu I, Gavrilidis A, Preda C, Rozylowicz L, Sirbu C, Oprea A, Urziceanu M, Camen-Comanescu P, Nagoda E, Memedemin D, Barbos M, Boruz V, Cislariu A, Don I, Fagaras M, Frink J, Georgescu I, Haruta O, Hurdu B-I, Matis A, Milanovici S, Muncaciu S, Neacsu A, Neblea M, Nicolin A, Niculescu M, Oroian S, Pop O, Radutoiu D, Samarghitan M, Simion I, Soare L, Steiu C, Stoianov E, Strat D, Szabo A, Szatmari P, Tanase C, Mirea M, Manta N, Sirbu I (2024) Alien plant species distribution in Romania: a nationwide survey following the implementation of the EU Regulation on Invasive Alien Species. Biodiversity Data Journal 12. https://doi.org/10.3897/BDJ.12.e119539 | Baumgarten JChG (1816) Enumeratio Stirpium Magno Transsilvaniae Principatui, I-III, Vindobonae",,Western Asia,TRUE,FALSE,FALSE,,2025-11-26,Cristina Preda | Laurentiu Rozylowicz,Paulina Anastasiu
OSROG7UQU3KSF1KF4R,Hordeum vulgare L.,Plantae,Tracheophyta,Liliopsida,Poales,Poaceae,Hordeum,species,ICN,Romania,RO,present,introduced,casual,agriculture,,,1816,2021,"Anastasiu P, Miu I, Gavrilidis A, Preda C, Rozylowicz L, Sirbu C, Oprea A, Urziceanu M, Camen-Comanescu P, Nagoda E, Memedemin D, Barbos M, Boruz V, Cislariu A, Don I, Fagaras M, Frink J, Georgescu I, Haruta O, Hurdu B-I, Matis A, Milanovici S, Muncaciu S, Neacsu A, Neblea M, Nicolin A, Niculescu M, Oroian S, Pop O, Radutoiu D, Samarghitan M, Simion I, Soare L, Steiu C, Stoianov E, Strat D, Szabo A, Szatmari P, Tanase C, Mirea M, Manta N, Sirbu I (2024) Alien plant species distribution in Romania: a nationwide survey following the implementation of the EU Regulation on Invasive Alien Species. Biodiversity Data Journal 12. https://doi.org/10.3897/BDJ.12.e119539 | Baumgarten JChG (1816) Enumeratio Stirpium Magno Transsilvaniae Principatui, I-III, Vindobonae",,Arabian Peninsula | Caucasus | Central Asia | China | Indian Subcontinent | Northern Africa | Southeastern Europe | Western Asia,TRUE,FALSE,FALSE,,2025-11-26,Cristina Preda | Laurentiu Rozylowicz,Paulina Anastasiu
OSROVX2AJ13XVHOQC9,Panicum miliaceum L.,Plantae,Tracheophyta,Liliopsida,Poales,Poaceae,Panicum,species,ICN,Romania,RO,present,introduced,established,agriculture,,,1816,2022,"Anastasiu P, Miu I, Gavrilidis A, Preda C, Rozylowicz L, Sirbu C, Oprea A, Urziceanu M, Camen-Comanescu P, Nagoda E, Memedemin D, Barbos M, Boruz V, Cislariu A, Don I, Fagaras M, Frink J, Georgescu I, Haruta O, Hurdu B-I, Matis A, Milanovici S, Muncaciu S, Neacsu A, Neblea M, Nicolin A, Niculescu M, Oroian S, Pop O, Radutoiu D, Samarghitan M, Simion I, Soare L, Steiu C, Stoianov E, Strat D, Szabo A, Szatmari P, Tanase C, Mirea M, Manta N, Sirbu I (2024) Alien plant species distribution in Romania: a nationwide survey following the implementation of the EU Regulation on Invasive Alien Species. Biodiversity Data Journal 12. https://doi.org/10.3897/BDJ.12.e119539 | Baumgarten JChG (1816) Enumeratio Stirpium Magno Transsilvaniae Principatui, I-III, Vindobonae",,Indian Subcontinent | Indo-China,TRUE,FALSE,FALSE,,2025-11-26,Cristina Preda | Laurentiu Rozylowicz,Paulina Anastasiu
OSRODUHKZXJD78JLTF,Secale cereale L.,Plantae,Tracheophyta,Liliopsida,Poales,Poaceae,Secale,species,ICN,Romania,RO,present,introduced,casual,agriculture,,,1816,2020,"Anastasiu P, Miu I, Gavrilidis A, Preda C, Rozylowicz L, Sirbu C, Oprea A, Urziceanu M, Camen-Comanescu P, Nagoda E, Memedemin D, Barbos M, Boruz V, Cislariu A, Don I, Fagaras M, Frink J, Georgescu I, Haruta O, Hurdu B-I, Matis A, Milanovici S, Muncaciu S, Neacsu A, Neblea M, Nicolin A, Niculescu M, Oroian S, Pop O, Radutoiu D, Samarghitan M, Simion I, Soare L, Steiu C, Stoianov E, Strat D, Szabo A, Szatmari P, Tanase C, Mirea M, Manta N, Sirbu I (2024) Alien plant species distribution in Romania: a nationwide survey following the implementation of the EU Regulation on Invasive Alien Species. Biodiversity Data Journal 12. https://doi.org/10.3897/BDJ.12.e119539 | Baumgarten JChG (1816) Enumeratio Stirpium Magno Transsilvaniae Principatui, I-III, Vindobonae",,Western Asia,TRUE,FALSE,FALSE,,2025-11-26,Cristina Preda | Laurentiu Rozylowicz,Paulina Anastasiu
OSROD89I4YNF23BYVM,Zea mays L.,Plantae,Tracheophyta,Liliopsida,Poales,Poaceae,Zea,species,ICN,Romania,RO,present,introduced,casual,agriculture,releaseInNature,,1816,2022,"Anastasiu P, Miu I, Gavrilidis A, Preda C, Rozylowicz L, Sirbu C, Oprea A, Urziceanu M, Camen-Comanescu P, Nagoda E, Memedemin D, Barbos M, Boruz V, Cislariu A, Don I, Fagaras M, Frink J, Georgescu I, Haruta O, Hurdu B-I, Matis A, Milanovici S, Muncaciu S, Neacsu A, Neblea M, Nicolin A, Niculescu M, Oroian S, Pop O, Radutoiu D, Samarghitan M, Simion I, Soare L, Steiu C, Stoianov E, Strat D, Szabo A, Szatmari P, Tanase C, Mirea M, Manta N, Sirbu I (2024) Alien plant species distribution in Romania: a nationwide survey following the implementation of the EU Regulation on Invasive Alien Species. Biodiversity Data Journal 12. https://doi.org/10.3897/BDJ.12.e119539 | Baumgarten JChG (1816) Enumeratio Stirpium Magno Transsilvaniae Principatui, I-III, Vindobonae",,Central America | Mexico,TRUE,FALSE,FALSE,,2025-11-26,Cristina Preda | Laurentiu Rozylowicz,Paulina Anastasiu
OSROUCKLOB8RE53FCYCCQJ,Anethum graveolens L.,Plantae,Tracheophyta,Magnoliopsida,Apiales,Apiaceae,Anethum,species,ICN,Romania,RO,present,introduced,casual,agriculture,,,1816,2022,"Anastasiu P, Miu I, Gavrilidis A, Preda C, Rozylowicz L, Sirbu C, Oprea A, Urziceanu M, Camen-Comanescu P, Nagoda E, Memedemin D, Barbos M, Boruz V, Cislariu A, Don I, Fagaras M, Frink J, Georgescu I, Haruta O, Hurdu B-I, Matis A, Milanovici S, Muncaciu S, Neacsu A, Neblea M, Nicolin A, Niculescu M, Oroian S, Pop O, Radutoiu D, Samarghitan M, Simion I, Soare L, Steiu C, Stoianov E, Strat D, Szabo A, Szatmari P, Tanase C, Mirea M, Manta N, Sirbu I (2024) Alien plant species distribution in Romania: a nationwide survey following the implementation of the EU Regulation on Invasive Alien Species. Biodiversity Data Journal 12. https://doi.org/10.3897/BDJ.12.e119539 | Baumgarten JChG (1816) Enumeratio Stirpium Magno Transsilvaniae Principatui, I-III, Vindobonae",,Arabian Peninsula | Northeast Tropical Africa | Northern Africa | Western Asia,TRUE,FALSE,FALSE,,2025-11-26,Cristina Preda | Laurentiu Rozylowicz,Paulina Anastasiu
OSROP1E2KZLGAX4UJX,Foeniculum vulgare Mill.,Plantae,Tracheophyta,Magnoliopsida,Apiales,Apiaceae,Foeniculum,species,ICN,Romania,RO,present,introduced,casual,agriculture,,,1816,2020,"Anastasiu P, Miu I, Gavrilidis A, Preda C, Rozylowicz L, Sirbu C, Oprea A, Urziceanu M, Camen-Comanescu P, Nagoda E, Memedemin D, Barbos M, Boruz V, Cislariu A, Don I, Fagaras M, Frink J, Georgescu I, Haruta O, Hurdu B-I, Matis A, Milanovici S, Muncaciu S, Neacsu A, Neblea M, Nicolin A, Niculescu M, Oroian S, Pop O, Radutoiu D, Samarghitan M, Simion I, Soare L, Steiu C, Stoianov E, Strat D, Szabo A, Szatmari P, Tanase C, Mirea M, Manta N, Sirbu I (2024) Alien plant species distribution in Romania: a nationwide survey following the implementation of the EU Regulation on Invasive Alien Species. Biodiversity Data Journal 12. https://doi.org/10.3897/BDJ.12.e119539 | Baumgarten JChG (1816) Enumeratio Stirpium Magno Transsilvaniae Principatui, I-III, Vindobonae",,Arabian Peninsula | Caucasus | Central Asia | Indian Subcontinent | Northeast Tropical Africa | Northern Africa | Southeastern Europe | Southwestern Europe | Western Asia,TRUE,FALSE,FALSE,,2025-11-26,Cristina Preda | Laurentiu Rozylowicz,Paulina Anastasiu
OSRO0HEITDLIV8A4TM,Levisticum officinale W.D.J.Koch,Plantae,Tracheophyta,Magnoliopsida,Apiales,Apiaceae,Levisticum,species,ICN,Romania,RO,present,introduced,casual,agriculture,,,1816,2020,"Anastasiu P, Miu I, Gavrilidis A, Preda C, Rozylowicz L, Sirbu C, Oprea A, Urziceanu M, Camen-Comanescu P, Nagoda E, Memedemin D, Barbos M, Boruz V, Cislariu A, Don I, Fagaras M, Frink J, Georgescu I, Haruta O, Hurdu B-I, Matis A, Milanovici S, Muncaciu S, Neacsu A, Neblea M, Nicolin A, Niculescu M, Oroian S, Pop O, Radutoiu D, Samarghitan M, Simion I, Soare L, Steiu C, Stoianov E, Strat D, Szabo A, Szatmari P, Tanase C, Mirea M, Manta N, Sirbu I (2024) Alien plant species distribution in Romania: a nationwide survey following the implementation of the EU Regulation on Invasive Alien Species. Biodiversity Data Journal 12. https://doi.org/10.3897/BDJ.12.e119539 | Baumgarten JChG (1816) Enumeratio Stirpium Magno Transsilvaniae Principatui, I-III, Vindobonae",,Western Asia,TRUE,FALSE,FALSE,,2025-11-26,Cristina Preda | Laurentiu Rozylowicz,Paulina Anastasiu
OSRO0QVXTESXC0LB0O,Petroselinum crispum (Mill.) Fuss,Plantae,Tracheophyta,Magnoliopsida,Apiales,Apiaceae,Petroselinum,species,ICN,Romania,RO,present,introduced,casual,agriculture,,,1816,2022,"Anastasiu P, Miu I, Gavrilidis A, Preda C, Rozylowicz L, Sirbu C, Oprea A, Urziceanu M, Camen-Comanescu P, Nagoda E, Memedemin D, Barbos M, Boruz V, Cislariu A, Don I, Fagaras M, Frink J, Georgescu I, Haruta O, Hurdu B-I, Matis A, Milanovici S, Muncaciu S, Neacsu A, Neblea M, Nicolin A, Niculescu M, Oroian S, Pop O, Radutoiu D, Samarghitan M, Simion I, Soare L, Steiu C, Stoianov E, Strat D, Szabo A, Szatmari P, Tanase C, Mirea M, Manta N, Sirbu I (2024) Alien plant species distribution in Romania: a nationwide survey following the implementation of the EU Regulation on Invasive Alien Species. Biodiversity Data Journal 12. https://doi.org/10.3897/BDJ.12.e119539 | Baumgarten JChG (1816) Enumeratio Stirpium Magno Transsilvaniae Principatui, I-III, Vindobonae",,Northern Africa | Southeastern Europe,TRUE,FALSE,FALSE,,2025-11-26,Cristina Preda | Laurentiu Rozylowicz,Paulina Anastasiu
OSRORMC1L34AOTY1I2,Calendula officinalis L.,Plantae,Tracheophyta,Magnoliopsida,Asterales,Asteraceae,Calendula,species,ICN,Romania,RO,present,introduced,reproducing,ornamentalNonHorticulture,,,1816,2022,"Anastasiu P, Miu I, Gavrilidis A, Preda C, Rozylowicz L, Sirbu C, Oprea A, Urziceanu M, Camen-Comanescu P, Nagoda E, Memedemin D, Barbos M, Boruz V, Cislariu A, Don I, Fagaras M, Frink J, Georgescu I, Haruta O, Hurdu B-I, Matis A, Milanovici S, Muncaciu S, Neacsu A, Neblea M, Nicolin A, Niculescu M, Oroian S, Pop O, Radutoiu D, Samarghitan M, Simion I, Soare L, Steiu C, Stoianov E, Strat D, Szabo A, Szatmari P, Tanase C, Mirea M, Manta N, Sirbu I (2024) Alien plant species distribution in Romania: a nationwide survey following the implementation of the EU Regulation on Invasive Alien Species. Biodiversity Data Journal 12. https://doi.org/10.3897/BDJ.12.e119539 | Baumgarten JChG (1816) Enumeratio Stirpium Magno Transsilvaniae Principatui, I-III, Vindobonae",,Southwestern Europe,TRUE,FALSE,FALSE,,2025-11-26,Cristina Preda | Laurentiu Rozylowicz,Paulina Anastasiu
OSRO16JA99ZZHD9Z8C,Erigeron canadensis L.,Plantae,Tracheophyta,Magnoliopsida,Asterales,Asteraceae,Erigeron,species,ICN,Romania,RO,present,introduced,invasive,naturalDispersal,,,1816,2022,"Anastasiu P, Miu I, Gavrilidis A, Preda C, Rozylowicz L, Sirbu C, Oprea A, Urziceanu M, Camen-Comanescu P, Nagoda E, Memedemin D, Barbos M, Boruz V, Cislariu A, Don I, Fagaras M, Frink J, Georgescu I, Haruta O, Hurdu B-I, Matis A, Milanovici S, Muncaciu S, Neacsu A, Neblea M, Nicolin A, Niculescu M, Oroian S, Pop O, Radutoiu D, Samarghitan M, Simion I, Soare L, Steiu C, Stoianov E, Strat D, Szabo A, Szatmari P, Tanase C, Mirea M, Manta N, Sirbu I (2024) Alien plant species distribution in Romania: a nationwide survey following the implementation of the EU Regulation on Invasive Alien Species. Biodiversity Data Journal 12. https://doi.org/10.3897/BDJ.12.e119539 | Baumgarten JChG (1816) Enumeratio Stirpium Magno Transsilvaniae Principatui, I-III, Vindobonae",,Brazil | Caribbean | Central America | Eastern Canada | Mexico | North-Central U.S.A. | Northeastern U.S.A. | Northern South America | Northwestern U.S.A. | South-Central U.S.A. | Southeastern U.S.A. | Southwestern U.S.A. | Western Canada | Western South America,TRUE,FALSE,FALSE,,2025-11-26,Cristina Preda | Laurentiu Rozylowicz,Paulina Anastasiu
OSROKAPZH0ELRGYR3L,Helianthus annuus L.,Plantae,Tracheophyta,Magnoliopsida,Asterales,Asteraceae,Helianthus,species,ICN,Romania,RO,present,introduced,casual,agriculture,,,1816,2022,"Anastasiu P, Miu I, Gavrilidis A, Preda C, Rozylowicz L, Sirbu C, Oprea A, Urziceanu M, Camen-Comanescu P, Nagoda E, Memedemin D, Barbos M, Boruz V, Cislariu A, Don I, Fagaras M, Frink J, Georgescu I, Haruta O, Hurdu B-I, Matis A, Milanovici S, Muncaciu S, Neacsu A, Neblea M, Nicolin A, Niculescu M, Oroian S, Pop O, Radutoiu D, Samarghitan M, Simion I, Soare L, Steiu C, Stoianov E, Strat D, Szabo A, Szatmari P, Tanase C, Mirea M, Manta N, Sirbu I (2024) Alien plant species distribution in Romania: a nationwide survey following the implementation of the EU Regulation on Invasive Alien Species. Biodiversity Data Journal 12. https://doi.org/10.3897/BDJ.12.e119539 | Baumgarten JChG (1816) Enumeratio Stirpium Magno Transsilvaniae Principatui, I-III, Vindobonae",,Mexico | Southwestern U.S.A.,TRUE,FALSE,FALSE,,2025-11-26,Cristina Preda | Laurentiu Rozylowicz,Paulina Anastasiu
OSROQI2CIP0UZY7WXJ,Lactuca sativa L.,Plantae,Tracheophyta,Magnoliopsida,Asterales,Asteraceae,Lactuca,species,ICN,Romania,RO,present,introduced,casual,agriculture,,,1816,2022,"Anastasiu P, Miu I, Gavrilidis A, Preda C, Rozylowicz L, Sirbu C, Oprea A, Urziceanu M, Camen-Comanescu P, Nagoda E, Memedemin D, Barbos M, Boruz V, Cislariu A, Don I, Fagaras M, Frink J, Georgescu I, Haruta O, Hurdu B-I, Matis A, Milanovici S, Muncaciu S, Neacsu A, Neblea M, Nicolin A, Niculescu M, Oroian S, Pop O, Radutoiu D, Samarghitan M, Simion I, Soare L, Steiu C, Stoianov E, Strat D, Szabo A, Szatmari P, Tanase C, Mirea M, Manta N, Sirbu I (2024) Alien plant species distribution in Romania: a nationwide survey following the implementation of the EU Regulation on Invasive Alien Species. Biodiversity Data Journal 12. https://doi.org/10.3897/BDJ.12.e119539",,Western Asia,TRUE,FALSE,FALSE,,2025-11-26,Cristina Preda | Laurentiu Rozylowicz,Daniyar Memedemin
OSROUCKLCG0C7MTYW8CTKZ,"Armoracia rusticana G.Gaertn., B.Mey. & Scherb.",Plantae,Tracheophyta,Magnoliopsida,Brassicales,Brassicaceae,Armoracia,species,ICN,Romania,RO,present,introduced,established,agriculture,,,1816,2022,"Anastasiu P, Miu I, Gavrilidis A, Preda C, Rozylowicz L, Sirbu C, Oprea A, Urziceanu M, Camen-Comanescu P, Nagoda E, Memedemin D, Barbos M, Boruz V, Cislariu A, Don I, Fagaras M, Frink J, Georgescu I, Haruta O, Hurdu B-I, Matis A, Milanovici S, Muncaciu S, Neacsu A, Neblea M, Nicolin A, Niculescu M, Oroian S, Pop O, Radutoiu D, Samarghitan M, Simion I, Soare L, Steiu C, Stoianov E, Strat D, Szabo A, Szatmari P, Tanase C, Mirea M, Manta N, Sirbu I (2024) Alien plant species distribution in Romania: a nationwide survey following the implementation of the EU Regulation on Invasive Alien Species. Biodiversity Data Journal 12. https://doi.org/10.3897/BDJ.12.e119539",,Eastern Europe,TRUE,FALSE,FALSE,,2025-11-26,Cristina Preda | Laurentiu Rozylowicz,Daniyar Memedemin
OSROXOM2AVH6884T0O,Brassica oleracea L.,Plantae,Tracheophyta,Magnoliopsida,Brassicales,Brassicaceae,Brassica,species,ICN,Romania,RO,present,introduced,casual,agriculture,,,1816,2020,"Anastasiu P, Miu I, Gavrilidis A, Preda C, Rozylowicz L, Sirbu C, Oprea A, Urziceanu M, Camen-Comanescu P, Nagoda E, Memedemin D, Barbos M, Boruz V, Cislariu A, Don I, Fagaras M, Frink J, Georgescu I, Haruta O, Hurdu B-I, Matis A, Milanovici S, Muncaciu S, Neacsu A, Neblea M, Nicolin A, Niculescu M, Oroian S, Pop O, Radutoiu D, Samarghitan M, Simion I, Soare L, Steiu C, Stoianov E, Strat D, Szabo A, Szatmari P, Tanase C, Mirea M, Manta N, Sirbu I (2024) Alien plant species distribution in Romania: a nationwide survey following the implementation of the EU Regulation on Invasive Alien Species. Biodiversity Data Journal 12. https://doi.org/10.3897/BDJ.12.e119539",,Northern Europe | Southwestern Europe,TRUE,FALSE,FALSE,,2025-11-26,Cristina Preda | Laurentiu Rozylowicz,Daniyar Memedemin
OSROQEQKMMB5P3YDIF,Raphanus sativus L.,Plantae,Tracheophyta,Magnoliopsida,Brassicales,Brassicaceae,Raphanus,species,ICN,Romania,RO,present,introduced,casual,agriculture,,,1816,2021,"Anastasiu P, Miu I, Gavrilidis A, Preda C, Rozylowicz L, Sirbu C, Oprea A, Urziceanu M, Camen-Comanescu P, Nagoda E, Memedemin D, Barbos M, Boruz V, Cislariu A, Don I, Fagaras M, Frink J, Georgescu I, Haruta O, Hurdu B-I, Matis A, Milanovici S, Muncaciu S, Neacsu A, Neblea M, Nicolin A, Niculescu M, Oroian S, Pop O, Radutoiu D, Samarghitan M, Simion I, Soare L, Steiu C, Stoianov E, Strat D, Szabo A, Szatmari P, Tanase C, Mirea M, Manta N, Sirbu I (2024) Alien plant species distribution in Romania: a nationwide survey following the implementation of the EU Regulation on Invasive Alien Species. Biodiversity Data Journal 12. https://doi.org/10.3897/BDJ.12.e119539",,Southeastern Europe,TRUE,FALSE,FALSE,,2025-11-26,Cristina Preda | Laurentiu Rozylowicz,Daniyar Memedemin
OSROUCKLBIR5QHJR8T8WZD,Amaranthus blitum L.,Plantae,Tracheophyta,Magnoliopsida,Caryophyllales,Amaranthaceae,Amaranthus,species,ICN,Romania,RO,present,introduced,invasive,agriculture,transportContaminant,,1816,2022,"Anastasiu P, Miu I, Gavrilidis A, Preda C, Rozylowicz L, Sirbu C, Oprea A, Urziceanu M, Camen-Comanescu P, Nagoda E, Memedemin D, Barbos M, Boruz V, Cislariu A, Don I, Fagaras M, Frink J, Georgescu I, Haruta O, Hurdu B-I, Matis A, Milanovici S, Muncaciu S, Neacsu A, Neblea M, Nicolin A, Niculescu M, Oroian S, Pop O, Radutoiu D, Samarghitan M, Simion I, Soare L, Steiu C, Stoianov E, Strat D, Szabo A, Szatmari P, Tanase C, Mirea M, Manta N, Sirbu I (2024) Alien plant species distribution in Romania: a nationwide survey following the implementation of the EU Regulation on Invasive Alien Species. Biodiversity Data Journal 12. https://doi.org/10.3897/BDJ.12.e119539 | Sirbu C, Oprea A (2011) Plante adventive in flora Romaniei. Editura Ion Ionescu de la Brad, Iasi | Baumgarten JChG (1816) Enumeratio Stirpium Magno Transsilvaniae Principatui. Vindobonae | Blackburn TM, Pysek P, Bacher S, Carlton JT, Duncan RP, Jarosik V, Wilson JRU, Richardson DM (2011) A proposed unified framework for biological invasions. Trends in Ecology and Evolution 26: 333–339. https://doi.org/10.1016/j.tree.2011.03.023 | Plants of the World Online (2026) https://powo.science.kew.org/",,Brazil | Southern South America | Western South America,TRUE,FALSE,FALSE,,2025-11-26,Cristina Preda | Laurentiu Rozylowicz,Mihaela Urziceanu
OSROUCKLZKMFEC1REHBBHH,Amaranthus retroflexus L.,Plantae,Tracheophyta,Magnoliopsida,Caryophyllales,Amaranthaceae,Amaranthus,species,ICN,Romania,RO,present,introduced,invasive,seedContaminant,otherTransport,naturalDispersal,1816,2022,"Anastasiu P, Miu I, Gavrilidis A, Preda C, Rozylowicz L, Sirbu C, Oprea A, Urziceanu M, Camen-Comanescu P, Nagoda E, Memedemin D, Barbos M, Boruz V, Cislariu A, Don I, Fagaras M, Frink J, Georgescu I, Haruta O, Hurdu B-I, Matis A, Milanovici S, Muncaciu S, Neacsu A, Neblea M, Nicolin A, Niculescu M, Oroian S, Pop O, Radutoiu D, Samarghitan M, Simion I, Soare L, Steiu C, Stoianov E, Strat D, Szabo A, Szatmari P, Tanase C, Mirea M, Manta N, Sirbu I (2024) Alien plant species distribution in Romania: a nationwide survey following the implementation of the EU Regulation on Invasive Alien Species. Biodiversity Data Journal 12. https://doi.org/10.3897/BDJ.12.e119539 | Anastasiu P, Sarbu I, Negrean G (2009) Verbesina encelioides-A new alien plant in Romania. Annals of the University of Craiova-Agriculture, Montanology, Cadastre Series, 39(2), 15-18",,Mexico,TRUE,FALSE,FALSE,,2025-11-26,Cristina Preda | Laurentiu Rozylowicz,Daniyar Memedemin
OSROUCKL2CDZZVZDHO63R0,Atriplex hortensis L.,Plantae,Tracheophyta,Magnoliopsida,Caryophyllales,Amaranthaceae,Atriplex,species,ICN,Romania,RO,present,introduced,reproducing,ornamentalNonHorticulture,,,1816,2022,"Anastasiu P, Miu I, Gavrilidis A, Preda C, Rozylowicz L, Sirbu C, Oprea A, Urziceanu M, Camen-Comanescu P, Nagoda E, Memedemin D, Barbos M, Boruz V, Cislariu A, Don I, Fagaras M, Frink J, Georgescu I, Haruta O, Hurdu B-I, Matis A, Milanovici S, Muncaciu S, Neacsu A, Neblea M, Nicolin A, Niculescu M, Oroian S, Pop O, Radutoiu D, Samarghitan M, Simion I, Soare L, Steiu C, Stoianov E, Strat D, Szabo A, Szatmari P, Tanase C, Mirea M, Manta N, Sirbu I (2024) Alien plant species distribution in Romania: a nationwide survey following the implementation of the EU Regulation on Invasive Alien Species. Biodiversity Data Journal 12. https://doi.org/10.3897/BDJ.12.e119539",,Caucasus | Central Asia | Eastern Europe | Western Asia,TRUE,FALSE,FALSE,,2025-11-26,Cristina Preda | Laurentiu Rozylowicz,Daniyar Memedemin
OSROUCKLYF1GAUOX83QN7K,Bassia scoparia (L.) Beck,Plantae,Tracheophyta,Magnoliopsida,Caryophyllales,Amaranthaceae,Bassia,species,ICN,Romania,RO,present,introduced,established,ornamentalNonHorticulture,,,1816,2022,"Anastasiu P, Miu I, Gavrilidis A, Preda C, Rozylowicz L, Sirbu C, Oprea A, Urziceanu M, Camen-Comanescu P, Nagoda E, Memedemin D, Barbos M, Boruz V, Cislariu A, Don I, Fagaras M, Frink J, Georgescu I, Haruta O, Hurdu B-I, Matis A, Milanovici S, Muncaciu S, Neacsu A, Neblea M, Nicolin A, Niculescu M, Oroian S, Pop O, Radutoiu D, Samarghitan M, Simion I, Soare L, Steiu C, Stoianov E, Strat D, Szabo A, Szatmari P, Tanase C, Mirea M, Manta N, Sirbu I (2024) Alien plant species distribution in Romania: a nationwide survey following the implementation of the EU Regulation on Invasive Alien Species. Biodiversity Data Journal 12. https://doi.org/10.3897/BDJ.12.e119539",,Caucasus | Central Asia | China | Eastern Asia | Eastern Europe | Mongolia | Russian Far East | Siberia | Western Asia,TRUE,FALSE,FALSE,,2025-11-26,Cristina Preda | Laurentiu Rozylowicz,Daniyar Memedemin
OSROUCKLFRAK3W1EC7ZBO8,Beta vulgaris L.,Plantae,Tracheophyta,Magnoliopsida,Caryophyllales,Amaranthaceae,Beta,species,ICN,Romania,RO,present,introduced,casual,agriculture,,,1816,2022,"Anastasiu P, Miu I, Gavrilidis A, Preda C, Rozylowicz L, Sirbu C, Oprea A, Urziceanu M, Camen-Comanescu P, Nagoda E, Memedemin D, Barbos M, Boruz V, Cislariu A, Don I, Fagaras M, Frink J, Georgescu I, Haruta O, Hurdu B-I, Matis A, Milanovici S, Muncaciu S, Neacsu A, Neblea M, Nicolin A, Niculescu M, Oroian S, Pop O, Radutoiu D, Samarghitan M, Simion I, Soare L, Steiu C, Stoianov E, Strat D, Szabo A, Szatmari P, Tanase C, Mirea M, Manta N, Sirbu I (2024) Alien plant species distribution in Romania: a nationwide survey following the implementation of the EU Regulation on Invasive Alien Species. Biodiversity Data Journal 12. https://doi.org/10.3897/BDJ.12.e119539",,Arabian Peninsula | Caucasus | Eastern Europe | Indian Subcontinent | Macaronesia | Middle Europe | Northern Africa | Northern Europe | Southeastern Europe | Southwestern Europe | Western Asia,TRUE,FALSE,FALSE,,2025-11-26,Cristina Preda | Laurentiu Rozylowicz,Daniyar Memedemin
OSRO8AYFEHYQUIX2NF,Blitum virgatum L.,Plantae,Tracheophyta,Magnoliopsida,Caryophyllales,Amaranthaceae,Blitum,species,ICN,Romania,RO,present,introduced,reproducing,horticulture,,,1816,2021,"Anastasiu P, Miu I, Gavrilidis A, Preda C, Rozylowicz L, Sirbu C, Oprea A, Urziceanu M, Camen-Comanescu P, Nagoda E, Memedemin D, Barbos M, Boruz V, Cislariu A, Don I, Fagaras M, Frink J, Georgescu I, Haruta O, Hurdu B-I, Matis A, Milanovici S, Muncaciu S, Neacsu A, Neblea M, Nicolin A, Niculescu M, Oroian S, Pop O, Radutoiu D, Samarghitan M, Simion I, Soare L, Steiu C, Stoianov E, Strat D, Szabo A, Szatmari P, Tanase C, Mirea M, Manta N, Sirbu I (2024) Alien plant species distribution in Romania: a nationwide survey following the implementation of the EU Regulation on Invasive Alien Species. Biodiversity Data Journal 12. https://doi.org/10.3897/BDJ.12.e119539",,Caucasus | Central Asia | China | Indian Subcontinent | Middle Europe | Northern Africa | Siberia | Southeastern Europe | Southwestern Europe | Western Asia,TRUE,FALSE,FALSE,,2025-11-26,Cristina Preda | Laurentiu Rozylowicz,Daniyar Memedemin
OSROW9K4FLJENFGHI4,Dysphania botrys (L.) Mosyakin & Clemants,Plantae,Tracheophyta,Magnoliopsida,Caryophyllales,Amaranthaceae,Dysphania,species,ICN,Romania,RO,present,introduced,established,seedContaminant,,,1816,2020,"Anastasiu P, Miu I, Gavrilidis A, Preda C, Rozylowicz L, Sirbu C, Oprea A, Urziceanu M, Camen-Comanescu P, Nagoda E, Memedemin D, Barbos M, Boruz V, Cislariu A, Don I, Fagaras M, Frink J, Georgescu I, Haruta O, Hurdu B-I, Matis A, Milanovici S, Muncaciu S, Neacsu A, Neblea M, Nicolin A, Niculescu M, Oroian S, Pop O, Radutoiu D, Samarghitan M, Simion I, Soare L, Steiu C, Stoianov E, Strat D, Szabo A, Szatmari P, Tanase C, Mirea M, Manta N, Sirbu I (2024) Alien plant species distribution in Romania: a nationwide survey following the implementation of the EU Regulation on Invasive Alien Species. Biodiversity Data Journal 12. https://doi.org/10.3897/BDJ.12.e119539",,Arabian Peninsula | Caucasus | Central Asia | China | Eastern Europe | Indian Subcontinent | Middle Europe | Mongolia | Southeastern Europe | Southwestern Europe | Western Asia,TRUE,FALSE,FALSE,,2025-11-26,Cristina Preda | Laurentiu Rozylowicz,Daniyar Memedemin
OSROVJMHP7CUM69OUA,Dianthus barbatus L.,Plantae,Tracheophyta,Magnoliopsida,Caryophyllales,Caryophyllaceae,Dianthus,species,ICN,Romania,RO,present,introduced,casual,ornamentalNonHorticulture,,,1816,2020,"Anastasiu P, Miu I, Gavrilidis A, Preda C, Rozylowicz L, Sirbu C, Oprea A, Urziceanu M, Camen-Comanescu P, Nagoda E, Memedemin D, Barbos M, Boruz V, Cislariu A, Don I, Fagaras M, Frink J, Georgescu I, Haruta O, Hurdu B-I, Matis A, Milanovici S, Muncaciu S, Neacsu A, Neblea M, Nicolin A, Niculescu M, Oroian S, Pop O, Radutoiu D, Samarghitan M, Simion I, Soare L, Steiu C, Stoianov E, Strat D, Szabo A, Szatmari P, Tanase C, Mirea M, Manta N, Sirbu I (2024) Alien plant species distribution in Romania: a nationwide survey following the implementation of the EU Regulation on Invasive Alien Species. Biodiversity Data Journal 12. https://doi.org/10.3897/BDJ.12.e119539 | Sirbu C, Oprea A (2011) Plante adventive in flora Romaniei. Editura Ion Ionescu de la Brad",,China | Eastern Asia | Eastern Europe | Middle Europe | Russian Far East | Southeastern Europe | Southwestern Europe,TRUE,FALSE,FALSE,,2025-11-26,Cristina Preda | Laurentiu Rozylowicz,Daniyar Memedemin
OSROZPVFUASS4FU1BV,Fagopyrum esculentum Moench,Plantae,Tracheophyta,Magnoliopsida,Caryophyllales,Polygonaceae,Fagopyrum,species,ICN,Romania,RO,present,introduced,casual,ornamentalNonHorticulture,,,1816,2022,"Anastasiu P, Miu I, Gavrilidis A, Preda C, Rozylowicz L, Sirbu C, Oprea A, Urziceanu M, Camen-Comanescu P, Nagoda E, Memedemin D, Barbos M, Boruz V, Cislariu A, Don I, Fagaras M, Frink J, Georgescu I, Haruta O, Hurdu B-I, Matis A, Milanovici S, Muncaciu S, Neacsu A, Neblea M, Nicolin A, Niculescu M, Oroian S, Pop O, Radutoiu D, Samarghitan M, Simion I, Soare L, Steiu C, Stoianov E, Strat D, Szabo A, Szatmari P, Tanase C, Mirea M, Manta N, Sirbu I (2024) Alien plant species distribution in Romania: a nationwide survey following the implementation of the EU Regulation on Invasive Alien Species. Biodiversity Data Journal 12. https://doi.org/10.3897/BDJ.12.e119539",,China,TRUE,FALSE,FALSE,,2025-11-26,Cristina Preda | Laurentiu Rozylowicz,Daniyar Memedemin
OSRO5ULRC8D1XX7Y34,Portulaca oleracea L.,Plantae,Tracheophyta,Magnoliopsida,Caryophyllales,Portulacaceae,Portulaca,species,ICN,Romania,RO,present,uncertain,established,naturalDispersal,,,1816,2022,"Anastasiu P, Miu I, Gavrilidis A, Preda C, Rozylowicz L, Sirbu C, Oprea A, Urziceanu M, Camen-Comanescu P, Nagoda E, Memedemin D, Barbos M, Boruz V, Cislariu A, Don I, Fagaras M, Frink J, Georgescu I, Haruta O, Hurdu B-I, Matis A, Milanovici S, Muncaciu S, Neacsu A, Neblea M, Nicolin A, Niculescu M, Oroian S, Pop O, Radutoiu D, Samarghitan M, Simion I, Soare L, Steiu C, Stoianov E, Strat D, Szabo A, Szatmari P, Tanase C, Mirea M, Manta N, Sirbu I (2024) Alien plant species distribution in Romania: a nationwide survey following the implementation of the EU Regulation on Invasive Alien Species. Biodiversity Data Journal 12. https://doi.org/10.3897/BDJ.12.e119539 | Sirbu C, Oprea A (2011) Plante adventive in flora Romaniei. Editura Ion Ionescu de la Brad",,Arabian Peninsula | Caucasus | East Tropical Africa | Eastern Europe | Indian Subcontinent | Macaronesia | Middle Atlantic Ocean | Middle Europe | Northeast Tropical Africa | Northern Africa | South Tropical Africa | Southeastern Europe | Southwestern Europe | West Tropical Africa | West-Central Tropical Africa | Western Asia | Western Indian Ocean,TRUE,FALSE,FALSE,,2025-11-26,Cristina Preda | Laurentiu Rozylowicz,Daniyar Memedemin
OSROSXA81GFJZM2KZD,Cucurbita pepo L.,Plantae,Tracheophyta,Magnoliopsida,Cucurbitales,Cucurbitaceae,Cucurbita,species,ICN,Romania,RO,present,introduced,casual,agriculture,,,1816,2022,"Anastasiu P, Miu I, Gavrilidis A, Preda C, Rozylowicz L, Sirbu C, Oprea A, Urziceanu M, Camen-Comanescu P, Nagoda E, Memedemin D, Barbos M, Boruz V, Cislariu A, Don I, Fagaras M, Frink J, Georgescu I, Haruta O, Hurdu B-I, Matis A, Milanovici S, Muncaciu S, Neacsu A, Neblea M, Nicolin A, Niculescu M, Oroian S, Pop O, Radutoiu D, Samarghitan M, Simion I, Soare L, Steiu C, Stoianov E, Strat D, Szabo A, Szatmari P, Tanase C, Mirea M, Manta N, Sirbu I (2024) Alien plant species distribution in Romania: a nationwide survey following the implementation of the EU Regulation on Invasive Alien Species. Biodiversity Data Journal 12. https://doi.org/10.3897/BDJ.12.e119539 | Baumgarten JChG (1816) Enumeratio Stirpium Magno Transsilvaniae Principatui, I-III, Vindobonae | Anastasiu P, Sarbu I, Negrean G (2009) Verbesina encelioides-A new alien plant in Romania. Annals of the University of Craiova-Agriculture, Montanology, Cadastre Series, 39(2), 15-18",,Mexico,TRUE,FALSE,FALSE,,2025-11-26,Cristina Preda | Laurentiu Rozylowicz,Culita Sirbu | Daniyar Memedemin
OSRO5BV1AENTD9S928,Lonicera caprifolium L.,Plantae,Tracheophyta,Magnoliopsida,Dipsacales,Caprifoliaceae,Lonicera,species,ICN,Romania,RO,present,introduced,casual,ornamentalNonHorticulture,,,1816,2021,"Anastasiu P, Miu I, Gavrilidis A, Preda C, Rozylowicz L, Sirbu C, Oprea A, Urziceanu M, Camen-Comanescu P, Nagoda E, Memedemin D, Barbos M, Boruz V, Cislariu A, Don I, Fagaras M, Frink J, Georgescu I, Haruta O, Hurdu B-I, Matis A, Milanovici S, Muncaciu S, Neacsu A, Neblea M, Nicolin A, Niculescu M, Oroian S, Pop O, Radutoiu D, Samarghitan M, Simion I, Soare L, Steiu C, Stoianov E, Strat D, Szabo A, Szatmari P, Tanase C, Mirea M, Manta N, Sirbu I (2024) Alien plant species distribution in Romania: a nationwide survey following the implementation of the EU Regulation on Invasive Alien Species. Biodiversity Data Journal 12. https://doi.org/10.3897/BDJ.12.e119539 | Anastasiu P, Sarbu I, Negrean G (2009) Verbesina encelioides-A new alien plant in Romania. Annals of the University of Craiova-Agriculture, Montanology, Cadastre Series, 39(2), 15-18 | Baumgarten JChG (1816) Enumeratio Stirpium Magno Transsilvaniae Principatui, I-III, Vindobonae",,Caucasus | Middle Europe | Southeastern Europe | Western Asia,TRUE,FALSE,FALSE,,2025-11-26,Cristina Preda | Laurentiu Rozylowicz,Culita Sirbu | Daniyar Memedemin
OSROMKXPH9YKQLDKWL,Cytisus scoparius (L.) Link,Plantae,Tracheophyta,Magnoliopsida,Fabales,Fabaceae,Cytisus,species,ICN,Romania,RO,present,introduced,invasive,erosionControl,OtherIntentionalRelease,ornamentalNonHorticulture,1816,2022,"Anastasiu P, Miu I, Gavrilidis A, Preda C, Rozylowicz L, Sirbu C, Oprea A, Urziceanu M, Camen-Comanescu P, Nagoda E, Memedemin D, Barbos M, Boruz V, Cislariu A, Don I, Fagaras M, Frink J, Georgescu I, Haruta O, Hurdu B-I, Matis A, Milanovici S, Muncaciu S, Neacsu A, Neblea M, Nicolin A, Niculescu M, Oroian S, Pop O, Radutoiu D, Samarghitan M, Simion I, Soare L, Steiu C, Stoianov E, Strat D, Szabo A, Szatmari P, Tanase C, Mirea M, Manta N, Sirbu I (2024) Alien plant species distribution in Romania: a nationwide survey following the implementation of the EU Regulation on Invasive Alien Species. Biodiversity Data Journal 12. https://doi.org/10.3897/BDJ.12.e119539",,Eastern Europe | Middle Europe | Northern Europe | Southeastern Europe | Southwestern Europe,TRUE,FALSE,FALSE,,2025-11-26,Cristina Preda | Laurentiu Rozylowicz,Culita Sirbu
OSROY40U1Q7UFJ319E,Medicago × varia Martyn,Plantae,Tracheophyta,Magnoliopsida,Fabales,Fabaceae,Medicago,species,ICN,Romania,RO,present,introduced,established,agriculture,escapeFromConfinement,,1816,2024,"Anastasiu P, Miu I, Gavrilidis A, Preda C, Rozylowicz L, Sirbu C, Oprea A, Urziceanu M, Camen-Comanescu P, Nagoda E, Memedemin D, Barbos M, Boruz V, Cislariu A, Don I, Fagaras M, Frink J, Georgescu I, Haruta O, Hurdu B-I, Matis A, Milanovici S, Muncaciu S, Neacsu A, Neblea M, Nicolin A, Niculescu M, Oroian S, Pop O, Radutoiu D, Samarghitan M, Simion I, Soare L, Steiu C, Stoianov E, Strat D, Szabo A, Szatmari P, Tanase C, Mirea M, Manta N, Sirbu I (2024) Alien plant species distribution in Romania: a nationwide survey following the implementation of the EU Regulation on Invasive Alien Species. Biodiversity Data Journal 12. https://doi.org/10.3897/BDJ.12.e119539 | GBIF.org (2026) Occurrence Download. The Global Biodiversity Information Facility. https://doi.org/10.15468/dl.sa56jr | Sirbu C, Oprea A (2011) Plante adventive in flora Romaniei. Editura Ion Ionescu de la Brad, Iasi | Baumgarten JChG (1816) Enumeratio Stirpium Magno Transsilvaniae Principatui. Vindobonae | Blackburn TM, Pysek P, Bacher S, Carlton JT, Duncan RP, Jarosik V, Wilson JRU, Richardson DM (2011) A proposed unified framework for biological invasions. Trends in Ecology and Evolution 26: 333–339. https://doi.org/10.1016/j.tree.2011.03.023 | Plants of the World Online (2026) https://powo.science.kew.org/",,Caucasus | Central Asia | Western Asia,TRUE,FALSE,FALSE,,2025-11-26,Cristina Preda | Laurentiu Rozylowicz,Mihaela Urziceanu | Lucian Patrascu
OSROGUW7POIR60GZYH,Medicago sativa L.,Plantae,Tracheophyta,Magnoliopsida,Fabales,Fabaceae,Medicago,species,ICN,Romania,RO,present,introduced,established,agriculture,,,1816,2022,"Baumgarten JChG (1816) Enumeratio Stirpium Magno Transsilvaniae Principatui, I-III, Vindobonae",,Caucasus | Central Asia | Eastern Europe | Northern Africa | Southeastern Europe | Southwestern Europe | Western Asia,TRUE,FALSE,FALSE,,2025-11-26,Cristina Preda | Laurentiu Rozylowicz,Culita Sirbu
OSRONN6YNWCDLCPWUA,Pisum sativum L.,Plantae,Tracheophyta,Magnoliopsida,Fabales,Fabaceae,Pisum,species,ICN,Romania,RO,present,uncertain,casual,agriculture,escapeFromConfinement,transportContaminant,1816,2021,"Anastasiu P, Miu I, Gavrilidis A, Preda C, Rozylowicz L, Sirbu C, Oprea A, Urziceanu M, Camen-Comanescu P, Nagoda E, Memedemin D, Barbos M, Boruz V, Cislariu A, Don I, Fagaras M, Frink J, Georgescu I, Haruta O, Hurdu B-I, Matis A, Milanovici S, Muncaciu S, Neacsu A, Neblea M, Nicolin A, Niculescu M, Oroian S, Pop O, Radutoiu D, Samarghitan M, Simion I, Soare L, Steiu C, Stoianov E, Strat D, Szabo A, Szatmari P, Tanase C, Mirea M, Manta N, Sirbu I (2024) Alien plant species distribution in Romania: a nationwide survey following the implementation of the EU Regulation on Invasive Alien Species. Biodiversity Data Journal 12. https://doi.org/10.3897/BDJ.12.e119539 | Sirbu C, Oprea A (2011) Plante adventive in flora Romaniei. Editura Ion Ionescu de la Brad, Iasi | Baumgarten JChG (1816) Enumeratio Stirpium Magno Transsilvaniae Principatui. Vindobonae | Blackburn TM, Pysek P, Bacher S, Carlton JT, Duncan RP, Jarosik V, Wilson JRU, Richardson DM (2011) A proposed unified framework for biological invasions. Trends in Ecology and Evolution 26: 333–339. https://doi.org/10.1016/j.tree.2011.03.023 | Plants of the World Online (2026) https://powo.science.kew.org/",,Caucasus | Central Asia | Eastern Europe | Northern Africa | Southeastern Europe | Southwestern Europe | Western Asia,TRUE,FALSE,FALSE,,2025-11-26,Cristina Preda | Laurentiu Rozylowicz,Mihaela Urziceanu
OSROVQTFDHIWEBYZPF,Trigonella caerulea (L.) Ser.,Plantae,Tracheophyta,Magnoliopsida,Fabales,Fabaceae,Trigonella,species,ICN,Romania,RO,present,introduced,invasive,agriculture,,,1816,2022,"Anastasiu P, Miu I, Gavrilidis A, Preda C, Rozylowicz L, Sirbu C, Oprea A, Urziceanu M, Camen-Comanescu P, Nagoda E, Memedemin D, Barbos M, Boruz V, Cislariu A, Don I, Fagaras M, Frink J, Georgescu I, Haruta O, Hurdu B-I, Matis A, Milanovici S, Muncaciu S, Neacsu A, Neblea M, Nicolin A, Niculescu M, Oroian S, Pop O, Radutoiu D, Samarghitan M, Simion I, Soare L, Steiu C, Stoianov E, Strat D, Szabo A, Szatmari P, Tanase C, Mirea M, Manta N, Sirbu I (2024) Alien plant species distribution in Romania: a nationwide survey following the implementation of the EU Regulation on Invasive Alien Species. Biodiversity Data Journal 12. https://doi.org/10.3897/BDJ.12.e119539",,Southeastern Europe,TRUE,FALSE,FALSE,,2025-11-26,Cristina Preda | Laurentiu Rozylowicz,Culita Sirbu
OSROU6H1M9ZAH4D0WB,Juglans regia L.,Plantae,Tracheophyta,Magnoliopsida,Fagales,Juglandaceae,Juglans,species,ICN,Romania,RO,present,introduced,established,horticulture,ornamentalNonHorticulture,forestry,1816,2022,"Baumgarten JChG (1816) Enumeratio Stirpium Magno Transsilvaniae Principatui, I-III, Vindobonae",,Caucasus | Indian Subcontinent | Western Asia,TRUE,FALSE,FALSE,,2025-11-26,Cristina Preda | Laurentiu Rozylowicz,Culita Sirbu
OSROMVV2A2JACUKL9H,Melissa officinalis L.,Plantae,Tracheophyta,Magnoliopsida,Lamiales,Lamiaceae,Melissa,species,ICN,Romania,RO,present,introduced,established,horticulture,OtherEscape,,1816,2020,"Baumgarten JChG (1816) Enumeratio Stirpium Magno Transsilvaniae Principatui, I-III, Vindobonae",,Caucasus | Central Asia | Northern Africa | Southeastern Europe | Southwestern Europe | Western Asia,TRUE,FALSE,FALSE,,2025-11-26,Cristina Preda | Laurentiu Rozylowicz,Culita Sirbu
OSRO1HKBE5V1TRSI5J,Salvia officinalis L.,Plantae,Tracheophyta,Magnoliopsida,Lamiales,Lamiaceae,Salvia,species,ICN,Romania,RO,present,introduced,casual,naturalDispersal,vehicles,,1816,2020,"Baumgarten JChG (1816) Enumeratio Stirpium Magno Transsilvaniae Principatui, I-III, Vindobonae",,Middle Europe | Southeastern Europe | Southwestern Europe,TRUE,FALSE,FALSE,,2025-11-26,Cristina Preda | Laurentiu Rozylowicz,Culita Sirbu
OSROUCKL5NZWB7IMP55N99,Antirrhinum majus L.,Plantae,Tracheophyta,Magnoliopsida,Lamiales,Plantaginaceae,Antirrhinum,species,ICN,Romania,RO,present,introduced,casual,horticulture,,,1816,2022,"Baumgarten JChG (1816) Enumeratio Stirpium Magno Transsilvaniae Principatui, I-III, Vindobonae",,Southwestern Europe,TRUE,FALSE,FALSE,,2025-11-26,Cristina Preda | Laurentiu Rozylowicz,Culita Sirbu
OSROJP4VCOZEYTN790,"Cymbalaria muralis G.Gaertn., B.Mey. & Scherb.",Plantae,Tracheophyta,Magnoliopsida,Lamiales,Plantaginaceae,Cymbalaria,species,ICN,Romania,RO,present,introduced,invasive,horticulture,,,1816,2022,"Baumgarten JChG (1816) Enumeratio Stirpium Magno Transsilvaniae Principatui, I-III, Vindobonae",,Middle Europe | Southeastern Europe | Southwestern Europe,TRUE,FALSE,FALSE,,2025-11-26,Cristina Preda | Laurentiu Rozylowicz,Culita Sirbu
OSROBLMGNQUFJ76461,Veronica persica Poir.,Plantae,Tracheophyta,Magnoliopsida,Lamiales,Plantaginaceae,Veronica,species,ICN,Romania,RO,present,introduced,invasive,unaided,,,1816,2022,"Anastasiu P, Miu I, Gavrilidis A, Preda C, Rozylowicz L, Sirbu C, Oprea A, Urziceanu M, Camen-Comanescu P, Nagoda E, Memedemin D, Barbos M, Boruz V, Cislariu A, Don I, Fagaras M, Frink J, Georgescu I, Haruta O, Hurdu B-I, Matis A, Milanovici S, Muncaciu S, Neacsu A, Neblea M, Nicolin A, Niculescu M, Oroian S, Pop O, Radutoiu D, Samarghitan M, Simion I, Soare L, Steiu C, Stoianov E, Strat D, Szabo A, Szatmari P, Tanase C, Mirea M, Manta N, Sirbu I (2024) Alien plant species distribution in Romania: a nationwide survey following the implementation of the EU Regulation on Invasive Alien Species. Biodiversity Data Journal 12. https://doi.org/10.3897/BDJ.12.e119539",,Caucasus | Western Asia,TRUE,FALSE,FALSE,,2025-11-26,Cristina Preda | Laurentiu Rozylowicz,Culita Sirbu
OSRODPYNO09BDCOFT5,Euphorbia lathyris L.,Plantae,Tracheophyta,Magnoliopsida,Malpighiales,Euphorbiaceae,Euphorbia,species,ICN,Romania,RO,present,introduced,casual,horticulture,,,1816,2022,"Baumgarten JChG (1816) Enumeratio Stirpium Magno Transsilvaniae Principatui, I-III, Vindobonae",,Central Asia | China | Indian Subcontinent,TRUE,FALSE,FALSE,,2025-11-26,Cristina Preda | Laurentiu Rozylowicz,Culita Sirbu
OSROUCKL0XQ0PWBUDJRFFI,Alcea rosea L.,Plantae,Tracheophyta,Magnoliopsida,Malvales,Malvaceae,Alcea,species,ICN,Romania,RO,present,introduced,reproducing,horticulture,,,1816,2022,"Baumgarten JChG (1816) Enumeratio Stirpium Magno Transsilvaniae Principatui, I-III, Vindobonae",,Western Asia,TRUE,FALSE,FALSE,,2025-11-26,Cristina Preda | Laurentiu Rozylowicz,Culita Sirbu
OSRO5HUPFTQTGOVQB0,Oenothera biennis L.,Plantae,Tracheophyta,Magnoliopsida,Myrtales,Onagraceae,Oenothera,species,ICN,Romania,RO,present,introduced,invasive,ornamentalNonHorticulture,,,1816,2024,"Anastasiu P, Miu I, Gavrilidis A, Preda C, Rozylowicz L, Sirbu C, Oprea A, Urziceanu M, Camen-Comanescu P, Nagoda E, Memedemin D, Barbos M, Boruz V, Cislariu A, Don I, Fagaras M, Frink J, Georgescu I, Haruta O, Hurdu B-I, Matis A, Milanovici S, Muncaciu S, Neacsu A, Neblea M, Nicolin A, Niculescu M, Oroian S, Pop O, Radutoiu D, Samarghitan M, Simion I, Soare L, Steiu C, Stoianov E, Strat D, Szabo A, Szatmari P, Tanase C, Mirea M, Manta N, Sirbu I (2024) Alien plant species distribution in Romania: a nationwide survey following the implementation of the EU Regulation on Invasive Alien Species. Biodiversity Data Journal 12. https://doi.org/10.3897/BDJ.12.e119539 | https://www.inaturalist.org/observations/231217327 | Blackburn TM, Pysek P, Bacher S, Carlton JT, Duncan RP, Jarosik V, Wilson JR, Richardson DM (2011) A proposed unified framework for biological invasions. Trends in Ecology and Evolution 26: 333-339. https://doi.org/10.1016/j.tree.2011.03.023",,Eastern Canada | Mexico | North-Central U.S.A. | Northeastern U.S.A. | Northwestern U.S.A. | South-Central U.S.A. | Southeastern U.S.A. | Southwestern U.S.A. | Western Canada,TRUE,FALSE,FALSE,,2025-11-26,Cristina Preda | Laurentiu Rozylowicz,Ioana-Minodora Sirbu
OSRO2P7PCOQDR8K505,Oxalis stricta L.,Plantae,Tracheophyta,Magnoliopsida,Oxalidales,Oxalidaceae,Oxalis,species,ICN,Romania,RO,present,introduced,invasive,foodContaminant,ornamentalNonHorticulture,,1816,2025,"Anastasiu P, Miu I, Gavrilidis A, Preda C, Rozylowicz L, Sirbu C, Oprea A, Urziceanu M, Camen-Comanescu P, Nagoda E, Memedemin D, Barbos M, Boruz V, Cislariu A, Don I, Fagaras M, Frink J, Georgescu I, Haruta O, Hurdu B-I, Matis A, Milanovici S, Muncaciu S, Neacsu A, Neblea M, Nicolin A, Niculescu M, Oroian S, Pop O, Radutoiu D, Samarghitan M, Simion I, Soare L, Steiu C, Stoianov E, Strat D, Szabo A, Szatmari P, Tanase C, Mirea M, Manta N, Sirbu I (2024) Alien plant species distribution in Romania: a nationwide survey following the implementation of the EU Regulation on Invasive Alien Species. Biodiversity Data Journal 12. https://doi.org/10.3897/BDJ.12.e119539 | Sirbu C, Oprea A (2011) Plante adventive in flora Romaniei. Editura Ion Ionescu de la Brad, Iasi, Romania, 734 pp | https://www.inaturalist.org/observations/314791368 | Blackburn TM, Pysek P, Bacher S, Carlton JT, Duncan RP, Jarosik V, Wilson JR, Richardson DM (2011) A proposed unified framework for biological invasions. Trends in Ecology and Evolution 26: 333-339. https://doi.org/10.1016/j.tree.2011.03.023",,China | Eastern Asia | Eastern Canada | Mexico | North-Central U.S.A. | Northeastern U.S.A. | Northwestern U.S.A. | Southeastern U.S.A. | Western Canada,TRUE,FALSE,FALSE,,2025-11-26,Cristina Preda | Laurentiu Rozylowicz,Ioana-Minodora Sirbu
OSROWBF4IQ434CF9KJ,Nigella damascena L.,Plantae,Tracheophyta,Magnoliopsida,Ranunculales,Ranunculaceae,Nigella,species,ICN,Romania,RO,present,introduced,casual,escapeFromConfinement,ornamentalNonHorticulture,,1816,2025,"Anastasiu P, Miu I, Gavrilidis A, Preda C, Rozylowicz L, Sirbu C, Oprea A, Urziceanu M, Camen-Comanescu P, Nagoda E, Memedemin D, Barbos M, Boruz V, Cislariu A, Don I, Fagaras M, Frink J, Georgescu I, Haruta O, Hurdu B-I, Matis A, Milanovici S, Muncaciu S, Neacsu A, Neblea M, Nicolin A, Niculescu M, Oroian S, Pop O, Radutoiu D, Samarghitan M, Simion I, Soare L, Steiu C, Stoianov E, Strat D, Szabo A, Szatmari P, Tanase C, Mirea M, Manta N, Sirbu I (2024) Alien plant species distribution in Romania: a nationwide survey following the implementation of the EU Regulation on Invasive Alien Species. Biodiversity Data Journal 12. https://doi.org/10.3897/BDJ.12.e119539 | Sirbu C, Oprea A (2011) Plante adventive in flora Romaniei. Editura Ion Ionescu de la Brad, Iasi, Romania, 734 pp | https://www.inaturalist.org/observations/286209668 | Blackburn TM, Pysek P, Bacher S, Carlton JT, Duncan RP, Jarosik V, Wilson JR, Richardson DM (2011) A proposed unified framework for biological invasions. Trends in Ecology and Evolution 26: 333-339. https://doi.org/10.1016/j.tree.2011.03.023",,Caucasus | Eastern Europe | Macaronesia | Northern Africa | Southeastern Europe | Southwestern Europe | Western Asia,TRUE,FALSE,FALSE,,2025-11-26,Cristina Preda | Laurentiu Rozylowicz,Ioana-Minodora Sirbu
OSRO9GCBK3506R6861,Elaeagnus angustifolia L.,Plantae,Tracheophyta,Magnoliopsida,Rosales,Elaeagnaceae,Elaeagnus,species,ICN,Romania,RO,present,introduced,invasive,erosionControl,ornamentalNonHorticulture,,1816,2025,"Anastasiu P, Miu I, Gavrilidis A, Preda C, Rozylowicz L, Sirbu C, Oprea A, Urziceanu M, Camen-Comanescu P, Nagoda E, Memedemin D, Barbos M, Boruz V, Cislariu A, Don I, Fagaras M, Frink J, Georgescu I, Haruta O, Hurdu B-I, Matis A, Milanovici S, Muncaciu S, Neacsu A, Neblea M, Nicolin A, Niculescu M, Oroian S, Pop O, Radutoiu D, Samarghitan M, Simion I, Soare L, Steiu C, Stoianov E, Strat D, Szabo A, Szatmari P, Tanase C, Mirea M, Manta N, Sirbu I (2024) Alien plant species distribution in Romania: a nationwide survey following the implementation of the EU Regulation on Invasive Alien Species. Biodiversity Data Journal 12. https://doi.org/10.3897/BDJ.12.e119539 | Sirbu C, Oprea A (2011) Plante adventive in flora Romaniei. Editura Ion Ionescu de la Brad, Iasi, Romania, 734 pp | https://www.inaturalist.org/observations/329696871 | Blackburn TM, Pysek P, Bacher S, Carlton JT, Duncan RP, Jarosik V, Wilson JR, Richardson DM (2011) A proposed unified framework for biological invasions. Trends in Ecology and Evolution 26: 333-339. https://doi.org/10.1016/j.tree.2011.03.023",,Caucasus | Central Asia | China | Eastern Europe | Indian Subcontinent | Indo-China | Mongolia | Siberia | Western Asia,TRUE,FALSE,FALSE,,2025-11-26,Cristina Preda | Laurentiu Rozylowicz,Ioana-Minodora Sirbu
OSRO52DGBKWQ43HB4L,Datura stramonium L.,Plantae,Tracheophyta,Magnoliopsida,Solanales,Solanaceae,Datura,species,ICN,Romania,RO,present,introduced,invasive,escapeFromConfinement,ornamentalNonHorticulture,unaided,1816,2025,"Anastasiu P, Miu I, Gavrilidis A, Preda C, Rozylowicz L, Sirbu C, Oprea A, Urziceanu M, Camen-Comanescu P, Nagoda E, Memedemin D, Barbos M, Boruz V, Cislariu A, Don I, Fagaras M, Frink J, Georgescu I, Haruta O, Hurdu B-I, Matis A, Milanovici S, Muncaciu S, Neacsu A, Neblea M, Nicolin A, Niculescu M, Oroian S, Pop O, Radutoiu D, Samarghitan M, Simion I, Soare L, Steiu C, Stoianov E, Strat D, Szabo A, Szatmari P, Tanase C, Mirea M, Manta N, Sirbu I (2024) Alien plant species distribution in Romania: a nationwide survey following the implementation of the EU Regulation on Invasive Alien Species. Biodiversity Data Journal 12. https://doi.org/10.3897/BDJ.12.e119539 | Sirbu C, Oprea A (2011) Plante adventive in flora Romaniei. Editura Ion Ionescu de la Brad, Iasi, Romania, 734 pp | https://www.inaturalist.org/observations/342930769 | Blackburn TM, Pysek P, Bacher S, Carlton JT, Duncan RP, Jarosik V, Wilson JR, Richardson DM (2011) A proposed unified framework for biological invasions. Trends in Ecology and Evolution 26: 333-339. https://doi.org/10.1016/j.tree.2011.03.023",,Mexico,TRUE,FALSE,FALSE,,2025-11-26,Cristina Preda | Laurentiu Rozylowicz,Ioana-Minodora Sirbu
OSRO23QIS0BUI2W67Z,Nicotiana tabacum L.,Plantae,Tracheophyta,Magnoliopsida,Solanales,Solanaceae,Nicotiana,species,ICN,Romania,RO,present,introduced,casual,agriculture,escapeFromConfinement,,1816,2022,"Anastasiu P, Miu I, Gavrilidis A, Preda C, Rozylowicz L, Sirbu C, Oprea A, Urziceanu M, Camen-Comanescu P, Nagoda E, Memedemin D, Barbos M, Boruz V, Cislariu A, Don I, Fagaras M, Frink J, Georgescu I, Haruta O, Hurdu B-I, Matis A, Milanovici S, Muncaciu S, Neacsu A, Neblea M, Nicolin A, Niculescu M, Oroian S, Pop O, Radutoiu D, Samarghitan M, Simion I, Soare L, Steiu C, Stoianov E, Strat D, Szabo A, Szatmari P, Tanase C, Mirea M, Manta N, Sirbu I (2024) Alien plant species distribution in Romania: a nationwide survey following the implementation of the EU Regulation on Invasive Alien Species. Biodiversity Data Journal 12. https://doi.org/10.3897/BDJ.12.e119539 | Sirbu C, Oprea A (2011) Plante adventive in flora Romaniei. Editura Ion Ionescu de la Brad, Iasi, Romania, 734 pp | Blackburn TM, Pysek P, Bacher S, Carlton JT, Duncan RP, Jarosik V, Wilson JR, Richardson DM (2011) A proposed unified framework for biological invasions. Trends in Ecology and Evolution 26: 333-339. https://doi.org/10.1016/j.tree.2011.03.023",,Western South America,TRUE,FALSE,FALSE,,2025-11-26,Cristina Preda | Laurentiu Rozylowicz,Ioana-Minodora Sirbu
OSROVX6Q23NEBICY1I,Xanthium spinosum L.,Plantae,Tracheophyta,Magnoliopsida,Asterales,Asteraceae,Xanthium,species,ICN,Romania,RO,present,introduced,invasive,ContaminantOnAnimals,,,1819,2022,"Anastasiu P, Miu I, Gavrilidis A, Preda C, Rozylowicz L, Sirbu C, Oprea A, Urziceanu M, Camen-Comanescu P, Nagoda E, Memedemin D, Barbos M, Boruz V, Cislariu A, Don I, Fagaras M, Frink J, Georgescu I, Haruta O, Hurdu B-I, Matis A, Milanovici S, Muncaciu S, Neacsu A, Neblea M, Nicolin A, Niculescu M, Oroian S, Pop O, Radutoiu D, Samarghitan M, Simion I, Soare L, Steiu C, Stoianov E, Strat D, Szabo A, Szatmari P, Tanase C, Mirea M, Manta N, Sirbu I (2024) Alien plant species distribution in Romania: a nationwide survey following the implementation of the EU Regulation on Invasive Alien Species. Biodiversity Data Journal 12. https://doi.org/10.3897/BDJ.12.e119539 | Anastasiu P, Sarbu I, Negrean G (2009) Verbesina encelioides-A new alien plant in Romania. Annals of the University of Craiova-Agriculture, Montanology, Cadastre Series, 39(2), 15-18",,Brazil | Eastern Canada | Mexico | North-Central U.S.A. | Northeastern U.S.A. | Northwestern U.S.A. | South-Central U.S.A. | Southeastern U.S.A. | Southern South America | Southwestern U.S.A. | Western Canada | Western South America,TRUE,FALSE,FALSE,,2025-11-26,Cristina Preda | Laurentiu Rozylowicz,Daniyar Memedemin
OSRO9ZAV2ZOYIEUFQ8,Phytolacca americana L.,Plantae,Tracheophyta,Magnoliopsida,Caryophyllales,Phytolaccaceae,Phytolacca,species,ICN,Romania,RO,present,introduced,invasive,ornamentalNonHorticulture,OtherEscape,,1828,2022,"Anastasiu P, Miu I, Gavrilidis A, Preda C, Rozylowicz L, Sirbu C, Oprea A, Urziceanu M, Camen-Comanescu P, Nagoda E, Memedemin D, Barbos M, Boruz V, Cislariu A, Don I, Fagaras M, Frink J, Georgescu I, Haruta O, Hurdu B-I, Matis A, Milanovici S, Muncaciu S, Neacsu A, Neblea M, Nicolin A, Niculescu M, Oroian S, Pop O, Radutoiu D, Samarghitan M, Simion I, Soare L, Steiu C, Stoianov E, Strat D, Szabo A, Szatmari P, Tanase C, Mirea M, Manta N, Sirbu I (2024) Alien plant species distribution in Romania: a nationwide survey following the implementation of the EU Regulation on Invasive Alien Species. Biodiversity Data Journal 12. https://doi.org/10.3897/BDJ.12.e119539 | Anastasiu P, Sarbu I, Negrean G (2009) Verbesina encelioides-A new alien plant in Romania. Annals of the University of Craiova-Agriculture, Montanology, Cadastre Series, 39(2), 15-18",,Eastern Canada | Mexico | North-Central U.S.A. | Northeastern U.S.A. | Northwestern U.S.A. | South-Central U.S.A. | Southeastern U.S.A. | Southwestern U.S.A.,TRUE,FALSE,FALSE,,2025-11-26,Cristina Preda | Laurentiu Rozylowicz,Daniyar Memedemin
OSRONHKHQHQPMX0ZHS,Sicyos angulatus L.,Plantae,Tracheophyta,Magnoliopsida,Cucurbitales,Cucurbitaceae,Sicyos,species,ICN,Romania,RO,present,introduced,invasive,ornamentalNonHorticulture,,,1836,2022,"Anastasiu P, Miu I, Gavrilidis A, Preda C, Rozylowicz L, Sirbu C, Oprea A, Urziceanu M, Camen-Comanescu P, Nagoda E, Memedemin D, Barbos M, Boruz V, Cislariu A, Don I, Fagaras M, Frink J, Georgescu I, Haruta O, Hurdu B-I, Matis A, Milanovici S, Muncaciu S, Neacsu A, Neblea M, Nicolin A, Niculescu M, Oroian S, Pop O, Radutoiu D, Samarghitan M, Simion I, Soare L, Steiu C, Stoianov E, Strat D, Szabo A, Szatmari P, Tanase C, Mirea M, Manta N, Sirbu I (2024) Alien plant species distribution in Romania: a nationwide survey following the implementation of the EU Regulation on Invasive Alien Species. Biodiversity Data Journal 12. https://doi.org/10.3897/BDJ.12.e119539",,Eastern Canada | North-Central U.S.A. | Northeastern U.S.A. | South-Central U.S.A. | Southeastern U.S.A.,TRUE,FALSE,FALSE,,2025-11-26,Cristina Preda | Laurentiu Rozylowicz,Daniyar Memedemin
OSRO4KUE8SBSK5KB4Y,Coriandrum sativum L.,Plantae,Tracheophyta,Magnoliopsida,Apiales,Apiaceae,Coriandrum,species,ICN,Romania,RO,present,introduced,casual,agriculture,,,1842,2021,"Anastasiu P, Miu I, Gavrilidis A, Preda C, Rozylowicz L, Sirbu C, Oprea A, Urziceanu M, Camen-Comanescu P, Nagoda E, Memedemin D, Barbos M, Boruz V, Cislariu A, Don I, Fagaras M, Frink J, Georgescu I, Haruta O, Hurdu B-I, Matis A, Milanovici S, Muncaciu S, Neacsu A, Neblea M, Nicolin A, Niculescu M, Oroian S, Pop O, Radutoiu D, Samarghitan M, Simion I, Soare L, Steiu C, Stoianov E, Strat D, Szabo A, Szatmari P, Tanase C, Mirea M, Manta N, Sirbu I (2024) Alien plant species distribution in Romania: a nationwide survey following the implementation of the EU Regulation on Invasive Alien Species. Biodiversity Data Journal 12. https://doi.org/10.3897/BDJ.12.e119539 | Kanitz A (1879-1881) Plantas Romaniae hucusque cognitas. Claudiopoli, Apud E. Demjen",,Arabian Peninsula | Caucasus | Indian Subcontinent | Western Asia,TRUE,FALSE,FALSE,,2025-11-26,Cristina Preda | Laurentiu Rozylowicz,Paulina Anastasiu
OSROUCKLYSPYI13BO3SM5T,Artemisia abrotanum L.,Plantae,Tracheophyta,Magnoliopsida,Asterales,Asteraceae,Artemisia,species,ICN,Romania,RO,present,introduced,casual,agriculture,,,1842,2022,"Anastasiu P, Miu I, Gavrilidis A, Preda C, Rozylowicz L, Sirbu C, Oprea A, Urziceanu M, Camen-Comanescu P, Nagoda E, Memedemin D, Barbos M, Boruz V, Cislariu A, Don I, Fagaras M, Frink J, Georgescu I, Haruta O, Hurdu B-I, Matis A, Milanovici S, Muncaciu S, Neacsu A, Neblea M, Nicolin A, Niculescu M, Oroian S, Pop O, Radutoiu D, Samarghitan M, Simion I, Soare L, Steiu C, Stoianov E, Strat D, Szabo A, Szatmari P, Tanase C, Mirea M, Manta N, Sirbu I (2024) Alien plant species distribution in Romania: a nationwide survey following the implementation of the EU Regulation on Invasive Alien Species. Biodiversity Data Journal 12. https://doi.org/10.3897/BDJ.12.e119539 | Brandza D (1879-1883) Prodromul Florei Romane. Bucuresti: Tipogr. Acad. Romane",,Southeastern Europe | Southwestern Europe,TRUE,FALSE,FALSE,,2025-11-26,Cristina Preda | Laurentiu Rozylowicz,Paulina Anastasiu
OSROUCKL7TUGG63WLMT3RV,Artemisia annua L.,Plantae,Tracheophyta,Magnoliopsida,Asterales,Asteraceae,Artemisia,species,ICN,Romania,RO,present,introduced,invasive,agriculture,,,1842,2022,"Anastasiu P, Miu I, Gavrilidis A, Preda C, Rozylowicz L, Sirbu C, Oprea A, Urziceanu M, Camen-Comanescu P, Nagoda E, Memedemin D, Barbos M, Boruz V, Cislariu A, Don I, Fagaras M, Frink J, Georgescu I, Haruta O, Hurdu B-I, Matis A, Milanovici S, Muncaciu S, Neacsu A, Neblea M, Nicolin A, Niculescu M, Oroian S, Pop O, Radutoiu D, Samarghitan M, Simion I, Soare L, Steiu C, Stoianov E, Strat D, Szabo A, Szatmari P, Tanase C, Mirea M, Manta N, Sirbu I (2024) Alien plant species distribution in Romania: a nationwide survey following the implementation of the EU Regulation on Invasive Alien Species. Biodiversity Data Journal 12. https://doi.org/10.3897/BDJ.12.e119539 | Brandza D (1879-1883) Prodromul Florei Romane. Bucuresti: Tipogr. Acad. Romane",,Caucasus | Central Asia | China | Eastern Asia | Eastern Europe | Indian Subcontinent | Indo-China | Malesia | Mongolia | Northern Africa | Russian Far East | Siberia | Southeastern Europe | Western Asia,TRUE,FALSE,FALSE,,2025-11-26,Cristina Preda | Laurentiu Rozylowicz,Paulina Anastasiu
OSROBF6U57224KMHV8,Salix babylonica L.,Plantae,Tracheophyta,Magnoliopsida,Malpighiales,Salicaceae,Salix,species,ICN,Romania,RO,present,introduced,casual,ornamentalNonHorticulture,landscapeImprovement,,1842,2022,"Kanitz A (1879-1881) Plantas Romaniae hucusque cognitas. Claudiopoli, Apud E. Demjen, 268 pp",,China | Eastern Asia,TRUE,FALSE,FALSE,,2025-11-26,Cristina Preda | Laurentiu Rozylowicz,Culita Sirbu
OSROUCKLZYKGQEJWKFAF5E,Abutilon theophrasti Medik.,Plantae,Tracheophyta,Magnoliopsida,Malvales,Malvaceae,Abutilon,species,ICN,Romania,RO,present,introduced,invasive,unaided,seedContaminant,,1842,2022,"Anastasiu P, Miu I, Gavrilidis A, Preda C, Rozylowicz L, Sirbu C, Oprea A, Urziceanu M, Camen-Comanescu P, Nagoda E, Memedemin D, Barbos M, Boruz V, Cislariu A, Don I, Fagaras M, Frink J, Georgescu I, Haruta O, Hurdu B-I, Matis A, Milanovici S, Muncaciu S, Neacsu A, Neblea M, Nicolin A, Niculescu M, Oroian S, Pop O, Radutoiu D, Samarghitan M, Simion I, Soare L, Steiu C, Stoianov E, Strat D, Szabo A, Szatmari P, Tanase C, Mirea M, Manta N, Sirbu I (2024) Alien plant species distribution in Romania: a nationwide survey following the implementation of the EU Regulation on Invasive Alien Species. Biodiversity Data Journal 12. https://doi.org/10.3897/BDJ.12.e119539",,Central Asia | China | Eastern Asia | Mongolia,TRUE,FALSE,FALSE,,2025-11-26,Cristina Preda | Laurentiu Rozylowicz,Culita Sirbu
OSRO7XHSPDRR7ESDGP,Morus alba L.,Plantae,Tracheophyta,Magnoliopsida,Rosales,Moraceae,Morus,species,ICN,Romania,RO,present,introduced,invasive,horticulture,OtherEscape,escapeFromConfinement,1842,2025,"Anastasiu P, Miu I, Gavrilidis A, Preda C, Rozylowicz L, Sirbu C, Oprea A, Urziceanu M, Camen-Comanescu P, Nagoda E, Memedemin D, Barbos M, Boruz V, Cislariu A, Don I, Fagaras M, Frink J, Georgescu I, Haruta O, Hurdu B-I, Matis A, Milanovici S, Muncaciu S, Neacsu A, Neblea M, Nicolin A, Niculescu M, Oroian S, Pop O, Radutoiu D, Samarghitan M, Simion I, Soare L, Steiu C, Stoianov E, Strat D, Szabo A, Szatmari P, Tanase C, Mirea M, Manta N, Sirbu I (2024) Alien plant species distribution in Romania: a nationwide survey following the implementation of the EU Regulation on Invasive Alien Species. Biodiversity Data Journal 12. https://doi.org/10.3897/BDJ.12.e119539 | Sirbu C, Oprea A (2011) Plante adventive in flora Romaniei. Editura Ion Ionescu de la Brad, Iasi, Romania, 734 pp | https://www.inaturalist.org/observations/332252490 | Blackburn TM, Pysek P, Bacher S, Carlton JT, Duncan RP, Jarosik V, Wilson JR, Richardson DM (2011) A proposed unified framework for biological invasions. Trends in Ecology and Evolution 26: 333-339. https://doi.org/10.1016/j.tree.2011.03.023",,China,TRUE,FALSE,FALSE,,2025-11-26,Cristina Preda | Laurentiu Rozylowicz,Ioana-Minodora Sirbu
OSRO7O0LZT6Z7WA47I,Lycium barbarum L.,Plantae,Tracheophyta,Magnoliopsida,Solanales,Solanaceae,Lycium,species,ICN,Romania,RO,present,introduced,invasive,ornamentalNonHorticulture,,,1842,2025,"Anastasiu P, Miu I, Gavrilidis A, Preda C, Rozylowicz L, Sirbu C, Oprea A, Urziceanu M, Camen-Comanescu P, Nagoda E, Memedemin D, Barbos M, Boruz V, Cislariu A, Don I, Fagaras M, Frink J, Georgescu I, Haruta O, Hurdu B-I, Matis A, Milanovici S, Muncaciu S, Neacsu A, Neblea M, Nicolin A, Niculescu M, Oroian S, Pop O, Radutoiu D, Samarghitan M, Simion I, Soare L, Steiu C, Stoianov E, Strat D, Szabo A, Szatmari P, Tanase C, Mirea M, Manta N, Sirbu I (2024) Alien plant species distribution in Romania: a nationwide survey following the implementation of the EU Regulation on Invasive Alien Species. Biodiversity Data Journal 12. https://doi.org/10.3897/BDJ.12.e119539 | Sirbu C, Oprea A (2011) Plante adventive in flora Romaniei. Editura Ion Ionescu de la Brad, Iasi, Romania, 734 pp | https://www.inaturalist.org/observations/340474683 | Blackburn TM, Pysek P, Bacher S, Carlton JT, Duncan RP, Jarosik V, Wilson JR, Richardson DM (2011) A proposed unified framework for biological invasions. Trends in Ecology and Evolution 26: 333-339. https://doi.org/10.1016/j.tree.2011.03.023",,China,TRUE,FALSE,FALSE,,2025-11-26,Cristina Preda | Laurentiu Rozylowicz,Ioana-Minodora Sirbu
OSRO19WADEXPSP4CH6,Helminthotheca echioides (L) Holub,Plantae,Tracheophyta,Magnoliopsida,Asterales,Asteraceae,Helminthotheca,species,ICN,Romania,RO,present,introduced,established,naturalDispersal,,,1844,2022,"Anastasiu P, Miu I, Gavrilidis A, Preda C, Rozylowicz L, Sirbu C, Oprea A, Urziceanu M, Camen-Comanescu P, Nagoda E, Memedemin D, Barbos M, Boruz V, Cislariu A, Don I, Fagaras M, Frink J, Georgescu I, Haruta O, Hurdu B-I, Matis A, Milanovici S, Muncaciu S, Neacsu A, Neblea M, Nicolin A, Niculescu M, Oroian S, Pop O, Radutoiu D, Samarghitan M, Simion I, Soare L, Steiu C, Stoianov E, Strat D, Szabo A, Szatmari P, Tanase C, Mirea M, Manta N, Sirbu I (2024) Alien plant species distribution in Romania: a nationwide survey following the implementation of the EU Regulation on Invasive Alien Species. Biodiversity Data Journal 12. https://doi.org/10.3897/BDJ.12.e119539 | Sirbu C, Oprea A (2013) A new Contribution on the Vascular Flora of Romania. Acta Horti Botanici Bucurestiensis 40: 19-26. https://doi.org/10.2478/ahbb-2013-0002 | Simonkai L (1886) Erdely edenyes florajanak helyesbitett foglalata (Enumeratio florae Transsilvaniae vesculosae critica). Kiadja A Kir. Magyar Termeszettudomanyi Tarsulat, Budapest.'",,Caucasus | Central Asia | Eastern Europe | Macaronesia | Northern Africa | Southeastern Europe | Southwestern Europe | Western Asia,TRUE,FALSE,FALSE,,2025-11-26,Cristina Preda | Laurentiu Rozylowicz,Daniyar Memedemin
OSRO55MSUJ5E9ED82G,Helianthus tuberosus L.,Plantae,Tracheophyta,Magnoliopsida,Asterales,Asteraceae,Helianthus,species,ICN,Romania,RO,present,introduced,invasive,ornamentalNonHorticulture,OtherEscape,,1848,2022,"Anastasiu P, Miu I, Gavrilidis A, Preda C, Rozylowicz L, Sirbu C, Oprea A, Urziceanu M, Camen-Comanescu P, Nagoda E, Memedemin D, Barbos M, Boruz V, Cislariu A, Don I, Fagaras M, Frink J, Georgescu I, Haruta O, Hurdu B-I, Matis A, Milanovici S, Muncaciu S, Neacsu A, Neblea M, Nicolin A, Niculescu M, Oroian S, Pop O, Radutoiu D, Samarghitan M, Simion I, Soare L, Steiu C, Stoianov E, Strat D, Szabo A, Szatmari P, Tanase C, Mirea M, Manta N, Sirbu I (2024) Alien plant species distribution in Romania: a nationwide survey following the implementation of the EU Regulation on Invasive Alien Species. Biodiversity Data Journal 12. https://doi.org/10.3897/BDJ.12.e119539",,Eastern Canada | North-Central U.S.A. | Northeastern U.S.A. | Northwestern U.S.A. | South-Central U.S.A. | Southeastern U.S.A. | Southwestern U.S.A. | Western Canada,TRUE,FALSE,FALSE,,2025-11-26,Cristina Preda | Laurentiu Rozylowicz,Paulina Anastasiu
OSROJHJ7MI6YO1DX8L,Parthenocissus inserta (A.Kern.) Fritsch,Plantae,Tracheophyta,Magnoliopsida,Vitales,Vitaceae,Parthenocissus,species,ICN,Romania,RO,present,introduced,invasive,horticulture,contaminantNursery,naturalDispersal,1850,2025,"Anastasiu P, Miu I, Gavrilidis A, Preda C, Rozylowicz L, Sirbu C, Oprea A, Urziceanu M, Camen-Comanescu P, Nagoda E, Memedemin D, Barbos M, Boruz V, Cislariu A, Don I, Fagaras M, Frink J, Georgescu I, Haruta O, Hurdu B-I, Matis A, Milanovici S, Muncaciu S, Neacsu A, Neblea M, Nicolin A, Niculescu M, Oroian S, Pop O, Radutoiu D, Samarghitan M, Simion I, Soare L, Steiu C, Stoianov E, Strat D, Szabo A, Szatmari P, Tanase C, Mirea M, Manta N, Sirbu I (2024) Alien plant species distribution in Romania: a nationwide survey following the implementation of the EU Regulation on Invasive Alien Species. Biodiversity Data Journal 12. https://doi.org/10.3897/BDJ.12.e119539 | Anastasiu P, Camen-Comanescu P, Sirbu I-M, Urziceanu M (2024) Urban flora: new reports for Bucharest's flora. Acta Horti Botanici Bucurestiensis 50(1): 41-58. https://doi.org/10.62229/ahbb.2024.50/3 | Sirbu C, Oprea A (2011) Plante adventive in flora Romaniei. Editura Ion Ionescu de la Brad, Iasi | Dragulescu C (2003) Cormoflora judetului Sibiu. Editura Pelecanus, Brasov | Blackburn TM, Pysek P, Bacher S, Carlton JT, Duncan RP, Jarosik V, Wilson JRU, Richardson DM (2011) A proposed unified framework for biological invasions. Trends in Ecology and Evolution 26: 333–339. https://doi.org/10.1016/j.tree.2011.03.023 | Plants of the World Online (2026) https://powo.science.kew.org/",,Eastern Canada | Mexico | North-Central U.S.A. | Northeastern U.S.A. | Northwestern U.S.A. | South-Central U.S.A. | Southeastern U.S.A. | Southwestern U.S.A. | Western Canada,TRUE,FALSE,FALSE,,2025-11-26,Cristina Preda | Laurentiu Rozylowicz,Mihaela Urziceanu
OSROPVI4L25O0BJEQ9,Lolium multiflorum Lam.,Plantae,Tracheophyta,Liliopsida,Poales,Poaceae,Lolium,species,ICN,Romania,RO,present,introduced,casual,ornamentalNonHorticulture,,,1853,2021,"Anastasiu P, Miu I, Gavrilidis A, Preda C, Rozylowicz L, Sirbu C, Oprea A, Urziceanu M, Camen-Comanescu P, Nagoda E, Memedemin D, Barbos M, Boruz V, Cislariu A, Don I, Fagaras M, Frink J, Georgescu I, Haruta O, Hurdu B-I, Matis A, Milanovici S, Muncaciu S, Neacsu A, Neblea M, Nicolin A, Niculescu M, Oroian S, Pop O, Radutoiu D, Samarghitan M, Simion I, Soare L, Steiu C, Stoianov E, Strat D, Szabo A, Szatmari P, Tanase C, Mirea M, Manta N, Sirbu I (2024) Alien plant species distribution in Romania: a nationwide survey following the implementation of the EU Regulation on Invasive Alien Species. Biodiversity Data Journal 12. https://doi.org/10.3897/BDJ.12.e119539 | Schur JF (1866) Enumeratio Plantarum Transsilvaniae, Vindobonae",,Arabian Peninsula | Caucasus | Central America | Central Asia | Indian Subcontinent | Macaronesia | Northeast Tropical Africa | Northern Africa | Southeastern Europe | Southwestern Europe | West Tropical Africa | Western Asia,TRUE,FALSE,FALSE,,2025-11-26,Cristina Preda | Laurentiu Rozylowicz,Paulina Anastasiu
OSROUCKLGY6X59O6M4GJQP,Amaranthus hybridus L.,Plantae,Tracheophyta,Magnoliopsida,Caryophyllales,Amaranthaceae,Amaranthus,species,ICN,Romania,RO,present,introduced,invasive,seedContaminant,otherTransport,naturalDispersal,1853,2022,"Anastasiu P, Miu I, Gavrilidis A, Preda C, Rozylowicz L, Sirbu C, Oprea A, Urziceanu M, Camen-Comanescu P, Nagoda E, Memedemin D, Barbos M, Boruz V, Cislariu A, Don I, Fagaras M, Frink J, Georgescu I, Haruta O, Hurdu B-I, Matis A, Milanovici S, Muncaciu S, Neacsu A, Neblea M, Nicolin A, Niculescu M, Oroian S, Pop O, Radutoiu D, Samarghitan M, Simion I, Soare L, Steiu C, Stoianov E, Strat D, Szabo A, Szatmari P, Tanase C, Mirea M, Manta N, Sirbu I (2024) Alien plant species distribution in Romania: a nationwide survey following the implementation of the EU Regulation on Invasive Alien Species. Biodiversity Data Journal 12. https://doi.org/10.3897/BDJ.12.e119539 | Anastasiu P, Sarbu I, Negrean G (2009) Verbesina encelioides-A new alien plant in Romania. Annals of the University of Craiova-Agriculture, Montanology, Cadastre Series, 39(2), 15-18",,Brazil | Central America | Eastern Canada | Mexico | Northeastern U.S.A. | Northern South America | South-Central U.S.A. | Southeastern U.S.A. | Southern South America | Western South America,TRUE,FALSE,FALSE,,2025-11-26,Cristina Preda | Laurentiu Rozylowicz,Daniyar Memedemin
OSROB1FFTJ170933QM,Rudbeckia laciniata L.,Plantae,Tracheophyta,Magnoliopsida,Asterales,Asteraceae,Rudbeckia,species,ICN,Romania,RO,present,introduced,casual,ornamentalNonHorticulture,,,1855,2022,"Anastasiu P, Miu I, Gavrilidis A, Preda C, Rozylowicz L, Sirbu C, Oprea A, Urziceanu M, Camen-Comanescu P, Nagoda E, Memedemin D, Barbos M, Boruz V, Cislariu A, Don I, Fagaras M, Frink J, Georgescu I, Haruta O, Hurdu B-I, Matis A, Milanovici S, Muncaciu S, Neacsu A, Neblea M, Nicolin A, Niculescu M, Oroian S, Pop O, Radutoiu D, Samarghitan M, Simion I, Soare L, Steiu C, Stoianov E, Strat D, Szabo A, Szatmari P, Tanase C, Mirea M, Manta N, Sirbu I (2024) Alien plant species distribution in Romania: a nationwide survey following the implementation of the EU Regulation on Invasive Alien Species. Biodiversity Data Journal 12. https://doi.org/10.3897/BDJ.12.e119539",,Eastern Canada | North-Central U.S.A. | Northeastern U.S.A. | Northwestern U.S.A. | South-Central U.S.A. | Southeastern U.S.A. | Southwestern U.S.A. | Western Canada,TRUE,FALSE,FALSE,,2025-11-26,Cristina Preda | Laurentiu Rozylowicz,Daniyar Memedemin
OSROUCKL9AIFW8ZK8TYRDK,"Rattus norvegicus (Berkenhout, 1769)",Animalia,Chordata,Mammalia,Rodentia,Muridae,Rattus,species,ICZN,Romania,RO,present,introduced,widespreadInvasive,transportStowaway,naturalDispersal,,1856,2026,"Cogalniceanu D, Cobzaru I, Dragan O, Fanaru G, Iftime A, Stanescu F, Telea E, Topliceanu S, Ureche D, Chisamera G, Petrescu A, Iftime O (2021) Raport tehnic privind sursele bibliografice referitoare la speciile de vertebrate terestre alogene invazive si potential invazive. Zenodo. https://doi.org/10.5281/zenodo.5593956 | Benedek AM (2014) Comunitati de mamifere mici (Ordinele Sorocomorpha si Rodentia) din Transilvania. Edit. Univ. Lucian Blaga din Sibiu. | GBIF.org (2026) Occurrence Download. The Global Biodiversity Information Facility. https://doi.org/10.15468/dl.8xdym7",,Eastern Asia | North Asia,TRUE,FALSE,FALSE,,2025-11-26,Cristina Preda | Laurentiu Rozylowicz,Gabriel Chisamera
OSRO6DY601ZMV25LOY,Rosa multiflora Thunb.,Plantae,Tracheophyta,Magnoliopsida,Rosales,Rosaceae,Rosa,species,ICN,Romania,RO,present,introduced,casual,ornamentalNonHorticulture,,,1856,2025,"Anastasiu P, Miu I, Gavrilidis A, Preda C, Rozylowicz L, Sirbu C, Oprea A, Urziceanu M, Camen-Comanescu P, Nagoda E, Memedemin D, Barbos M, Boruz V, Cislariu A, Don I, Fagaras M, Frink J, Georgescu I, Haruta O, Hurdu B-I, Matis A, Milanovici S, Muncaciu S, Neacsu A, Neblea M, Nicolin A, Niculescu M, Oroian S, Pop O, Radutoiu D, Samarghitan M, Simion I, Soare L, Steiu C, Stoianov E, Strat D, Szabo A, Szatmari P, Tanase C, Mirea M, Manta N, Sirbu I (2024) Alien plant species distribution in Romania: a nationwide survey following the implementation of the EU Regulation on Invasive Alien Species. Biodiversity Data Journal 12. https://doi.org/10.3897/BDJ.12.e119539 | https://www.inaturalist.org/observations/287229449 | Blackburn TM, Pysek P, Bacher S, Carlton JT, Duncan RP, Jarosik V, Wilson JR, Richardson DM (2011) A proposed unified framework for biological invasions. Trends in Ecology and Evolution 26: 333-339. https://doi.org/10.1016/j.tree.2011.03.023",,China | Eastern Asia | Indian Subcontinent,TRUE,FALSE,FALSE,,2025-11-26,Cristina Preda | Laurentiu Rozylowicz,Ioana-Minodora Sirbu
OSROQLGIF3UZLZYRHT,Ficus carica L.,Plantae,Tracheophyta,Magnoliopsida,Rosales,Moraceae,Ficus,species,ICN,Romania,RO,present,introduced,established,escapeFromConfinement,,,1857,2025,"Anastasiu P, Miu I, Gavrilidis A, Preda C, Rozylowicz L, Sirbu C, Oprea A, Urziceanu M, Camen-Comanescu P, Nagoda E, Memedemin D, Barbos M, Boruz V, Cislariu A, Don I, Fagaras M, Frink J, Georgescu I, Haruta O, Hurdu B-I, Matis A, Milanovici S, Muncaciu S, Neacsu A, Neblea M, Nicolin A, Niculescu M, Oroian S, Pop O, Radutoiu D, Samarghitan M, Simion I, Soare L, Steiu C, Stoianov E, Strat D, Szabo A, Szatmari P, Tanase C, Mirea M, Manta N, Sirbu I (2024) Alien plant species distribution in Romania: a nationwide survey following the implementation of the EU Regulation on Invasive Alien Species. Biodiversity Data Journal 12. https://doi.org/10.3897/BDJ.12.e119539 | Sirbu C, Oprea A (2011) Plante adventive in flora Romaniei. Editura Ion Ionescu de la Brad, Iasi, Romania, 734 pp | https://www.inaturalist.org/observations/292057983 | Blackburn TM, Pysek P, Bacher S, Carlton JT, Duncan RP, Jarosik V, Wilson JR, Richardson DM (2011) A proposed unified framework for biological invasions. Trends in Ecology and Evolution 26: 333-339. https://doi.org/10.1016/j.tree.2011.03.023",,Caucasus | Central Asia | Indian Subcontinent | Southeastern Europe | Western Asia,TRUE,FALSE,FALSE,,2025-11-26,Cristina Preda | Laurentiu Rozylowicz,Ioana-Minodora Sirbu
OSROVY8LANTBV6KVOY,Vallisneria spiralis L.,Plantae,Tracheophyta,Liliopsida,Alismatales,Hydrocharitaceae,Vallisneria,species,ICN,Romania,RO,present,introduced,established,ornamentalNonHorticulture,,,1858,2022,"Anastasiu P, Miu I, Gavrilidis A, Preda C, Rozylowicz L, Sirbu C, Oprea A, Urziceanu M, Camen-Comanescu P, Nagoda E, Memedemin D, Barbos M, Boruz V, Cislariu A, Don I, Fagaras M, Frink J, Georgescu I, Haruta O, Hurdu B-I, Matis A, Milanovici S, Muncaciu S, Neacsu A, Neblea M, Nicolin A, Niculescu M, Oroian S, Pop O, Radutoiu D, Samarghitan M, Simion I, Soare L, Steiu C, Stoianov E, Strat D, Szabo A, Szatmari P, Tanase C, Mirea M, Manta N, Sirbu I (2024) Alien plant species distribution in Romania: a nationwide survey following the implementation of the EU Regulation on Invasive Alien Species. Biodiversity Data Journal 12. https://doi.org/10.3897/BDJ.12.e119539 | Heuffel J (1858) Enumeratio Plantarum in Banatu Temesiensis sponte crescentium et frecventius cultarum, Verh. Zool.-Bot. Ges. Wien, 8: 39-240",,Caucasus | Central Asia | East Tropical Africa | Eastern Europe | Indian Subcontinent | Indo-China | Middle Europe | Northeast Tropical Africa | Northern Africa | Siberia | South Tropical Africa | Southeastern Europe | Southern Africa | Southwestern Europe | West Tropical Africa | West-Central Tropical Africa | Western Asia,FALSE,FALSE,TRUE,,2025-11-26,Cristina Preda | Laurentiu Rozylowicz,Paulina Anastasiu
OSROXFME39TNPAEVJP,Sorghum halepense (L.) Pers.,Plantae,Tracheophyta,Liliopsida,Poales,Poaceae,Sorghum,species,ICN,Romania,RO,present,introduced,invasive,seedContaminant,,,1858,2022,"Anastasiu P, Miu I, Gavrilidis A, Preda C, Rozylowicz L, Sirbu C, Oprea A, Urziceanu M, Camen-Comanescu P, Nagoda E, Memedemin D, Barbos M, Boruz V, Cislariu A, Don I, Fagaras M, Frink J, Georgescu I, Haruta O, Hurdu B-I, Matis A, Milanovici S, Muncaciu S, Neacsu A, Neblea M, Nicolin A, Niculescu M, Oroian S, Pop O, Radutoiu D, Samarghitan M, Simion I, Soare L, Steiu C, Stoianov E, Strat D, Szabo A, Szatmari P, Tanase C, Mirea M, Manta N, Sirbu I (2024) Alien plant species distribution in Romania: a nationwide survey following the implementation of the EU Regulation on Invasive Alien Species. Biodiversity Data Journal 12. https://doi.org/10.3897/BDJ.12.e119539 | Heuffel J (1858) Enumeratio Plantarum in Banatu Temesiensis sponte crescentium et frecventius cultarum, Verh. Zool.-Bot. Ges. Wien, 8: 39-240",,Arabian Peninsula | Caucasus | Central Asia | Indian Subcontinent | Indo-China | Macaronesia | Northeast Tropical Africa | Northern Africa | Western Asia,TRUE,FALSE,FALSE,,2025-11-26,Cristina Preda | Laurentiu Rozylowicz,Paulina Anastasiu
OSRORC4CCS1LZDRM2R,Morus nigra L.,Plantae,Tracheophyta,Magnoliopsida,Rosales,Moraceae,Morus,species,ICN,Romania,RO,present,introduced,established,escapeFromConfinement,,,1858,2024,"Anastasiu P, Miu I, Gavrilidis A, Preda C, Rozylowicz L, Sirbu C, Oprea A, Urziceanu M, Camen-Comanescu P, Nagoda E, Memedemin D, Barbos M, Boruz V, Cislariu A, Don I, Fagaras M, Frink J, Georgescu I, Haruta O, Hurdu B-I, Matis A, Milanovici S, Muncaciu S, Neacsu A, Neblea M, Nicolin A, Niculescu M, Oroian S, Pop O, Radutoiu D, Samarghitan M, Simion I, Soare L, Steiu C, Stoianov E, Strat D, Szabo A, Szatmari P, Tanase C, Mirea M, Manta N, Sirbu I (2024) Alien plant species distribution in Romania: a nationwide survey following the implementation of the EU Regulation on Invasive Alien Species. Biodiversity Data Journal 12. https://doi.org/10.3897/BDJ.12.e119539 | Sirbu C, Oprea A (2011) Plante adventive in flora Romaniei. Editura Ion Ionescu de la Brad, Iasi, Romania, 734 pp | https://www.inaturalist.org/observations/252525065 | Blackburn TM, Pysek P, Bacher S, Carlton JT, Duncan RP, Jarosik V, Wilson JR, Richardson DM (2011) A proposed unified framework for biological invasions. Trends in Ecology and Evolution 26: 333-339. https://doi.org/10.1016/j.tree.2011.03.023",,Western Asia,TRUE,FALSE,FALSE,,2025-11-26,Cristina Preda | Laurentiu Rozylowicz,Ioana-Minodora Sirbu
OSROA5RHWNAOKJYE7V,Prunus domestica L.,Plantae,Tracheophyta,Magnoliopsida,Rosales,Rosaceae,Prunus,species,ICN,Romania,RO,present,introduced,casual,escapeFromConfinement,,,1858,2025,"Anastasiu P, Miu I, Gavrilidis A, Preda C, Rozylowicz L, Sirbu C, Oprea A, Urziceanu M, Camen-Comanescu P, Nagoda E, Memedemin D, Barbos M, Boruz V, Cislariu A, Don I, Fagaras M, Frink J, Georgescu I, Haruta O, Hurdu B-I, Matis A, Milanovici S, Muncaciu S, Neacsu A, Neblea M, Nicolin A, Niculescu M, Oroian S, Pop O, Radutoiu D, Samarghitan M, Simion I, Soare L, Steiu C, Stoianov E, Strat D, Szabo A, Szatmari P, Tanase C, Mirea M, Manta N, Sirbu I (2024) Alien plant species distribution in Romania: a nationwide survey following the implementation of the EU Regulation on Invasive Alien Species. Biodiversity Data Journal 12. https://doi.org/10.3897/BDJ.12.e119539 | Sirbu C, Oprea A (2011) Plante adventive in flora Romaniei. Editura Ion Ionescu de la Brad, Iasi, Romania, 734 pp | https://www.inaturalist.org/observations/282307953 | Blackburn TM, Pysek P, Bacher S, Carlton JT, Duncan RP, Jarosik V, Wilson JR, Richardson DM (2011) A proposed unified framework for biological invasions. Trends in Ecology and Evolution 26: 333-339. https://doi.org/10.1016/j.tree.2011.03.023",,Caucasus | Western Asia,TRUE,FALSE,FALSE,,2025-11-26,Cristina Preda | Laurentiu Rozylowicz,Ioana-Minodora Sirbu
OSRO2GLIBTUDL438WL,Nicandra physalodes (L.) Gaertn.,Plantae,Tracheophyta,Magnoliopsida,Solanales,Solanaceae,Nicandra,species,ICN,Romania,RO,present,introduced,casual,ornamentalNonHorticulture,,,1858,2022,"Anastasiu P, Miu I, Gavrilidis A, Preda C, Rozylowicz L, Sirbu C, Oprea A, Urziceanu M, Camen-Comanescu P, Nagoda E, Memedemin D, Barbos M, Boruz V, Cislariu A, Don I, Fagaras M, Frink J, Georgescu I, Haruta O, Hurdu B-I, Matis A, Milanovici S, Muncaciu S, Neacsu A, Neblea M, Nicolin A, Niculescu M, Oroian S, Pop O, Radutoiu D, Samarghitan M, Simion I, Soare L, Steiu C, Stoianov E, Strat D, Szabo A, Szatmari P, Tanase C, Mirea M, Manta N, Sirbu I (2024) Alien plant species distribution in Romania: a nationwide survey following the implementation of the EU Regulation on Invasive Alien Species. Biodiversity Data Journal 12. https://doi.org/10.3897/BDJ.12.e119539 | Sirbu C, Oprea A (2011) Plante adventive in flora Romaniei. Editura Ion Ionescu de la Brad, Iasi, Romania, 734 pp | Blackburn TM, Pysek P, Bacher S, Carlton JT, Duncan RP, Jarosik V, Wilson JR, Richardson DM (2011) A proposed unified framework for biological invasions. Trends in Ecology and Evolution 26: 333-339. https://doi.org/10.1016/j.tree.2011.03.023",,Southern South America | Western South America,TRUE,FALSE,FALSE,,2025-11-26,Cristina Preda | Laurentiu Rozylowicz,Ioana-Minodora Sirbu
OSROLN1ZBPWUPE31Q3,Vitis riparia Michx.,Plantae,Tracheophyta,Magnoliopsida,Vitales,Vitaceae,Vitis,species,ICN,Romania,RO,present,introduced,casual,agriculture,horticulture,naturalDispersal,1858,2021,"Anastasiu P, Miu I, Gavrilidis A, Preda C, Rozylowicz L, Sirbu C, Oprea A, Urziceanu M, Camen-Comanescu P, Nagoda E, Memedemin D, Barbos M, Boruz V, Cislariu A, Don I, Fagaras M, Frink J, Georgescu I, Haruta O, Hurdu B-I, Matis A, Milanovici S, Muncaciu S, Neacsu A, Neblea M, Nicolin A, Niculescu M, Oroian S, Pop O, Radutoiu D, Samarghitan M, Simion I, Soare L, Steiu C, Stoianov E, Strat D, Szabo A, Szatmari P, Tanase C, Mirea M, Manta N, Sirbu I (2024) Alien plant species distribution in Romania: a nationwide survey following the implementation of the EU Regulation on Invasive Alien Species. Biodiversity Data Journal 12. https://doi.org/10.3897/BDJ.12.e119539 | Sirbu C, Oprea A (2011) Plante adventive in flora Romaniei. Editura Ion Ionescu de la Brad, Iasi | Borza Al (1959) Flora si vegetatia Vaii Sebesului. Editura Academiei R.P. Romane | Blackburn TM, Pysek P, Bacher S, Carlton JT, Duncan RP, Jarosik V, Wilson JRU, Richardson DM (2011) A proposed unified framework for biological invasions. Trends in Ecology and Evolution 26: 333–339. https://doi.org/10.1016/j.tree.2011.03.023 | Plants of the World Online (2026) https://powo.science.kew.org/",,Eastern Canada | Mexico | North-Central U.S.A. | Northeastern U.S.A. | Northwestern U.S.A. | South-Central U.S.A. | Southeastern U.S.A. | Western Canada,TRUE,FALSE,FALSE,,2025-11-26,Cristina Preda | Laurentiu Rozylowicz,Mihaela Urziceanu
OSROQOWN80VEXZFR0B,Malva verticillata L.,Plantae,Tracheophyta,Magnoliopsida,Malvales,Malvaceae,Malva,species,ICN,Romania,RO,present,introduced,established,agriculture,,,1859,2022,"Anastasiu P, Miu I, Gavrilidis A, Preda C, Rozylowicz L, Sirbu C, Oprea A, Urziceanu M, Camen-Comanescu P, Nagoda E, Memedemin D, Barbos M, Boruz V, Cislariu A, Don I, Fagaras M, Frink J, Georgescu I, Haruta O, Hurdu B-I, Matis A, Milanovici S, Muncaciu S, Neacsu A, Neblea M, Nicolin A, Niculescu M, Oroian S, Pop O, Radutoiu D, Samarghitan M, Simion I, Soare L, Steiu C, Stoianov E, Strat D, Szabo A, Szatmari P, Tanase C, Mirea M, Manta N, Sirbu I (2024) Alien plant species distribution in Romania: a nationwide survey following the implementation of the EU Regulation on Invasive Alien Species. Biodiversity Data Journal 12. https://doi.org/10.3897/BDJ.12.e119539 | Sirbu C, Oprea A (2011) Plante adventive in flora Romaniei. Editura Ion Ionescu de la Brad, Iasi, Romania, 734 pp | Blackburn TM, Pysek P, Bacher S, Carlton JT, Duncan RP, Jarosik V, Wilson JR, Richardson DM (2011) A proposed unified framework for biological invasions. Trends in Ecology and Evolution 26: 333-339. https://doi.org/10.1016/j.tree.2011.03.023 | Herbich F (1859) Flora der Bucovina. Leipzig : Verlag von F. Volckmar, 460 pp",,Arabian Peninsula | Central Asia | China | Eastern Asia | Indian Subcontinent | Indo-China | Mongolia | Northeast Tropical Africa | Russian Far East | Siberia | Western Asia,TRUE,FALSE,FALSE,,2025-11-26,Cristina Preda | Laurentiu Rozylowicz,Ioana-Minodora Sirbu
OSRO36ZCMWXEYGAZWE,Digitalis purpurea L.,Plantae,Tracheophyta,Magnoliopsida,Lamiales,Plantaginaceae,Digitalis,species,ICN,Romania,RO,present,introduced,casual,horticulture,OtherIntentionalRelease,,1862,2020,"Kanitz A. (1879-1881) Plantas Romaniae hucusque cognitas. Claudiopoli, Apud E. Demjen, 268 pp. | Brandza D. 1879-1883 - Prodromul Florei Romane. Bucuresti: Tipogr. Acad. Romane, 568 pp",,Middle Europe | Northern Africa | Northern Europe | Southwestern Europe,TRUE,FALSE,FALSE,,2025-11-26,Cristina Preda | Laurentiu Rozylowicz,Culita Sirbu
OSROC2H1BRYJPTENCY,Panicum capillare L.,Plantae,Tracheophyta,Liliopsida,Poales,Poaceae,Panicum,species,ICN,Romania,RO,present,introduced,established,ornamentalNonHorticulture,,,1863,2022,"Anastasiu P, Miu I, Gavrilidis A, Preda C, Rozylowicz L, Sirbu C, Oprea A, Urziceanu M, Camen-Comanescu P, Nagoda E, Memedemin D, Barbos M, Boruz V, Cislariu A, Don I, Fagaras M, Frink J, Georgescu I, Haruta O, Hurdu B-I, Matis A, Milanovici S, Muncaciu S, Neacsu A, Neblea M, Nicolin A, Niculescu M, Oroian S, Pop O, Radutoiu D, Samarghitan M, Simion I, Soare L, Steiu C, Stoianov E, Strat D, Szabo A, Szatmari P, Tanase C, Mirea M, Manta N, Sirbu I (2024) Alien plant species distribution in Romania: a nationwide survey following the implementation of the EU Regulation on Invasive Alien Species. Biodiversity Data Journal 12. https://doi.org/10.3897/BDJ.12.e119539 | Kanitz A (1879-1881) Plantas Romaniae hucusque cognitas. Claudiopoli, Apud E. Demjen",,Caribbean | Eastern Canada | Mexico | North-Central U.S.A. | Northeastern U.S.A. | Northwestern U.S.A. | South-Central U.S.A. | Southeastern U.S.A. | Southwestern U.S.A. | Western Canada,TRUE,FALSE,FALSE,,2025-11-26,Cristina Preda | Laurentiu Rozylowicz,Paulina Anastasiu
OSROUCKLZ33AK8DAR0K1B8,"Ephestia elutella (Hübner, 1796)",Animalia,Arthropoda,Insecta,Lepidoptera,Pyralidae,Ephestia,species,ICZN,Romania,RO,present,introduced,colonising,transportContaminant,transportStowaway,,1865,2022,"Adam C, Constantinescu IC, Draghici AC, Fusu L, Fusu MM, Gheoca V, Iorgu IS, Irimia AG, Maican S, Manci CO, Manu M, Mitroiu MD, Olosutean HG, Perju M, Petrescu AM, Pintilioaie AM, Popa AF, Popescu IE, Popovici OA, Prunar FV, Radac IA, Sahlean TC, Sitar C, Stanciu CR, Szekely L, Tausan I, Tomozii IB, Torok SC, Zaharia LG (2022) Raport final privind distributia speciilor de nevertebrate terestre alogene din hot-spot-uri si caile prioritare de patrundere (an 3 cartare). Raport intocmit in cadrul Proiectului POIM2014+120008 - Managementul adecvat al speciilor invazive din Romania, in conformitate cu Regulamentul UE 1143/2014 referitor la prevenirea si gestionarea introducerii si raspandirii speciilor alogene invazive. Ministerul Mediului, Apelor si Padurilor & Universitatea din Bucuresti, Bucuresti.",,Cryptogenic,TRUE,FALSE,FALSE,Nicotiana tabacum,2025-11-26,Cristina Preda | Laurentiu Rozylowicz,Marius Skolka | Carla F. Gavrilescu
OSROUCKLO5MG2I8JKXKR1Y,Allium ampeloprasum L.,Plantae,Tracheophyta,Liliopsida,Asparagales,Amaryllidaceae,Allium,species,ICN,Romania,RO,present,introduced,casual,OtherEscape,,,1866,2022,"Anastasiu P, Miu I, Gavrilidis A, Preda C, Rozylowicz L, Sirbu C, Oprea A, Urziceanu M, Camen-Comanescu P, Nagoda E, Memedemin D, Barbos M, Boruz V, Cislariu A, Don I, Fagaras M, Frink J, Georgescu I, Haruta O, Hurdu B-I, Matis A, Milanovici S, Muncaciu S, Neacsu A, Neblea M, Nicolin A, Niculescu M, Oroian S, Pop O, Radutoiu D, Samarghitan M, Simion I, Soare L, Steiu C, Stoianov E, Strat D, Szabo A, Szatmari P, Tanase C, Mirea M, Manta N, Sirbu I (2024) Alien plant species distribution in Romania: a nationwide survey following the implementation of the EU Regulation on Invasive Alien Species. Biodiversity Data Journal 12. https://doi.org/10.3897/BDJ.12.e119539 | Schur JF (1866) Enumeratio Plantarum Transsilvaniae, Vindobonae",,Caucasus | Central Asia | Northeast Tropical Africa | Northern Africa | Southeastern Europe | Southwestern Europe | Western Asia,TRUE,FALSE,FALSE,,2025-11-26,Cristina Preda | Laurentiu Rozylowicz,Paulina Anastasiu
OSRODM0JHBISOEHBIF,Triticum aestivum L.,Plantae,Tracheophyta,Liliopsida,Poales,Poaceae,Triticum,species,ICN,Romania,RO,present,introduced,casual,agriculture,,,1866,2022,"Anastasiu P, Miu I, Gavrilidis A, Preda C, Rozylowicz L, Sirbu C, Oprea A, Urziceanu M, Camen-Comanescu P, Nagoda E, Memedemin D, Barbos M, Boruz V, Cislariu A, Don I, Fagaras M, Frink J, Georgescu I, Haruta O, Hurdu B-I, Matis A, Milanovici S, Muncaciu S, Neacsu A, Neblea M, Nicolin A, Niculescu M, Oroian S, Pop O, Radutoiu D, Samarghitan M, Simion I, Soare L, Steiu C, Stoianov E, Strat D, Szabo A, Szatmari P, Tanase C, Mirea M, Manta N, Sirbu I (2024) Alien plant species distribution in Romania: a nationwide survey following the implementation of the EU Regulation on Invasive Alien Species. Biodiversity Data Journal 12. https://doi.org/10.3897/BDJ.12.e119539 | Schur JF (1866) Enumeratio Plantarum Transsilvaniae, Vindobonae",,Caucasus | Indian Subcontinent | Western Asia,TRUE,FALSE,FALSE,,2025-11-26,Cristina Preda | Laurentiu Rozylowicz,Paulina Anastasiu
OSROUCKL5D0KGH9TEHSYFC,Artemisia dracunculus L.,Plantae,Tracheophyta,Magnoliopsida,Asterales,Asteraceae,Artemisia,species,ICN,Romania,RO,present,introduced,casual,agriculture,,,1866,2021,"Anastasiu P, Miu I, Gavrilidis A, Preda C, Rozylowicz L, Sirbu C, Oprea A, Urziceanu M, Camen-Comanescu P, Nagoda E, Memedemin D, Barbos M, Boruz V, Cislariu A, Don I, Fagaras M, Frink J, Georgescu I, Haruta O, Hurdu B-I, Matis A, Milanovici S, Muncaciu S, Neacsu A, Neblea M, Nicolin A, Niculescu M, Oroian S, Pop O, Radutoiu D, Samarghitan M, Simion I, Soare L, Steiu C, Stoianov E, Strat D, Szabo A, Szatmari P, Tanase C, Mirea M, Manta N, Sirbu I (2024) Alien plant species distribution in Romania: a nationwide survey following the implementation of the EU Regulation on Invasive Alien Species. Biodiversity Data Journal 12. https://doi.org/10.3897/BDJ.12.e119539 | Schur JF (1866) Enumeratio Plantarum Transsilvaniae, Vindobonae",,Arabian Peninsula | Caucasus | Central Asia | China | Eastern Asia | Eastern Canada | Eastern Europe | Indian Subcontinent | Indo-China | Malesia | Mexico | Middle Europe | Mongolia | North-Central U.S.A. | Northeastern U.S.A. | Northwestern U.S.A. | Russian Far East | Siberia | South-Central U.S.A. | Southwestern Europe | Southwestern U.S.A. | Subarctic America | Western Asia | Western Canada,TRUE,FALSE,FALSE,,2025-11-26,Cristina Preda | Laurentiu Rozylowicz,Paulina Anastasiu
OSRO6MGKW3KZTXA9BI,Callistephus chinensis (L.) Nees,Plantae,Tracheophyta,Magnoliopsida,Asterales,Asteraceae,Callistephus,species,ICN,Romania,RO,present,introduced,casual,ornamentalNonHorticulture,,,1866,2022,"Anastasiu P, Miu I, Gavrilidis A, Preda C, Rozylowicz L, Sirbu C, Oprea A, Urziceanu M, Camen-Comanescu P, Nagoda E, Memedemin D, Barbos M, Boruz V, Cislariu A, Don I, Fagaras M, Frink J, Georgescu I, Haruta O, Hurdu B-I, Matis A, Milanovici S, Muncaciu S, Neacsu A, Neblea M, Nicolin A, Niculescu M, Oroian S, Pop O, Radutoiu D, Samarghitan M, Simion I, Soare L, Steiu C, Stoianov E, Strat D, Szabo A, Szatmari P, Tanase C, Mirea M, Manta N, Sirbu I (2024) Alien plant species distribution in Romania: a nationwide survey following the implementation of the EU Regulation on Invasive Alien Species. Biodiversity Data Journal 12. https://doi.org/10.3897/BDJ.12.e119539 | Schur JF (1866) Enumeratio Plantarum Transsilvaniae, Vindobonae",,China | Russian Far East,TRUE,FALSE,FALSE,,2025-11-26,Cristina Preda | Laurentiu Rozylowicz,Paulina Anastasiu
OSROV30DSPY4TZ8AM6,Coreopsis tinctoria Nutt.,Plantae,Tracheophyta,Magnoliopsida,Asterales,Asteraceae,Coreopsis,species,ICN,Romania,RO,present,introduced,casual,ornamentalNonHorticulture,,,1866,2022,"Anastasiu P, Miu I, Gavrilidis A, Preda C, Rozylowicz L, Sirbu C, Oprea A, Urziceanu M, Camen-Comanescu P, Nagoda E, Memedemin D, Barbos M, Boruz V, Cislariu A, Don I, Fagaras M, Frink J, Georgescu I, Haruta O, Hurdu B-I, Matis A, Milanovici S, Muncaciu S, Neacsu A, Neblea M, Nicolin A, Niculescu M, Oroian S, Pop O, Radutoiu D, Samarghitan M, Simion I, Soare L, Steiu C, Stoianov E, Strat D, Szabo A, Szatmari P, Tanase C, Mirea M, Manta N, Sirbu I (2024) Alien plant species distribution in Romania: a nationwide survey following the implementation of the EU Regulation on Invasive Alien Species. Biodiversity Data Journal 12. https://doi.org/10.3897/BDJ.12.e119539",,Eastern Canada | Mexico | North-Central U.S.A. | Northeastern U.S.A. | Northwestern U.S.A. | South-Central U.S.A. | Southeastern U.S.A. | Southwestern U.S.A. | Western Canada,TRUE,FALSE,FALSE,,2025-11-26,Cristina Preda | Laurentiu Rozylowicz,Paulina Anastasiu
OSROIR57HIT64EBW74,Galinsoga parviflora Cav.,Plantae,Tracheophyta,Magnoliopsida,Asterales,Asteraceae,Galinsoga,species,ICN,Romania,RO,present,introduced,invasive,transportationHabitatMaterial,naturalDispersal,,1866,2022,"Anastasiu P, Miu I, Gavrilidis A, Preda C, Rozylowicz L, Sirbu C, Oprea A, Urziceanu M, Camen-Comanescu P, Nagoda E, Memedemin D, Barbos M, Boruz V, Cislariu A, Don I, Fagaras M, Frink J, Georgescu I, Haruta O, Hurdu B-I, Matis A, Milanovici S, Muncaciu S, Neacsu A, Neblea M, Nicolin A, Niculescu M, Oroian S, Pop O, Radutoiu D, Samarghitan M, Simion I, Soare L, Steiu C, Stoianov E, Strat D, Szabo A, Szatmari P, Tanase C, Mirea M, Manta N, Sirbu I (2024) Alien plant species distribution in Romania: a nationwide survey following the implementation of the EU Regulation on Invasive Alien Species. Biodiversity Data Journal 12. https://doi.org/10.3897/BDJ.12.e119539",,Brazil | Caribbean | Central America | Mexico | Northern South America | South-Central U.S.A. | Southern South America | Southwestern U.S.A. | Western South America,TRUE,FALSE,FALSE,,2025-11-26,Cristina Preda | Laurentiu Rozylowicz,Paulina Anastasiu
OSRO6H1D97PGJDXXWG,Solidago gigantea Aiton,Plantae,Tracheophyta,Magnoliopsida,Asterales,Asteraceae,Solidago,species,ICN,Romania,RO,present,introduced,invasive,ornamentalNonHorticulture,,,1866,2022,"Anastasiu P, Miu I, Gavrilidis A, Preda C, Rozylowicz L, Sirbu C, Oprea A, Urziceanu M, Camen-Comanescu P, Nagoda E, Memedemin D, Barbos M, Boruz V, Cislariu A, Don I, Fagaras M, Frink J, Georgescu I, Haruta O, Hurdu B-I, Matis A, Milanovici S, Muncaciu S, Neacsu A, Neblea M, Nicolin A, Niculescu M, Oroian S, Pop O, Radutoiu D, Samarghitan M, Simion I, Soare L, Steiu C, Stoianov E, Strat D, Szabo A, Szatmari P, Tanase C, Mirea M, Manta N, Sirbu I (2024) Alien plant species distribution in Romania: a nationwide survey following the implementation of the EU Regulation on Invasive Alien Species. Biodiversity Data Journal 12. https://doi.org/10.3897/BDJ.12.e119539 | Anastasiu P, Negrean G (2009) Neophytes in Romania. Neobiota din Romania, 66-97",,Eastern Canada | Mexico | North-Central U.S.A. | Northeastern U.S.A. | Northwestern U.S.A. | South-Central U.S.A. | Southeastern U.S.A. | Southwestern U.S.A. | Western Canada,TRUE,FALSE,FALSE,,2025-11-26,Cristina Preda | Laurentiu Rozylowicz,Daniyar Memedemin
OSROBX0FFX8SKFTHRM,Iberis umbellata L.,Plantae,Tracheophyta,Magnoliopsida,Brassicales,Brassicaceae,Iberis,species,ICN,Romania,RO,present,introduced,casual,ornamentalNonHorticulture,,,1866,2022,"Anastasiu P, Miu I, Gavrilidis A, Preda C, Rozylowicz L, Sirbu C, Oprea A, Urziceanu M, Camen-Comanescu P, Nagoda E, Memedemin D, Barbos M, Boruz V, Cislariu A, Don I, Fagaras M, Frink J, Georgescu I, Haruta O, Hurdu B-I, Matis A, Milanovici S, Muncaciu S, Neacsu A, Neblea M, Nicolin A, Niculescu M, Oroian S, Pop O, Radutoiu D, Samarghitan M, Simion I, Soare L, Steiu C, Stoianov E, Strat D, Szabo A, Szatmari P, Tanase C, Mirea M, Manta N, Sirbu I (2024) Alien plant species distribution in Romania: a nationwide survey following the implementation of the EU Regulation on Invasive Alien Species. Biodiversity Data Journal 12. https://doi.org/10.3897/BDJ.12.e119539 | Schur JF (1866) Enumeratio Plantarum Transsilvaniae, Vindobonae",,Southeastern Europe | Southwestern Europe,TRUE,FALSE,FALSE,,2025-11-26,Cristina Preda | Laurentiu Rozylowicz,Daniyar Memedemin | Paulina Anastasiu
OSROUCKLFYE2QLBC8GOW4H,Amaranthus hypochondriacus L.,Plantae,Tracheophyta,Magnoliopsida,Caryophyllales,Amaranthaceae,Amaranthus,species,ICN,Romania,RO,present,introduced,casual,seedContaminant,ornamentalNonHorticulture,,1866,2022,"Anastasiu P, Miu I, Gavrilidis A, Preda C, Rozylowicz L, Sirbu C, Oprea A, Urziceanu M, Camen-Comanescu P, Nagoda E, Memedemin D, Barbos M, Boruz V, Cislariu A, Don I, Fagaras M, Frink J, Georgescu I, Haruta O, Hurdu B-I, Matis A, Milanovici S, Muncaciu S, Neacsu A, Neblea M, Nicolin A, Niculescu M, Oroian S, Pop O, Radutoiu D, Samarghitan M, Simion I, Soare L, Steiu C, Stoianov E, Strat D, Szabo A, Szatmari P, Tanase C, Mirea M, Manta N, Sirbu I (2024) Alien plant species distribution in Romania: a nationwide survey following the implementation of the EU Regulation on Invasive Alien Species. Biodiversity Data Journal 12. https://doi.org/10.3897/BDJ.12.e119539",,Mexico | North-Central U.S.A. | South-Central U.S.A.,TRUE,FALSE,FALSE,,2025-11-26,Cristina Preda | Laurentiu Rozylowicz,Daniyar Memedemin
OSROPETCQY11CN7329,Persicaria orientalis (L.) Spach,Plantae,Tracheophyta,Magnoliopsida,Caryophyllales,Polygonaceae,Persicaria,species,ICN,Romania,RO,present,introduced,casual,ornamentalNonHorticulture,,,1866,2022,"Anastasiu P, Miu I, Gavrilidis A, Preda C, Rozylowicz L, Sirbu C, Oprea A, Urziceanu M, Camen-Comanescu P, Nagoda E, Memedemin D, Barbos M, Boruz V, Cislariu A, Don I, Fagaras M, Frink J, Georgescu I, Haruta O, Hurdu B-I, Matis A, Milanovici S, Muncaciu S, Neacsu A, Neblea M, Nicolin A, Niculescu M, Oroian S, Pop O, Radutoiu D, Samarghitan M, Simion I, Soare L, Steiu C, Stoianov E, Strat D, Szabo A, Szatmari P, Tanase C, Mirea M, Manta N, Sirbu I (2024) Alien plant species distribution in Romania: a nationwide survey following the implementation of the EU Regulation on Invasive Alien Species. Biodiversity Data Journal 12. https://doi.org/10.3897/BDJ.12.e119539",,Australia | China | Eastern Asia | Indian Subcontinent | Indo-China | Malesia | Papuasia | Russian Far East,TRUE,FALSE,FALSE,,2025-11-26,Cristina Preda | Laurentiu Rozylowicz,Daniyar Memedemin
OSROJMLTB9O81P5G7W,Lonicera tatarica L.,Plantae,Tracheophyta,Magnoliopsida,Dipsacales,Caprifoliaceae,Lonicera,species,ICN,Romania,RO,present,introduced,casual,ornamentalNonHorticulture,,,1866,2020,"Anastasiu P, Miu I, Gavrilidis A, Preda C, Rozylowicz L, Sirbu C, Oprea A, Urziceanu M, Camen-Comanescu P, Nagoda E, Memedemin D, Barbos M, Boruz V, Cislariu A, Don I, Fagaras M, Frink J, Georgescu I, Haruta O, Hurdu B-I, Matis A, Milanovici S, Muncaciu S, Neacsu A, Neblea M, Nicolin A, Niculescu M, Oroian S, Pop O, Radutoiu D, Samarghitan M, Simion I, Soare L, Steiu C, Stoianov E, Strat D, Szabo A, Szatmari P, Tanase C, Mirea M, Manta N, Sirbu I (2024) Alien plant species distribution in Romania: a nationwide survey following the implementation of the EU Regulation on Invasive Alien Species. Biodiversity Data Journal 12. https://doi.org/10.3897/BDJ.12.e119539 | Schur JF (1866) Enumeratio Plantarum Transsilvaniae, Vindobonae, 984 pp",,Caucasus | Central Asia | China | Eastern Europe | Mongolia | Siberia,TRUE,FALSE,FALSE,,2025-11-26,Cristina Preda | Laurentiu Rozylowicz,Culita Sirbu | Daniyar Memedemin
OSROCZTTH4H6DCY7UF,Spartium junceum L.,Plantae,Tracheophyta,Magnoliopsida,Fabales,Fabaceae,Spartium,species,ICN,Romania,RO,present,introduced,casual,horticulture,,,1866,2020,"Schur JF (1866) Enumeratio Plantarum Transsilvaniae, Vindobonae, 984 pp",,Macaronesia | Southeastern Europe | Southwestern Europe | Western Asia,TRUE,FALSE,FALSE,,2025-11-26,Cristina Preda | Laurentiu Rozylowicz,Culita Sirbu
OSROVYTMZ5HRAJ30MO,Ocimum basilicum L.,Plantae,Tracheophyta,Magnoliopsida,Lamiales,Lamiaceae,Ocimum,species,ICN,Romania,RO,present,introduced,casual,OtherEscape,,,1866,2021,"Schur JF (1866) Enumeratio Plantarum Transsilvaniae, Vindobonae, 984 pp",,Australia | China | Eastern Asia | Indian Subcontinent | Indo-China | Malesia | Papuasia,TRUE,FALSE,FALSE,,2025-11-26,Cristina Preda | Laurentiu Rozylowicz,Culita Sirbu
OSROSRUADLGD4IKGG4,Malva trimestris (L.) Salisb.,Plantae,Tracheophyta,Magnoliopsida,Malvales,Malvaceae,Malva,species,ICN,Romania,RO,present,introduced,established,ornamentalNonHorticulture,,,1866,2025,"Anastasiu P, Miu I, Gavrilidis A, Preda C, Rozylowicz L, Sirbu C, Oprea A, Urziceanu M, Camen-Comanescu P, Nagoda E, Memedemin D, Barbos M, Boruz V, Cislariu A, Don I, Fagaras M, Frink J, Georgescu I, Haruta O, Hurdu B-I, Matis A, Milanovici S, Muncaciu S, Neacsu A, Neblea M, Nicolin A, Niculescu M, Oroian S, Pop O, Radutoiu D, Samarghitan M, Simion I, Soare L, Steiu C, Stoianov E, Strat D, Szabo A, Szatmari P, Tanase C, Mirea M, Manta N, Sirbu I (2024) Alien plant species distribution in Romania: a nationwide survey following the implementation of the EU Regulation on Invasive Alien Species. Biodiversity Data Journal 12. https://doi.org/10.3897/BDJ.12.e119539 | Sirbu C, Oprea A (2011) Plante adventive in flora Romaniei. Editura Ion Ionescu de la Brad, Iasi, Romania, 734 pp | https://www.inaturalist.org/observations/289489915 | Blackburn TM, Pysek P, Bacher S, Carlton JT, Duncan RP, Jarosik V, Wilson JR, Richardson DM (2011) A proposed unified framework for biological invasions. Trends in Ecology and Evolution 26: 333-339. https://doi.org/10.1016/j.tree.2011.03.023",,Northern Africa | Southeastern Europe | Southwestern Europe | Western Asia,TRUE,FALSE,FALSE,,2025-11-26,Cristina Preda | Laurentiu Rozylowicz,Ioana-Minodora Sirbu
OSROLV8O0LT150FJE3,Oxalis corniculata L.,Plantae,Tracheophyta,Magnoliopsida,Oxalidales,Oxalidaceae,Oxalis,species,ICN,Romania,RO,present,introduced,invasive,ornamentalNonHorticulture,ornamentalNonHorticulture,,1866,2025,"Anastasiu P, Miu I, Gavrilidis A, Preda C, Rozylowicz L, Sirbu C, Oprea A, Urziceanu M, Camen-Comanescu P, Nagoda E, Memedemin D, Barbos M, Boruz V, Cislariu A, Don I, Fagaras M, Frink J, Georgescu I, Haruta O, Hurdu B-I, Matis A, Milanovici S, Muncaciu S, Neacsu A, Neblea M, Nicolin A, Niculescu M, Oroian S, Pop O, Radutoiu D, Samarghitan M, Simion I, Soare L, Steiu C, Stoianov E, Strat D, Szabo A, Szatmari P, Tanase C, Mirea M, Manta N, Sirbu I (2024) Alien plant species distribution in Romania: a nationwide survey following the implementation of the EU Regulation on Invasive Alien Species. Biodiversity Data Journal 12. https://doi.org/10.3897/BDJ.12.e119539 | https://www.inaturalist.org/observations/332435849 | Blackburn TM, Pysek P, Bacher S, Carlton JT, Duncan RP, Jarosik V, Wilson JR, Richardson DM (2011) A proposed unified framework for biological invasions. Trends in Ecology and Evolution 26: 333-339. https://doi.org/10.1016/j.tree.2011.03.023",,China | Eastern Asia | Indian Subcontinent | Indo-China | Malesia,TRUE,FALSE,FALSE,,2025-11-26,Cristina Preda | Laurentiu Rozylowicz,Ioana-Minodora Sirbu
OSROVCEH19438D4ESV,Papaver somniferum L.,Plantae,Tracheophyta,Magnoliopsida,Ranunculales,Papaveraceae,Papaver,species,ICN,Romania,RO,present,introduced,casual,escapeFromConfinement,ornamentalNonHorticulture,,1866,2025,"Anastasiu P, Miu I, Gavrilidis A, Preda C, Rozylowicz L, Sirbu C, Oprea A, Urziceanu M, Camen-Comanescu P, Nagoda E, Memedemin D, Barbos M, Boruz V, Cislariu A, Don I, Fagaras M, Frink J, Georgescu I, Haruta O, Hurdu B-I, Matis A, Milanovici S, Muncaciu S, Neacsu A, Neblea M, Nicolin A, Niculescu M, Oroian S, Pop O, Radutoiu D, Samarghitan M, Simion I, Soare L, Steiu C, Stoianov E, Strat D, Szabo A, Szatmari P, Tanase C, Mirea M, Manta N, Sirbu I (2024) Alien plant species distribution in Romania: a nationwide survey following the implementation of the EU Regulation on Invasive Alien Species. Biodiversity Data Journal 12. https://doi.org/10.3897/BDJ.12.e119539 | Sirbu C, Oprea A (2011) Plante adventive in flora Romaniei. Editura Ion Ionescu de la Brad, Iasi, Romania, 734 pp | https://www.inaturalist.org/observations/286542674 | Blackburn TM, Pysek P, Bacher S, Carlton JT, Duncan RP, Jarosik V, Wilson JR, Richardson DM (2011) A proposed unified framework for biological invasions. Trends in Ecology and Evolution 26: 333-339. https://doi.org/10.1016/j.tree.2011.03.023",,Macaronesia | Northern Africa | Southeastern Europe | Southwestern Europe,TRUE,FALSE,FALSE,,2025-11-26,Cristina Preda | Laurentiu Rozylowicz,Ioana-Minodora Sirbu
OSROSEOK2S0X5C0XRE,Delphinium ajacis L.,Plantae,Tracheophyta,Magnoliopsida,Ranunculales,Ranunculaceae,Delphinium,species,ICN,Romania,RO,present,introduced,established,ornamentalNonHorticulture,,,1866,2025,"Anastasiu P, Miu I, Gavrilidis A, Preda C, Rozylowicz L, Sirbu C, Oprea A, Urziceanu M, Camen-Comanescu P, Nagoda E, Memedemin D, Barbos M, Boruz V, Cislariu A, Don I, Fagaras M, Frink J, Georgescu I, Haruta O, Hurdu B-I, Matis A, Milanovici S, Muncaciu S, Neacsu A, Neblea M, Nicolin A, Niculescu M, Oroian S, Pop O, Radutoiu D, Samarghitan M, Simion I, Soare L, Steiu C, Stoianov E, Strat D, Szabo A, Szatmari P, Tanase C, Mirea M, Manta N, Sirbu I (2024) Alien plant species distribution in Romania: a nationwide survey following the implementation of the EU Regulation on Invasive Alien Species. Biodiversity Data Journal 12. https://doi.org/10.3897/BDJ.12.e119539 | Sirbu C, Oprea A (2011) Plante adventive in flora Romaniei. Editura Ion Ionescu de la Brad, Iasi, Romania, 734 pp | https://www.inaturalist.org/observations/323784295 | Blackburn TM, Pysek P, Bacher S, Carlton JT, Duncan RP, Jarosik V, Wilson JR, Richardson DM (2011) A proposed unified framework for biological invasions. Trends in Ecology and Evolution 26: 333-339. https://doi.org/10.1016/j.tree.2011.03.023",,Arabian Peninsula | Caucasus | Central Asia | China | Indian Subcontinent | Indo-China | Southeastern Europe | Southwestern Europe | Western Asia,TRUE,FALSE,FALSE,,2025-11-26,Cristina Preda | Laurentiu Rozylowicz,Ioana-Minodora Sirbu
OSROHRGUWJLRDXCQ7A,Fragaria × ananassa (Weston) Rozier,Plantae,Tracheophyta,Magnoliopsida,Rosales,Rosaceae,Fragaria,species,ICN,Romania,RO,present,introduced,casual,horticulture,escapeFromConfinement,,1866,2021,"Anastasiu P, Miu I, Gavrilidis A, Preda C, Rozylowicz L, Sirbu C, Oprea A, Urziceanu M, Camen-Comanescu P, Nagoda E, Memedemin D, Barbos M, Boruz V, Cislariu A, Don I, Fagaras M, Frink J, Georgescu I, Haruta O, Hurdu B-I, Matis A, Milanovici S, Muncaciu S, Neacsu A, Neblea M, Nicolin A, Niculescu M, Oroian S, Pop O, Radutoiu D, Samarghitan M, Simion I, Soare L, Steiu C, Stoianov E, Strat D, Szabo A, Szatmari P, Tanase C, Mirea M, Manta N, Sirbu I (2024) Alien plant species distribution in Romania: a nationwide survey following the implementation of the EU Regulation on Invasive Alien Species. Biodiversity Data Journal 12. https://doi.org/10.3897/BDJ.12.e119539 | Sirbu C, Oprea A (2011) Plante adventive in flora Romaniei. Editura Ion Ionescu de la Brad, Iasi | Schur JF (1866) Enumeratio Plantarum Transsilvaniae. Vindobonae | Blackburn TM, Pysek P, Bacher S, Carlton JT, Duncan RP, Jarosik V, Wilson JRU, Richardson DM (2011) A proposed unified framework for biological invasions. Trends in Ecology and Evolution 26: 333–339. https://doi.org/10.1016/j.tree.2011.03.023 | Plants of the World Online (2026) https://powo.science.kew.org/",,Northwestern U.S.A. | Southwestern U.S.A. | Western Canada,TRUE,FALSE,FALSE,,2025-11-26,Cristina Preda | Laurentiu Rozylowicz,Mihaela Urziceanu
OSRO782S643JEJESF2,Prunus cerasus L.,Plantae,Tracheophyta,Magnoliopsida,Rosales,Rosaceae,Prunus,species,ICN,Romania,RO,present,introduced,casual,escapeFromConfinement,,,1866,2022,"Anastasiu P, Miu I, Gavrilidis A, Preda C, Rozylowicz L, Sirbu C, Oprea A, Urziceanu M, Camen-Comanescu P, Nagoda E, Memedemin D, Barbos M, Boruz V, Cislariu A, Don I, Fagaras M, Frink J, Georgescu I, Haruta O, Hurdu B-I, Matis A, Milanovici S, Muncaciu S, Neacsu A, Neblea M, Nicolin A, Niculescu M, Oroian S, Pop O, Radutoiu D, Samarghitan M, Simion I, Soare L, Steiu C, Stoianov E, Strat D, Szabo A, Szatmari P, Tanase C, Mirea M, Manta N, Sirbu I (2024) Alien plant species distribution in Romania: a nationwide survey following the implementation of the EU Regulation on Invasive Alien Species. Biodiversity Data Journal 12. https://doi.org/10.3897/BDJ.12.e119539 | Sirbu C, Oprea A (2011) Plante adventive in flora Romaniei. Editura Ion Ionescu de la Brad, Iasi, Romania, 734 pp | Blackburn TM, Pysek P, Bacher S, Carlton JT, Duncan RP, Jarosik V, Wilson JR, Richardson DM (2011) A proposed unified framework for biological invasions. Trends in Ecology and Evolution 26: 333-339. https://doi.org/10.1016/j.tree.2011.03.023",,Caucasus,TRUE,FALSE,FALSE,,2025-11-26,Cristina Preda | Laurentiu Rozylowicz,Ioana-Minodora Sirbu
OSRO179BY8PHSNN8QN,Rhus typhina L.,Plantae,Tracheophyta,Magnoliopsida,Sapindales,Anacardiaceae,Rhus,species,ICN,Romania,RO,present,introduced,established,ornamentalNonHorticulture,,,1866,2025,"Anastasiu P, Miu I, Gavrilidis A, Preda C, Rozylowicz L, Sirbu C, Oprea A, Urziceanu M, Camen-Comanescu P, Nagoda E, Memedemin D, Barbos M, Boruz V, Cislariu A, Don I, Fagaras M, Frink J, Georgescu I, Haruta O, Hurdu B-I, Matis A, Milanovici S, Muncaciu S, Neacsu A, Neblea M, Nicolin A, Niculescu M, Oroian S, Pop O, Radutoiu D, Samarghitan M, Simion I, Soare L, Steiu C, Stoianov E, Strat D, Szabo A, Szatmari P, Tanase C, Mirea M, Manta N, Sirbu I (2024) Alien plant species distribution in Romania: a nationwide survey following the implementation of the EU Regulation on Invasive Alien Species. Biodiversity Data Journal 12. https://doi.org/10.3897/BDJ.12.e119539 | Sirbu C, Oprea A (2011) Plante adventive in flora Romaniei. Editura Ion Ionescu de la Brad, Iasi, Romania, 734 pp | https://www.inaturalist.org/observations/308268072 | Blackburn TM, Pysek P, Bacher S, Carlton JT, Duncan RP, Jarosik V, Wilson JR, Richardson DM (2011) A proposed unified framework for biological invasions. Trends in Ecology and Evolution 26: 333-339. https://doi.org/10.1016/j.tree.2011.03.023",,Eastern Canada | North-Central U.S.A. | Northeastern U.S.A. | Southeastern U.S.A.,TRUE,FALSE,FALSE,,2025-11-26,Cristina Preda | Laurentiu Rozylowicz,Ioana-Minodora Sirbu
OSROM8IYZB7MGXPSXW,Capsicum annuum L.,Plantae,Tracheophyta,Magnoliopsida,Solanales,Solanaceae,Capsicum,species,ICN,Romania,RO,present,introduced,casual,escapeFromConfinement,,,1866,2022,"Anastasiu P, Miu I, Gavrilidis A, Preda C, Rozylowicz L, Sirbu C, Oprea A, Urziceanu M, Camen-Comanescu P, Nagoda E, Memedemin D, Barbos M, Boruz V, Cislariu A, Don I, Fagaras M, Frink J, Georgescu I, Haruta O, Hurdu B-I, Matis A, Milanovici S, Muncaciu S, Neacsu A, Neblea M, Nicolin A, Niculescu M, Oroian S, Pop O, Radutoiu D, Samarghitan M, Simion I, Soare L, Steiu C, Stoianov E, Strat D, Szabo A, Szatmari P, Tanase C, Mirea M, Manta N, Sirbu I (2024) Alien plant species distribution in Romania: a nationwide survey following the implementation of the EU Regulation on Invasive Alien Species. Biodiversity Data Journal 12. https://doi.org/10.3897/BDJ.12.e119539 | Sirbu C, Oprea A (2011) Plante adventive in flora Romaniei. Editura Ion Ionescu de la Brad, Iasi, Romania, 734 pp | https://www.inaturalist.org/observations/133578839 | Blackburn TM, Pysek P, Bacher S, Carlton JT, Duncan RP, Jarosik V, Wilson JR, Richardson DM (2011) A proposed unified framework for biological invasions. Trends in Ecology and Evolution 26: 333-339. https://doi.org/10.1016/j.tree.2011.03.023",,Brazil | Caribbean | Central America | Mexico | Northern South America | South-Central U.S.A. | Southeastern U.S.A. | Southwestern U.S.A. | Western South America,TRUE,FALSE,FALSE,,2025-11-26,Cristina Preda | Laurentiu Rozylowicz,Ioana-Minodora Sirbu
OSRONUO4PGR5NBV7DQ,Solanum lycopersicum L.,Plantae,Tracheophyta,Magnoliopsida,Solanales,Solanaceae,Solanum,species,ICN,Romania,RO,present,introduced,casual,ornamentalNonHorticulture,escapeFromConfinement,,1866,2025,"Anastasiu P, Miu I, Gavrilidis A, Preda C, Rozylowicz L, Sirbu C, Oprea A, Urziceanu M, Camen-Comanescu P, Nagoda E, Memedemin D, Barbos M, Boruz V, Cislariu A, Don I, Fagaras M, Frink J, Georgescu I, Haruta O, Hurdu B-I, Matis A, Milanovici S, Muncaciu S, Neacsu A, Neblea M, Nicolin A, Niculescu M, Oroian S, Pop O, Radutoiu D, Samarghitan M, Simion I, Soare L, Steiu C, Stoianov E, Strat D, Szabo A, Szatmari P, Tanase C, Mirea M, Manta N, Sirbu I (2024) Alien plant species distribution in Romania: a nationwide survey following the implementation of the EU Regulation on Invasive Alien Species. Biodiversity Data Journal 12. https://doi.org/10.3897/BDJ.12.e119539 | Sirbu C, Oprea A (2011) Plante adventive in flora Romaniei. Editura Ion Ionescu de la Brad, Iasi, Romania, 734 pp | https://www.inaturalist.org/observations/330700587 | Blackburn TM, Pysek P, Bacher S, Carlton JT, Duncan RP, Jarosik V, Wilson JR, Richardson DM (2011) A proposed unified framework for biological invasions. Trends in Ecology and Evolution 26: 333-339. https://doi.org/10.1016/j.tree.2011.03.023",,Western South America,TRUE,FALSE,FALSE,,2025-11-26,Cristina Preda | Laurentiu Rozylowicz,Ioana-Minodora Sirbu
OSROO3XSCYRQO1QZKG,Solanum tuberosum L.,Plantae,Tracheophyta,Magnoliopsida,Solanales,Solanaceae,Solanum,species,ICN,Romania,RO,present,introduced,casual,escapeFromConfinement,,,1866,2022,"Anastasiu P, Miu I, Gavrilidis A, Preda C, Rozylowicz L, Sirbu C, Oprea A, Urziceanu M, Camen-Comanescu P, Nagoda E, Memedemin D, Barbos M, Boruz V, Cislariu A, Don I, Fagaras M, Frink J, Georgescu I, Haruta O, Hurdu B-I, Matis A, Milanovici S, Muncaciu S, Neacsu A, Neblea M, Nicolin A, Niculescu M, Oroian S, Pop O, Radutoiu D, Samarghitan M, Simion I, Soare L, Steiu C, Stoianov E, Strat D, Szabo A, Szatmari P, Tanase C, Mirea M, Manta N, Sirbu I (2024) Alien plant species distribution in Romania: a nationwide survey following the implementation of the EU Regulation on Invasive Alien Species. Biodiversity Data Journal 12. https://doi.org/10.3897/BDJ.12.e119539 | Sirbu C, Oprea A (2011) Plante adventive in flora Romaniei. Editura Ion Ionescu de la Brad, Iasi, Romania, 734 pp | Blackburn TM, Pysek P, Bacher S, Carlton JT, Duncan RP, Jarosik V, Wilson JR, Richardson DM (2011) A proposed unified framework for biological invasions. Trends in Ecology and Evolution 26: 333-339. https://doi.org/10.1016/j.tree.2011.03.023",,Northern South America | Southern South America | Western South America,TRUE,FALSE,FALSE,,2025-11-26,Cristina Preda | Laurentiu Rozylowicz,Ioana-Minodora Sirbu
OSROWKZ8A2DWE7GYE1,Parthenocissus quinquefolia (L.) Planch.,Plantae,Tracheophyta,Magnoliopsida,Vitales,Vitaceae,Parthenocissus,species,ICN,Romania,RO,present,introduced,invasive,horticulture,contaminantNursery,naturalDispersal,1866,2023,"Anastasiu P, Miu I, Gavrilidis A, Preda C, Rozylowicz L, Sirbu C, Oprea A, Urziceanu M, Camen-Comanescu P, Nagoda E, Memedemin D, Barbos M, Boruz V, Cislariu A, Don I, Fagaras M, Frink J, Georgescu I, Haruta O, Hurdu B-I, Matis A, Milanovici S, Muncaciu S, Neacsu A, Neblea M, Nicolin A, Niculescu M, Oroian S, Pop O, Radutoiu D, Samarghitan M, Simion I, Soare L, Steiu C, Stoianov E, Strat D, Szabo A, Szatmari P, Tanase C, Mirea M, Manta N, Sirbu I (2024) Alien plant species distribution in Romania: a nationwide survey following the implementation of the EU Regulation on Invasive Alien Species. Biodiversity Data Journal 12. https://doi.org/10.3897/BDJ.12.e119539 | Sirbu C, Oprea A (2011) Plante adventive in flora Romaniei. Editura Ion Ionescu de la Brad, Iasi | Schur JF (1866) Enumeratio Plantarum Transsilvaniae. Vindobonae | Raicu M, Urziceanu M, Camen-Comanescu P, Toma F (2025) Spread and stability of ornamental alien plant species on urban and peri-urban riverbanks of Bucharest, Romania. Scientific Papers. Series B. Horticulture 69(1) | Blackburn TM, Pysek P, Bacher S, Carlton JT, Duncan RP, Jarosik V, Wilson JRU, Richardson DM (2011) A proposed unified framework for biological invasions. Trends in Ecology and Evolution 26: 333–339. https://doi.org/10.1016/j.tree.2011.03.023 | Plants of the World Online (2026) https://powo.science.kew.org/",,Caribbean | Central America | Eastern Canada | Mexico | North-Central U.S.A. | Northeastern U.S.A. | South-Central U.S.A. | Southeastern U.S.A. | Western Canada,TRUE,FALSE,FALSE,,2025-11-26,Cristina Preda | Laurentiu Rozylowicz,Mihaela Urziceanu
OSRO5YMEN6EOTXHS9L,Platycladus orientalis (L.) Franco,Plantae,Tracheophyta,Pinopsida,Pinales,Cupressaceae,Platycladus,species,ICN,Romania,RO,present,introduced,casual,horticulture,naturalDispersal,,1866,2025,"Anastasiu P, Miu I, Gavrilidis A, Preda C, Rozylowicz L, Sirbu C, Oprea A, Urziceanu M, Camen-Comanescu P, Nagoda E, Memedemin D, Barbos M, Boruz V, Cislariu A, Don I, Fagaras M, Frink J, Georgescu I, Haruta O, Hurdu B-I, Matis A, Milanovici S, Muncaciu S, Neacsu A, Neblea M, Nicolin A, Niculescu M, Oroian S, Pop O, Radutoiu D, Samarghitan M, Simion I, Soare L, Steiu C, Stoianov E, Strat D, Szabo A, Szatmari P, Tanase C, Mirea M, Manta N, Sirbu I (2024) Alien plant species distribution in Romania: a nationwide survey following the implementation of the EU Regulation on Invasive Alien Species. Biodiversity Data Journal 12. https://doi.org/10.3897/BDJ.12.e119539 | Anastasiu P, Camen-Comanescu P, Sirbu I-M, Urziceanu M (2024) Urban flora: new reports for Bucharest's flora. Acta Horti Botanici Bucurestiensis 50(1): 41-58. https://doi.org/10.62229/ahbb.2024.50/3 | Sirbu C, Oprea A (2011) Plante adventive in flora Romaniei. Editura Ion Ionescu de la Brad, Iasi | Dumitriu-Tataranu I (1960) Arbori si arbusti forestieri si ornamentali cultivati in R.P.R. Editura Agro-Silvica, Bucuresti | Blackburn TM, Pysek P, Bacher S, Carlton JT, Duncan RP, Jarosik V, Wilson JRU, Richardson DM (2011) A proposed unified framework for biological invasions. Trends in Ecology and Evolution 26: 333–339. https://doi.org/10.1016/j.tree.2011.03.023 | Plants of the World Online (2026) https://powo.science.kew.org/",,China | Eastern Asia | Russian Far East,TRUE,FALSE,FALSE,,2025-11-26,Cristina Preda | Laurentiu Rozylowicz,Mihaela Urziceanu
OSROSX6RLI0ERKP90K,Heliotropium curassavicum L.,Plantae,Tracheophyta,Magnoliopsida,Boraginales,Boraginaceae,Heliotropium,species,ICN,Romania,RO,present,introduced,established,transportationHabitatMaterial,containerBulk,naturalDispersal,1867,2022,"Anastasiu P, Miu I, Gavrilidis A, Preda C, Rozylowicz L, Sirbu C, Oprea A, Urziceanu M, Camen-Comanescu P, Nagoda E, Memedemin D, Barbos M, Boruz V, Cislariu A, Don I, Fagaras M, Frink J, Georgescu I, Haruta O, Hurdu B-I, Matis A, Milanovici S, Muncaciu S, Neacsu A, Neblea M, Nicolin A, Niculescu M, Oroian S, Pop O, Radutoiu D, Samarghitan M, Simion I, Soare L, Steiu C, Stoianov E, Strat D, Szabo A, Szatmari P, Tanase C, Mirea M, Manta N, Sirbu I (2024) Alien plant species distribution in Romania: a nationwide survey following the implementation of the EU Regulation on Invasive Alien Species. Biodiversity Data Journal 12. https://doi.org/10.3897/BDJ.12.e119539 | Sirbu C, Oprea A (2011) Plante adventive in flora Romaniei. Editura Ion Ionescu de la Brad, Iasi | Negrean G (2012) Addenda to Flora Romaniae volumes 1-12. Kanitzia 19: 195-233 | Blackburn TM, Pysek P, Bacher S, Carlton JT, Duncan RP, Jarosik V, Wilson JRU, Richardson DM (2011) A proposed unified framework for biological invasions. Trends in Ecology and Evolution 26: 333–339. https://doi.org/10.1016/j.tree.2011.03.023 | Plants of the World Online (2026) https://powo.science.kew.org/",,Australia | Brazil | Caribbean | Central America | Mexico | North-Central Pacific | North-Central U.S.A. | Northeastern U.S.A. | Northern South America | Northwestern U.S.A. | South-Central U.S.A. | Southeastern U.S.A. | Southern South America | Southwestern U.S.A. | Western Canada | Western South America,TRUE,FALSE,FALSE,,2025-11-26,Cristina Preda | Laurentiu Rozylowicz,Mihaela Urziceanu
OSROUCKL040FXW4TILYC39,"Corcyra cephalonica (Stainton, 1866)",Animalia,Arthropoda,Insecta,Lepidoptera,Pyralidae,Corcyra,species,ICZN,Romania,RO,present,introduced,colonising,transportContaminant,transportStowaway,,1872,1872,"Preda C, Adam C, Constantinescu IC, Popa OP, Popa LO, Balcu M-J, Brezeanu AM, Dascalu MM, Draghici A-C, Gavrilescu CF, Gavrilidis AA, Gheoca V, Iorgu EI, Iorgu IS, Krapal AM, Maican S, Manci C-O, Manta N, Manu M, Motoc RM, Niculae IM, Petrescu A-M, Pintilioaie A-M, Popa AF, Radac IA, Rozylowicz L, Ruicanescu A, Sahlean TC, Surugiu V, Serban C, Stefan A, Szekely L, Tausan I, Skolka M (2026) From soil to stream and sea: species richness and distribution of alien invertebrates in Romania. NeoBiota.",,Sub-Saharan Africa | Asia | Central America | Oceania | South America,TRUE,FALSE,FALSE,Poaceae,2025-11-26,Cristina Preda | Laurentiu Rozylowicz,Marius Skolka | Carla F. Gavrilescu
OSROLD0K3FP9QADMMQ,Citrullus lanatus (Thunb.) Matsum. & Nakai,Plantae,Tracheophyta,Magnoliopsida,Cucurbitales,Cucurbitaceae,Citrullus,species,ICN,Romania,RO,present,introduced,casual,agriculture,,,1876,2022,"Anastasiu P, Miu I, Gavrilidis A, Preda C, Rozylowicz L, Sirbu C, Oprea A, Urziceanu M, Camen-Comanescu P, Nagoda E, Memedemin D, Barbos M, Boruz V, Cislariu A, Don I, Fagaras M, Frink J, Georgescu I, Haruta O, Hurdu B-I, Matis A, Milanovici S, Muncaciu S, Neacsu A, Neblea M, Nicolin A, Niculescu M, Oroian S, Pop O, Radutoiu D, Samarghitan M, Simion I, Soare L, Steiu C, Stoianov E, Strat D, Szabo A, Szatmari P, Tanase C, Mirea M, Manta N, Sirbu I (2024) Alien plant species distribution in Romania: a nationwide survey following the implementation of the EU Regulation on Invasive Alien Species. Biodiversity Data Journal 12. https://doi.org/10.3897/BDJ.12.e119539 | Anastasiu P, Sarbu I, Negrean G (2009) Verbesina encelioides-A new alien plant in Romania. Annals of the University of Craiova-Agriculture, Montanology, Cadastre Series, 39(2), 15-18",,Northeast Tropical Africa | Northern Africa,TRUE,FALSE,FALSE,,2025-11-26,Cristina Preda | Laurentiu Rozylowicz,Daniyar Memedemin
OSROP6UQC9MM6KW3RJ,Malus domestica (Suckow) Borkh.,Plantae,Tracheophyta,Magnoliopsida,Rosales,Rosaceae,Malus,species,ICN,Romania,RO,present,introduced,casual,escapeFromConfinement,,,1876,2025,"Anastasiu P, Miu I, Gavrilidis A, Preda C, Rozylowicz L, Sirbu C, Oprea A, Urziceanu M, Camen-Comanescu P, Nagoda E, Memedemin D, Barbos M, Boruz V, Cislariu A, Don I, Fagaras M, Frink J, Georgescu I, Haruta O, Hurdu B-I, Matis A, Milanovici S, Muncaciu S, Neacsu A, Neblea M, Nicolin A, Niculescu M, Oroian S, Pop O, Radutoiu D, Samarghitan M, Simion I, Soare L, Steiu C, Stoianov E, Strat D, Szabo A, Szatmari P, Tanase C, Mirea M, Manta N, Sirbu I (2024) Alien plant species distribution in Romania: a nationwide survey following the implementation of the EU Regulation on Invasive Alien Species. Biodiversity Data Journal 12. https://doi.org/10.3897/BDJ.12.e119539 | Sirbu C, Oprea A (2011) Plante adventive in flora Romaniei. Editura Ion Ionescu de la Brad, Iasi, Romania, 734 pp | https://www.inaturalist.org/observations/323016809 | Blackburn TM, Pysek P, Bacher S, Carlton JT, Duncan RP, Jarosik V, Wilson JR, Richardson DM (2011) A proposed unified framework for biological invasions. Trends in Ecology and Evolution 26: 333-339. https://doi.org/10.1016/j.tree.2011.03.023",,Central Asia | China | Indian Subcontinent | Western Asia,TRUE,FALSE,FALSE,,2025-11-26,Cristina Preda | Laurentiu Rozylowicz,Ioana-Minodora Sirbu
OSROQYN0RBJCBO4ERT,Calibrachoa parviflora (Juss.) D'Arcy,Plantae,Tracheophyta,Magnoliopsida,Solanales,Solanaceae,Calibrachoa,species,ICN,Romania,RO,present,introduced,established,transportContaminant,,,1876,2022,"Anastasiu P, Miu I, Gavrilidis A, Preda C, Rozylowicz L, Sirbu C, Oprea A, Urziceanu M, Camen-Comanescu P, Nagoda E, Memedemin D, Barbos M, Boruz V, Cislariu A, Don I, Fagaras M, Frink J, Georgescu I, Haruta O, Hurdu B-I, Matis A, Milanovici S, Muncaciu S, Neacsu A, Neblea M, Nicolin A, Niculescu M, Oroian S, Pop O, Radutoiu D, Samarghitan M, Simion I, Soare L, Steiu C, Stoianov E, Strat D, Szabo A, Szatmari P, Tanase C, Mirea M, Manta N, Sirbu I (2024) Alien plant species distribution in Romania: a nationwide survey following the implementation of the EU Regulation on Invasive Alien Species. Biodiversity Data Journal 12. https://doi.org/10.3897/BDJ.12.e119539 | Sirbu C, Oprea A (2011) Plante adventive in flora Romaniei. Editura Ion Ionescu de la Brad, Iasi, Romania, 734 pp | Blackburn TM, Pysek P, Bacher S, Carlton JT, Duncan RP, Jarosik V, Wilson JR, Richardson DM (2011) A proposed unified framework for biological invasions. Trends in Ecology and Evolution 26: 333-339. https://doi.org/10.1016/j.tree.2011.03.023",,Brazil | Southern South America,TRUE,FALSE,FALSE,,2025-11-26,Cristina Preda | Laurentiu Rozylowicz,Ioana-Minodora Sirbu
OSROUCKLM5ZRQ0U8NZPGGA,"Attagenus unicolor japonicus Reitter, 1877",Animalia,Arthropoda,Insecta,Coleoptera,Dermestidae,Attagenus,subspecies,ICZN,Romania,RO,present,introduced,colonising,transportStowaway,naturalDispersal,,1877,1908,"Preda C, Adam C, Constantinescu IC, Popa OP, Popa LO, Balcu M-J, Brezeanu AM, Dascalu MM, Draghici A-C, Gavrilescu CF, Gavrilidis AA, Gheoca V, Iorgu EI, Iorgu IS, Krapal AM, Maican S, Manci C-O, Manta N, Manu M, Motoc RM, Niculae IM, Petrescu A-M, Pintilioaie A-M, Popa AF, Radac IA, Rozylowicz L, Ruicanescu A, Sahlean TC, Surugiu V, Serban C, Stefan A, Szekely L, Tausan I, Skolka M (2026) From soil to stream and sea: species richness and distribution of alien invertebrates in Romania. NeoBiota. | Adam C, Constantinescu IC, Draghici AC, Fusu L, Fusu MM, Gheoca V, Iorgu IS, Irimia AG, Maican S, Manci CO, Manu M, Mitroiu MD, Olosutean HG, Perju M, Petrescu AM, Pintilioaie AM, Popa AF, Popescu IE, Popovici OA, Prunar FV, Radac IA, Sahlean TC, Sitar C, Stanciu CR, Szekely L, Tausan I, Tomozii IB, Torok SC, Zaharia LG (2022) Raport final privind distributia speciilor de nevertebrate terestre alogene din hot-spot-uri si caile prioritare de patrundere (an 3 cartare). Raport intocmit in cadrul Proiectului POIM2014+120008 - Managementul adecvat al speciilor invazive din Romania, in conformitate cu Regulamentul UE 1143/2014 referitor la prevenirea si gestionarea introducerii si raspandirii speciilor alogene invazive. Ministerul Mediului, Apelor si Padurilor & Universitatea din Bucuresti, Bucuresti.",,Eastern Asia,TRUE,FALSE,FALSE,Animalia,2025-11-26,Cristina Preda | Laurentiu Rozylowicz,Marius Skolka | Carla F. Gavrilescu
OSROUCKLYUU9Z0CG4UH87O,"Aphis (Aphis) gossypii Glover, 1877",Animalia,Arthropoda,Insecta,Hemiptera,Aphididae,Aphis,species,ICZN,Romania,RO,doubtful,uncertain,established,transportContaminant,parasitesOnPlants,naturalDispersal,1877,2018,Teodorescu I (2018) Contribution to database of alien/invasive Homoptera insects in Romania. Romanian Journal of Biology - Zoology 63(1-2): 29-68.,,Asia | Africa (Old World tropics),TRUE,FALSE,FALSE,Gossypium,2026-03-17,Cristina Preda | Laurentiu Rozylowicz,Marius Skolka | Carla F. Gavrilescu
OSRO9YYMFF6DF9JOP8,Silene pendula L.,Plantae,Tracheophyta,Magnoliopsida,Caryophyllales,Caryophyllaceae,Silene,species,ICN,Romania,RO,present,introduced,casual,ornamentalNonHorticulture,,,1877,2020,"Anastasiu P, Miu I, Gavrilidis A, Preda C, Rozylowicz L, Sirbu C, Oprea A, Urziceanu M, Camen-Comanescu P, Nagoda E, Memedemin D, Barbos M, Boruz V, Cislariu A, Don I, Fagaras M, Frink J, Georgescu I, Haruta O, Hurdu B-I, Matis A, Milanovici S, Muncaciu S, Neacsu A, Neblea M, Nicolin A, Niculescu M, Oroian S, Pop O, Radutoiu D, Samarghitan M, Simion I, Soare L, Steiu C, Stoianov E, Strat D, Szabo A, Szatmari P, Tanase C, Mirea M, Manta N, Sirbu I (2024) Alien plant species distribution in Romania: a nationwide survey following the implementation of the EU Regulation on Invasive Alien Species. Biodiversity Data Journal 12. https://doi.org/10.3897/BDJ.12.e119539 | Anastasiu P, Sarbu I, Negrean G (2009) Verbesina encelioides-A new alien plant in Romania. Annals of the University of Craiova-Agriculture, Montanology, Cadastre Series, 39(2), 15-18",,Southeastern Europe | Western Asia,TRUE,FALSE,FALSE,,2025-11-26,Cristina Preda | Laurentiu Rozylowicz,Daniyar Memedemin
OSROUCKLQZTCUQ4AH9NW9I,Amaranthus caudatus L.,Plantae,Tracheophyta,Magnoliopsida,Caryophyllales,Amaranthaceae,Amaranthus,species,ICN,Romania,RO,present,introduced,casual,seedContaminant,ornamentalNonHorticulture,,1878,2022,"Anastasiu P, Miu I, Gavrilidis A, Preda C, Rozylowicz L, Sirbu C, Oprea A, Urziceanu M, Camen-Comanescu P, Nagoda E, Memedemin D, Barbos M, Boruz V, Cislariu A, Don I, Fagaras M, Frink J, Georgescu I, Haruta O, Hurdu B-I, Matis A, Milanovici S, Muncaciu S, Neacsu A, Neblea M, Nicolin A, Niculescu M, Oroian S, Pop O, Radutoiu D, Samarghitan M, Simion I, Soare L, Steiu C, Stoianov E, Strat D, Szabo A, Szatmari P, Tanase C, Mirea M, Manta N, Sirbu I (2024) Alien plant species distribution in Romania: a nationwide survey following the implementation of the EU Regulation on Invasive Alien Species. Biodiversity Data Journal 12. https://doi.org/10.3897/BDJ.12.e119539 | Verma NJKC (2020) A review on nutrition value of Amaranth (Amaranthus caudatus L.): The crop of future. Journal of Pharmacognosy and Phytochemistry, 9(4), 317-319 | Anastasiu P, Sarbu I, Negrean G (2009) Verbesina encelioides-A new alien plant in Romania. Annals of the University of Craiova-Agriculture, Montanology, Cadastre Series, 39(2), 15-18",,Southern South America | Western South America,TRUE,FALSE,FALSE,,2025-11-26,Cristina Preda | Laurentiu Rozylowicz,Daniyar Memedemin
OSRO1YE47FWGDKURU9,Mentha spicata L.,Plantae,Tracheophyta,Magnoliopsida,Lamiales,Lamiaceae,Mentha,species,ICN,Romania,RO,present,introduced,established,horticulture,OtherEscape,,1878,2022,"Pop E (1930a) Cei dintai culegatori ai numelor romanesti de plante. Tara Barsei 2(2): 164-174, 2(3): 234-244 | Pop E (1930b) Cei dintai culegatori ai numelor romanesti de plante. Tara Barsei 2(2): 164-174, 2(3): 234-244",,Caucasus | Central Asia | China | Eastern Europe | Indian Subcontinent | Middle Europe | Northern Africa | Northern Europe | Southeastern Europe | Southwestern Europe | Western Asia,TRUE,FALSE,FALSE,,2025-11-26,Cristina Preda | Laurentiu Rozylowicz,Culita Sirbu
OSROBTZNK7THS887YB,Cydonia oblonga Mill.,Plantae,Tracheophyta,Magnoliopsida,Rosales,Rosaceae,Cydonia,species,ICN,Romania,RO,present,introduced,established,escapeFromConfinement,,,1879,2025,"Anastasiu P, Miu I, Gavrilidis A, Preda C, Rozylowicz L, Sirbu C, Oprea A, Urziceanu M, Camen-Comanescu P, Nagoda E, Memedemin D, Barbos M, Boruz V, Cislariu A, Don I, Fagaras M, Frink J, Georgescu I, Haruta O, Hurdu B-I, Matis A, Milanovici S, Muncaciu S, Neacsu A, Neblea M, Nicolin A, Niculescu M, Oroian S, Pop O, Radutoiu D, Samarghitan M, Simion I, Soare L, Steiu C, Stoianov E, Strat D, Szabo A, Szatmari P, Tanase C, Mirea M, Manta N, Sirbu I (2024) Alien plant species distribution in Romania: a nationwide survey following the implementation of the EU Regulation on Invasive Alien Species. Biodiversity Data Journal 12. https://doi.org/10.3897/BDJ.12.e119539 | Sirbu C, Oprea A (2011) Plante adventive in flora Romaniei. Editura Ion Ionescu de la Brad, Iasi, Romania, 734 pp | https://www.inaturalist.org/observations/296483595 | Blackburn TM, Pysek P, Bacher S, Carlton JT, Duncan RP, Jarosik V, Wilson JR, Richardson DM (2011) A proposed unified framework for biological invasions. Trends in Ecology and Evolution 26: 333-339. https://doi.org/10.1016/j.tree.2011.03.023",,Caucasus | Central Asia | Western Asia,TRUE,FALSE,FALSE,,2025-11-26,Cristina Preda | Laurentiu Rozylowicz,Ioana-Minodora Sirbu
OSROUCKL4J6RQJKFBQ7NPZ,"Ptinus fur (Linnaeus, 1758)",Animalia,Arthropoda,Insecta,Coleoptera,Ptinidae,Ptinus,species,ICZN,Romania,RO,present,introduced,colonising,transportContaminant,naturalDispersal,,1880,2022,"Preda C, Adam C, Constantinescu IC, Popa OP, Popa LO, Balcu M-J, Brezeanu AM, Dascalu MM, Draghici A-C, Gavrilescu CF, Gavrilidis AA, Gheoca V, Iorgu EI, Iorgu IS, Krapal AM, Maican S, Manci C-O, Manta N, Manu M, Motoc RM, Niculae IM, Petrescu A-M, Pintilioaie A-M, Popa AF, Radac IA, Rozylowicz L, Ruicanescu A, Sahlean TC, Surugiu V, Serban C, Stefan A, Szekely L, Tausan I, Skolka M (2026) From soil to stream and sea: species richness and distribution of alien invertebrates in Romania. NeoBiota. | Adam C, Constantinescu IC, Draghici AC, Fusu L, Fusu MM, Gheoca V, Iorgu IS, Irimia AG, Maican S, Manci CO, Manu M, Mitroiu MD, Olosutean HG, Perju M, Petrescu AM, Pintilioaie AM, Popa AF, Popescu IE, Popovici OA, Prunar FV, Radac IA, Sahlean TC, Sitar C, Stanciu CR, Szekely L, Tausan I, Tomozii IB, Torok SC, Zaharia LG (2022) Raport final privind distributia speciilor de nevertebrate terestre alogene din hot-spot-uri si caile prioritare de patrundere (an 3 cartare). Raport intocmit in cadrul Proiectului POIM2014+120008 - Managementul adecvat al speciilor invazive din Romania, in conformitate cu Regulamentul UE 1143/2014 referitor la prevenirea si gestionarea introducerii si raspandirii speciilor alogene invazive. Ministerul Mediului, Apelor si Padurilor & Universitatea din Bucuresti, Bucuresti.",,Cryptogenic,TRUE,FALSE,FALSE,Plantae,2025-11-26,Cristina Preda | Laurentiu Rozylowicz,Marius Skolka | Carla F. Gavrilescu
OSROOOBLRV0QWAN1F5,Clematis viticella L.,Plantae,Tracheophyta,Magnoliopsida,Ranunculales,Ranunculaceae,Clematis,species,ICN,Romania,RO,present,introduced,casual,ornamentalNonHorticulture,,,1880,2020,"Anastasiu P, Miu I, Gavrilidis A, Preda C, Rozylowicz L, Sirbu C, Oprea A, Urziceanu M, Camen-Comanescu P, Nagoda E, Memedemin D, Barbos M, Boruz V, Cislariu A, Don I, Fagaras M, Frink J, Georgescu I, Haruta O, Hurdu B-I, Matis A, Milanovici S, Muncaciu S, Neacsu A, Neblea M, Nicolin A, Niculescu M, Oroian S, Pop O, Radutoiu D, Samarghitan M, Simion I, Soare L, Steiu C, Stoianov E, Strat D, Szabo A, Szatmari P, Tanase C, Mirea M, Manta N, Sirbu I (2024) Alien plant species distribution in Romania: a nationwide survey following the implementation of the EU Regulation on Invasive Alien Species. Biodiversity Data Journal 12. https://doi.org/10.3897/BDJ.12.e119539 | Sirbu C, Oprea A (2011) Plante adventive in flora Romaniei. Editura Ion Ionescu de la Brad, Iasi, Romania, 734 pp | Blackburn TM, Pysek P, Bacher S, Carlton JT, Duncan RP, Jarosik V, Wilson JR, Richardson DM (2011) A proposed unified framework for biological invasions. Trends in Ecology and Evolution 26: 333-339. https://doi.org/10.1016/j.tree.2011.03.023",,Caucasus | Southeastern Europe | Western Asia,TRUE,FALSE,FALSE,,2025-11-26,Cristina Preda | Laurentiu Rozylowicz,Ioana-Minodora Sirbu
OSRO4HM8B4Q9KKF126,Impatiens glandulifera Royle,Plantae,Tracheophyta,Magnoliopsida,Ericales,Balsaminaceae,Impatiens,species,ICN,Romania,RO,present,introduced,invasive,ornamentalNonHorticulture,,,1882,2022,"Anastasiu P, Miu I, Gavrilidis A, Preda C, Rozylowicz L, Sirbu C, Oprea A, Urziceanu M, Camen-Comanescu P, Nagoda E, Memedemin D, Barbos M, Boruz V, Cislariu A, Don I, Fagaras M, Frink J, Georgescu I, Haruta O, Hurdu B-I, Matis A, Milanovici S, Muncaciu S, Neacsu A, Neblea M, Nicolin A, Niculescu M, Oroian S, Pop O, Radutoiu D, Samarghitan M, Simion I, Soare L, Steiu C, Stoianov E, Strat D, Szabo A, Szatmari P, Tanase C, Mirea M, Manta N, Sirbu I (2024) Alien plant species distribution in Romania: a nationwide survey following the implementation of the EU Regulation on Invasive Alien Species. Biodiversity Data Journal 12. https://doi.org/10.3897/BDJ.12.e119539",species of Union Concern (Regulation 1143/2014),Indian Subcontinent,TRUE,FALSE,FALSE,,2025-11-26,Cristina Preda | Laurentiu Rozylowicz,Culita Sirbu
OSROUCKLOWFFN70M7QCLS8,"Daktulosphaira vitifoliae (Fitch, 1855)",Animalia,Arthropoda,Insecta,Hemiptera,Phylloxeridae,Daktulosphaira,species,ICZN,Romania,RO,present,introduced,colonising,transportStowaway,parasitesOnPlants,naturalDispersal,1884,2022,"Adam C, Constantinescu IC, Draghici AC, Fusu L, Fusu MM, Gheoca V, Iorgu IS, Irimia AG, Maican S, Manci CO, Manu M, Mitroiu MD, Olosutean HG, Perju M, Petrescu AM, Pintilioaie AM, Popa AF, Popescu IE, Popovici OA, Prunar FV, Radac IA, Sahlean TC, Sitar C, Stanciu CR, Szekely L, Tausan I, Tomozii IB, Torok SC, Zaharia LG (2022) Raport final privind distributia speciilor de nevertebrate terestre alogene din hot-spot-uri si caile prioritare de patrundere (an 3 cartare). Raport intocmit in cadrul Proiectului POIM2014+120008 - Managementul adecvat al speciilor invazive din Romania, in conformitate cu Regulamentul UE 1143/2014 referitor la prevenirea si gestionarea introducerii si raspandirii speciilor alogene invazive. Ministerul Mediului, Apelor si Padurilor & Universitatea din Bucuresti, Bucuresti.",,Northern America (E),TRUE,FALSE,FALSE,Vitis,2025-11-26,Cristina Preda | Laurentiu Rozylowicz,Marius Skolka
OSROH7K0J6OIVU9ML8,Xanthium orientale var. italicum (Moretti) M.Hassl.,Plantae,Tracheophyta,Magnoliopsida,Asterales,Asteraceae,Xanthium,variety,ICN,Romania,RO,present,introduced,invasive,agriculture,transportContaminant,naturalDispersal,1884,2025,"Anastasiu P, Miu I, Gavrilidis A, Preda C, Rozylowicz L, Sirbu C, Oprea A, Urziceanu M, Camen-Comanescu P, Nagoda E, Memedemin D, Barbos M, Boruz V, Cislariu A, Don I, Fagaras M, Frink J, Georgescu I, Haruta O, Hurdu B-I, Matis A, Milanovici S, Muncaciu S, Neacsu A, Neblea M, Nicolin A, Niculescu M, Oroian S, Pop O, Radutoiu D, Samarghitan M, Simion I, Soare L, Steiu C, Stoianov E, Strat D, Szabo A, Szatmari P, Tanase C, Mirea M, Manta N, Sirbu I (2024) Alien plant species distribution in Romania: a nationwide survey following the implementation of the EU Regulation on Invasive Alien Species. Biodiversity Data Journal 12. https://doi.org/10.3897/BDJ.12.e119539 | Anastasiu P, Camen-Comanescu P, Sirbu I-M, Urziceanu M (2024) Urban flora: new reports for Bucharest's flora. Acta Horti Botanici Bucurestiensis 50(1): 41-58. https://doi.org/10.62229/ahbb.2024.50/3 | Sirbu C, Oprea A (2011) Plante adventive in flora Romaniei. Editura Ion Ionescu de la Brad, Iasi | Grigore St (1987) Aspecte florodinamice din Campia Timisului. Lucrari Stiintifice Inst. Agr. Timisoara 22: 61-69 | Blackburn TM, Pysek P, Bacher S, Carlton JT, Duncan RP, Jarosik V, Wilson JRU, Richardson DM (2011) A proposed unified framework for biological invasions. Trends in Ecology and Evolution 26: 333–339. https://doi.org/10.1016/j.tree.2011.03.023 | Plants of the World Online (2026) https://powo.science.kew.org/","Taxon rank changed from subspecies to variety | Data first observation completed (1987, Grigore 1987) | data last observation updated (2025) | data mainly refer to Xanthium orientale L. subsp. orientale; uncertainty regarding correspondence with variety rank (requires clarification)",Brazil | Eastern Canada | Mexico | North-Central U.S.A. | Northeastern U.S.A. | Northwestern U.S.A. | South-Central U.S.A. | Southeastern U.S.A. | Southern South America | Southwestern U.S.A. | Subarctic America | Western Canada | Western South America,TRUE,FALSE,FALSE,,2025-11-26,Cristina Preda | Laurentiu Rozylowicz,Mihaela Urziceanu
OSROUCKLOE8AKAD3W775X2,"Oncorhynchus mykiss (Walbaum, 1792)",Animalia,Chordata,Actinopterygii,Salmoniformes,Salmonidae,Oncorhynchus,species,ICZN,Romania,RO,present,introduced,invasive,aquacultureMariculture,fisheryInTheWild,releasedForUse,1885,2025,"Cogalniceanu D, Cobzaru I, Dragan O, Fanaru G, Iftime A, Stanescu F, Telea E, Topliceanu S, Ureche D, Chisamera G, Petrescu A, Iftime O (2021) Raport tehnic privind sursele bibliografice referitoare la speciile de vertebrate terestre alogene invazive si potential invazive. Zenodo. https://doi.org/10.5281/zenodo.5593956 | Iftime A, Iftime O (2021) Alien fish, amphibian and reptile species in Romania and their invasive status: a review with new data. Travaux du Museum National d'Histoire Naturelle ""Grigore Antipa"" 64: 131-186. https://doi.org/10.3897/travaux.64.e67558 | Dragan O, Rozylowicz L, Ureche D, Falka I, Cogalniceanu D (2024) Invasive fish species in Romanian freshwater. A review of over 100 years of occurrence reports. NeoBiota 94: 15-30. https://doi.org/10.3897/neobiota.94.117313 | https://www.inaturalist.org/observations/323439736",,Northern America | North Asia,FALSE,FALSE,TRUE,,2025-11-26,Cristina Preda | Laurentiu Rozylowicz,Florina Stanescu
OSROUCKLLT175MZE6QAQ6G,"Alocentron curvirostre (Gyllenhal, 1833)",Animalia,Arthropoda,Insecta,Coleoptera,Brentidae,Alocentron,species,ICZN,Romania,RO,present,introduced,colonising,transportContaminant,naturalDispersal,,1887,2022,"Preda C, Adam C, Constantinescu IC, Popa OP, Popa LO, Balcu M-J, Brezeanu AM, Dascalu MM, Draghici A-C, Gavrilescu CF, Gavrilidis AA, Gheoca V, Iorgu EI, Iorgu IS, Krapal AM, Maican S, Manci C-O, Manta N, Manu M, Motoc RM, Niculae IM, Petrescu A-M, Pintilioaie A-M, Popa AF, Radac IA, Rozylowicz L, Ruicanescu A, Sahlean TC, Surugiu V, Serban C, Stefan A, Szekely L, Tausan I, Skolka M (2026) From soil to stream and sea: species richness and distribution of alien invertebrates in Romania. NeoBiota. | Adam C, Constantinescu IC, Draghici AC, Fusu L, Fusu MM, Gheoca V, Iorgu IS, Irimia AG, Maican S, Manci CO, Manu M, Mitroiu MD, Olosutean HG, Perju M, Petrescu AM, Pintilioaie AM, Popa AF, Popescu IE, Popovici OA, Prunar FV, Radac IA, Sahlean TC, Sitar C, Stanciu CR, Szekely L, Tausan I, Tomozii IB, Torok SC, Zaharia LG (2022) Raport final privind distributia speciilor de nevertebrate terestre alogene din hot-spot-uri si caile prioritare de patrundere (an 3 cartare). Raport intocmit in cadrul Proiectului POIM2014+120008 - Managementul adecvat al speciilor invazive din Romania, in conformitate cu Regulamentul UE 1143/2014 referitor la prevenirea si gestionarea introducerii si raspandirii speciilor alogene invazive. Ministerul Mediului, Apelor si Padurilor & Universitatea din Bucuresti, Bucuresti. | Sauvard D, Branco M, Lakatos F, Faccoli M, Kirkendall L (2010) Weevils and Bark Beetles (Coleoptera, Curculionoidea). Chapter 8.2. BioRisk 4: 219-266. https://doi.org/10.3897/biorisk.4.64",,Asia,TRUE,FALSE,FALSE,Juglans,2025-11-26,Cristina Preda | Laurentiu Rozylowicz,Marius Skolka | Carla F. Gavrilescu
OSROUCKL1O4WXW7Y0OE15G,"Aspidapion validum (Germar, 1817)",Animalia,Arthropoda,Insecta,Coleoptera,Brentidae,Aspidapion,species,ICZN,Romania,RO,present,introduced,colonising,transportContaminant,naturalDispersal,,1887,2022,"Preda C, Adam C, Constantinescu IC, Popa OP, Popa LO, Balcu M-J, Brezeanu AM, Dascalu MM, Draghici A-C, Gavrilescu CF, Gavrilidis AA, Gheoca V, Iorgu EI, Iorgu IS, Krapal AM, Maican S, Manci C-O, Manta N, Manu M, Motoc RM, Niculae IM, Petrescu A-M, Pintilioaie A-M, Popa AF, Radac IA, Rozylowicz L, Ruicanescu A, Sahlean TC, Surugiu V, Serban C, Stefan A, Szekely L, Tausan I, Skolka M (2026) From soil to stream and sea: species richness and distribution of alien invertebrates in Romania. NeoBiota. | Adam C, Constantinescu IC, Draghici AC, Fusu L, Fusu MM, Gheoca V, Iorgu IS, Irimia AG, Maican S, Manci CO, Manu M, Mitroiu MD, Olosutean HG, Perju M, Petrescu AM, Pintilioaie AM, Popa AF, Popescu IE, Popovici OA, Prunar FV, Radac IA, Sahlean TC, Sitar C, Stanciu CR, Szekely L, Tausan I, Tomozii IB, Torok SC, Zaharia LG (2022) Raport final privind distributia speciilor de nevertebrate terestre alogene din hot-spot-uri si caile prioritare de patrundere (an 3 cartare). Raport intocmit in cadrul Proiectului POIM2014+120008 - Managementul adecvat al speciilor invazive din Romania, in conformitate cu Regulamentul UE 1143/2014 referitor la prevenirea si gestionarea introducerii si raspandirii speciilor alogene invazive. Ministerul Mediului, Apelor si Padurilor & Universitatea din Bucuresti, Bucuresti. | Sauvard D, Branco M, Lakatos F, Faccoli M, Kirkendall L (2010) Weevils and Bark Beetles (Coleoptera, Curculionoidea). Chapter 8.2. BioRisk 4: 219-266. https://doi.org/10.3897/biorisk.4.64",,Asia,TRUE,FALSE,FALSE,Malva,2025-11-26,Cristina Preda | Laurentiu Rozylowicz,Marius Skolka | Carla F. Gavrilescu
OSROUCKLO3KGA0SIAW24RF,"Rhopalapion longirostre (Olivier, 1807)",Animalia,Arthropoda,Insecta,Coleoptera,Brentidae,Rhopalapion,species,ICZN,Romania,RO,present,introduced,colonising,transportContaminant,naturalDispersal,,1887,2022,"Preda C, Adam C, Constantinescu IC, Popa OP, Popa LO, Balcu M-J, Brezeanu AM, Dascalu MM, Draghici A-C, Gavrilescu CF, Gavrilidis AA, Gheoca V, Iorgu EI, Iorgu IS, Krapal AM, Maican S, Manci C-O, Manta N, Manu M, Motoc RM, Niculae IM, Petrescu A-M, Pintilioaie A-M, Popa AF, Radac IA, Rozylowicz L, Ruicanescu A, Sahlean TC, Surugiu V, Serban C, Stefan A, Szekely L, Tausan I, Skolka M (2026) From soil to stream and sea: species richness and distribution of alien invertebrates in Romania. NeoBiota. | Adam C, Constantinescu IC, Draghici AC, Fusu L, Fusu MM, Gheoca V, Iorgu IS, Irimia AG, Maican S, Manci CO, Manu M, Mitroiu MD, Olosutean HG, Perju M, Petrescu AM, Pintilioaie AM, Popa AF, Popescu IE, Popovici OA, Prunar FV, Radac IA, Sahlean TC, Sitar C, Stanciu CR, Szekely L, Tausan I, Tomozii IB, Torok SC, Zaharia LG (2022) Raport final privind distributia speciilor de nevertebrate terestre alogene din hot-spot-uri si caile prioritare de patrundere (an 3 cartare). Raport intocmit in cadrul Proiectului POIM2014+120008 - Managementul adecvat al speciilor invazive din Romania, in conformitate cu Regulamentul UE 1143/2014 referitor la prevenirea si gestionarea introducerii si raspandirii speciilor alogene invazive. Ministerul Mediului, Apelor si Padurilor & Universitatea din Bucuresti, Bucuresti. | Sauvard D, Branco M, Lakatos F, Faccoli M, Kirkendall L (2010) Weevils and Bark Beetles (Coleoptera, Curculionoidea). Chapter 8.2. BioRisk 4: 219-266. https://doi.org/10.3897/biorisk.4.64",,Asia,TRUE,FALSE,FALSE,Althaea | Alcea,2025-11-26,Cristina Preda | Laurentiu Rozylowicz,Marius Skolka | Carla F. Gavrilescu
OSROUCKLDG0G9Q6YSY9J0Q,"Sitophilus oryzae Hustache, A., 1930",Animalia,Arthropoda,Insecta,Coleoptera,Curculionidae,Sitophilus,species,ICZN,Romania,RO,present,introduced,colonising,transportContaminant,naturalDispersal,,1887,2022,"Preda C, Adam C, Constantinescu IC, Popa OP, Popa LO, Balcu M-J, Brezeanu AM, Dascalu MM, Draghici A-C, Gavrilescu CF, Gavrilidis AA, Gheoca V, Iorgu EI, Iorgu IS, Krapal AM, Maican S, Manci C-O, Manta N, Manu M, Motoc RM, Niculae IM, Petrescu A-M, Pintilioaie A-M, Popa AF, Radac IA, Rozylowicz L, Ruicanescu A, Sahlean TC, Surugiu V, Serban C, Stefan A, Szekely L, Tausan I, Skolka M (2026) From soil to stream and sea: species richness and distribution of alien invertebrates in Romania. NeoBiota. | Adam C, Constantinescu IC, Draghici AC, Fusu L, Fusu MM, Gheoca V, Iorgu IS, Irimia AG, Maican S, Manci CO, Manu M, Mitroiu MD, Olosutean HG, Perju M, Petrescu AM, Pintilioaie AM, Popa AF, Popescu IE, Popovici OA, Prunar FV, Radac IA, Sahlean TC, Sitar C, Stanciu CR, Szekely L, Tausan I, Tomozii IB, Torok SC, Zaharia LG (2022) Raport final privind distributia speciilor de nevertebrate terestre alogene din hot-spot-uri si caile prioritare de patrundere (an 3 cartare). Raport intocmit in cadrul Proiectului POIM2014+120008 - Managementul adecvat al speciilor invazive din Romania, in conformitate cu Regulamentul UE 1143/2014 referitor la prevenirea si gestionarea introducerii si raspandirii speciilor alogene invazive. Ministerul Mediului, Apelor si Padurilor & Universitatea din Bucuresti, Bucuresti.",,Sub-Saharan Africa | Southern Asia,TRUE,FALSE,FALSE,Poaceae,2025-11-26,Cristina Preda | Laurentiu Rozylowicz,Marius Skolka | Carla F. Gavrilescu
OSROUCKLYI87NH2C7749RV,"Gibbium psylloides (Czenpinski, 1778)",Animalia,Arthropoda,Insecta,Coleoptera,Ptinidae,Gibbium,species,ICZN,Romania,RO,present,introduced,colonising,transportContaminant,naturalDispersal,,1887,2016,"Preda C, Adam C, Constantinescu IC, Popa OP, Popa LO, Balcu M-J, Brezeanu AM, Dascalu MM, Draghici A-C, Gavrilescu CF, Gavrilidis AA, Gheoca V, Iorgu EI, Iorgu IS, Krapal AM, Maican S, Manci C-O, Manta N, Manu M, Motoc RM, Niculae IM, Petrescu A-M, Pintilioaie A-M, Popa AF, Radac IA, Rozylowicz L, Ruicanescu A, Sahlean TC, Surugiu V, Serban C, Stefan A, Szekely L, Tausan I, Skolka M (2026) From soil to stream and sea: species richness and distribution of alien invertebrates in Romania. NeoBiota. | Adam C, Constantinescu IC, Draghici AC, Fusu L, Fusu MM, Gheoca V, Iorgu IS, Irimia AG, Maican S, Manci CO, Manu M, Mitroiu MD, Olosutean HG, Perju M, Petrescu AM, Pintilioaie AM, Popa AF, Popescu IE, Popovici OA, Prunar FV, Radac IA, Sahlean TC, Sitar C, Stanciu CR, Szekely L, Tausan I, Tomozii IB, Torok SC, Zaharia LG (2022) Raport final privind distributia speciilor de nevertebrate terestre alogene din hot-spot-uri si caile prioritare de patrundere (an 3 cartare). Raport intocmit in cadrul Proiectului POIM2014+120008 - Managementul adecvat al speciilor invazive din Romania, in conformitate cu Regulamentul UE 1143/2014 referitor la prevenirea si gestionarea introducerii si raspandirii speciilor alogene invazive. Ministerul Mediului, Apelor si Padurilor & Universitatea din Bucuresti, Bucuresti. | Denux O, Zagatti P (2010) Coleoptera families other than Cerambycidae, Curculionidae sensu lato, Chrysomelidae sensu lato and Coccinelidae. Chapter 8.5. BioRisk 4: 315-406. https://doi.org/10.3897/biorisk.4.61",,Cryptogenic,TRUE,FALSE,FALSE,Plantae,2025-11-26,Cristina Preda | Laurentiu Rozylowicz,Marius Skolka | Carla F. Gavrilescu
OSROUCKLRU59ZFZITE4VDU,"Ptinus latro Fabricius, 1775",Animalia,Arthropoda,Insecta,Coleoptera,Ptinidae,Ptinus,species,ICZN,Romania,RO,present,introduced,colonising,transportContaminant,naturalDispersal,,1887,2018,"Preda C, Adam C, Constantinescu IC, Popa OP, Popa LO, Balcu M-J, Brezeanu AM, Dascalu MM, Draghici A-C, Gavrilescu CF, Gavrilidis AA, Gheoca V, Iorgu EI, Iorgu IS, Krapal AM, Maican S, Manci C-O, Manta N, Manu M, Motoc RM, Niculae IM, Petrescu A-M, Pintilioaie A-M, Popa AF, Radac IA, Rozylowicz L, Ruicanescu A, Sahlean TC, Surugiu V, Serban C, Stefan A, Szekely L, Tausan I, Skolka M (2026) From soil to stream and sea: species richness and distribution of alien invertebrates in Romania. NeoBiota. | Adam C, Constantinescu IC, Draghici AC, Fusu L, Fusu MM, Gheoca V, Iorgu IS, Irimia AG, Maican S, Manci CO, Manu M, Mitroiu MD, Olosutean HG, Perju M, Petrescu AM, Pintilioaie AM, Popa AF, Popescu IE, Popovici OA, Prunar FV, Radac IA, Sahlean TC, Sitar C, Stanciu CR, Szekely L, Tausan I, Tomozii IB, Torok SC, Zaharia LG (2022) Raport final privind distributia speciilor de nevertebrate terestre alogene din hot-spot-uri si caile prioritare de patrundere (an 3 cartare). Raport intocmit in cadrul Proiectului POIM2014+120008 - Managementul adecvat al speciilor invazive din Romania, in conformitate cu Regulamentul UE 1143/2014 referitor la prevenirea si gestionarea introducerii si raspandirii speciilor alogene invazive. Ministerul Mediului, Apelor si Padurilor & Universitatea din Bucuresti, Bucuresti.",,Cryptogenic,TRUE,FALSE,FALSE,Plantae,2025-11-26,Cristina Preda | Laurentiu Rozylowicz,Marius Skolka | Carla F. Gavrilescu
OSRO54KXGZPAF5P8ZQ,Solidago canadensis L.,Plantae,Tracheophyta,Magnoliopsida,Asterales,Asteraceae,Solidago,species,ICN,Romania,RO,present,introduced,invasive,ornamentalNonHorticulture,,,1887,2022,"Anastasiu P, Miu I, Gavrilidis A, Preda C, Rozylowicz L, Sirbu C, Oprea A, Urziceanu M, Camen-Comanescu P, Nagoda E, Memedemin D, Barbos M, Boruz V, Cislariu A, Don I, Fagaras M, Frink J, Georgescu I, Haruta O, Hurdu B-I, Matis A, Milanovici S, Muncaciu S, Neacsu A, Neblea M, Nicolin A, Niculescu M, Oroian S, Pop O, Radutoiu D, Samarghitan M, Simion I, Soare L, Steiu C, Stoianov E, Strat D, Szabo A, Szatmari P, Tanase C, Mirea M, Manta N, Sirbu I (2024) Alien plant species distribution in Romania: a nationwide survey following the implementation of the EU Regulation on Invasive Alien Species. Biodiversity Data Journal 12. https://doi.org/10.3897/BDJ.12.e119539 | Anastasiu P, Negrean G (2009) Neophytes in Romania. Neobiota din Romania, 66-97",,Eastern Canada | North-Central U.S.A. | Northeastern U.S.A. | Northwestern U.S.A. | South-Central U.S.A. | Southeastern U.S.A. | Southwestern U.S.A. | Subarctic America | Western Canada,TRUE,FALSE,FALSE,,2025-11-26,Cristina Preda | Laurentiu Rozylowicz,Daniyar Memedemin
OSROYAHTV5GQCQV0OF,Matricaria discoidea DC.,Plantae,Tracheophyta,Magnoliopsida,Asterales,Asteraceae,Matricaria,species,ICN,Romania,RO,present,introduced,invasive,naturalDispersal,,,1889,2022,"Anastasiu P, Miu I, Gavrilidis A, Preda C, Rozylowicz L, Sirbu C, Oprea A, Urziceanu M, Camen-Comanescu P, Nagoda E, Memedemin D, Barbos M, Boruz V, Cislariu A, Don I, Fagaras M, Frink J, Georgescu I, Haruta O, Hurdu B-I, Matis A, Milanovici S, Muncaciu S, Neacsu A, Neblea M, Nicolin A, Niculescu M, Oroian S, Pop O, Radutoiu D, Samarghitan M, Simion I, Soare L, Steiu C, Stoianov E, Strat D, Szabo A, Szatmari P, Tanase C, Mirea M, Manta N, Sirbu I (2024) Alien plant species distribution in Romania: a nationwide survey following the implementation of the EU Regulation on Invasive Alien Species. Biodiversity Data Journal 12. https://doi.org/10.3897/BDJ.12.e119539 | Anastasiu P, Negrean G (2009) Neophytes in Romania. Neobiota din Romania, 66-97",,Eastern Canada | North-Central U.S.A. | Northeastern U.S.A. | Northwestern U.S.A. | South-Central U.S.A. | Southeastern U.S.A. | Southwestern U.S.A. | Subarctic America | Western Canada,TRUE,FALSE,FALSE,,2025-11-26,Cristina Preda | Laurentiu Rozylowicz,Daniyar Memedemin
OSROUCKLXWWM6UUAZZBY4T,"Hyalomma aegyptium Linnaeus, 1758",Animalia,Arthropoda,Arachnida,Ixodida,Ixodidae,Hyalomma,species,ICZN,Romania,RO,present,introduced,colonising,transportStowaway,,,1890,2023,"Preda C, Adam C, Constantinescu IC, Popa OP, Popa LO, Balcu M-J, Brezeanu AM, Dascalu MM, Draghici A-C, Gavrilescu CF, Gavrilidis AA, Gheoca V, Iorgu EI, Iorgu IS, Krapal AM, Maican S, Manci C-O, Manta N, Manu M, Motoc RM, Niculae IM, Petrescu A-M, Pintilioaie A-M, Popa AF, Radac IA, Rozylowicz L, Ruicanescu A, Sahlean TC, Surugiu V, Serban C, Stefan A, Szekely L, Tausan I, Skolka M (2026) From soil to stream and sea: species richness and distribution of alien invertebrates in Romania. NeoBiota.",,Northern Africa | Western Asia,TRUE,FALSE,FALSE,Testudines | Mammalia,2025-11-26,Cristina Preda | Laurentiu Rozylowicz,Costica Adam
OSROUCKL9BNG2AHOG0WF82,"Rhipicephalus rossicus Yakimov & Kol-Yakimova, 1911",Animalia,Arthropoda,Arachnida,Ixodida,Ixodidae,Rhipicephalus,species,ICZN,Romania,RO,present,introduced,colonising,transportStowaway,,,1890,2013,"Preda C, Adam C, Constantinescu IC, Popa OP, Popa LO, Balcu M-J, Brezeanu AM, Dascalu MM, Draghici A-C, Gavrilescu CF, Gavrilidis AA, Gheoca V, Iorgu EI, Iorgu IS, Krapal AM, Maican S, Manci C-O, Manta N, Manu M, Motoc RM, Niculae IM, Petrescu A-M, Pintilioaie A-M, Popa AF, Radac IA, Rozylowicz L, Ruicanescu A, Sahlean TC, Surugiu V, Serban C, Stefan A, Szekely L, Tausan I, Skolka M (2026) From soil to stream and sea: species richness and distribution of alien invertebrates in Romania. NeoBiota.",,Eastern Europe | Central Asia | Western Asia (Eurasian steppe),TRUE,FALSE,FALSE,Mammalia,2025-11-26,Cristina Preda | Laurentiu Rozylowicz,Costica Adam
OSROUCKL8HJ90UUAB04FGY,"Cryptophagus cellaris (Scopoli, 1763)",Animalia,Arthropoda,Insecta,Coleoptera,Cryptophagidae,Cryptophagus,species,ICZN,Romania,RO,present,introduced,colonising,transportContaminant,naturalDispersal,,1891,1912,"Preda C, Adam C, Constantinescu IC, Popa OP, Popa LO, Balcu M-J, Brezeanu AM, Dascalu MM, Draghici A-C, Gavrilescu CF, Gavrilidis AA, Gheoca V, Iorgu EI, Iorgu IS, Krapal AM, Maican S, Manci C-O, Manta N, Manu M, Motoc RM, Niculae IM, Petrescu A-M, Pintilioaie A-M, Popa AF, Radac IA, Rozylowicz L, Ruicanescu A, Sahlean TC, Surugiu V, Serban C, Stefan A, Szekely L, Tausan I, Skolka M (2026) From soil to stream and sea: species richness and distribution of alien invertebrates in Romania. NeoBiota. | Adam C, Constantinescu IC, Draghici AC, Fusu L, Fusu MM, Gheoca V, Iorgu IS, Irimia AG, Maican S, Manci CO, Manu M, Mitroiu MD, Olosutean HG, Perju M, Petrescu AM, Pintilioaie AM, Popa AF, Popescu IE, Popovici OA, Prunar FV, Radac IA, Sahlean TC, Sitar C, Stanciu CR, Szekely L, Tausan I, Tomozii IB, Torok SC, Zaharia LG (2022) Raport final privind distributia speciilor de nevertebrate terestre alogene din hot-spot-uri si caile prioritare de patrundere (an 3 cartare). Raport intocmit in cadrul Proiectului POIM2014+120008 - Managementul adecvat al speciilor invazive din Romania, in conformitate cu Regulamentul UE 1143/2014 referitor la prevenirea si gestionarea introducerii si raspandirii speciilor alogene invazive. Ministerul Mediului, Apelor si Padurilor & Universitatea din Bucuresti, Bucuresti.",,Cryptogenic,TRUE,FALSE,FALSE,Fungi,2025-11-26,Cristina Preda | Laurentiu Rozylowicz,Marius Skolka | Carla F. Gavrilescu
OSROUCKLXTRV1Q1CDUFSEI,"Cryptophagus laticollis Lucas, 1849",Animalia,Arthropoda,Insecta,Coleoptera,Cryptophagidae,Cryptophagus,species,ICZN,Romania,RO,present,introduced,colonising,transportContaminant,naturalDispersal,,1891,1980,"Preda C, Adam C, Constantinescu IC, Popa OP, Popa LO, Balcu M-J, Brezeanu AM, Dascalu MM, Draghici A-C, Gavrilescu CF, Gavrilidis AA, Gheoca V, Iorgu EI, Iorgu IS, Krapal AM, Maican S, Manci C-O, Manta N, Manu M, Motoc RM, Niculae IM, Petrescu A-M, Pintilioaie A-M, Popa AF, Radac IA, Rozylowicz L, Ruicanescu A, Sahlean TC, Surugiu V, Serban C, Stefan A, Szekely L, Tausan I, Skolka M (2026) From soil to stream and sea: species richness and distribution of alien invertebrates in Romania. NeoBiota. | Adam C, Constantinescu IC, Draghici AC, Fusu L, Fusu MM, Gheoca V, Iorgu IS, Irimia AG, Maican S, Manci CO, Manu M, Mitroiu MD, Olosutean HG, Perju M, Petrescu AM, Pintilioaie AM, Popa AF, Popescu IE, Popovici OA, Prunar FV, Radac IA, Sahlean TC, Sitar C, Stanciu CR, Szekely L, Tausan I, Tomozii IB, Torok SC, Zaharia LG (2022) Raport final privind distributia speciilor de nevertebrate terestre alogene din hot-spot-uri si caile prioritare de patrundere (an 3 cartare). Raport intocmit in cadrul Proiectului POIM2014+120008 - Managementul adecvat al speciilor invazive din Romania, in conformitate cu Regulamentul UE 1143/2014 referitor la prevenirea si gestionarea introducerii si raspandirii speciilor alogene invazive. Ministerul Mediului, Apelor si Padurilor & Universitatea din Bucuresti, Bucuresti.",,Cryptogenic,TRUE,FALSE,FALSE,Fungi,2025-11-26,Cristina Preda | Laurentiu Rozylowicz,Marius Skolka | Carla F. Gavrilescu
OSROUCKL5AVZTM9I7V47FK,"Amphibalanus eburneus (Gould, 1841)",Animalia,Arthropoda,Hexanauplia,Balanomorpha,Balanidae,Amphibalanus,species,ICZN,Romania,RO,present,introduced,colonising,hullFouling,ballastWater,waterwaysBasinsSeas,1892,2022,"Preda C, Adam C, Constantinescu IC, Popa OP, Popa LO, Balcu M-J, Brezeanu AM, Dascalu MM, Draghici A-C, Gavrilescu CF, Gavrilidis AA, Gheoca V, Iorgu EI, Iorgu IS, Krapal AM, Maican S, Manci C-O, Manta N, Manu M, Motoc RM, Niculae IM, Petrescu A-M, Pintilioaie A-M, Popa AF, Radac IA, Rozylowicz L, Ruicanescu A, Sahlean TC, Surugiu V, Serban C, Stefan A, Szekely L, Tausan I, Skolka M (2026) From soil to stream and sea: species richness and distribution of alien invertebrates in Romania. NeoBiota. | Bancila R, Skolka M, Ivanova P, Surugiu V, Stefanova K, Todorova V, Zenetos A (2022) Alien species of the Romanian and Bulgarian Black Sea coast: state of knowledge, uncertainties, and needs for future research. Aquatic Invasions 17: 253-273. https://doi.org/10.3391/ai.2022.17.3.02",,Northern America (NW Atlantic coast) | Central America (Gulf of Mexico) | Caribbean,FALSE,TRUE,TRUE,,2025-11-26,Cristina Preda | Laurentiu Rozylowicz,Oana P. Popa
OSROHARTHN5OTQOJX4,Lepidium densiflorum Schrad.,Plantae,Tracheophyta,Magnoliopsida,Brassicales,Brassicaceae,Lepidium,species,ICN,Romania,RO,present,introduced,established,seedContaminant,,,1893,2022,"Anastasiu P, Miu I, Gavrilidis A, Preda C, Rozylowicz L, Sirbu C, Oprea A, Urziceanu M, Camen-Comanescu P, Nagoda E, Memedemin D, Barbos M, Boruz V, Cislariu A, Don I, Fagaras M, Frink J, Georgescu I, Haruta O, Hurdu B-I, Matis A, Milanovici S, Muncaciu S, Neacsu A, Neblea M, Nicolin A, Niculescu M, Oroian S, Pop O, Radutoiu D, Samarghitan M, Simion I, Soare L, Steiu C, Stoianov E, Strat D, Szabo A, Szatmari P, Tanase C, Mirea M, Manta N, Sirbu I (2024) Alien plant species distribution in Romania: a nationwide survey following the implementation of the EU Regulation on Invasive Alien Species. Biodiversity Data Journal 12. https://doi.org/10.3897/BDJ.12.e119539 | Negrean G (1980) Lepidium densiflorum si Lepidium neglectum in Romania. Stud. Com. Muz. Satu Mare, 4: 435-439",,Eastern Canada | Mexico | North-Central U.S.A. | Northeastern U.S.A. | Northwestern U.S.A. | South-Central U.S.A. | Southeastern U.S.A. | Southwestern U.S.A. | Subarctic America | Western Canada,TRUE,FALSE,FALSE,,2025-11-26,Cristina Preda | Laurentiu Rozylowicz,Daniyar Memedemin | Paulina Anastasiu
OSROUCKL0BQYH0BUO40I36,"Myzus (Nectarosiphon) persicae (Sulzer, 1776)",Animalia,Arthropoda,Insecta,Hemiptera,Aphididae,Myzus,species,ICZN,Romania,RO,present,introduced,colonising,transportContaminant,parasitesOnPlants,,1896,2022,"Preda C, Adam C, Constantinescu IC, Popa OP, Popa LO, Balcu M-J, Brezeanu AM, Dascalu MM, Draghici A-C, Gavrilescu CF, Gavrilidis AA, Gheoca V, Iorgu EI, Iorgu IS, Krapal AM, Maican S, Manci C-O, Manta N, Manu M, Motoc RM, Niculae IM, Petrescu A-M, Pintilioaie A-M, Popa AF, Radac IA, Rozylowicz L, Ruicanescu A, Sahlean TC, Surugiu V, Serban C, Stefan A, Szekely L, Tausan I, Skolka M (2026) From soil to stream and sea: species richness and distribution of alien invertebrates in Romania. NeoBiota.",,Eastern Asia,TRUE,FALSE,FALSE,Plantae,2025-11-26,Cristina Preda | Laurentiu Rozylowicz,Costica Adam
OSROUCKL1KZHHMNANA8NEA,"Aspidiotus nerii Bouche, 1833",Animalia,Arthropoda,Insecta,Hemiptera,Diaspididae,Aspidiotus,species,ICZN,Romania,RO,present,introduced,colonising,transportStowaway,contaminantOnPlants,,1897,2021,"Preda C, Adam C, Constantinescu IC, Popa OP, Popa LO, Balcu M-J, Brezeanu AM, Dascalu MM, Draghici A-C, Gavrilescu CF, Gavrilidis AA, Gheoca V, Iorgu EI, Iorgu IS, Krapal AM, Maican S, Manci C-O, Manta N, Manu M, Motoc RM, Niculae IM, Petrescu A-M, Pintilioaie A-M, Popa AF, Radac IA, Rozylowicz L, Ruicanescu A, Sahlean TC, Surugiu V, Serban C, Stefan A, Szekely L, Tausan I, Skolka M (2026) From soil to stream and sea: species richness and distribution of alien invertebrates in Romania. NeoBiota. | Teodorescu I (2018) Contribution to database of alien/invasive Homoptera insects in Romania. Romanian Journal of Biology - Zoology 63(1-2): 29-68.",,Northern Africa | Southern Europe,TRUE,FALSE,FALSE,Plantae,2025-11-26,Cristina Preda | Laurentiu Rozylowicz,Ioana Cristina Constantinescu
OSRORNAZCPAIVO0999,Borago officinalis L.,Plantae,Tracheophyta,Magnoliopsida,Boraginales,Boraginaceae,Borago,species,ICN,Romania,RO,present,introduced,casual,OtherEscape,,,1898,2021,"Anastasiu P, Miu I, Gavrilidis A, Preda C, Rozylowicz L, Sirbu C, Oprea A, Urziceanu M, Camen-Comanescu P, Nagoda E, Memedemin D, Barbos M, Boruz V, Cislariu A, Don I, Fagaras M, Frink J, Georgescu I, Haruta O, Hurdu B-I, Matis A, Milanovici S, Muncaciu S, Neacsu A, Neblea M, Nicolin A, Niculescu M, Oroian S, Pop O, Radutoiu D, Samarghitan M, Simion I, Soare L, Steiu C, Stoianov E, Strat D, Szabo A, Szatmari P, Tanase C, Mirea M, Manta N, Sirbu I (2024) Alien plant species distribution in Romania: a nationwide survey following the implementation of the EU Regulation on Invasive Alien Species. Biodiversity Data Journal 12. https://doi.org/10.3897/BDJ.12.e119539 | Anastasiu P, Sarbu I, Negrean G (2009) Verbesina encelioides-A new alien plant in Romania. Annals of the University of Craiova-Agriculture, Montanology, Cadastre Series, 39(2), 15-18",,Northern Africa | Southeastern Europe | Southwestern Europe,TRUE,FALSE,FALSE,,2025-11-26,Cristina Preda | Laurentiu Rozylowicz,Daniyar Memedemin
OSROUCKLHF1GFN4HG3G7K6,Amaranthus albus L.,Plantae,Tracheophyta,Magnoliopsida,Caryophyllales,Amaranthaceae,Amaranthus,species,ICN,Romania,RO,present,introduced,invasive,seedContaminant,otherTransport,naturalDispersal,1898,2022,"Anastasiu P, Miu I, Gavrilidis A, Preda C, Rozylowicz L, Sirbu C, Oprea A, Urziceanu M, Camen-Comanescu P, Nagoda E, Memedemin D, Barbos M, Boruz V, Cislariu A, Don I, Fagaras M, Frink J, Georgescu I, Haruta O, Hurdu B-I, Matis A, Milanovici S, Muncaciu S, Neacsu A, Neblea M, Nicolin A, Niculescu M, Oroian S, Pop O, Radutoiu D, Samarghitan M, Simion I, Soare L, Steiu C, Stoianov E, Strat D, Szabo A, Szatmari P, Tanase C, Mirea M, Manta N, Sirbu I (2024) Alien plant species distribution in Romania: a nationwide survey following the implementation of the EU Regulation on Invasive Alien Species. Biodiversity Data Journal 12. https://doi.org/10.3897/BDJ.12.e119539 | Anastasiu P, Sarbu I, Negrean G (2009) Verbesina encelioides-A new alien plant in Romania. Annals of the University of Craiova-Agriculture, Montanology, Cadastre Series, 39(2), 15-18",,Mexico | South-Central U.S.A. | Southeastern U.S.A. | Southwestern U.S.A.,TRUE,FALSE,FALSE,,2025-11-26,Cristina Preda | Laurentiu Rozylowicz,Daniyar Memedemin
OSROUCKLAKXWU68AXDHT5J,Amaranthus deflexus L.,Plantae,Tracheophyta,Magnoliopsida,Caryophyllales,Amaranthaceae,Amaranthus,species,ICN,Romania,RO,present,introduced,invasive,seedContaminant,otherTransport,naturalDispersal,1898,2022,"Anastasiu P, Miu I, Gavrilidis A, Preda C, Rozylowicz L, Sirbu C, Oprea A, Urziceanu M, Camen-Comanescu P, Nagoda E, Memedemin D, Barbos M, Boruz V, Cislariu A, Don I, Fagaras M, Frink J, Georgescu I, Haruta O, Hurdu B-I, Matis A, Milanovici S, Muncaciu S, Neacsu A, Neblea M, Nicolin A, Niculescu M, Oroian S, Pop O, Radutoiu D, Samarghitan M, Simion I, Soare L, Steiu C, Stoianov E, Strat D, Szabo A, Szatmari P, Tanase C, Mirea M, Manta N, Sirbu I (2024) Alien plant species distribution in Romania: a nationwide survey following the implementation of the EU Regulation on Invasive Alien Species. Biodiversity Data Journal 12. https://doi.org/10.3897/BDJ.12.e119539 | Anastasiu P, Sarbu I, Negrean G (2009) Verbesina encelioides-A new alien plant in Romania. Annals of the University of Craiova-Agriculture, Montanology, Cadastre Series, 39(2), 15-18",,Southern South America | Western South America,TRUE,FALSE,FALSE,,2025-11-26,Cristina Preda | Laurentiu Rozylowicz,Daniyar Memedemin
OSROUCKLE3W1Q3WBJG2CN0,Amorpha fruticosa L.,Plantae,Tracheophyta,Magnoliopsida,Fabales,Fabaceae,Amorpha,species,ICN,Romania,RO,present,introduced,invasive,erosionControl,horticulture,ornamentalNonHorticulture,1898,2022,"Anastasiu P, Miu I, Gavrilidis A, Preda C, Rozylowicz L, Sirbu C, Oprea A, Urziceanu M, Camen-Comanescu P, Nagoda E, Memedemin D, Barbos M, Boruz V, Cislariu A, Don I, Fagaras M, Frink J, Georgescu I, Haruta O, Hurdu B-I, Matis A, Milanovici S, Muncaciu S, Neacsu A, Neblea M, Nicolin A, Niculescu M, Oroian S, Pop O, Radutoiu D, Samarghitan M, Simion I, Soare L, Steiu C, Stoianov E, Strat D, Szabo A, Szatmari P, Tanase C, Mirea M, Manta N, Sirbu I (2024) Alien plant species distribution in Romania: a nationwide survey following the implementation of the EU Regulation on Invasive Alien Species. Biodiversity Data Journal 12. https://doi.org/10.3897/BDJ.12.e119539",,Mexico | North-Central U.S.A. | Northeastern U.S.A. | Northwestern U.S.A. | South-Central U.S.A. | Southeastern U.S.A. | Southwestern U.S.A.,TRUE,FALSE,FALSE,,2025-11-26,Cristina Preda | Laurentiu Rozylowicz,Culita Sirbu
OSRO6JD67FYL2N8UBU,Juglans nigra L.,Plantae,Tracheophyta,Magnoliopsida,Fagales,Juglandaceae,Juglans,species,ICN,Romania,RO,present,introduced,casual,forestry,ornamentalNonHorticulture,,1898,2022,"Brandza D (1898) Flora Dobrogei. Bucuresci, Inst. Arte Graf. Carol Gobl, 490 pp",,Eastern Canada | North-Central U.S.A. | Northeastern U.S.A. | South-Central U.S.A. | Southeastern U.S.A.,TRUE,FALSE,FALSE,,2025-11-26,Cristina Preda | Laurentiu Rozylowicz,Culita Sirbu
OSROTO5CS4U6IFS9IM,Cannabis sativa L.,Plantae,Tracheophyta,Magnoliopsida,Rosales,Cannabaceae,Cannabis,species,ICN,Romania,RO,present,introduced,established,escapeFromConfinement,,,1898,2025,"Anastasiu P, Miu I, Gavrilidis A, Preda C, Rozylowicz L, Sirbu C, Oprea A, Urziceanu M, Camen-Comanescu P, Nagoda E, Memedemin D, Barbos M, Boruz V, Cislariu A, Don I, Fagaras M, Frink J, Georgescu I, Haruta O, Hurdu B-I, Matis A, Milanovici S, Muncaciu S, Neacsu A, Neblea M, Nicolin A, Niculescu M, Oroian S, Pop O, Radutoiu D, Samarghitan M, Simion I, Soare L, Steiu C, Stoianov E, Strat D, Szabo A, Szatmari P, Tanase C, Mirea M, Manta N, Sirbu I (2024) Alien plant species distribution in Romania: a nationwide survey following the implementation of the EU Regulation on Invasive Alien Species. Biodiversity Data Journal 12. https://doi.org/10.3897/BDJ.12.e119539 | Sirbu C, Oprea A (2011) Plante adventive in flora Romaniei. Editura Ion Ionescu de la Brad, Iasi, Romania, 734 pp | https://www.inaturalist.org/observations/318030571 | Blackburn TM, Pysek P, Bacher S, Carlton JT, Duncan RP, Jarosik V, Wilson JR, Richardson DM (2011) A proposed unified framework for biological invasions. Trends in Ecology and Evolution 26: 333-339. https://doi.org/10.1016/j.tree.2011.03.023",,Central Asia | China | Indian Subcontinent | Western Asia,TRUE,FALSE,FALSE,,2025-11-26,Cristina Preda | Laurentiu Rozylowicz,Ioana-Minodora Sirbu
OSRONEXYGP1AYCP6BQ,Prunus cerasifera Ehrh.,Plantae,Tracheophyta,Magnoliopsida,Rosales,Rosaceae,Prunus,species,ICN,Romania,RO,present,introduced,invasive,escapeFromConfinement,,,1898,2025,"Anastasiu P, Miu I, Gavrilidis A, Preda C, Rozylowicz L, Sirbu C, Oprea A, Urziceanu M, Camen-Comanescu P, Nagoda E, Memedemin D, Barbos M, Boruz V, Cislariu A, Don I, Fagaras M, Frink J, Georgescu I, Haruta O, Hurdu B-I, Matis A, Milanovici S, Muncaciu S, Neacsu A, Neblea M, Nicolin A, Niculescu M, Oroian S, Pop O, Radutoiu D, Samarghitan M, Simion I, Soare L, Steiu C, Stoianov E, Strat D, Szabo A, Szatmari P, Tanase C, Mirea M, Manta N, Sirbu I (2024) Alien plant species distribution in Romania: a nationwide survey following the implementation of the EU Regulation on Invasive Alien Species. Biodiversity Data Journal 12. https://doi.org/10.3897/BDJ.12.e119539 | Sirbu C, Oprea A (2011) Plante adventive in flora Romaniei. Editura Ion Ionescu de la Brad, Iasi, Romania, 734 pp | https://www.inaturalist.org/observations/300599566 | Blackburn TM, Pysek P, Bacher S, Carlton JT, Duncan RP, Jarosik V, Wilson JR, Richardson DM (2011) A proposed unified framework for biological invasions. Trends in Ecology and Evolution 26: 333-339. https://doi.org/10.1016/j.tree.2011.03.023",,Caucasus | Central Asia | China | Eastern Europe | Indian Subcontinent | Southeastern Europe | Western Asia,TRUE,FALSE,FALSE,,2025-11-26,Cristina Preda | Laurentiu Rozylowicz,Ioana-Minodora Sirbu
OSROUCKLNAPQVLS2UIHWAU,Aesculus hippocastanum L.,Plantae,Tracheophyta,Magnoliopsida,Sapindales,Sapindaceae,Aesculus,species,ICN,Romania,RO,present,introduced,casual,ornamentalNonHorticulture,,,1898,2025,"Anastasiu P, Miu I, Gavrilidis A, Preda C, Rozylowicz L, Sirbu C, Oprea A, Urziceanu M, Camen-Comanescu P, Nagoda E, Memedemin D, Barbos M, Boruz V, Cislariu A, Don I, Fagaras M, Frink J, Georgescu I, Haruta O, Hurdu B-I, Matis A, Milanovici S, Muncaciu S, Neacsu A, Neblea M, Nicolin A, Niculescu M, Oroian S, Pop O, Radutoiu D, Samarghitan M, Simion I, Soare L, Steiu C, Stoianov E, Strat D, Szabo A, Szatmari P, Tanase C, Mirea M, Manta N, Sirbu I (2024) Alien plant species distribution in Romania: a nationwide survey following the implementation of the EU Regulation on Invasive Alien Species. Biodiversity Data Journal 12. https://doi.org/10.3897/BDJ.12.e119539 | Sirbu C, Oprea A (2011) Plante adventive in flora Romaniei. Editura Ion Ionescu de la Brad, Iasi, Romania, 734 pp | https://www.inaturalist.org/observations/325318534 | Blackburn TM, Pysek P, Bacher S, Carlton JT, Duncan RP, Jarosik V, Wilson JR, Richardson DM (2011) A proposed unified framework for biological invasions. Trends in Ecology and Evolution 26: 333-339. https://doi.org/10.1016/j.tree.2011.03.023",,Central Asia | Southeastern Europe | Western Asia,TRUE,FALSE,FALSE,,2025-11-26,Cristina Preda | Laurentiu Rozylowicz,Ioana-Minodora Sirbu
OSROUCKLR6J2H9N7Y97HXV,Ailanthus altissima (Mill.) Swingle,Plantae,Tracheophyta,Magnoliopsida,Sapindales,Simaroubaceae,Ailanthus,species,ICN,Romania,RO,present,introduced,invasive,releasedForUse,naturalDispersal,forestry,1898,2025,"Anastasiu P, Miu I, Gavrilidis A, Preda C, Rozylowicz L, Sirbu C, Oprea A, Urziceanu M, Camen-Comanescu P, Nagoda E, Memedemin D, Barbos M, Boruz V, Cislariu A, Don I, Fagaras M, Frink J, Georgescu I, Haruta O, Hurdu B-I, Matis A, Milanovici S, Muncaciu S, Neacsu A, Neblea M, Nicolin A, Niculescu M, Oroian S, Pop O, Radutoiu D, Samarghitan M, Simion I, Soare L, Steiu C, Stoianov E, Strat D, Szabo A, Szatmari P, Tanase C, Mirea M, Manta N, Sirbu I (2024) Alien plant species distribution in Romania: a nationwide survey following the implementation of the EU Regulation on Invasive Alien Species. Biodiversity Data Journal 12. https://doi.org/10.3897/BDJ.12.e119539 | Sirbu C, Oprea A (2011) Plante adventive in flora Romaniei. Editura Ion Ionescu de la Brad, Iasi, Romania, 734 pp | https://www.inaturalist.org/observations/344066776 | Blackburn TM, Pysek P, Bacher S, Carlton JT, Duncan RP, Jarosik V, Wilson JR, Richardson DM (2011) A proposed unified framework for biological invasions. Trends in Ecology and Evolution 26: 333-339. https://doi.org/10.1016/j.tree.2011.03.023",species of Union Concern (Regulation 1143/2014),China | Eastern Asia,TRUE,FALSE,FALSE,,2025-11-26,Cristina Preda | Laurentiu Rozylowicz,Ioana-Minodora Sirbu
OSROUCKL33GMYR1SDIUZUH,"Salvelinus fontinalis (Mitchill, 1814)",Animalia,Chordata,Actinopterygii,Salmoniformes,Salmonidae,Salvelinus,species,ICZN,Romania,RO,present,introduced,established,aquacultureMariculture,fisheryInTheWild,releasedForUse,1900,2021,"Cogalniceanu D, Cobzaru I, Dragan O, Fanaru G, Iftime A, Stanescu F, Telea E, Topliceanu S, Ureche D, Chisamera G, Petrescu A, Iftime O (2021) Raport tehnic privind sursele bibliografice referitoare la speciile de vertebrate terestre alogene invazive si potential invazive. Zenodo. https://doi.org/10.5281/zenodo.5593956 | Iftime A, Iftime O (2021) Alien fish, amphibian and reptile species in Romania and their invasive status: a review with new data. Travaux du Museum National d'Histoire Naturelle ""Grigore Antipa"" 64: 131-186. https://doi.org/10.3897/travaux.64.e67558 | Dragan O, Rozylowicz L, Ureche D, Falka I, Cogalniceanu D (2024) Invasive fish species in Romanian freshwater. A review of over 100 years of occurrence reports. NeoBiota 94: 15-30. https://doi.org/10.3897/neobiota.94.117313",,Northern America,FALSE,FALSE,TRUE,,2025-11-26,Cristina Preda | Laurentiu Rozylowicz,Florina Stanescu
OSROUCKLZDRVJH3C4054UF,"Oryctolagus cuniculus (Linnaeus, 1758)",Animalia,Chordata,Mammalia,Lagomorpha,Leporidae,Oryctolagus,species,ICZN,Romania,RO,present,introduced,failing,releaseInNature,hunting,,1900,2000,"Cogalniceanu D, Cobzaru I, Dragan O, Fanaru G, Iftime A, Stanescu F, Telea E, Topliceanu S, Ureche D, Chisamera G, Petrescu A, Iftime O (2021) Raport tehnic privind sursele bibliografice referitoare la speciile de vertebrate terestre alogene invazive si potential invazive. Zenodo. https://doi.org/10.5281/zenodo.5593956 | Marches G (1957) Leporidele din Republica Populara Romana, Buletinul stiintific al Academiei R. P. R., Sectia Biologie si stiinte Agricole, Seria Zoologie, Bucuresti, 9(4), pp. 335-348.",,Southern Europe | Western Europe | Northern Africa,TRUE,FALSE,FALSE,,2025-11-26,Cristina Preda | Laurentiu Rozylowicz,Gabriel Chisamera
OSROKZ8USE2B7DUQCT,Reynoutria japonica Houtt.,Plantae,Tracheophyta,Magnoliopsida,Caryophyllales,Polygonaceae,Reynoutria,species,ICN,Romania,RO,present,introduced,invasive,ornamentalNonHorticulture,,,1900,2022,"Anastasiu P, Miu I, Gavrilidis A, Preda C, Rozylowicz L, Sirbu C, Oprea A, Urziceanu M, Camen-Comanescu P, Nagoda E, Memedemin D, Barbos M, Boruz V, Cislariu A, Don I, Fagaras M, Frink J, Georgescu I, Haruta O, Hurdu B-I, Matis A, Milanovici S, Muncaciu S, Neacsu A, Neblea M, Nicolin A, Niculescu M, Oroian S, Pop O, Radutoiu D, Samarghitan M, Simion I, Soare L, Steiu C, Stoianov E, Strat D, Szabo A, Szatmari P, Tanase C, Mirea M, Manta N, Sirbu I (2024) Alien plant species distribution in Romania: a nationwide survey following the implementation of the EU Regulation on Invasive Alien Species. Biodiversity Data Journal 12. https://doi.org/10.3897/BDJ.12.e119539 | Anastasiu P, Sarbu I, Negrean G (2009) Verbesina encelioides-A new alien plant in Romania. Annals of the University of Craiova-Agriculture, Montanology, Cadastre Series, 39(2), 15-18",species of Union Concern (Regulation 1143/2014),China | Eastern Asia | Russian Far East,TRUE,FALSE,FALSE,,2025-11-26,Cristina Preda | Laurentiu Rozylowicz,Daniyar Memedemin
OSROEGBWWKJQZ3UTUS,Prunus virginiana L.,Plantae,Tracheophyta,Magnoliopsida,Rosales,Rosaceae,Prunus,species,ICN,Romania,RO,present,introduced,casual,ornamentalNonHorticulture,,,1900,2021,"Anastasiu P, Miu I, Gavrilidis A, Preda C, Rozylowicz L, Sirbu C, Oprea A, Urziceanu M, Camen-Comanescu P, Nagoda E, Memedemin D, Barbos M, Boruz V, Cislariu A, Don I, Fagaras M, Frink J, Georgescu I, Haruta O, Hurdu B-I, Matis A, Milanovici S, Muncaciu S, Neacsu A, Neblea M, Nicolin A, Niculescu M, Oroian S, Pop O, Radutoiu D, Samarghitan M, Simion I, Soare L, Steiu C, Stoianov E, Strat D, Szabo A, Szatmari P, Tanase C, Mirea M, Manta N, Sirbu I (2024) Alien plant species distribution in Romania: a nationwide survey following the implementation of the EU Regulation on Invasive Alien Species. Biodiversity Data Journal 12. https://doi.org/10.3897/BDJ.12.e119539 | (2026) Masaryk University - Herbarium BRNU. Masaryk University, Department of Botany and Zoology. https://doi.org/10.15468/soarvd | Blackburn TM, Pysek P, Bacher S, Carlton JT, Duncan RP, Jarosik V, Wilson JR, Richardson DM (2011) A proposed unified framework for biological invasions. Trends in Ecology and Evolution 26: 333-339. https://doi.org/10.1016/j.tree.2011.03.023",,Eastern Canada | Mexico | North-Central U.S.A. | Northeastern U.S.A. | Northwestern U.S.A. | South-Central U.S.A. | Southeastern U.S.A. | Southwestern U.S.A. | Subarctic America | Western Canada,TRUE,FALSE,FALSE,,2025-11-26,Cristina Preda | Laurentiu Rozylowicz,Ioana-Minodora Sirbu
OSROBA4I5BQS24BI7W,Erechtites hieraciifolius (L.) Raf. ex DC.,Plantae,Tracheophyta,Magnoliopsida,Asterales,Asteraceae,Erechtites,species,ICN,Romania,RO,present,introduced,established,transportContaminant,naturalDispersal,,1902,2021,"Anastasiu P, Miu I, Gavrilidis A, Preda C, Rozylowicz L, Sirbu C, Oprea A, Urziceanu M, Camen-Comanescu P, Nagoda E, Memedemin D, Barbos M, Boruz V, Cislariu A, Don I, Fagaras M, Frink J, Georgescu I, Haruta O, Hurdu B-I, Matis A, Milanovici S, Muncaciu S, Neacsu A, Neblea M, Nicolin A, Niculescu M, Oroian S, Pop O, Radutoiu D, Samarghitan M, Simion I, Soare L, Steiu C, Stoianov E, Strat D, Szabo A, Szatmari P, Tanase C, Mirea M, Manta N, Sirbu I (2024) Alien plant species distribution in Romania: a nationwide survey following the implementation of the EU Regulation on Invasive Alien Species. Biodiversity Data Journal 12. https://doi.org/10.3897/BDJ.12.e119539 | Pax F (1908) Die Vegetation der Erde. Grundzuge der Pflanzenverbreitung in der Karpathen, II. Leipzig",,Brazil | Caribbean | Central America | Eastern Canada | Mexico | North-Central U.S.A. | Northeastern U.S.A. | Northern South America | South-Central U.S.A. | Southeastern U.S.A. | Southern South America | Western South America,TRUE,FALSE,FALSE,,2025-11-26,Cristina Preda | Laurentiu Rozylowicz,Paulina Anastasiu
OSROXWZGW4PK1Q4BKL,Cuscuta campestris Yunck.,Plantae,Tracheophyta,Magnoliopsida,Solanales,Convolvulaceae,Cuscuta,species,ICN,Romania,RO,present,introduced,invasive,seedContaminant,,,1902,2025,"Anastasiu P, Miu I, Gavrilidis A, Preda C, Rozylowicz L, Sirbu C, Oprea A, Urziceanu M, Camen-Comanescu P, Nagoda E, Memedemin D, Barbos M, Boruz V, Cislariu A, Don I, Fagaras M, Frink J, Georgescu I, Haruta O, Hurdu B-I, Matis A, Milanovici S, Muncaciu S, Neacsu A, Neblea M, Nicolin A, Niculescu M, Oroian S, Pop O, Radutoiu D, Samarghitan M, Simion I, Soare L, Steiu C, Stoianov E, Strat D, Szabo A, Szatmari P, Tanase C, Mirea M, Manta N, Sirbu I (2024) Alien plant species distribution in Romania: a nationwide survey following the implementation of the EU Regulation on Invasive Alien Species. Biodiversity Data Journal 12. https://doi.org/10.3897/BDJ.12.e119539 | https://www.inaturalist.org/observations/340026944 | Blackburn TM, Pysek P, Bacher S, Carlton JT, Duncan RP, Jarosik V, Wilson JR, Richardson DM (2011) A proposed unified framework for biological invasions. Trends in Ecology and Evolution 26: 333-339. https://doi.org/10.1016/j.tree.2011.03.023",,Caribbean | Central America | Eastern Canada | Mexico | North-Central U.S.A. | Northeastern U.S.A. | Northwestern U.S.A. | South-Central U.S.A. | Southeastern U.S.A. | Southwestern U.S.A. | Western Canada | Western South America,TRUE,FALSE,FALSE,Various plants (parasitic),2025-11-26,Cristina Preda | Laurentiu Rozylowicz,Ioana-Minodora Sirbu
OSRO5XRYW6XFVKMU0R,Echinocystis lobata (Michx.) Torr. & A.Gray,Plantae,Tracheophyta,Magnoliopsida,Cucurbitales,Cucurbitaceae,Echinocystis,species,ICN,Romania,RO,present,introduced,invasive,ornamentalNonHorticulture,,,1904,2022,"Anastasiu P, Miu I, Gavrilidis A, Preda C, Rozylowicz L, Sirbu C, Oprea A, Urziceanu M, Camen-Comanescu P, Nagoda E, Memedemin D, Barbos M, Boruz V, Cislariu A, Don I, Fagaras M, Frink J, Georgescu I, Haruta O, Hurdu B-I, Matis A, Milanovici S, Muncaciu S, Neacsu A, Neblea M, Nicolin A, Niculescu M, Oroian S, Pop O, Radutoiu D, Samarghitan M, Simion I, Soare L, Steiu C, Stoianov E, Strat D, Szabo A, Szatmari P, Tanase C, Mirea M, Manta N, Sirbu I (2024) Alien plant species distribution in Romania: a nationwide survey following the implementation of the EU Regulation on Invasive Alien Species. Biodiversity Data Journal 12. https://doi.org/10.3897/BDJ.12.e119539",,Eastern Canada | North-Central U.S.A. | Northeastern U.S.A. | Northwestern U.S.A. | South-Central U.S.A. | Southeastern U.S.A. | Southwestern U.S.A. | Western Canada,TRUE,FALSE,FALSE,,2025-11-26,Cristina Preda | Laurentiu Rozylowicz,Culita Sirbu
OSROQYIPDSITWKBYKS,Elodea canadensis Michx.,Plantae,Tracheophyta,Liliopsida,Alismatales,Hydrocharitaceae,Elodea,species,ICN,Romania,RO,present,introduced,invasive,waterwaysBasinsSeas,,,1906,2022,"Anastasiu P, Miu I, Gavrilidis A, Preda C, Rozylowicz L, Sirbu C, Oprea A, Urziceanu M, Camen-Comanescu P, Nagoda E, Memedemin D, Barbos M, Boruz V, Cislariu A, Don I, Fagaras M, Frink J, Georgescu I, Haruta O, Hurdu B-I, Matis A, Milanovici S, Muncaciu S, Neacsu A, Neblea M, Nicolin A, Niculescu M, Oroian S, Pop O, Radutoiu D, Samarghitan M, Simion I, Soare L, Steiu C, Stoianov E, Strat D, Szabo A, Szatmari P, Tanase C, Mirea M, Manta N, Sirbu I (2024) Alien plant species distribution in Romania: a nationwide survey following the implementation of the EU Regulation on Invasive Alien Species. Biodiversity Data Journal 12. https://doi.org/10.3897/BDJ.12.e119539",,Eastern Canada | North-Central U.S.A. | Northeastern U.S.A. | Northwestern U.S.A. | South-Central U.S.A. | Southeastern U.S.A. | Southwestern U.S.A. | Western Canada,FALSE,FALSE,TRUE,,2025-11-26,Cristina Preda | Laurentiu Rozylowicz,Paulina Anastasiu
OSROUCKL57G01CYPDNE4AZ,"Ptinus bicinctus Sturm, 1837",Animalia,Arthropoda,Insecta,Coleoptera,Ptinidae,Ptinus,species,ICZN,Romania,RO,present,introduced,colonising,transportContaminant,naturalDispersal,,1908,2001,"Preda C, Adam C, Constantinescu IC, Popa OP, Popa LO, Balcu M-J, Brezeanu AM, Dascalu MM, Draghici A-C, Gavrilescu CF, Gavrilidis AA, Gheoca V, Iorgu EI, Iorgu IS, Krapal AM, Maican S, Manci C-O, Manta N, Manu M, Motoc RM, Niculae IM, Petrescu A-M, Pintilioaie A-M, Popa AF, Radac IA, Rozylowicz L, Ruicanescu A, Sahlean TC, Surugiu V, Serban C, Stefan A, Szekely L, Tausan I, Skolka M (2026) From soil to stream and sea: species richness and distribution of alien invertebrates in Romania. NeoBiota. | Adam C, Constantinescu IC, Draghici AC, Fusu L, Fusu MM, Gheoca V, Iorgu IS, Irimia AG, Maican S, Manci CO, Manu M, Mitroiu MD, Olosutean HG, Perju M, Petrescu AM, Pintilioaie AM, Popa AF, Popescu IE, Popovici OA, Prunar FV, Radac IA, Sahlean TC, Sitar C, Stanciu CR, Szekely L, Tausan I, Tomozii IB, Torok SC, Zaharia LG (2022) Raport final privind distributia speciilor de nevertebrate terestre alogene din hot-spot-uri si caile prioritare de patrundere (an 3 cartare). Raport intocmit in cadrul Proiectului POIM2014+120008 - Managementul adecvat al speciilor invazive din Romania, in conformitate cu Regulamentul UE 1143/2014 referitor la prevenirea si gestionarea introducerii si raspandirii speciilor alogene invazive. Ministerul Mediului, Apelor si Padurilor & Universitatea din Bucuresti, Bucuresti.",,Cryptogenic,TRUE,FALSE,FALSE,Plantae,2025-11-26,Cristina Preda | Laurentiu Rozylowicz,Marius Skolka | Carla F. Gavrilescu
OSROUCKLUCW2K47W4N989V,"Aphis (Aphis) annuae Oestlund, 1886",Animalia,Arthropoda,Insecta,Hemiptera,Aphididae,Aphis,species,ICZN,Romania,RO,present,introduced,colonising,transportContaminant,parasitesOnPlants,,1908,2022,"Preda C, Adam C, Constantinescu IC, Popa OP, Popa LO, Balcu M-J, Brezeanu AM, Dascalu MM, Draghici A-C, Gavrilescu CF, Gavrilidis AA, Gheoca V, Iorgu EI, Iorgu IS, Krapal AM, Maican S, Manci C-O, Manta N, Manu M, Motoc RM, Niculae IM, Petrescu A-M, Pintilioaie A-M, Popa AF, Radac IA, Rozylowicz L, Ruicanescu A, Sahlean TC, Surugiu V, Serban C, Stefan A, Szekely L, Tausan I, Skolka M (2026) From soil to stream and sea: species richness and distribution of alien invertebrates in Romania. NeoBiota.",,Northern America,TRUE,FALSE,FALSE,Malus,2025-11-26,Cristina Preda | Laurentiu Rozylowicz,Costica Adam
OSROUCKLUXOJZFN4GY7CLN,"Rhopalosiphum padi (Linnaeus, 1758)",Animalia,Arthropoda,Insecta,Hemiptera,Aphididae,Rhopalosiphum,species,ICZN,Romania,RO,doubtful,uncertain,established,transportContaminant,parasitesOnPlants,naturalDispersal,1908,2018,Teodorescu I (2018) Contribution to database of alien/invasive Homoptera insects in Romania. Romanian Journal of Biology - Zoology 63(1-2): 29-68. | (2001) Handbook of Vegetable Pests. https://doi.org/10.1016/B978-0-12-158861-8.X5000-5,,Northern America,TRUE,FALSE,FALSE,Prunus | Poaceae,2026-03-18,Cristina Preda | Laurentiu Rozylowicz,Marius Skolka | Carla F. Gavrilescu
OSROUCKLVMR6FCWRPLKGRP,"Ameiurus nebulosus (Lesueur, 1819)",Animalia,Chordata,Actinopterygii,Siluriformes,Ictaluridae,Ameiurus,species,ICZN,Romania,RO,present,introduced,invasive,unaided,releaseInNature,,1908,2025,"Cogalniceanu D, Cobzaru I, Dragan O, Fanaru G, Iftime A, Stanescu F, Telea E, Topliceanu S, Ureche D, Chisamera G, Petrescu A, Iftime O (2021) Raport tehnic privind sursele bibliografice referitoare la speciile de vertebrate terestre alogene invazive si potential invazive. Zenodo. https://doi.org/10.5281/zenodo.5593956 | Iftime A, Iftime O (2021) Alien fish, amphibian and reptile species in Romania and their invasive status: a review with new data. Travaux du Museum National d'Histoire Naturelle ""Grigore Antipa"" 64: 131-186. https://doi.org/10.3897/travaux.64.e67558 | Dragan O, Rozylowicz L, Ureche D, Falka I, Cogalniceanu D (2024) Invasive fish species in Romanian freshwater. A review of over 100 years of occurrence reports. NeoBiota 94: 15-30. https://doi.org/10.3897/neobiota.94.117313 | Nagy AA, Eros N, Imecs I, Bone G, Fulop A, Pap PL (2023) Distribution and diversity of fishes and lampreys in Transylvania (Romania): a complete survey and suggestions for new protected areas. ZooKeys 1166: 351-373. https://doi.org/10.3897/zookeys.1166.102854 | https://www.inaturalist.org/observations/305622549",,Northern America,FALSE,FALSE,TRUE,,2025-11-26,Cristina Preda | Laurentiu Rozylowicz,Florina Stanescu
OSROUCKL8B0NPDQ55Y7FDJ,Ambrosia artemisiifolia L.,Plantae,Tracheophyta,Magnoliopsida,Asterales,Asteraceae,Ambrosia,species,ICN,Romania,RO,present,introduced,invasive,vehicles,naturalDispersal,,1908,2022,"Anastasiu P, Miu I, Gavrilidis A, Preda C, Rozylowicz L, Sirbu C, Oprea A, Urziceanu M, Camen-Comanescu P, Nagoda E, Memedemin D, Barbos M, Boruz V, Cislariu A, Don I, Fagaras M, Frink J, Georgescu I, Haruta O, Hurdu B-I, Matis A, Milanovici S, Muncaciu S, Neacsu A, Neblea M, Nicolin A, Niculescu M, Oroian S, Pop O, Radutoiu D, Samarghitan M, Simion I, Soare L, Steiu C, Stoianov E, Strat D, Szabo A, Szatmari P, Tanase C, Mirea M, Manta N, Sirbu I (2024) Alien plant species distribution in Romania: a nationwide survey following the implementation of the EU Regulation on Invasive Alien Species. Biodiversity Data Journal 12. https://doi.org/10.3897/BDJ.12.e119539 | Javorka S (1925) Magyar flora (Flora Hungarica) (I, II). Budapest",,Eastern Canada | North-Central U.S.A. | Northeastern U.S.A. | Northwestern U.S.A. | South-Central U.S.A. | Southeastern U.S.A. | Southwestern U.S.A. | Subarctic America | Western Canada,TRUE,FALSE,FALSE,,2025-11-26,Cristina Preda | Laurentiu Rozylowicz,Paulina Anastasiu
OSRO4NLSTRYITJH3YY,Tradescantia virginiana L.,Plantae,Tracheophyta,Liliopsida,Commelinales,Commelinaceae,Tradescantia,species,ICN,Romania,RO,present,introduced,casual,ornamentalNonHorticulture,,,1909,2022,"Anastasiu P, Miu I, Gavrilidis A, Preda C, Rozylowicz L, Sirbu C, Oprea A, Urziceanu M, Camen-Comanescu P, Nagoda E, Memedemin D, Barbos M, Boruz V, Cislariu A, Don I, Fagaras M, Frink J, Georgescu I, Haruta O, Hurdu B-I, Matis A, Milanovici S, Muncaciu S, Neacsu A, Neblea M, Nicolin A, Niculescu M, Oroian S, Pop O, Radutoiu D, Samarghitan M, Simion I, Soare L, Steiu C, Stoianov E, Strat D, Szabo A, Szatmari P, Tanase C, Mirea M, Manta N, Sirbu I (2024) Alien plant species distribution in Romania: a nationwide survey following the implementation of the EU Regulation on Invasive Alien Species. Biodiversity Data Journal 12. https://doi.org/10.3897/BDJ.12.e119539 | Savulescu T (Ed) (1952-1976) Flora R. P. Romane - R. S. Romania, I-XIII. Bucuresti: Edit. Acad. R. P. Romane (R. S. Romania)",,Caribbean | Eastern Canada | North-Central U.S.A. | Northeastern U.S.A. | Southeastern U.S.A.,TRUE,FALSE,FALSE,,2025-11-26,Cristina Preda | Laurentiu Rozylowicz,Paulina Anastasiu
OSRODD2RHLJIC1KC3Y,Thladiantha dubia Bunge,Plantae,Tracheophyta,Magnoliopsida,Cucurbitales,Cucurbitaceae,Thladiantha,species,ICN,Romania,RO,present,introduced,invasive,ornamentalNonHorticulture,,,1909,2022,"Anastasiu P, Miu I, Gavrilidis A, Preda C, Rozylowicz L, Sirbu C, Oprea A, Urziceanu M, Camen-Comanescu P, Nagoda E, Memedemin D, Barbos M, Boruz V, Cislariu A, Don I, Fagaras M, Frink J, Georgescu I, Haruta O, Hurdu B-I, Matis A, Milanovici S, Muncaciu S, Neacsu A, Neblea M, Nicolin A, Niculescu M, Oroian S, Pop O, Radutoiu D, Samarghitan M, Simion I, Soare L, Steiu C, Stoianov E, Strat D, Szabo A, Szatmari P, Tanase C, Mirea M, Manta N, Sirbu I (2024) Alien plant species distribution in Romania: a nationwide survey following the implementation of the EU Regulation on Invasive Alien Species. Biodiversity Data Journal 12. https://doi.org/10.3897/BDJ.12.e119539 | Anastasiu P, Sarbu I, Negrean G (2009) Verbesina encelioides-A new alien plant in Romania. Annals of the University of Craiova-Agriculture, Montanology, Cadastre Series, 39(2), 15-18 | Topa Em (1947) Contributiuni noui la cunoasterea ergasiophygophytelor din Cluj. Bul. Grad. Bot. Muz. Bot. Cluj, 27(3-4): 181-188",,China | Eastern Asia | Russian Far East,TRUE,FALSE,FALSE,,2025-11-26,Cristina Preda | Laurentiu Rozylowicz,Daniyar Memedemin
OSROUCKLN63FWAMIHTY0E8,"Cepaea hortensis (O. F. Müller, 1774)",Animalia,Mollusca,Gastropoda,Stylommatophora,Helicidae,Cepaea,species,ICZN,Romania,RO,present,introduced,invasive,horticulture,releaseInNature,,1911,2023,"Preda C, Adam C, Constantinescu IC, Popa OP, Popa LO, Balcu M-J, Brezeanu AM, Dascalu MM, Draghici A-C, Gavrilescu CF, Gavrilidis AA, Gheoca V, Iorgu EI, Iorgu IS, Krapal AM, Maican S, Manci C-O, Manta N, Manu M, Motoc RM, Niculae IM, Petrescu A-M, Pintilioaie A-M, Popa AF, Radac IA, Rozylowicz L, Ruicanescu A, Sahlean TC, Surugiu V, Serban C, Stefan A, Szekely L, Tausan I, Skolka M (2026) From soil to stream and sea: species richness and distribution of alien invertebrates in Romania. NeoBiota. | Gheoca V, Benedek AM, Cameron RAD, Stroia RC (2019) A century after introduction: variability in Cepaea hortensis (Muller, 1774) in Sibiu, central Romania. Journal of Molluscan Studies 85: 197-203. https://doi.org/10.1093/mollus/eyy064",,Western Europe | Northern Europe,TRUE,FALSE,FALSE,,2025-11-26,Cristina Preda | Laurentiu Rozylowicz,Oana P. Popa
OSROUCKLCAOTH7H5UPEDO9,Amaranthus crispus (Lesp. & Thévenau) N.Terracc.,Plantae,Tracheophyta,Magnoliopsida,Caryophyllales,Amaranthaceae,Amaranthus,species,ICN,Romania,RO,present,introduced,invasive,seedContaminant,otherTransport,naturalDispersal,1911,2022,"Anastasiu P, Miu I, Gavrilidis A, Preda C, Rozylowicz L, Sirbu C, Oprea A, Urziceanu M, Camen-Comanescu P, Nagoda E, Memedemin D, Barbos M, Boruz V, Cislariu A, Don I, Fagaras M, Frink J, Georgescu I, Haruta O, Hurdu B-I, Matis A, Milanovici S, Muncaciu S, Neacsu A, Neblea M, Nicolin A, Niculescu M, Oroian S, Pop O, Radutoiu D, Samarghitan M, Simion I, Soare L, Steiu C, Stoianov E, Strat D, Szabo A, Szatmari P, Tanase C, Mirea M, Manta N, Sirbu I (2024) Alien plant species distribution in Romania: a nationwide survey following the implementation of the EU Regulation on Invasive Alien Species. Biodiversity Data Journal 12. https://doi.org/10.3897/BDJ.12.e119539",,Southern South America,TRUE,FALSE,FALSE,,2025-11-26,Cristina Preda | Laurentiu Rozylowicz,Daniyar Memedemin
OSROUCKL0YIBE2M4MM5TAG,"Cryptophagus acutangulus Gyllenhal, 1827",Animalia,Arthropoda,Insecta,Coleoptera,Cryptophagidae,Cryptophagus,species,ICZN,Romania,RO,present,introduced,colonising,transportContaminant,naturalDispersal,,1912,1925,"Preda C, Adam C, Constantinescu IC, Popa OP, Popa LO, Balcu M-J, Brezeanu AM, Dascalu MM, Draghici A-C, Gavrilescu CF, Gavrilidis AA, Gheoca V, Iorgu EI, Iorgu IS, Krapal AM, Maican S, Manci C-O, Manta N, Manu M, Motoc RM, Niculae IM, Petrescu A-M, Pintilioaie A-M, Popa AF, Radac IA, Rozylowicz L, Ruicanescu A, Sahlean TC, Surugiu V, Serban C, Stefan A, Szekely L, Tausan I, Skolka M (2026) From soil to stream and sea: species richness and distribution of alien invertebrates in Romania. NeoBiota. | Adam C, Constantinescu IC, Draghici AC, Fusu L, Fusu MM, Gheoca V, Iorgu IS, Irimia AG, Maican S, Manci CO, Manu M, Mitroiu MD, Olosutean HG, Perju M, Petrescu AM, Pintilioaie AM, Popa AF, Popescu IE, Popovici OA, Prunar FV, Radac IA, Sahlean TC, Sitar C, Stanciu CR, Szekely L, Tausan I, Tomozii IB, Torok SC, Zaharia LG (2022) Raport final privind distributia speciilor de nevertebrate terestre alogene din hot-spot-uri si caile prioritare de patrundere (an 3 cartare). Raport intocmit in cadrul Proiectului POIM2014+120008 - Managementul adecvat al speciilor invazive din Romania, in conformitate cu Regulamentul UE 1143/2014 referitor la prevenirea si gestionarea introducerii si raspandirii speciilor alogene invazive. Ministerul Mediului, Apelor si Padurilor & Universitatea din Bucuresti, Bucuresti.",,Cryptogenic,TRUE,FALSE,FALSE,Fungi,2025-11-26,Cristina Preda | Laurentiu Rozylowicz,Marius Skolka | Carla F. Gavrilescu
OSROUCKL2RUVWRWWFGA6UC,"Alphitophagus bifasciatus (Say, 1824)",Animalia,Arthropoda,Insecta,Coleoptera,Tenebrionidae,Alphitophagus,species,ICZN,Romania,RO,present,introduced,colonising,transportStowaway,naturalDispersal,,1912,2021,"Preda C, Adam C, Constantinescu IC, Popa OP, Popa LO, Balcu M-J, Brezeanu AM, Dascalu MM, Draghici A-C, Gavrilescu CF, Gavrilidis AA, Gheoca V, Iorgu EI, Iorgu IS, Krapal AM, Maican S, Manci C-O, Manta N, Manu M, Motoc RM, Niculae IM, Petrescu A-M, Pintilioaie A-M, Popa AF, Radac IA, Rozylowicz L, Ruicanescu A, Sahlean TC, Surugiu V, Serban C, Stefan A, Szekely L, Tausan I, Skolka M (2026) From soil to stream and sea: species richness and distribution of alien invertebrates in Romania. NeoBiota. | Adam C, Constantinescu IC, Draghici AC, Fusu L, Fusu MM, Gheoca V, Iorgu IS, Irimia AG, Maican S, Manci CO, Manu M, Mitroiu MD, Olosutean HG, Perju M, Petrescu AM, Pintilioaie AM, Popa AF, Popescu IE, Popovici OA, Prunar FV, Radac IA, Sahlean TC, Sitar C, Stanciu CR, Szekely L, Tausan I, Tomozii IB, Torok SC, Zaharia LG (2022) Raport final privind distributia speciilor de nevertebrate terestre alogene din hot-spot-uri si caile prioritare de patrundere (an 3 cartare). Raport intocmit in cadrul Proiectului POIM2014+120008 - Managementul adecvat al speciilor invazive din Romania, in conformitate cu Regulamentul UE 1143/2014 referitor la prevenirea si gestionarea introducerii si raspandirii speciilor alogene invazive. Ministerul Mediului, Apelor si Padurilor & Universitatea din Bucuresti, Bucuresti.",,Southern Europe,TRUE,FALSE,FALSE,Poaceae,2025-11-26,Cristina Preda | Laurentiu Rozylowicz,Marius Skolka | Carla F. Gavrilescu
OSRORQLH8YJQLWS4Y7,Celtis australis L.,Plantae,Tracheophyta,Magnoliopsida,Rosales,Cannabaceae,Celtis,species,ICN,Romania,RO,present,introduced,casual,ornamentalNonHorticulture,,,1912,2025,"Anastasiu P, Miu I, Gavrilidis A, Preda C, Rozylowicz L, Sirbu C, Oprea A, Urziceanu M, Camen-Comanescu P, Nagoda E, Memedemin D, Barbos M, Boruz V, Cislariu A, Don I, Fagaras M, Frink J, Georgescu I, Haruta O, Hurdu B-I, Matis A, Milanovici S, Muncaciu S, Neacsu A, Neblea M, Nicolin A, Niculescu M, Oroian S, Pop O, Radutoiu D, Samarghitan M, Simion I, Soare L, Steiu C, Stoianov E, Strat D, Szabo A, Szatmari P, Tanase C, Mirea M, Manta N, Sirbu I (2024) Alien plant species distribution in Romania: a nationwide survey following the implementation of the EU Regulation on Invasive Alien Species. Biodiversity Data Journal 12. https://doi.org/10.3897/BDJ.12.e119539 | https://www.gbif.org/occurrence/6176612824 | https://www.gbif.org/occurrence/5932513840 | Blackburn TM, Pysek P, Bacher S, Carlton JT, Duncan RP, Jarosik V, Wilson JR, Richardson DM (2011) A proposed unified framework for biological invasions. Trends in Ecology and Evolution 26: 333-339. https://doi.org/10.1016/j.tree.2011.03.023",,Caucasus | Northern Africa | Southeastern Europe | Southwestern Europe | Western Asia,TRUE,FALSE,FALSE,,2025-11-26,Cristina Preda | Laurentiu Rozylowicz,Ioana-Minodora Sirbu
OSROYJTAU1GOFY5F49,Juncus tenuis Willd.,Plantae,Tracheophyta,Liliopsida,Poales,Juncaceae,Juncus,species,ICN,Romania,RO,present,introduced,established,naturalDispersal,,,1913,2022,"Anastasiu P, Miu I, Gavrilidis A, Preda C, Rozylowicz L, Sirbu C, Oprea A, Urziceanu M, Camen-Comanescu P, Nagoda E, Memedemin D, Barbos M, Boruz V, Cislariu A, Don I, Fagaras M, Frink J, Georgescu I, Haruta O, Hurdu B-I, Matis A, Milanovici S, Muncaciu S, Neacsu A, Neblea M, Nicolin A, Niculescu M, Oroian S, Pop O, Radutoiu D, Samarghitan M, Simion I, Soare L, Steiu C, Stoianov E, Strat D, Szabo A, Szatmari P, Tanase C, Mirea M, Manta N, Sirbu I (2024) Alien plant species distribution in Romania: a nationwide survey following the implementation of the EU Regulation on Invasive Alien Species. Biodiversity Data Journal 12. https://doi.org/10.3897/BDJ.12.e119539 | Anastasiu P, Negrean G (2009) Neophytes in Romania. In: Rakosy L, Momeu L (Eds) Neobiota din Romania. Presa Universitara Clujeana, Cluj-Napoca, 66–97",,Eastern Canada | Mexico | North-Central U.S.A. | Northeastern U.S.A. | Northwestern U.S.A. | South-Central U.S.A. | Southeastern U.S.A. | Southwestern U.S.A.,TRUE,FALSE,TRUE,,2025-11-26,Cristina Preda | Laurentiu Rozylowicz,Paulina Anastasiu
OSROUCKLEZUZUP2TSE2RTA,"Ephestia kuehniella Zeller, 1879",Animalia,Arthropoda,Insecta,Lepidoptera,Pyralidae,Ephestia,species,ICZN,Romania,RO,present,introduced,colonising,transportContaminant,transportStowaway,,1914,2022,"Adam C, Constantinescu IC, Draghici AC, Fusu L, Fusu MM, Gheoca V, Iorgu IS, Irimia AG, Maican S, Manci CO, Manu M, Mitroiu MD, Olosutean HG, Perju M, Petrescu AM, Pintilioaie AM, Popa AF, Popescu IE, Popovici OA, Prunar FV, Radac IA, Sahlean TC, Sitar C, Stanciu CR, Szekely L, Tausan I, Tomozii IB, Torok SC, Zaharia LG (2022) Raport final privind distributia speciilor de nevertebrate terestre alogene din hot-spot-uri si caile prioritare de patrundere (an 3 cartare). Raport intocmit in cadrul Proiectului POIM2014+120008 - Managementul adecvat al speciilor invazive din Romania, in conformitate cu Regulamentul UE 1143/2014 referitor la prevenirea si gestionarea introducerii si raspandirii speciilor alogene invazive. Ministerul Mediului, Apelor si Padurilor & Universitatea din Bucuresti, Bucuresti.",,Southern Europe | Northern Africa | Western Asia | Southern Asia | South-eastern Asia,TRUE,FALSE,FALSE,Poaceae,2025-11-26,Cristina Preda | Laurentiu Rozylowicz,Marius Skolka | Carla F. Gavrilescu
OSROOLN6S77S7G9XY2,Ziziphus jujuba Mill.,Plantae,Tracheophyta,Magnoliopsida,Rosales,Rhamnaceae,Ziziphus,species,ICN,Romania,RO,present,introduced,established,escapeFromConfinement,,,1914,2024,"Preda C, Adam C, Constantinescu IC, Popa OP, Popa LO, Balcu M-J, Brezeanu AM, Dascalu MM, Draghici A-C, Gavrilescu CF, Gavrilidis AA, Gheoca V, Iorgu EI, Iorgu IS, Krapal AM, Maican S, Manci C-O, Manta N, Manu M, Motoc RM, Niculae IM, Petrescu A-M, Pintilioaie A-M, Popa AF, Radac IA, Rozylowicz L, Ruicanescu A, Sahlean TC, Surugiu V, Serban C, Stefan A, Szekely L, Tausan I, Skolka M (2026) From soil to stream and sea: species richness and distribution of alien invertebrates in Romania. NeoBiota.",,China | Eastern Asia,TRUE,FALSE,FALSE,,2025-11-26,Cristina Preda | Laurentiu Rozylowicz,Ioana-Minodora Sirbu
OSROUCKLAF0ZPNGG2B26W3,"Dama dama (Linnaeus, 1758)",Animalia,Chordata,Mammalia,Artiodactyla,Cervidae,Dama,species,ICZN,Romania,RO,present,introduced,colonising,releaseInNature,escapeFromConfinement,hunting,1916,2026,"Cogalniceanu D, Cobzaru I, Dragan O, Fanaru G, Iftime A, Stanescu F, Telea E, Topliceanu S, Ureche D, Chisamera G, Petrescu A, Iftime O (2021) Raport tehnic privind sursele bibliografice referitoare la speciile de vertebrate terestre alogene invazive si potential invazive. Zenodo. https://doi.org/10.5281/zenodo.5593956 | Geacu S (2012) Cerbul lopatar in Romania. Editura Academiei Romane, Bucuresti | GBIF.org (2026) Occurrence Download. The Global Biodiversity Information Facility. https://doi.org/10.15468/dl.m7r7u7",last observation: Marian Tudor personal observations,Western Asia | Southern Europe,TRUE,FALSE,FALSE,,2025-11-26,Cristina Preda | Laurentiu Rozylowicz,Gabriel Chisamera
OSROUCKL6NQV1WGPA9JR5J,Azolla filiculoides Lam.,Plantae,Tracheophyta,Polypodiopsida,Salviniales,Salviniaceae,Azolla,species,ICN,Romania,RO,present,introduced,invasive,waterwaysBasinsSeas,aquacultureMariculture,naturalDispersal,1916,2025,"Anastasiu P, Miu I, Gavrilidis A, Preda C, Rozylowicz L, Sirbu C, Oprea A, Urziceanu M, Camen-Comanescu P, Nagoda E, Memedemin D, Barbos M, Boruz V, Cislariu A, Don I, Fagaras M, Frink J, Georgescu I, Haruta O, Hurdu B-I, Matis A, Milanovici S, Muncaciu S, Neacsu A, Neblea M, Nicolin A, Niculescu M, Oroian S, Pop O, Radutoiu D, Samarghitan M, Simion I, Soare L, Steiu C, Stoianov E, Strat D, Szabo A, Szatmari P, Tanase C, Mirea M, Manta N, Sirbu I (2024) Alien plant species distribution in Romania: a nationwide survey following the implementation of the EU Regulation on Invasive Alien Species. Biodiversity Data Journal 12. https://doi.org/10.3897/BDJ.12.e119539 | GBIF.org (2026) Occurrence Download. The Global Biodiversity Information Facility. https://doi.org/10.15468/dl.pec5x5 | Sirbu C, Oprea A (2011) Plante adventive in flora Romaniei. Editura Ion Ionescu de la Brad, Iasi | Prodan I (1939) Flora pentru determinarea si descrierea plantelor ce cresc in Romania. Ed. 2, Cluj | Blackburn TM, Pysek P, Bacher S, Carlton JT, Duncan RP, Jarosik V, Wilson JRU, Richardson DM (2011) A proposed unified framework for biological invasions. Trends in Ecology and Evolution 26: 333–339. https://doi.org/10.1016/j.tree.2011.03.023 | Plants of the World Online (2026) https://powo.science.kew.org/",,Brazil | Caribbean | Central America | Mexico | North-Central U.S.A. | Northern South America | Northwestern U.S.A. | South-Central U.S.A. | Southeastern U.S.A. | Southern South America | Southwestern U.S.A. | Subantarctic Islands | Subarctic America | Western Canada | Western South America,FALSE,FALSE,TRUE,,2025-11-26,Cristina Preda | Laurentiu Rozylowicz,Mihaela Urziceanu | Lucian Patrascu
OSROUCKLQZ4Z9AYXC84SHC,"Eriosoma lanigerum (Hausmann, 1802)",Animalia,Arthropoda,Insecta,Hemiptera,Aphididae,Eriosoma,species,ICZN,Romania,RO,present,introduced,invasive,transportContaminant,,,1923,2022,"Preda C, Adam C, Constantinescu IC, Popa OP, Popa LO, Balcu M-J, Brezeanu AM, Dascalu MM, Draghici A-C, Gavrilescu CF, Gavrilidis AA, Gheoca V, Iorgu EI, Iorgu IS, Krapal AM, Maican S, Manci C-O, Manta N, Manu M, Motoc RM, Niculae IM, Petrescu A-M, Pintilioaie A-M, Popa AF, Radac IA, Rozylowicz L, Ruicanescu A, Sahlean TC, Surugiu V, Serban C, Stefan A, Szekely L, Tausan I, Skolka M (2026) From soil to stream and sea: species richness and distribution of alien invertebrates in Romania. NeoBiota.",,Northern America (E),TRUE,FALSE,FALSE,Malus,2025-11-26,Cristina Preda | Laurentiu Rozylowicz,Costica Adam
OSROUCKLRQ3NDUGWPB1ICR,"Aphelinus mali (Haldeman, 1851)",Animalia,Arthropoda,Insecta,Hymenoptera,Aphelinidae,Aphelinus,species,ICZN,Romania,RO,present,introduced,released,biologicalControl,,,1923,2010,"Rasplus J-Y, Villemant C, Rosa Paiva M, Delvare G, Roques A (2010) Hymenoptera. Chapter 12. BioRisk 4: 669-776. https://doi.org/10.3897/biorisk.4.55 | Teodorescu I (2018) Contribution to database of alien/invasive Homoptera insects in Romania. Romanian Journal of Biology - Zoology 63(1-2): 29-68.",,Northern America,TRUE,FALSE,FALSE,Eriosoma lanigerum,2026-03-15,Cristina Preda | Laurentiu Rozylowicz,Marius Skolka | Carla F. Gavrilescu
OSROFXVGMAUOV1ZTC7,Impatiens parviflora DC.,Plantae,Tracheophyta,Magnoliopsida,Ericales,Balsaminaceae,Impatiens,species,ICN,Romania,RO,present,introduced,invasive,horticulture,,,1923,2022,"Prodan I (1923) Flora pentru determinarea si descrierea plantelor ce cresc in Romania, Ed. 1. Cluj: Tipogr. Cartea Romaneasca",,Central Asia | China | Mongolia | Siberia | Western Asia,TRUE,FALSE,FALSE,,2025-11-26,Cristina Preda | Laurentiu Rozylowicz,Culita Sirbu
OSROUCKLEUC7MBYA4XS40B,"Cryptophagus fallax Balfour-Browne, 1953",Animalia,Arthropoda,Insecta,Coleoptera,Cryptophagidae,Cryptophagus,species,ICZN,Romania,RO,present,introduced,colonising,transportStowaway,naturalDispersal,,1925,1925,"Preda C, Adam C, Constantinescu IC, Popa OP, Popa LO, Balcu M-J, Brezeanu AM, Dascalu MM, Draghici A-C, Gavrilescu CF, Gavrilidis AA, Gheoca V, Iorgu EI, Iorgu IS, Krapal AM, Maican S, Manci C-O, Manta N, Manu M, Motoc RM, Niculae IM, Petrescu A-M, Pintilioaie A-M, Popa AF, Radac IA, Rozylowicz L, Ruicanescu A, Sahlean TC, Surugiu V, Serban C, Stefan A, Szekely L, Tausan I, Skolka M (2026) From soil to stream and sea: species richness and distribution of alien invertebrates in Romania. NeoBiota. | Adam C, Constantinescu IC, Draghici AC, Fusu L, Fusu MM, Gheoca V, Iorgu IS, Irimia AG, Maican S, Manci CO, Manu M, Mitroiu MD, Olosutean HG, Perju M, Petrescu AM, Pintilioaie AM, Popa AF, Popescu IE, Popovici OA, Prunar FV, Radac IA, Sahlean TC, Sitar C, Stanciu CR, Szekely L, Tausan I, Tomozii IB, Torok SC, Zaharia LG (2022) Raport final privind distributia speciilor de nevertebrate terestre alogene din hot-spot-uri si caile prioritare de patrundere (an 3 cartare). Raport intocmit in cadrul Proiectului POIM2014+120008 - Managementul adecvat al speciilor invazive din Romania, in conformitate cu Regulamentul UE 1143/2014 referitor la prevenirea si gestionarea introducerii si raspandirii speciilor alogene invazive. Ministerul Mediului, Apelor si Padurilor & Universitatea din Bucuresti, Bucuresti.",,Cryptogenic,TRUE,FALSE,FALSE,Fungi,2025-11-26,Cristina Preda | Laurentiu Rozylowicz,Marius Skolka | Carla F. Gavrilescu
OSROUCKLM9Z5HG1X5HT48Q,"Rhopalosiphum maidis (Fitch, 1856)",Animalia,Arthropoda,Insecta,Hemiptera,Aphididae,Rhopalosiphum,species,ICZN,Romania,RO,present,introduced,colonising,transportContaminant,parasitesOnPlants,,1925,2021,"Preda C, Adam C, Constantinescu IC, Popa OP, Popa LO, Balcu M-J, Brezeanu AM, Dascalu MM, Draghici A-C, Gavrilescu CF, Gavrilidis AA, Gheoca V, Iorgu EI, Iorgu IS, Krapal AM, Maican S, Manci C-O, Manta N, Manu M, Motoc RM, Niculae IM, Petrescu A-M, Pintilioaie A-M, Popa AF, Radac IA, Rozylowicz L, Ruicanescu A, Sahlean TC, Surugiu V, Serban C, Stefan A, Szekely L, Tausan I, Skolka M (2026) From soil to stream and sea: species richness and distribution of alien invertebrates in Romania. NeoBiota.",,Eastern Asia,TRUE,FALSE,FALSE,Poaceae,2025-11-26,Cristina Preda | Laurentiu Rozylowicz,Costica Adam
OSROQ69BTHSLN44TV7,Sempervivum tectorum L.,Plantae,Tracheophyta,Magnoliopsida,Saxifragales,Crassulaceae,Sempervivum,species,ICN,Romania,RO,present,introduced,established,ornamentalNonHorticulture,,,1925,2020,"Anastasiu P, Miu I, Gavrilidis A, Preda C, Rozylowicz L, Sirbu C, Oprea A, Urziceanu M, Camen-Comanescu P, Nagoda E, Memedemin D, Barbos M, Boruz V, Cislariu A, Don I, Fagaras M, Frink J, Georgescu I, Haruta O, Hurdu B-I, Matis A, Milanovici S, Muncaciu S, Neacsu A, Neblea M, Nicolin A, Niculescu M, Oroian S, Pop O, Radutoiu D, Samarghitan M, Simion I, Soare L, Steiu C, Stoianov E, Strat D, Szabo A, Szatmari P, Tanase C, Mirea M, Manta N, Sirbu I (2024) Alien plant species distribution in Romania: a nationwide survey following the implementation of the EU Regulation on Invasive Alien Species. Biodiversity Data Journal 12. https://doi.org/10.3897/BDJ.12.e119539 | Sirbu C, Oprea A (2011) Plante adventive in flora Romaniei. Editura Ion Ionescu de la Brad, Iasi, Romania, 734 pp | Blackburn TM, Pysek P, Bacher S, Carlton JT, Duncan RP, Jarosik V, Wilson JR, Richardson DM (2011) A proposed unified framework for biological invasions. Trends in Ecology and Evolution 26: 333-339. https://doi.org/10.1016/j.tree.2011.03.023",,Middle Europe | Southeastern Europe | Southwestern Europe,TRUE,FALSE,FALSE,,2025-11-26,Cristina Preda | Laurentiu Rozylowicz,Ioana-Minodora Sirbu
OSROUCKLIISP7VMURWOZIA,"Acanthoscelides obtectus (Say, 1831)",Animalia,Arthropoda,Insecta,Coleoptera,Chrysomelidae,Acanthoscelides,species,ICZN,Romania,RO,present,introduced,invasive,transportContaminant,naturalDispersal,,1926,2022,"Preda C, Adam C, Constantinescu IC, Popa OP, Popa LO, Balcu M-J, Brezeanu AM, Dascalu MM, Draghici A-C, Gavrilescu CF, Gavrilidis AA, Gheoca V, Iorgu EI, Iorgu IS, Krapal AM, Maican S, Manci C-O, Manta N, Manu M, Motoc RM, Niculae IM, Petrescu A-M, Pintilioaie A-M, Popa AF, Radac IA, Rozylowicz L, Ruicanescu A, Sahlean TC, Surugiu V, Serban C, Stefan A, Szekely L, Tausan I, Skolka M (2026) From soil to stream and sea: species richness and distribution of alien invertebrates in Romania. NeoBiota.",,Central America | South America,TRUE,FALSE,FALSE,Phaseolus,2025-11-26,Cristina Preda | Laurentiu Rozylowicz,Marius Skolka
OSROZ0C70FUCMT0QKR,Brassica juncea (L.) Czern.,Plantae,Tracheophyta,Magnoliopsida,Brassicales,Brassicaceae,Brassica,species,ICN,Romania,RO,present,introduced,reproducing,agriculture,,,1926,2020,"Anastasiu P, Miu I, Gavrilidis A, Preda C, Rozylowicz L, Sirbu C, Oprea A, Urziceanu M, Camen-Comanescu P, Nagoda E, Memedemin D, Barbos M, Boruz V, Cislariu A, Don I, Fagaras M, Frink J, Georgescu I, Haruta O, Hurdu B-I, Matis A, Milanovici S, Muncaciu S, Neacsu A, Neblea M, Nicolin A, Niculescu M, Oroian S, Pop O, Radutoiu D, Samarghitan M, Simion I, Soare L, Steiu C, Stoianov E, Strat D, Szabo A, Szatmari P, Tanase C, Mirea M, Manta N, Sirbu I (2024) Alien plant species distribution in Romania: a nationwide survey following the implementation of the EU Regulation on Invasive Alien Species. Biodiversity Data Journal 12. https://doi.org/10.3897/BDJ.12.e119539 | Kang L, Qian L, Zheng M, Chen L, Chen H, Yang L, You L, Yang B, Yan M, Gu Y, Wang T, Schiessl S-V, An H, Blischak P, Liu X, Lu H, Zhang D, Rao Y, Jia D, Zhou D, Xiao H, Wang Y, Xiong X, Mason AS, Chris Pires J, Snowdon RJ, Hua W, Liu Z (2021) Genomic insights into the origin, domestication and diversification of Brassica juncea. Nature Genetics 53: 1392–1402. https://doi.org/10.1038/s41588-021-00922-y",,cultigen of hybrid origin,TRUE,FALSE,FALSE,,2025-11-26,Cristina Preda | Laurentiu Rozylowicz,Daniyar Memedemin
OSROUCKLVAHTSOZRCN4MZ6,"Amphibalanus improvisus (Darwin, 1854)",Animalia,Arthropoda,Hexanauplia,Balanomorpha,Balanidae,Amphibalanus,species,ICZN,Romania,RO,present,introduced,invasive,waterwaysBasinsSeas,ballastWater,hullFouling,1927,2022,"Preda C, Adam C, Constantinescu IC, Popa OP, Popa LO, Balcu M-J, Brezeanu AM, Dascalu MM, Draghici A-C, Gavrilescu CF, Gavrilidis AA, Gheoca V, Iorgu EI, Iorgu IS, Krapal AM, Maican S, Manci C-O, Manta N, Manu M, Motoc RM, Niculae IM, Petrescu A-M, Pintilioaie A-M, Popa AF, Radac IA, Rozylowicz L, Ruicanescu A, Sahlean TC, Surugiu V, Serban C, Stefan A, Szekely L, Tausan I, Skolka M (2026) From soil to stream and sea: species richness and distribution of alien invertebrates in Romania. NeoBiota. | Bancila R, Skolka M, Ivanova P, Surugiu V, Stefanova K, Todorova V, Zenetos A (2022) Alien species of the Romanian and Bulgarian Black Sea coast: state of knowledge, uncertainties, and needs for future research. Aquatic Invasions 17: 253-273. https://doi.org/10.3391/ai.2022.17.3.02",,Northern America (NW Atlantic coast) | Central America (Gulf of Mexico) | Caribbean | South America (SW Atlantic coast),FALSE,TRUE,TRUE,,2025-11-26,Cristina Preda | Laurentiu Rozylowicz,Oana P. Popa
OSROUCKLAK22D2THM63K6J,"Stenchaetothrips biformis (Bagnall, 1913)",Animalia,Arthropoda,Insecta,Thysanoptera,Thripidae,Stenchaetothrips,species,ICZN,Romania,RO,present,introduced,colonising,transportContaminant,naturalDispersal,,1927,1964,"Preda C, Adam C, Constantinescu IC, Popa OP, Popa LO, Balcu M-J, Brezeanu AM, Dascalu MM, Draghici A-C, Gavrilescu CF, Gavrilidis AA, Gheoca V, Iorgu EI, Iorgu IS, Krapal AM, Maican S, Manci C-O, Manta N, Manu M, Motoc RM, Niculae IM, Petrescu A-M, Pintilioaie A-M, Popa AF, Radac IA, Rozylowicz L, Ruicanescu A, Sahlean TC, Surugiu V, Serban C, Stefan A, Szekely L, Tausan I, Skolka M (2026) From soil to stream and sea: species richness and distribution of alien invertebrates in Romania. NeoBiota.",,Asia,TRUE,FALSE,FALSE,Poaceae,2025-11-26,Cristina Preda | Laurentiu Rozylowicz,Marius Skolka | Carla F. Gavrilescu
OSROUCKLYTI70YWESVXGXI,"Chthamalus stellatus (Poli, 1791)",Animalia,Arthropoda,Thecostraca,Balanomorpha,Chthamalidae,Chthamalus,species,ICZN,Romania,RO,absent,introduced,failing,transportStowaway,hullFouling,naturalDispersal,1927,2022,"Preda C, Adam C, Constantinescu IC, Popa OP, Popa LO, Balcu M-J, Brezeanu AM, Dascalu MM, Draghici A-C, Gavrilescu CF, Gavrilidis AA, Gheoca V, Iorgu EI, Iorgu IS, Krapal AM, Maican S, Manci C-O, Manta N, Manu M, Motoc RM, Niculae IM, Petrescu A-M, Pintilioaie A-M, Popa AF, Radac IA, Rozylowicz L, Ruicanescu A, Sahlean TC, Surugiu V, Serban C, Stefan A, Szekely L, Tausan I, Skolka M (2026) From soil to stream and sea: species richness and distribution of alien invertebrates in Romania. NeoBiota.",,Atlantic Ocean | Mediterranean Sea,FALSE,TRUE,FALSE,,2025-11-26,Cristina Preda | Laurentiu Rozylowicz,Marius Skolka | Carla F. Gavrilescu
OSROUCKLVK5W2XSJMS0LLS,"Gambusia holbrooki Girard, 1859",Animalia,Chordata,Actinopterygii,Cyprinodontiformes,Poeciliidae,Gambusia,species,ICZN,Romania,RO,present,introduced,established,releaseInNature,biologicalControl,naturalDispersal,1927,2026,"Cogalniceanu D, Cobzaru I, Dragan O, Fanaru G, Iftime A, Stanescu F, Telea E, Topliceanu S, Ureche D, Chisamera G, Petrescu A, Iftime O (2021) Raport tehnic privind sursele bibliografice referitoare la speciile de vertebrate terestre alogene invazive si potential invazive. Zenodo. https://doi.org/10.5281/zenodo.5593956 | Dragan O, Rozylowicz L, Ureche D, Falka I, Cogalniceanu D (2024) Invasive fish species in Romanian freshwater. A review of over 100 years of occurrence reports. NeoBiota 94: 15-30. https://doi.org/10.3897/neobiota.94.117313 | Iftime A, Iftime O (2021) Alien fish, amphibian and reptile species in Romania and their invasive status: a review with new data. Travaux du Museum National d'Histoire Naturelle ""Grigore Antipa"" 64: 131-186. https://doi.org/10.3897/travaux.64.e67558 | https://www.inaturalist.org/observations/324510439",species of Union Concern (Regulation 1143/2014),Northern America,FALSE,FALSE,TRUE,,2025-11-26,Cristina Preda | Laurentiu Rozylowicz,Marian Tudor
OSRO6VYXK1H61MQ4OL,Phytolacca acinosa Roxb.,Plantae,Tracheophyta,Magnoliopsida,Caryophyllales,Phytolaccaceae,Phytolacca,species,ICN,Romania,RO,present,introduced,casual,ornamentalNonHorticulture,OtherEscape,,1927,2022,"Anastasiu P, Miu I, Gavrilidis A, Preda C, Rozylowicz L, Sirbu C, Oprea A, Urziceanu M, Camen-Comanescu P, Nagoda E, Memedemin D, Barbos M, Boruz V, Cislariu A, Don I, Fagaras M, Frink J, Georgescu I, Haruta O, Hurdu B-I, Matis A, Milanovici S, Muncaciu S, Neacsu A, Neblea M, Nicolin A, Niculescu M, Oroian S, Pop O, Radutoiu D, Samarghitan M, Simion I, Soare L, Steiu C, Stoianov E, Strat D, Szabo A, Szatmari P, Tanase C, Mirea M, Manta N, Sirbu I (2024) Alien plant species distribution in Romania: a nationwide survey following the implementation of the EU Regulation on Invasive Alien Species. Biodiversity Data Journal 12. https://doi.org/10.3897/BDJ.12.e119539",,China | Eastern Asia | Indian Subcontinent | Indo-China,TRUE,FALSE,FALSE,,2025-11-26,Cristina Preda | Laurentiu Rozylowicz,Daniyar Memedemin
OSROUCKLZQY3Q98XMI4ZWP,"Eriophyes pyri (Pagenstecher, 1857)",Animalia,Arthropoda,Arachnida,Sarcoptiformes,Eriophyidae,Eriophyes,species,ICZN,Romania,RO,present,introduced,widespreadInvasive,transportContaminant,parasitesOnPlants,,1928,2022,"Preda C, Adam C, Constantinescu IC, Popa OP, Popa LO, Balcu M-J, Brezeanu AM, Dascalu MM, Draghici A-C, Gavrilescu CF, Gavrilidis AA, Gheoca V, Iorgu EI, Iorgu IS, Krapal AM, Maican S, Manci C-O, Manta N, Manu M, Motoc RM, Niculae IM, Petrescu A-M, Pintilioaie A-M, Popa AF, Radac IA, Rozylowicz L, Ruicanescu A, Sahlean TC, Surugiu V, Serban C, Stefan A, Szekely L, Tausan I, Skolka M (2026) From soil to stream and sea: species richness and distribution of alien invertebrates in Romania. NeoBiota.",,Cryptogenic,TRUE,FALSE,FALSE,Pyrus | Cydonia oblonga,2025-11-26,Cristina Preda | Laurentiu Rozylowicz,Ioana Cristina Constantinescu
OSROUCKLCIFCQUZ1XAW8G4,"Teredo navalis Linnaeus, 1758",Animalia,Mollusca,Bivalvia,Myida,Teredinidae,Teredo,species,ICZN,Romania,RO,present,introduced,colonising,ballastWater,hullFouling,,1928,1928,"Preda C, Adam C, Constantinescu IC, Popa OP, Popa LO, Balcu M-J, Brezeanu AM, Dascalu MM, Draghici A-C, Gavrilescu CF, Gavrilidis AA, Gheoca V, Iorgu EI, Iorgu IS, Krapal AM, Maican S, Manci C-O, Manta N, Manu M, Motoc RM, Niculae IM, Petrescu A-M, Pintilioaie A-M, Popa AF, Radac IA, Rozylowicz L, Ruicanescu A, Sahlean TC, Surugiu V, Serban C, Stefan A, Szekely L, Tausan I, Skolka M (2026) From soil to stream and sea: species richness and distribution of alien invertebrates in Romania. NeoBiota.",,Atlantic Ocean (NE) | Pacific Ocean (NW),FALSE,TRUE,FALSE,,2025-11-26,Cristina Preda | Laurentiu Rozylowicz,Oana P. Popa
OSROUCKLHL4RTIPFAC8N59,"Trialeurodes vaporariorum (Westwood, 1856)",Animalia,Arthropoda,Insecta,Hemiptera,Aleyrodidae,Trialeurodes,species,ICZN,Romania,RO,present,introduced,invasive,transportStowaway,contaminantOnPlants,,1929,2022,"Preda C, Adam C, Constantinescu IC, Popa OP, Popa LO, Balcu M-J, Brezeanu AM, Dascalu MM, Draghici A-C, Gavrilescu CF, Gavrilidis AA, Gheoca V, Iorgu EI, Iorgu IS, Krapal AM, Maican S, Manci C-O, Manta N, Manu M, Motoc RM, Niculae IM, Petrescu A-M, Pintilioaie A-M, Popa AF, Radac IA, Rozylowicz L, Ruicanescu A, Sahlean TC, Surugiu V, Serban C, Stefan A, Szekely L, Tausan I, Skolka M (2026) From soil to stream and sea: species richness and distribution of alien invertebrates in Romania. NeoBiota. | Teodorescu I (2018) Contribution to database of alien/invasive Homoptera insects in Romania. Romanian Journal of Biology - Zoology 63(1-2): 29-68.",,Northern America,TRUE,FALSE,FALSE,Plantae,2025-11-26,Cristina Preda | Laurentiu Rozylowicz,Ioana Cristina Constantinescu
OSROUCKLPTKXFN5HRJFGZ5,"Lepomis gibbosus (Linnaeus, 1758)",Animalia,Chordata,Actinopterygii,Centrarchiformes,Centrarchidae,Lepomis,species,ICZN,Romania,RO,present,introduced,widespreadInvasive,releaseInNature,unaided,ornamentalNonHorticulture,1929,2025,"Cogalniceanu D, Cobzaru I, Dragan O, Fanaru G, Iftime A, Stanescu F, Telea E, Topliceanu S, Ureche D, Chisamera G, Petrescu A, Iftime O (2021) Raport tehnic privind sursele bibliografice referitoare la speciile de vertebrate terestre alogene invazive si potential invazive. Zenodo. https://doi.org/10.5281/zenodo.5593956 | Dragan O, Rozylowicz L, Ureche D, Falka I, Cogalniceanu D (2024) Invasive fish species in Romanian freshwater. A review of over 100 years of occurrence reports. NeoBiota 94: 15-30. https://doi.org/10.3897/neobiota.94.117313 | https://www.gbif.org/occurrence/5206731711",species of Union Concern (Regulation 1143/2014),Northern America,FALSE,FALSE,TRUE,,2025-11-26,Cristina Preda | Laurentiu Rozylowicz,Florina Stanescu
OSROUCKL9VDEA26R4QURQ7,"Philonthus (Philonthus) rectangulus Sharp, 1874",Animalia,Arthropoda,Insecta,Coleoptera,Staphylinidae,Philonthus,species,ICZN,Romania,RO,present,introduced,colonising,transportStowaway,naturalDispersal,,1930,2012,"Preda C, Adam C, Constantinescu IC, Popa OP, Popa LO, Balcu M-J, Brezeanu AM, Dascalu MM, Draghici A-C, Gavrilescu CF, Gavrilidis AA, Gheoca V, Iorgu EI, Iorgu IS, Krapal AM, Maican S, Manci C-O, Manta N, Manu M, Motoc RM, Niculae IM, Petrescu A-M, Pintilioaie A-M, Popa AF, Radac IA, Rozylowicz L, Ruicanescu A, Sahlean TC, Surugiu V, Serban C, Stefan A, Szekely L, Tausan I, Skolka M (2026) From soil to stream and sea: species richness and distribution of alien invertebrates in Romania. NeoBiota.",,Southern Asia | South-eastern Asia,TRUE,FALSE,FALSE,,2025-11-26,Cristina Preda | Laurentiu Rozylowicz,Marius Skolka | Carla F. Gavrilescu
OSROUCKLCAWIP0YJRMIPB1,"Coccus hesperidum Linnaeus, 1758",Animalia,Arthropoda,Insecta,Hemiptera,Coccidae,Coccus,species,ICZN,Romania,RO,present,introduced,colonising,transportStowaway,parasitesOnPlants,naturalDispersal,1930,2022,"Preda C, Adam C, Constantinescu IC, Popa OP, Popa LO, Balcu M-J, Brezeanu AM, Dascalu MM, Draghici A-C, Gavrilescu CF, Gavrilidis AA, Gheoca V, Iorgu EI, Iorgu IS, Krapal AM, Maican S, Manci C-O, Manta N, Manu M, Motoc RM, Niculae IM, Petrescu A-M, Pintilioaie A-M, Popa AF, Radac IA, Rozylowicz L, Ruicanescu A, Sahlean TC, Surugiu V, Serban C, Stefan A, Szekely L, Tausan I, Skolka M (2026) From soil to stream and sea: species richness and distribution of alien invertebrates in Romania. NeoBiota.",,Sub-Saharan Africa | Asia | Central America | Oceania | South America,TRUE,FALSE,FALSE,Plantae,2025-11-26,Cristina Preda | Laurentiu Rozylowicz,Costica Adam
OSROUCKLMH482EZKEVG22W,"Saissetia coffeae (Walker, 1852)",Animalia,Arthropoda,Insecta,Hemiptera,Coccidae,Saissetia,species,ICZN,Romania,RO,present,introduced,casual,transportStowaway,,,1930,1977,"Preda C, Adam C, Constantinescu IC, Popa OP, Popa LO, Balcu M-J, Brezeanu AM, Dascalu MM, Draghici A-C, Gavrilescu CF, Gavrilidis AA, Gheoca V, Iorgu EI, Iorgu IS, Krapal AM, Maican S, Manci C-O, Manta N, Manu M, Motoc RM, Niculae IM, Petrescu A-M, Pintilioaie A-M, Popa AF, Radac IA, Rozylowicz L, Ruicanescu A, Sahlean TC, Surugiu V, Serban C, Stefan A, Szekely L, Tausan I, Skolka M (2026) From soil to stream and sea: species richness and distribution of alien invertebrates in Romania. NeoBiota.",,Africa,TRUE,FALSE,FALSE,Plantae,2025-11-26,Cristina Preda | Laurentiu Rozylowicz,Costica Adam
OSROUCKL5WQ6TZCQ945NCC,"Chrysomphalus aonidum (Linnaeus, 1758)",Animalia,Arthropoda,Insecta,Hemiptera,Diaspididae,Chrysomphalus,species,ICZN,Romania,RO,present,introduced,colonising,transportStowaway,contaminantOnPlants,,1930,2021,"Preda C, Adam C, Constantinescu IC, Popa OP, Popa LO, Balcu M-J, Brezeanu AM, Dascalu MM, Draghici A-C, Gavrilescu CF, Gavrilidis AA, Gheoca V, Iorgu EI, Iorgu IS, Krapal AM, Maican S, Manci C-O, Manta N, Manu M, Motoc RM, Niculae IM, Petrescu A-M, Pintilioaie A-M, Popa AF, Radac IA, Rozylowicz L, Ruicanescu A, Sahlean TC, Surugiu V, Serban C, Stefan A, Szekely L, Tausan I, Skolka M (2026) From soil to stream and sea: species richness and distribution of alien invertebrates in Romania. NeoBiota. | Teodorescu I (2018) Contribution to database of alien/invasive Homoptera insects in Romania. Romanian Journal of Biology - Zoology 63(1-2): 29-68.",,South America,TRUE,FALSE,FALSE,Citrus,2025-11-26,Cristina Preda | Laurentiu Rozylowicz,Ioana Cristina Constantinescu
OSROUCKL46VCK3EVGTKT13,"Pseudococcus longispinus (Targioni Tozzetti, 1867)",Animalia,Arthropoda,Insecta,Hemiptera,Pseudococcidae,Pseudococcus,species,ICZN,Romania,RO,present,introduced,colonising,transportStowaway,,,1930,2022,"Preda C, Adam C, Constantinescu IC, Popa OP, Popa LO, Balcu M-J, Brezeanu AM, Dascalu MM, Draghici A-C, Gavrilescu CF, Gavrilidis AA, Gheoca V, Iorgu EI, Iorgu IS, Krapal AM, Maican S, Manci C-O, Manta N, Manu M, Motoc RM, Niculae IM, Petrescu A-M, Pintilioaie A-M, Popa AF, Radac IA, Rozylowicz L, Ruicanescu A, Sahlean TC, Surugiu V, Serban C, Stefan A, Szekely L, Tausan I, Skolka M (2026) From soil to stream and sea: species richness and distribution of alien invertebrates in Romania. NeoBiota. | Teodorescu I (2018) Contribution to database of alien/invasive Homoptera insects in Romania. Romanian Journal of Biology - Zoology 63(1-2): 29-68.",,Asia | Oceania,TRUE,FALSE,FALSE,Plantae,2025-11-26,Cristina Preda | Laurentiu Rozylowicz,Costica Adam
OSROUCKLE26JOY5C5J0WET,"Sitotroga cerealella (Olivier, 1789)",Animalia,Arthropoda,Insecta,Lepidoptera,Gelechiidae,Sitotroga,species,ICZN,Romania,RO,present,introduced,colonising,naturalDispersal,transportContaminant,transportStowaway,1931,2022,"Adam C, Constantinescu IC, Draghici AC, Fusu L, Fusu MM, Gheoca V, Iorgu IS, Irimia AG, Maican S, Manci CO, Manu M, Mitroiu MD, Olosutean HG, Perju M, Petrescu AM, Pintilioaie AM, Popa AF, Popescu IE, Popovici OA, Prunar FV, Radac IA, Sahlean TC, Sitar C, Stanciu CR, Szekely L, Tausan I, Tomozii IB, Torok SC, Zaharia LG (2022) Raport final privind distributia speciilor de nevertebrate terestre alogene din hot-spot-uri si caile prioritare de patrundere (an 3 cartare). Raport intocmit in cadrul Proiectului POIM2014+120008 - Managementul adecvat al speciilor invazive din Romania, in conformitate cu Regulamentul UE 1143/2014 referitor la prevenirea si gestionarea introducerii si raspandirii speciilor alogene invazive. Ministerul Mediului, Apelor si Padurilor & Universitatea din Bucuresti, Bucuresti.",,Australia and New Zealand,TRUE,FALSE,FALSE,Poaceae,2025-11-26,Cristina Preda | Laurentiu Rozylowicz,Marius Skolka | Carla F. Gavrilescu
OSROUCKL6XYX3U86YZI4D1,Amaranthus blitoides S.Watson,Plantae,Tracheophyta,Magnoliopsida,Caryophyllales,Amaranthaceae,Amaranthus,species,ICN,Romania,RO,present,introduced,established,seedContaminant,otherTransport,naturalDispersal,1931,2022,"Anastasiu P, Miu I, Gavrilidis A, Preda C, Rozylowicz L, Sirbu C, Oprea A, Urziceanu M, Camen-Comanescu P, Nagoda E, Memedemin D, Barbos M, Boruz V, Cislariu A, Don I, Fagaras M, Frink J, Georgescu I, Haruta O, Hurdu B-I, Matis A, Milanovici S, Muncaciu S, Neacsu A, Neblea M, Nicolin A, Niculescu M, Oroian S, Pop O, Radutoiu D, Samarghitan M, Simion I, Soare L, Steiu C, Stoianov E, Strat D, Szabo A, Szatmari P, Tanase C, Mirea M, Manta N, Sirbu I (2024) Alien plant species distribution in Romania: a nationwide survey following the implementation of the EU Regulation on Invasive Alien Species. Biodiversity Data Journal 12. https://doi.org/10.3897/BDJ.12.e119539 | Anastasiu P, Sarbu I, Negrean G (2009) Verbesina encelioides-A new alien plant in Romania. Annals of the University of Craiova-Agriculture, Montanology, Cadastre Series, 39(2), 15-18",,North-Central U.S.A. | Northeastern U.S.A. | Northwestern U.S.A. | South-Central U.S.A. | Southeastern U.S.A.,TRUE,FALSE,FALSE,,2025-11-26,Cristina Preda | Laurentiu Rozylowicz,Daniyar Memedemin
OSROI085EZD0J374I6,Euphorbia maculata L.,Plantae,Tracheophyta,Magnoliopsida,Malpighiales,Euphorbiaceae,Euphorbia,species,ICN,Romania,RO,present,introduced,invasive,unaided,,,1931,2022,"Anastasiu P, Miu I, Gavrilidis A, Preda C, Rozylowicz L, Sirbu C, Oprea A, Urziceanu M, Camen-Comanescu P, Nagoda E, Memedemin D, Barbos M, Boruz V, Cislariu A, Don I, Fagaras M, Frink J, Georgescu I, Haruta O, Hurdu B-I, Matis A, Milanovici S, Muncaciu S, Neacsu A, Neblea M, Nicolin A, Niculescu M, Oroian S, Pop O, Radutoiu D, Samarghitan M, Simion I, Soare L, Steiu C, Stoianov E, Strat D, Szabo A, Szatmari P, Tanase C, Mirea M, Manta N, Sirbu I (2024) Alien plant species distribution in Romania: a nationwide survey following the implementation of the EU Regulation on Invasive Alien Species. Biodiversity Data Journal 12. https://doi.org/10.3897/BDJ.12.e119539",,Caribbean | Central America | Eastern Canada | Mexico | North-Central U.S.A. | Northeastern U.S.A. | Northwestern U.S.A. | South-Central U.S.A. | Southeastern U.S.A. | Southwestern U.S.A.,TRUE,FALSE,FALSE,,2025-11-26,Cristina Preda | Laurentiu Rozylowicz,Culita Sirbu
OSRO6WP2HJVAUMC7BV,Solanum triflorum var. ponticum (Prodan) Borza,Plantae,Tracheophyta,Magnoliopsida,Solanales,Solanaceae,Solanum,variety,ICN,Romania,RO,present,introduced,established,transportContaminant,,,1931,2022,"Anastasiu P, Miu I, Gavrilidis A, Preda C, Rozylowicz L, Sirbu C, Oprea A, Urziceanu M, Camen-Comanescu P, Nagoda E, Memedemin D, Barbos M, Boruz V, Cislariu A, Don I, Fagaras M, Frink J, Georgescu I, Haruta O, Hurdu B-I, Matis A, Milanovici S, Muncaciu S, Neacsu A, Neblea M, Nicolin A, Niculescu M, Oroian S, Pop O, Radutoiu D, Samarghitan M, Simion I, Soare L, Steiu C, Stoianov E, Strat D, Szabo A, Szatmari P, Tanase C, Mirea M, Manta N, Sirbu I (2024) Alien plant species distribution in Romania: a nationwide survey following the implementation of the EU Regulation on Invasive Alien Species. Biodiversity Data Journal 12. https://doi.org/10.3897/BDJ.12.e119539 | Sirbu C, Oprea A (2011) Plante adventive in flora Romaniei. Editura Ion Ionescu de la Brad, Iasi | Borza Al, Nyarady EI (1931) Plante noi sau rare pentru flora Romaniei. Bul. Grad. Bot. Cluj 11(3-4): 66-88 | Blackburn TM, Pysek P, Bacher S, Carlton JT, Duncan RP, Jarosik V, Wilson JRU, Richardson DM (2011) A proposed unified framework for biological invasions. Trends in Ecology and Evolution 26: 333–339. https://doi.org/10.1016/j.tree.2011.03.023 | Plants of the World Online (2026) https://powo.science.kew.org/","taxon rank changed from subspecies to variety | Data first observation completed (1931, Borza & Nyarady 1931)",Eastern Canada | North-Central U.S.A. | Northeastern U.S.A. | Northwestern U.S.A. | South-Central U.S.A. | Southern South America | Southwestern U.S.A. | Western Canada,TRUE,FALSE,FALSE,,2025-11-26,Cristina Preda | Laurentiu Rozylowicz,Mihaela Urziceanu
OSROUCKL1V7WSW6RAIYO9Q,"Diaspidiotus perniciosus (Comstock, 1881)",Animalia,Arthropoda,Insecta,Hemiptera,Diaspididae,Comstockaspis,species,ICZN,Romania,RO,present,introduced,colonising,transportContaminant,contaminantOnPlants,,1933,2022,"Preda C, Adam C, Constantinescu IC, Popa OP, Popa LO, Balcu M-J, Brezeanu AM, Dascalu MM, Draghici A-C, Gavrilescu CF, Gavrilidis AA, Gheoca V, Iorgu EI, Iorgu IS, Krapal AM, Maican S, Manci C-O, Manta N, Manu M, Motoc RM, Niculae IM, Petrescu A-M, Pintilioaie A-M, Popa AF, Radac IA, Rozylowicz L, Ruicanescu A, Sahlean TC, Surugiu V, Serban C, Stefan A, Szekely L, Tausan I, Skolka M (2026) From soil to stream and sea: species richness and distribution of alien invertebrates in Romania. NeoBiota. | Pellizzari G, Germain J-F (2010) Scales (Hemiptera, Superfamily Coccoidea). Chapter 9.3. BioRisk 4: 475-510. https://doi.org/10.3897/biorisk.4.45 | Teodorescu I (2018) Contribution to database of alien/invasive Homoptera insects in Romania. Romanian Journal of Biology - Zoology 63(1-2): 29-68.",,Eastern Asia,TRUE,FALSE,FALSE,Plantae,2025-11-26,Cristina Preda | Laurentiu Rozylowicz,Ioana Cristina Constantinescu
OSROUCKL0DOEEKPNU9NVTB,"Coleotechnites piceaella (Kearfott, 1903)",Animalia,Arthropoda,Insecta,Lepidoptera,Gelechiidae,Coleotechnites,species,ICZN,Romania,RO,present,introduced,colonising,transportContaminant,naturalDispersal,,1933,2022,"Adam C, Constantinescu IC, Draghici AC, Fusu L, Fusu MM, Gheoca V, Iorgu IS, Irimia AG, Maican S, Manci CO, Manu M, Mitroiu MD, Olosutean HG, Perju M, Petrescu AM, Pintilioaie AM, Popa AF, Popescu IE, Popovici OA, Prunar FV, Radac IA, Sahlean TC, Sitar C, Stanciu CR, Szekely L, Tausan I, Tomozii IB, Torok SC, Zaharia LG (2022) Raport final privind distributia speciilor de nevertebrate terestre alogene din hot-spot-uri si caile prioritare de patrundere (an 3 cartare). Raport intocmit in cadrul Proiectului POIM2014+120008 - Managementul adecvat al speciilor invazive din Romania, in conformitate cu Regulamentul UE 1143/2014 referitor la prevenirea si gestionarea introducerii si raspandirii speciilor alogene invazive. Ministerul Mediului, Apelor si Padurilor & Universitatea din Bucuresti, Bucuresti. | Rakosy L, Momeu L (Eds) (2009) Neobiota din Romania. Editura Presa Universitara Clujeana, Cluj-Napoca.",,Northern America,TRUE,FALSE,FALSE,Picea,2025-11-26,Cristina Preda | Laurentiu Rozylowicz,Marius Skolka | Carla F. Gavrilescu
OSROUCKL8ZJ6N1BDZ5OYN8,"Parasteatoda tepidariorum (C. L. Koch, 1841)",Animalia,Arthropoda,Arachnida,Araneae,Theridiidae,Parasteatoda,species,ICZN,Romania,RO,present,introduced,invasive,transportContaminant,,,1934,2026,"Preda C, Adam C, Constantinescu IC, Popa OP, Popa LO, Balcu M-J, Brezeanu AM, Dascalu MM, Draghici A-C, Gavrilescu CF, Gavrilidis AA, Gheoca V, Iorgu EI, Iorgu IS, Krapal AM, Maican S, Manci C-O, Manta N, Manu M, Motoc RM, Niculae IM, Petrescu A-M, Pintilioaie A-M, Popa AF, Radac IA, Rozylowicz L, Ruicanescu A, Sahlean TC, Surugiu V, Serban C, Stefan A, Szekely L, Tausan I, Skolka M (2026) From soil to stream and sea: species richness and distribution of alien invertebrates in Romania. NeoBiota. | Gloor D, Nentwig W, Blick T, Kropf C (2017) World Spider Catalog. https://doi.org/10.24436/2 | https://www.inaturalist.org/observations/337230998",,Asia,TRUE,FALSE,FALSE,,2025-11-26,Cristina Preda | Laurentiu Rozylowicz,Costica Adam
OSROUCKLPB5N6MDU41380Q,"Anser indicus (Latham, 1790)",Animalia,Chordata,Aves,Anseriformes,Anatidae,Anser,species,ICZN,Romania,RO,present,introduced,casual,PublicGardenZooAquaria,OtherEscape,escapeFromConfinement,1934,2022,"Cogalniceanu D, Cobzaru I, Dragan O, Fanaru G, Iftime A, Stanescu F, Telea E, Topliceanu S, Ureche D, Chisamera G, Petrescu A, Iftime O (2021) Raport tehnic privind sursele bibliografice referitoare la speciile de vertebrate terestre alogene invazive si potential invazive. Zenodo. https://doi.org/10.5281/zenodo.5593956 | https://www.inaturalist.org/observations/153017948",,Central Asia | Eastern Asia | North Asia,TRUE,FALSE,FALSE,,2025-11-26,Cristina Preda | Laurentiu Rozylowicz,Marian Tudor
OSROGYS4Q9A44KRCGU,Sisyrinchium montanum Greene,Plantae,Tracheophyta,Liliopsida,Asparagales,Iridaceae,Sisyrinchium,species,ICN,Romania,RO,present,introduced,established,ornamentalNonHorticulture,,,1934,2021,"Anastasiu P, Miu I, Gavrilidis A, Preda C, Rozylowicz L, Sirbu C, Oprea A, Urziceanu M, Camen-Comanescu P, Nagoda E, Memedemin D, Barbos M, Boruz V, Cislariu A, Don I, Fagaras M, Frink J, Georgescu I, Haruta O, Hurdu B-I, Matis A, Milanovici S, Muncaciu S, Neacsu A, Neblea M, Nicolin A, Niculescu M, Oroian S, Pop O, Radutoiu D, Samarghitan M, Simion I, Soare L, Steiu C, Stoianov E, Strat D, Szabo A, Szatmari P, Tanase C, Mirea M, Manta N, Sirbu I (2024) Alien plant species distribution in Romania: a nationwide survey following the implementation of the EU Regulation on Invasive Alien Species. Biodiversity Data Journal 12. https://doi.org/10.3897/BDJ.12.e119539 | Svoboda C (1981) Uber die Sisyrinchium montanum Greene in Rumanien. Not. Bot Horti Agrobot., 11: 69-74","Sisyrinchium angustifolium Mill. reported in 10.3897/BDJ.12.e119539 is S. montanum , see https://powo.science.kew.org/taxon/urn:lsid:ipni.org:names:440925-1",Eastern Canada | North-Central U.S.A. | Northeastern U.S.A. | Northwestern U.S.A. | South-Central U.S.A. | Subarctic America | Western Canada,TRUE,FALSE,FALSE,,2025-11-26,Cristina Preda | Laurentiu Rozylowicz,Paulina Anastasiu
OSROT9ZRQ43010FEZG,Galinsoga quadriradiata Ruiz & Pav.,Plantae,Tracheophyta,Magnoliopsida,Asterales,Asteraceae,Galinsoga,species,ICN,Romania,RO,present,introduced,invasive,transportationHabitatMaterial,naturalDispersal,,1934,2022,"Anastasiu P, Miu I, Gavrilidis A, Preda C, Rozylowicz L, Sirbu C, Oprea A, Urziceanu M, Camen-Comanescu P, Nagoda E, Memedemin D, Barbos M, Boruz V, Cislariu A, Don I, Fagaras M, Frink J, Georgescu I, Haruta O, Hurdu B-I, Matis A, Milanovici S, Muncaciu S, Neacsu A, Neblea M, Nicolin A, Niculescu M, Oroian S, Pop O, Radutoiu D, Samarghitan M, Simion I, Soare L, Steiu C, Stoianov E, Strat D, Szabo A, Szatmari P, Tanase C, Mirea M, Manta N, Sirbu I (2024) Alien plant species distribution in Romania: a nationwide survey following the implementation of the EU Regulation on Invasive Alien Species. Biodiversity Data Journal 12. https://doi.org/10.3897/BDJ.12.e119539",,Brazil | Central America | Mexico | Northern South America | Northwestern U.S.A. | Southern South America | Western South America,TRUE,FALSE,FALSE,,2025-11-26,Cristina Preda | Laurentiu Rozylowicz,Paulina Anastasiu
OSROCBUHPNDETJ6L4S,Cercis siliquastrum L.,Plantae,Tracheophyta,Magnoliopsida,Fabales,Fabaceae,Cercis,species,ICN,Romania,RO,present,introduced,casual,horticulture,,,1934,2020,"Oprea A. (2005) Lista critica a plantelor vasculare din Romania. Edit. Univ. Al. I. Cuza Iasi, 668 pp",,Southeastern Europe | Southwestern Europe | Western Asia,TRUE,FALSE,FALSE,,2025-11-26,Cristina Preda | Laurentiu Rozylowicz,Culita Sirbu
OSRO3IMX2M9EXUJFQ8,Gleditsia triacanthos L.,Plantae,Tracheophyta,Magnoliopsida,Fabales,Fabaceae,Gleditsia,species,ICN,Romania,RO,present,introduced,established,OtherIntentionalRelease,forestry,ornamentalNonHorticulture,1934,2022,"Anastasiu P, Miu I, Gavrilidis A, Preda C, Rozylowicz L, Sirbu C, Oprea A, Urziceanu M, Camen-Comanescu P, Nagoda E, Memedemin D, Barbos M, Boruz V, Cislariu A, Don I, Fagaras M, Frink J, Georgescu I, Haruta O, Hurdu B-I, Matis A, Milanovici S, Muncaciu S, Neacsu A, Neblea M, Nicolin A, Niculescu M, Oroian S, Pop O, Radutoiu D, Samarghitan M, Simion I, Soare L, Steiu C, Stoianov E, Strat D, Szabo A, Szatmari P, Tanase C, Mirea M, Manta N, Sirbu I (2024) Alien plant species distribution in Romania: a nationwide survey following the implementation of the EU Regulation on Invasive Alien Species. Biodiversity Data Journal 12. https://doi.org/10.3897/BDJ.12.e119539",,Mexico | North-Central U.S.A. | Northeastern U.S.A. | Northwestern U.S.A. | South-Central U.S.A. | Southeastern U.S.A. | Southwestern U.S.A.,TRUE,FALSE,FALSE,,2025-11-26,Cristina Preda | Laurentiu Rozylowicz,Culita Sirbu
OSROUCKLPMKPWWPIL0XKUW,"Hypania invalida (Grube, 1860)",Animalia,Annelida,Polychaeta,Terebellida,Ampharetidae,Hypania,species,ICZN,Romania,RO,present,introduced,invasive,waterwaysBasinsSeas,ballastWater,hullFouling,1935,2019,"Preda C, Adam C, Constantinescu IC, Popa OP, Popa LO, Balcu M-J, Brezeanu AM, Dascalu MM, Draghici A-C, Gavrilescu CF, Gavrilidis AA, Gheoca V, Iorgu EI, Iorgu IS, Krapal AM, Maican S, Manci C-O, Manta N, Manu M, Motoc RM, Niculae IM, Petrescu A-M, Pintilioaie A-M, Popa AF, Radac IA, Rozylowicz L, Ruicanescu A, Sahlean TC, Surugiu V, Serban C, Stefan A, Szekely L, Tausan I, Skolka M (2026) From soil to stream and sea: species richness and distribution of alien invertebrates in Romania. NeoBiota. | Pavel AB, Menabit S, Pop IC, Stanescu I, Naliana L (2021) The spatio-temporal distribution of the Ponto-Caspian polychaete in the Lower Sector of the Danube River and in Danube Delta. Global Ecology and Conservation 28: e01623.",,Eastern Europe (Ponto-Caspian) | Black Sea | Caspian Sea,FALSE,TRUE,TRUE,,2025-11-26,Cristina Preda | Laurentiu Rozylowicz,Oana P. Popa
OSROUCKL9QT94O9UFHSYY6,"Aix sponsa (Linnaeus, 1758)",Animalia,Chordata,Aves,Anseriformes,Anatidae,Aix,species,ICZN,Romania,RO,present,introduced,casual,PublicGardenZooAquaria,OtherEscape,escapeFromConfinement,1935,2025,"Cogalniceanu D, Cobzaru I, Dragan O, Fanaru G, Iftime A, Stanescu F, Telea E, Topliceanu S, Ureche D, Chisamera G, Petrescu A, Iftime O (2021) Raport tehnic privind sursele bibliografice referitoare la speciile de vertebrate terestre alogene invazive si potential invazive. Zenodo. https://doi.org/10.5281/zenodo.5593956 | https://www.inaturalist.org/observations/282437996",last observation: Marian Tudor personal observations,Northern America | Central America,TRUE,FALSE,FALSE,,2025-11-26,Cristina Preda | Laurentiu Rozylowicz,Marian Tudor
OSRO54Q5N6G9M1FU6V,Sorghum bicolor (L.) Moench,Plantae,Tracheophyta,Liliopsida,Poales,Poaceae,Sorghum,species,ICN,Romania,RO,present,introduced,casual,agriculture,,,1935,2020,"Anastasiu P, Miu I, Gavrilidis A, Preda C, Rozylowicz L, Sirbu C, Oprea A, Urziceanu M, Camen-Comanescu P, Nagoda E, Memedemin D, Barbos M, Boruz V, Cislariu A, Don I, Fagaras M, Frink J, Georgescu I, Haruta O, Hurdu B-I, Matis A, Milanovici S, Muncaciu S, Neacsu A, Neblea M, Nicolin A, Niculescu M, Oroian S, Pop O, Radutoiu D, Samarghitan M, Simion I, Soare L, Steiu C, Stoianov E, Strat D, Szabo A, Szatmari P, Tanase C, Mirea M, Manta N, Sirbu I (2024) Alien plant species distribution in Romania: a nationwide survey following the implementation of the EU Regulation on Invasive Alien Species. Biodiversity Data Journal 12. https://doi.org/10.3897/BDJ.12.e119539 | Prodan I (1935) Conspectul florei Dobrogei, I, II, III, Tipografia Cartea Romaneasca, Cluj",,East Tropical Africa | Indian Subcontinent | Macaronesia | Northeast Tropical Africa | Northern Africa | South Tropical Africa | Southern Africa | West Tropical Africa | West-Central Tropical Africa | Western Indian Ocean,TRUE,FALSE,FALSE,,2025-11-26,Cristina Preda | Laurentiu Rozylowicz,Paulina Anastasiu
OSROBGHCH5W8PIG2OB,Lobularia maritima (L.) Desv.,Plantae,Tracheophyta,Magnoliopsida,Brassicales,Brassicaceae,Lobularia,species,ICN,Romania,RO,present,introduced,casual,ornamentalNonHorticulture,,,1935,2020,"Anastasiu P, Miu I, Gavrilidis A, Preda C, Rozylowicz L, Sirbu C, Oprea A, Urziceanu M, Camen-Comanescu P, Nagoda E, Memedemin D, Barbos M, Boruz V, Cislariu A, Don I, Fagaras M, Frink J, Georgescu I, Haruta O, Hurdu B-I, Matis A, Milanovici S, Muncaciu S, Neacsu A, Neblea M, Nicolin A, Niculescu M, Oroian S, Pop O, Radutoiu D, Samarghitan M, Simion I, Soare L, Steiu C, Stoianov E, Strat D, Szabo A, Szatmari P, Tanase C, Mirea M, Manta N, Sirbu I (2024) Alien plant species distribution in Romania: a nationwide survey following the implementation of the EU Regulation on Invasive Alien Species. Biodiversity Data Journal 12. https://doi.org/10.3897/BDJ.12.e119539 | Anastasiu P, Sarbu I, Negrean G (2009) Verbesina encelioides-A new alien plant in Romania. Annals of the University of Craiova-Agriculture, Montanology, Cadastre Series, 39(2), 15-18",,Northern Africa | Southeastern Europe | Southwestern Europe | Western Asia,TRUE,FALSE,FALSE,,2025-11-26,Cristina Preda | Laurentiu Rozylowicz,Daniyar Memedemin
OSROCC7PTMQOTVR5VO,Prunus armeniaca L.,Plantae,Tracheophyta,Magnoliopsida,Rosales,Rosaceae,Prunus,species,ICN,Romania,RO,present,introduced,casual,escapeFromConfinement,,,1935,2024,"Anastasiu P, Miu I, Gavrilidis A, Preda C, Rozylowicz L, Sirbu C, Oprea A, Urziceanu M, Camen-Comanescu P, Nagoda E, Memedemin D, Barbos M, Boruz V, Cislariu A, Don I, Fagaras M, Frink J, Georgescu I, Haruta O, Hurdu B-I, Matis A, Milanovici S, Muncaciu S, Neacsu A, Neblea M, Nicolin A, Niculescu M, Oroian S, Pop O, Radutoiu D, Samarghitan M, Simion I, Soare L, Steiu C, Stoianov E, Strat D, Szabo A, Szatmari P, Tanase C, Mirea M, Manta N, Sirbu I (2024) Alien plant species distribution in Romania: a nationwide survey following the implementation of the EU Regulation on Invasive Alien Species. Biodiversity Data Journal 12. https://doi.org/10.3897/BDJ.12.e119539 | Sirbu C, Oprea A (2011) Plante adventive in flora Romaniei. Editura Ion Ionescu de la Brad, Iasi, Romania, 734 pp | https://www.inaturalist.org/observations/232784189 | Blackburn TM, Pysek P, Bacher S, Carlton JT, Duncan RP, Jarosik V, Wilson JR, Richardson DM (2011) A proposed unified framework for biological invasions. Trends in Ecology and Evolution 26: 333-339. https://doi.org/10.1016/j.tree.2011.03.023",,Central Asia | China | Southeastern Europe,TRUE,FALSE,FALSE,,2025-11-26,Cristina Preda | Laurentiu Rozylowicz,Ioana-Minodora Sirbu
OSRO0IEBZPZ7COGV47,Cosmos bipinnatus Cav.,Plantae,Tracheophyta,Magnoliopsida,Asterales,Asteraceae,Cosmos,species,ICN,Romania,RO,present,introduced,casual,ornamentalNonHorticulture,,,1937,2022,"Anastasiu P, Miu I, Gavrilidis A, Preda C, Rozylowicz L, Sirbu C, Oprea A, Urziceanu M, Camen-Comanescu P, Nagoda E, Memedemin D, Barbos M, Boruz V, Cislariu A, Don I, Fagaras M, Frink J, Georgescu I, Haruta O, Hurdu B-I, Matis A, Milanovici S, Muncaciu S, Neacsu A, Neblea M, Nicolin A, Niculescu M, Oroian S, Pop O, Radutoiu D, Samarghitan M, Simion I, Soare L, Steiu C, Stoianov E, Strat D, Szabo A, Szatmari P, Tanase C, Mirea M, Manta N, Sirbu I (2024) Alien plant species distribution in Romania: a nationwide survey following the implementation of the EU Regulation on Invasive Alien Species. Biodiversity Data Journal 12. https://doi.org/10.3897/BDJ.12.e119539 | Morariu I (1937) Periodicitate si amestecuri antropogene in flora marginasa a Bucurestilor. Rev. Sti. V. Adamachi, 23(1): 46-48",,Mexico,TRUE,FALSE,FALSE,,2025-11-26,Cristina Preda | Laurentiu Rozylowicz,Paulina Anastasiu
OSROGLAY7UC8B1KO98,Portulaca grandiflora Hook.,Plantae,Tracheophyta,Magnoliopsida,Caryophyllales,Portulacaceae,Portulaca,species,ICN,Romania,RO,present,introduced,casual,ornamentalNonHorticulture,,,1937,2022,"Anastasiu P, Miu I, Gavrilidis A, Preda C, Rozylowicz L, Sirbu C, Oprea A, Urziceanu M, Camen-Comanescu P, Nagoda E, Memedemin D, Barbos M, Boruz V, Cislariu A, Don I, Fagaras M, Frink J, Georgescu I, Haruta O, Hurdu B-I, Matis A, Milanovici S, Muncaciu S, Neacsu A, Neblea M, Nicolin A, Niculescu M, Oroian S, Pop O, Radutoiu D, Samarghitan M, Simion I, Soare L, Steiu C, Stoianov E, Strat D, Szabo A, Szatmari P, Tanase C, Mirea M, Manta N, Sirbu I (2024) Alien plant species distribution in Romania: a nationwide survey following the implementation of the EU Regulation on Invasive Alien Species. Biodiversity Data Journal 12. https://doi.org/10.3897/BDJ.12.e119539 | Anastasiu P, Sarbu I, Negrean G (2009) Verbesina encelioides-A new alien plant in Romania. Annals of the University of Craiova-Agriculture, Montanology, Cadastre Series, 39(2), 15-18",,Brazil | Southern South America | Western South America,TRUE,FALSE,FALSE,,2025-11-26,Cristina Preda | Laurentiu Rozylowicz,Daniyar Memedemin
OSRO5SFFYQ1Y7R6BNH,Oenothera suaveolens Desf. ex Pers.,Plantae,Tracheophyta,Magnoliopsida,Myrtales,Onagraceae,Oenothera,species,ICN,Romania,RO,present,introduced,casual,ornamentalNonHorticulture,,,1937,2021,"Anastasiu P, Miu I, Gavrilidis A, Preda C, Rozylowicz L, Sirbu C, Oprea A, Urziceanu M, Camen-Comanescu P, Nagoda E, Memedemin D, Barbos M, Boruz V, Cislariu A, Don I, Fagaras M, Frink J, Georgescu I, Haruta O, Hurdu B-I, Matis A, Milanovici S, Muncaciu S, Neacsu A, Neblea M, Nicolin A, Niculescu M, Oroian S, Pop O, Radutoiu D, Samarghitan M, Simion I, Soare L, Steiu C, Stoianov E, Strat D, Szabo A, Szatmari P, Tanase C, Mirea M, Manta N, Sirbu I (2024) Alien plant species distribution in Romania: a nationwide survey following the implementation of the EU Regulation on Invasive Alien Species. Biodiversity Data Journal 12. https://doi.org/10.3897/BDJ.12.e119539 | Sirbu C, Oprea A (2017) Notes on the genus Oenothera, section Oenothera, subsection Oenothera in Romania. Acta Horti Botanici Bucurestiensis 44: 33-56. https://doi.org/10.1515/ahbb-2017-0003 | Blackburn TM, Pysek P, Bacher S, Carlton JT, Duncan RP, Jarosik V, Wilson JR, Richardson DM (2011) A proposed unified framework for biological invasions. Trends in Ecology and Evolution 26: 333-339. https://doi.org/10.1016/j.tree.2011.03.023",,Eastern Canada | Mexico | North-Central U.S.A. | Northeastern U.S.A. | Northwestern U.S.A. | South-Central U.S.A. | Southeastern U.S.A. | Southwestern U.S.A. | Western Canada,TRUE,FALSE,FALSE,,2025-11-26,Cristina Preda | Laurentiu Rozylowicz,Ioana-Minodora Sirbu
OSROYQAB0KYBO7ACJC,Ipomoea purpurea (L.) Roth,Plantae,Tracheophyta,Magnoliopsida,Solanales,Convolvulaceae,Ipomoea,species,ICN,Romania,RO,present,introduced,casual,ornamentalNonHorticulture,,,1937,2025,"Anastasiu P, Miu I, Gavrilidis A, Preda C, Rozylowicz L, Sirbu C, Oprea A, Urziceanu M, Camen-Comanescu P, Nagoda E, Memedemin D, Barbos M, Boruz V, Cislariu A, Don I, Fagaras M, Frink J, Georgescu I, Haruta O, Hurdu B-I, Matis A, Milanovici S, Muncaciu S, Neacsu A, Neblea M, Nicolin A, Niculescu M, Oroian S, Pop O, Radutoiu D, Samarghitan M, Simion I, Soare L, Steiu C, Stoianov E, Strat D, Szabo A, Szatmari P, Tanase C, Mirea M, Manta N, Sirbu I (2024) Alien plant species distribution in Romania: a nationwide survey following the implementation of the EU Regulation on Invasive Alien Species. Biodiversity Data Journal 12. https://doi.org/10.3897/BDJ.12.e119539 | https://www.inaturalist.org/observations/323016804 | Blackburn TM, Pysek P, Bacher S, Carlton JT, Duncan RP, Jarosik V, Wilson JR, Richardson DM (2011) A proposed unified framework for biological invasions. Trends in Ecology and Evolution 26: 333-339. https://doi.org/10.1016/j.tree.2011.03.023",,Brazil | Caribbean | Central America | Mexico | Northern South America | Southern South America | Southwestern U.S.A. | Western South America,TRUE,FALSE,FALSE,,2025-11-26,Cristina Preda | Laurentiu Rozylowicz,Ioana-Minodora Sirbu
OSROUCKLZTYB6Y5TJHBTPB,"Anoplistes halodendri ephippium (Steven & Dalman, 1817)",Animalia,Arthropoda,Insecta,Coleoptera,Cerambycidae,Anoplistes,subspecies,ICZN,Romania,RO,present,introduced,invasive,transportContaminant,erosionControl,,1939,1939,"Serafim R (2009) The catalogue of the palaearctic species of Necydalinae and Cerambycinae (coleoptera: Cerambycidae) from the patrimony of ""Grigore Antipa"" National Museum Of Natural History (Bucuresti) (part IV). Travaux du Museum National d'Histoire Naturelle ""Grigore Antipa"" Vol. LII, pp. 263-292",,Eastern Europe | Central Asia | Eastern Asia,TRUE,FALSE,FALSE,Elaeagnus,2025-11-26,Cristina Preda | Laurentiu Rozylowicz,Marius Skolka | Carla F. Gavrilescu
OSRO616TX6YMLZT6QQ,Cyclachaena xanthiifolia (Nutt.) Fresen.,Plantae,Tracheophyta,Magnoliopsida,Asterales,Asteraceae,Cyclachaena,species,ICN,Romania,RO,present,introduced,invasive,ornamentalNonHorticulture,,,1939,2022,"Anastasiu P, Miu I, Gavrilidis A, Preda C, Rozylowicz L, Sirbu C, Oprea A, Urziceanu M, Camen-Comanescu P, Nagoda E, Memedemin D, Barbos M, Boruz V, Cislariu A, Don I, Fagaras M, Frink J, Georgescu I, Haruta O, Hurdu B-I, Matis A, Milanovici S, Muncaciu S, Neacsu A, Neblea M, Nicolin A, Niculescu M, Oroian S, Pop O, Radutoiu D, Samarghitan M, Simion I, Soare L, Steiu C, Stoianov E, Strat D, Szabo A, Szatmari P, Tanase C, Mirea M, Manta N, Sirbu I (2024) Alien plant species distribution in Romania: a nationwide survey following the implementation of the EU Regulation on Invasive Alien Species. Biodiversity Data Journal 12. https://doi.org/10.3897/BDJ.12.e119539 | Oprea A (2005) Lista critica a plantelor vasculare din Romania. Edit. Univ. Al. I. Cuza Iasi",,Eastern Canada | North-Central U.S.A. | Northeastern U.S.A. | Northwestern U.S.A. | South-Central U.S.A. | Southeastern U.S.A. | Southwestern U.S.A. | Western Canada,TRUE,FALSE,FALSE,,2025-11-26,Cristina Preda | Laurentiu Rozylowicz,Paulina Anastasiu
OSROE7XPSQNMM8KEB3,Rudbeckia hirta L.,Plantae,Tracheophyta,Magnoliopsida,Asterales,Asteraceae,Rudbeckia,species,ICN,Romania,RO,present,introduced,casual,ornamentalNonHorticulture,,,1939,2022,"Anastasiu P, Miu I, Gavrilidis A, Preda C, Rozylowicz L, Sirbu C, Oprea A, Urziceanu M, Camen-Comanescu P, Nagoda E, Memedemin D, Barbos M, Boruz V, Cislariu A, Don I, Fagaras M, Frink J, Georgescu I, Haruta O, Hurdu B-I, Matis A, Milanovici S, Muncaciu S, Neacsu A, Neblea M, Nicolin A, Niculescu M, Oroian S, Pop O, Radutoiu D, Samarghitan M, Simion I, Soare L, Steiu C, Stoianov E, Strat D, Szabo A, Szatmari P, Tanase C, Mirea M, Manta N, Sirbu I (2024) Alien plant species distribution in Romania: a nationwide survey following the implementation of the EU Regulation on Invasive Alien Species. Biodiversity Data Journal 12. https://doi.org/10.3897/BDJ.12.e119539",,Eastern Canada | North-Central U.S.A. | Northeastern U.S.A. | Northwestern U.S.A. | South-Central U.S.A. | Southeastern U.S.A. | Southwestern U.S.A. | Western Canada,TRUE,FALSE,FALSE,,2025-11-26,Cristina Preda | Laurentiu Rozylowicz,Daniyar Memedemin
OSRO5SLXBFHXUBKNK0,Gymnocladus dioicus (L.) K.Koch,Plantae,Tracheophyta,Magnoliopsida,Fabales,Fabaceae,Gymnocladus,species,ICN,Romania,RO,present,introduced,casual,horticulture,,,1939,2022,"Prodan I (1939) Flora pentru determinarea si descrierea plantelor ce cresc in Romania, Ed. 2., Cluj: Tipogr. Cartea Romaneasca, I: 1278 pp.; II: 713 pp. + 31 pp",,Eastern Canada | North-Central U.S.A. | Northeastern U.S.A. | South-Central U.S.A. | Southeastern U.S.A.,TRUE,FALSE,FALSE,,2025-11-26,Cristina Preda | Laurentiu Rozylowicz,Culita Sirbu
OSROUCKLSODY8P95D8ZULU,Asclepias syriaca L.,Plantae,Tracheophyta,Magnoliopsida,Gentianales,Apocynaceae,Asclepias,species,ICN,Romania,RO,present,introduced,invasive,ornamentalNonHorticulture,OtherEscape,,1939,2022,"Prodan I (1939) Flora pentru determinarea si descrierea plantelor ce cresc in Romania, Ed. 2., Cluj: Tipogr. Cartea Romaneasca, I: 1278 pp.; II: 713 pp. + 31 pp",,Eastern Canada | North-Central U.S.A. | Northeastern U.S.A. | Northwestern U.S.A. | Southeastern U.S.A. | Western Canada,TRUE,FALSE,FALSE,,2025-11-26,Cristina Preda | Laurentiu Rozylowicz,Culita Sirbu
OSROVV7E3TDAZEE3TW,Elsholtzia ciliata (Thunb.) Hyl.,Plantae,Tracheophyta,Magnoliopsida,Lamiales,Lamiaceae,Elsholtzia,species,ICN,Romania,RO,present,introduced,invasive,unaided,,,1939,2022,"Prodan I (1939) Flora pentru determinarea si descrierea plantelor ce cresc in Romania, Ed. 2., Cluj: Tipogr. Cartea Romaneasca, I: 1278 pp.; II: 713 pp. + 31 pp",,China | Eastern Asia | Indian Subcontinent | Indo-China | Malesia | Mongolia | Russian Far East | Siberia | Western Asia,TRUE,FALSE,FALSE,,2025-11-26,Cristina Preda | Laurentiu Rozylowicz,Culita Sirbu
OSROW66ZNJZ98ZQB69,Stachys byzantina K.Koch,Plantae,Tracheophyta,Magnoliopsida,Lamiales,Lamiaceae,Stachys,species,ICN,Romania,RO,present,introduced,casual,ornamentalNonHorticulture,horticulture,,1939,2021,"Prodan I (1939) Flora pentru determinarea si descrierea plantelor ce cresc in Romania, Ed. 2., Cluj: Tipogr. Cartea Romaneasca, I: 1278 pp.; II: 713 pp. + 31 pp",,Caucasus | Eastern Europe | Southeastern Europe | Western Asia,TRUE,FALSE,FALSE,,2025-11-26,Cristina Preda | Laurentiu Rozylowicz,Culita Sirbu
OSROUCKLMHKR1ARYUKD1SF,Aquilegia vulgaris L.,Plantae,Tracheophyta,Magnoliopsida,Ranunculales,Ranunculaceae,Aquilegia,species,ICN,Romania,RO,present,introduced,casual,ornamentalNonHorticulture,,,1939,2025,"Anastasiu P, Miu I, Gavrilidis A, Preda C, Rozylowicz L, Sirbu C, Oprea A, Urziceanu M, Camen-Comanescu P, Nagoda E, Memedemin D, Barbos M, Boruz V, Cislariu A, Don I, Fagaras M, Frink J, Georgescu I, Haruta O, Hurdu B-I, Matis A, Milanovici S, Muncaciu S, Neacsu A, Neblea M, Nicolin A, Niculescu M, Oroian S, Pop O, Radutoiu D, Samarghitan M, Simion I, Soare L, Steiu C, Stoianov E, Strat D, Szabo A, Szatmari P, Tanase C, Mirea M, Manta N, Sirbu I (2024) Alien plant species distribution in Romania: a nationwide survey following the implementation of the EU Regulation on Invasive Alien Species. Biodiversity Data Journal 12. https://doi.org/10.3897/BDJ.12.e119539 | Sirbu C, Oprea A (2011) Plante adventive in flora Romaniei. Editura Ion Ionescu de la Brad, Iasi, Romania, 734 pp | https://www.inaturalist.org/observations/330450291 | Blackburn TM, Pysek P, Bacher S, Carlton JT, Duncan RP, Jarosik V, Wilson JR, Richardson DM (2011) A proposed unified framework for biological invasions. Trends in Ecology and Evolution 26: 333-339. https://doi.org/10.1016/j.tree.2011.03.023",,Eastern Europe | Middle Europe | Northern Europe | Southeastern Europe | Southwestern Europe,TRUE,FALSE,FALSE,,2025-11-26,Cristina Preda | Laurentiu Rozylowicz,Ioana-Minodora Sirbu
OSROR84U4592EYAIMW,Koelreuteria paniculata Laxm.,Plantae,Tracheophyta,Magnoliopsida,Sapindales,Sapindaceae,Koelreuteria,species,ICN,Romania,RO,present,introduced,casual,ornamentalNonHorticulture,,,1939,2025,"Anastasiu P, Miu I, Gavrilidis A, Preda C, Rozylowicz L, Sirbu C, Oprea A, Urziceanu M, Camen-Comanescu P, Nagoda E, Memedemin D, Barbos M, Boruz V, Cislariu A, Don I, Fagaras M, Frink J, Georgescu I, Haruta O, Hurdu B-I, Matis A, Milanovici S, Muncaciu S, Neacsu A, Neblea M, Nicolin A, Niculescu M, Oroian S, Pop O, Radutoiu D, Samarghitan M, Simion I, Soare L, Steiu C, Stoianov E, Strat D, Szabo A, Szatmari P, Tanase C, Mirea M, Manta N, Sirbu I (2024) Alien plant species distribution in Romania: a nationwide survey following the implementation of the EU Regulation on Invasive Alien Species. Biodiversity Data Journal 12. https://doi.org/10.3897/BDJ.12.e119539 | Sirbu C, Oprea A (2011) Plante adventive in flora Romaniei. Editura Ion Ionescu de la Brad, Iasi, Romania, 734 pp | https://www.inaturalist.org/observations/297220047 | Blackburn TM, Pysek P, Bacher S, Carlton JT, Duncan RP, Jarosik V, Wilson JR, Richardson DM (2011) A proposed unified framework for biological invasions. Trends in Ecology and Evolution 26: 333-339. https://doi.org/10.1016/j.tree.2011.03.023",,China | Eastern Asia,TRUE,FALSE,FALSE,,2025-11-26,Cristina Preda | Laurentiu Rozylowicz,Ioana-Minodora Sirbu
OSROIIJ0WA2Y1AOHTI,Petunia integrifolia (Hook.) Schinz & Thell.,Plantae,Tracheophyta,Magnoliopsida,Solanales,Solanaceae,Petunia,species,ICN,Romania,RO,present,introduced,casual,ornamentalNonHorticulture,,,1939,2021,"Anastasiu P, Miu I, Gavrilidis A, Preda C, Rozylowicz L, Sirbu C, Oprea A, Urziceanu M, Camen-Comanescu P, Nagoda E, Memedemin D, Barbos M, Boruz V, Cislariu A, Don I, Fagaras M, Frink J, Georgescu I, Haruta O, Hurdu B-I, Matis A, Milanovici S, Muncaciu S, Neacsu A, Neblea M, Nicolin A, Niculescu M, Oroian S, Pop O, Radutoiu D, Samarghitan M, Simion I, Soare L, Steiu C, Stoianov E, Strat D, Szabo A, Szatmari P, Tanase C, Mirea M, Manta N, Sirbu I (2024) Alien plant species distribution in Romania: a nationwide survey following the implementation of the EU Regulation on Invasive Alien Species. Biodiversity Data Journal 12. https://doi.org/10.3897/BDJ.12.e119539 | Sirbu C, Oprea A (2011) Plante adventive in flora Romaniei. Editura Ion Ionescu de la Brad, Iasi, Romania, 734 pp | Blackburn TM, Pysek P, Bacher S, Carlton JT, Duncan RP, Jarosik V, Wilson JR, Richardson DM (2011) A proposed unified framework for biological invasions. Trends in Ecology and Evolution 26: 333-339. https://doi.org/10.1016/j.tree.2011.03.023",,Brazil | Southern South America,TRUE,FALSE,FALSE,,2025-11-26,Cristina Preda | Laurentiu Rozylowicz,Ioana-Minodora Sirbu
OSROUCKLFL7FTRT68FSSC6,"Aceria erinea (Nalepa, 1891)",Animalia,Arthropoda,Arachnida,Sarcoptiformes,Eriophyidae,Aceria,species,ICZN,Romania,RO,present,introduced,colonising,transportContaminant,parasitesOnPlants,,1940,2022,"Preda C, Adam C, Constantinescu IC, Popa OP, Popa LO, Balcu M-J, Brezeanu AM, Dascalu MM, Draghici A-C, Gavrilescu CF, Gavrilidis AA, Gheoca V, Iorgu EI, Iorgu IS, Krapal AM, Maican S, Manci C-O, Manta N, Manu M, Motoc RM, Niculae IM, Petrescu A-M, Pintilioaie A-M, Popa AF, Radac IA, Rozylowicz L, Ruicanescu A, Sahlean TC, Surugiu V, Serban C, Stefan A, Szekely L, Tausan I, Skolka M (2026) From soil to stream and sea: species richness and distribution of alien invertebrates in Romania. NeoBiota.",,Asia,TRUE,FALSE,FALSE,Juglans regia,2025-11-26,Cristina Preda | Laurentiu Rozylowicz,Ioana Cristina Constantinescu
OSROUCKLCELRWYUESTL2HG,"Aphis (Aphis) nerii Boyer de Fonscolombe, 1841",Animalia,Arthropoda,Insecta,Hemiptera,Aphididae,Aphis,species,ICZN,Romania,RO,doubtful,uncertain,established,transportContaminant,parasitesOnPlants,naturalDispersal,1940,2018,Teodorescu I (2018) Contribution to database of alien/invasive Homoptera insects in Romania. Romanian Journal of Biology - Zoology 63(1-2): 29-68.,,Southern Europe | Northern Africa | Western Asia,TRUE,FALSE,FALSE,Nerium oleander,2026-03-17,Cristina Preda | Laurentiu Rozylowicz,Marius Skolka | Carla F. Gavrilescu
OSROUCKLDKFRQE8JWFDNCS,"Blackfordia virginica Mayer, 1910",Animalia,Cnidaria,Hydrozoa,Leptothecata,Blackfordiidae,Blackfordia,species,ICZN,Romania,RO,present,introduced,colonising,transportStowaway,,,1940,2008,"Preda C, Adam C, Constantinescu IC, Popa OP, Popa LO, Balcu M-J, Brezeanu AM, Dascalu MM, Draghici A-C, Gavrilescu CF, Gavrilidis AA, Gheoca V, Iorgu EI, Iorgu IS, Krapal AM, Maican S, Manci C-O, Manta N, Manu M, Motoc RM, Niculae IM, Petrescu A-M, Pintilioaie A-M, Popa AF, Radac IA, Rozylowicz L, Ruicanescu A, Sahlean TC, Surugiu V, Serban C, Stefan A, Szekely L, Tausan I, Skolka M (2026) From soil to stream and sea: species richness and distribution of alien invertebrates in Romania. NeoBiota. | Bancila R, Skolka M, Ivanova P, Surugiu V, Stefanova K, Todorova V, Zenetos A (2022) Alien species of the Romanian and Bulgarian Black Sea coast: state of knowledge, uncertainties, and needs for future research. Aquatic Invasions 17: 253-273. https://doi.org/10.3391/ai.2022.17.3.02",,Eastern Europe (Ponto-Caspian) | Black Sea | Caspian Sea,FALSE,TRUE,TRUE,,2025-11-26,Cristina Preda | Laurentiu Rozylowicz,Oana P. Popa
OSROM8KDWTDQPJNX3F,Tripidium ravennae (L.) H.Scholz,Plantae,Tracheophyta,Liliopsida,Poales,Poaceae,Tripidium,species,ICN,Romania,RO,present,introduced,reproducing,naturalDispersal,,,1940,2022,"Anastasiu P, Miu I, Gavrilidis A, Preda C, Rozylowicz L, Sirbu C, Oprea A, Urziceanu M, Camen-Comanescu P, Nagoda E, Memedemin D, Barbos M, Boruz V, Cislariu A, Don I, Fagaras M, Frink J, Georgescu I, Haruta O, Hurdu B-I, Matis A, Milanovici S, Muncaciu S, Neacsu A, Neblea M, Nicolin A, Niculescu M, Oroian S, Pop O, Radutoiu D, Samarghitan M, Simion I, Soare L, Steiu C, Stoianov E, Strat D, Szabo A, Szatmari P, Tanase C, Mirea M, Manta N, Sirbu I (2024) Alien plant species distribution in Romania: a nationwide survey following the implementation of the EU Regulation on Invasive Alien Species. Biodiversity Data Journal 12. https://doi.org/10.3897/BDJ.12.e119539 | Zahariadi C (1940) Plantes nouvelles ou rares pour la flore de Bessarabie et de la Dobrogea. Bul. Sect. Sci., Acad. Roumaine, 23: 1-10",,Arabian Peninsula | Caucasus | Central Asia | China | Indian Subcontinent | Indo-China | Northeast Tropical Africa | Northern Africa | Southeastern Europe | Southwestern Europe | Western Asia,TRUE,FALSE,FALSE,,2025-11-26,Cristina Preda | Laurentiu Rozylowicz,Paulina Anastasiu
OSROWS5H12SZS4U9TG,Symphyotrichum lanceolatum (Willd.) G.L.Nesom,Plantae,Tracheophyta,Magnoliopsida,Asterales,Asteraceae,Symphyotrichum,species,ICN,Romania,RO,present,introduced,casual,ornamentalNonHorticulture,,,1940,2022,"Anastasiu P, Miu I, Gavrilidis A, Preda C, Rozylowicz L, Sirbu C, Oprea A, Urziceanu M, Camen-Comanescu P, Nagoda E, Memedemin D, Barbos M, Boruz V, Cislariu A, Don I, Fagaras M, Frink J, Georgescu I, Haruta O, Hurdu B-I, Matis A, Milanovici S, Muncaciu S, Neacsu A, Neblea M, Nicolin A, Niculescu M, Oroian S, Pop O, Radutoiu D, Samarghitan M, Simion I, Soare L, Steiu C, Stoianov E, Strat D, Szabo A, Szatmari P, Tanase C, Mirea M, Manta N, Sirbu I (2024) Alien plant species distribution in Romania: a nationwide survey following the implementation of the EU Regulation on Invasive Alien Species. Biodiversity Data Journal 12. https://doi.org/10.3897/BDJ.12.e119539",,Eastern Canada | Mexico | North-Central U.S.A. | Northeastern U.S.A. | Northwestern U.S.A. | South-Central U.S.A. | Southeastern U.S.A. | Southwestern U.S.A. | Subarctic America | Western Canada,TRUE,FALSE,FALSE,,2025-11-26,Cristina Preda | Laurentiu Rozylowicz,Daniyar Memedemin
OSRORB0G5HS3SHV8W9,Erigeron annuus (L.) Pers.,Plantae,Tracheophyta,Magnoliopsida,Asterales,Asteraceae,Erigeron,species,ICN,Romania,RO,present,introduced,invasive,naturalDispersal,,,1941,2022,"Anastasiu P, Miu I, Gavrilidis A, Preda C, Rozylowicz L, Sirbu C, Oprea A, Urziceanu M, Camen-Comanescu P, Nagoda E, Memedemin D, Barbos M, Boruz V, Cislariu A, Don I, Fagaras M, Frink J, Georgescu I, Haruta O, Hurdu B-I, Matis A, Milanovici S, Muncaciu S, Neacsu A, Neblea M, Nicolin A, Niculescu M, Oroian S, Pop O, Radutoiu D, Samarghitan M, Simion I, Soare L, Steiu C, Stoianov E, Strat D, Szabo A, Szatmari P, Tanase C, Mirea M, Manta N, Sirbu I (2024) Alien plant species distribution in Romania: a nationwide survey following the implementation of the EU Regulation on Invasive Alien Species. Biodiversity Data Journal 12. https://doi.org/10.3897/BDJ.12.e119539 | Negrean G, Karacsonyi C, Szatmari PM (2017) Patrimoniul natural al Salajului. Vol. I., Flora, micobionta si vegetatia. Satu Mare: Edit. Somesul",,Eastern Canada | North-Central U.S.A. | Northeastern U.S.A. | Northwestern U.S.A. | Southeastern U.S.A. | Southwestern U.S.A. | Western Canada,TRUE,FALSE,FALSE,,2025-11-26,Cristina Preda | Laurentiu Rozylowicz,Paulina Anastasiu
OSROF7D5QOWHQ54HUU,Reynoutria × bohemica Chrtek & Chrtková,Plantae,Tracheophyta,Magnoliopsida,Caryophyllales,Polygonaceae,Reynoutria,species,ICN,Romania,RO,present,introduced,invasive,ornamentalNonHorticulture,escapeFromConfinement,naturalDispersal,1941,2025,"Anastasiu P, Miu I, Gavrilidis A, Preda C, Rozylowicz L, Sirbu C, Oprea A, Urziceanu M, Camen-Comanescu P, Nagoda E, Memedemin D, Barbos M, Boruz V, Cislariu A, Don I, Fagaras M, Frink J, Georgescu I, Haruta O, Hurdu B-I, Matis A, Milanovici S, Muncaciu S, Neacsu A, Neblea M, Nicolin A, Niculescu M, Oroian S, Pop O, Radutoiu D, Samarghitan M, Simion I, Soare L, Steiu C, Stoianov E, Strat D, Szabo A, Szatmari P, Tanase C, Mirea M, Manta N, Sirbu I (2024) Alien plant species distribution in Romania: a nationwide survey following the implementation of the EU Regulation on Invasive Alien Species. Biodiversity Data Journal 12. https://doi.org/10.3897/BDJ.12.e119539 | GBIF.org (2026) Occurrence Download. The Global Biodiversity Information Facility. https://doi.org/10.15468/dl.dgdnw6 | Sirbu C, Oprea A (2011) Plante adventive in flora Romaniei. Editura Ion Ionescu de la Brad, Iasi | Kovacs JA (2006) Distribution of invasive alien plant species stands in Eastern Transylvania. Kanitzia 14: 109-136 | Blackburn TM, Pysek P, Bacher S, Carlton JT, Duncan RP, Jarosik V, Wilson JRU, Richardson DM (2011) A proposed unified framework for biological invasions. Trends in Ecology and Evolution 26: 333–339. https://doi.org/10.1016/j.tree.2011.03.023 | Plants of the World Online (2026) https://powo.science.kew.org/",species of Union Concern (Regulation 1143/2014),Eastern Asia,TRUE,FALSE,FALSE,,2025-11-26,Cristina Preda | Laurentiu Rozylowicz,Mihaela Urziceanu | Lucian Patrascu
OSROUCKLSA7S2WZBCTLRFU,"Aculus hippocastani (Fockeu, 1890)",Animalia,Arthropoda,Arachnida,Sarcoptiformes,Eriophyidae,Aculus,species,ICZN,Romania,RO,present,introduced,colonising,transportContaminant,parasitesOnPlants,,1942,2022,"Preda C, Adam C, Constantinescu IC, Popa OP, Popa LO, Balcu M-J, Brezeanu AM, Dascalu MM, Draghici A-C, Gavrilescu CF, Gavrilidis AA, Gheoca V, Iorgu EI, Iorgu IS, Krapal AM, Maican S, Manci C-O, Manta N, Manu M, Motoc RM, Niculae IM, Petrescu A-M, Pintilioaie A-M, Popa AF, Radac IA, Rozylowicz L, Ruicanescu A, Sahlean TC, Surugiu V, Serban C, Stefan A, Szekely L, Tausan I, Skolka M (2026) From soil to stream and sea: species richness and distribution of alien invertebrates in Romania. NeoBiota.",,Southern Europe,TRUE,FALSE,FALSE,Aesculus,2025-11-26,Cristina Preda | Laurentiu Rozylowicz,Ioana Cristina Constantinescu
OSROUCKL8R9F8DJ789W7TX,"Omonadus floralis (Linnaeus, 1758)",Animalia,Arthropoda,Insecta,Coleoptera,Anthicidae,Omonadus,species,ICZN,Romania,RO,present,introduced,colonising,transportContaminant,naturalDispersal,,1942,2017,"Preda C, Adam C, Constantinescu IC, Popa OP, Popa LO, Balcu M-J, Brezeanu AM, Dascalu MM, Draghici A-C, Gavrilescu CF, Gavrilidis AA, Gheoca V, Iorgu EI, Iorgu IS, Krapal AM, Maican S, Manci C-O, Manta N, Manu M, Motoc RM, Niculae IM, Petrescu A-M, Pintilioaie A-M, Popa AF, Radac IA, Rozylowicz L, Ruicanescu A, Sahlean TC, Surugiu V, Serban C, Stefan A, Szekely L, Tausan I, Skolka M (2026) From soil to stream and sea: species richness and distribution of alien invertebrates in Romania. NeoBiota. | Adam C, Constantinescu IC, Draghici AC, Fusu L, Fusu MM, Gheoca V, Iorgu IS, Irimia AG, Maican S, Manci CO, Manu M, Mitroiu MD, Olosutean HG, Perju M, Petrescu AM, Pintilioaie AM, Popa AF, Popescu IE, Popovici OA, Prunar FV, Radac IA, Sahlean TC, Sitar C, Stanciu CR, Szekely L, Tausan I, Tomozii IB, Torok SC, Zaharia LG (2022) Raport final privind distributia speciilor de nevertebrate terestre alogene din hot-spot-uri si caile prioritare de patrundere (an 3 cartare). Raport intocmit in cadrul Proiectului POIM2014+120008 - Managementul adecvat al speciilor invazive din Romania, in conformitate cu Regulamentul UE 1143/2014 referitor la prevenirea si gestionarea introducerii si raspandirii speciilor alogene invazive. Ministerul Mediului, Apelor si Padurilor & Universitatea din Bucuresti, Bucuresti.",,Asia,TRUE,FALSE,FALSE,,2025-11-26,Cristina Preda | Laurentiu Rozylowicz,Marius Skolka | Carla F. Gavrilescu
OSROUCKLE90HN9ND1EOIHS,"Neomyzus circumflexus (Buckton, 1876)",Animalia,Arthropoda,Insecta,Hemiptera,Aphididae,Aulacorthum,species,ICZN,Romania,RO,doubtful,uncertain,established,transportContaminant,parasitesOnPlants,naturalDispersal,1942,2018,Teodorescu I (2018) Contribution to database of alien/invasive Homoptera insects in Romania. Romanian Journal of Biology - Zoology 63(1-2): 29-68.,,Eastern Asia,TRUE,FALSE,FALSE,Adiantum | Calla | Cineraria | Cyclamen | Fuchsia,2026-03-17,Cristina Preda | Laurentiu Rozylowicz,Marius Skolka | Carla F. Gavrilescu
OSROUCKL6648ZA25G6EHLW,"Macrosiphoniella (Macrosiphoniella) sanborni (Gillette, 1908)",Animalia,Arthropoda,Insecta,Hemiptera,Aphididae,Macrosiphoniella,species,ICZN,Romania,RO,present,introduced,colonising,transportContaminant,,,1942,2022,"Preda C, Adam C, Constantinescu IC, Popa OP, Popa LO, Balcu M-J, Brezeanu AM, Dascalu MM, Draghici A-C, Gavrilescu CF, Gavrilidis AA, Gheoca V, Iorgu EI, Iorgu IS, Krapal AM, Maican S, Manci C-O, Manta N, Manu M, Motoc RM, Niculae IM, Petrescu A-M, Pintilioaie A-M, Popa AF, Radac IA, Rozylowicz L, Ruicanescu A, Sahlean TC, Surugiu V, Serban C, Stefan A, Szekely L, Tausan I, Skolka M (2026) From soil to stream and sea: species richness and distribution of alien invertebrates in Romania. NeoBiota.",,Eastern Asia,TRUE,FALSE,FALSE,Chrysanthemum,2025-11-26,Cristina Preda | Laurentiu Rozylowicz,Costica Adam
OSROUCKLEIRNSR01C0W4ZG,"Macrosiphum (Macrosiphum) euphorbiae (Thomas, 1878)",Animalia,Arthropoda,Insecta,Hemiptera,Aphididae,Macrosiphum,species,ICZN,Romania,RO,present,introduced,casual,transportContaminant,,,1942,2022,"Preda C, Adam C, Constantinescu IC, Popa OP, Popa LO, Balcu M-J, Brezeanu AM, Dascalu MM, Draghici A-C, Gavrilescu CF, Gavrilidis AA, Gheoca V, Iorgu EI, Iorgu IS, Krapal AM, Maican S, Manci C-O, Manta N, Manu M, Motoc RM, Niculae IM, Petrescu A-M, Pintilioaie A-M, Popa AF, Radac IA, Rozylowicz L, Ruicanescu A, Sahlean TC, Surugiu V, Serban C, Stefan A, Szekely L, Tausan I, Skolka M (2026) From soil to stream and sea: species richness and distribution of alien invertebrates in Romania. NeoBiota.",,Northern America,TRUE,FALSE,FALSE,Solanaceae,2025-11-26,Cristina Preda | Laurentiu Rozylowicz,Costica Adam
OSROUCKLSNSXC2OVA0514F,"Myzus ornatus Laing, 1932",Animalia,Arthropoda,Insecta,Hemiptera,Aphididae,Myzus,species,ICZN,Romania,RO,doubtful,uncertain,established,transportContaminant,parasitesOnPlants,naturalDispersal,1942,2018,"Adam C, Constantinescu IC, Draghici AC, Fusu L, Fusu MM, Gheoca V, Iorgu IS, Irimia AG, Maican S, Manci CO, Manu M, Mitroiu MD, Olosutean HG, Perju M, Petrescu AM, Pintilioaie AM, Popa AF, Popescu IE, Popovici OA, Prunar FV, Radac IA, Sahlean TC, Sitar C, Stanciu CR, Szekely L, Tausan I, Tomozii IB, Torok SC, Zaharia LG (2022) Raport final privind distributia speciilor de nevertebrate terestre alogene din hot-spot-uri si caile prioritare de patrundere (an 3 cartare). Raport intocmit in cadrul Proiectului POIM2014+120008 - Managementul adecvat al speciilor invazive din Romania, in conformitate cu Regulamentul UE 1143/2014 referitor la prevenirea si gestionarea introducerii si raspandirii speciilor alogene invazive. Ministerul Mediului, Apelor si Padurilor & Universitatea din Bucuresti, Bucuresti.",,Southern Asia | South-eastern Asia,TRUE,FALSE,FALSE,Liliaceae | Asteraceae | Brassicaceae | Apiaceae | Solanaceae,2026-03-17,Cristina Preda | Laurentiu Rozylowicz,Marius Skolka | Carla F. Gavrilescu
OSROUCKLU48Z50CZCBL6PR,"Ondatra zibethicus (Linnaeus, 1766)",Animalia,Chordata,Mammalia,Rodentia,Cricetidae,Ondatra,species,ICZN,Romania,RO,present,introduced,invasive,fur,escapeFromConfinement,naturalDispersal,1942,2025,"Cogalniceanu D, Cobzaru I, Dragan O, Fanaru G, Iftime A, Stanescu F, Telea E, Topliceanu S, Ureche D, Chisamera G, Petrescu A, Iftime O (2021) Raport tehnic privind sursele bibliografice referitoare la speciile de vertebrate terestre alogene invazive si potential invazive. Zenodo. https://doi.org/10.5281/zenodo.5593956 | Grosu Al, Nadra E (1946) Fiber zibethicus in Romania. Revista geografica I.C.G.R. 3(4):363-367 | Dobrivici-Bacalbasa N (1946) Ospecie de rozator, noua pentru Romania,Natura 35(1):18-19. | Calinescu R, Bunescu A (1958) Raspandirea geografica a bizamului (Ondatra zibethica L.), in R. P. R. Buletinul Institutului de Cercetari Piscicole, 2, 78-82. | GBIF.org (2026) Occurrence Download. The Global Biodiversity Information Facility. https://doi.org/10.15468/dl.bsx44w",species of Union Concern (Regulation 1143/2014),Northern America,TRUE,FALSE,TRUE,,2025-11-26,Cristina Preda | Laurentiu Rozylowicz,Gabriel Chisamera
OSRO2YOOZ6PEDAHMC2,Humulus scandens (Lour.) Merr.,Plantae,Tracheophyta,Magnoliopsida,Rosales,Cannabaceae,Humulus,species,ICN,Romania,RO,present,introduced,invasive,ornamentalNonHorticulture,OtherIntentionalRelease,,1942,2022,"Anastasiu P, Miu I, Gavrilidis A, Preda C, Rozylowicz L, Sirbu C, Oprea A, Urziceanu M, Camen-Comanescu P, Nagoda E, Memedemin D, Barbos M, Boruz V, Cislariu A, Don I, Fagaras M, Frink J, Georgescu I, Haruta O, Hurdu B-I, Matis A, Milanovici S, Muncaciu S, Neacsu A, Neblea M, Nicolin A, Niculescu M, Oroian S, Pop O, Radutoiu D, Samarghitan M, Simion I, Soare L, Steiu C, Stoianov E, Strat D, Szabo A, Szatmari P, Tanase C, Mirea M, Manta N, Sirbu I (2024) Alien plant species distribution in Romania: a nationwide survey following the implementation of the EU Regulation on Invasive Alien Species. Biodiversity Data Journal 12. https://doi.org/10.3897/BDJ.12.e119539 | Urziceanu MM, Cislariu AG, Nagoda E, Nicolin AL, Mantoiu DS, Anastasiu P (2022) Assessing the Invasion Risk of Humulus scandens Using Ensemble Species Distribution Modeling and Habitat Connectivity Analysis. Plants 11: 857. https://doi.org/10.3390/plants11070857 | Blackburn TM, Pysek P, Bacher S, Carlton JT, Duncan RP, Jarosik V, Wilson JR, Richardson DM (2011) A proposed unified framework for biological invasions. Trends in Ecology and Evolution 26: 333-339. https://doi.org/10.1016/j.tree.2011.03.023",species of Union Concern (Regulation 1143/2014),China | Eastern Asia | Indo-China | Russian Far East,TRUE,FALSE,FALSE,,2025-11-26,Cristina Preda | Laurentiu Rozylowicz,Ioana-Minodora Sirbu
OSROUCKLQ2GS03HHAC2BB7,"Pineus (Pineus) strobi (Hartig, 1839)",Animalia,Arthropoda,Insecta,Hemiptera,Adelgidae,Pineus,species,ICZN,Romania,RO,present,introduced,colonising,transportStowaway,parasitesOnPlants,,1943,2022,"Preda C, Adam C, Constantinescu IC, Popa OP, Popa LO, Balcu M-J, Brezeanu AM, Dascalu MM, Draghici A-C, Gavrilescu CF, Gavrilidis AA, Gheoca V, Iorgu EI, Iorgu IS, Krapal AM, Maican S, Manci C-O, Manta N, Manu M, Motoc RM, Niculae IM, Petrescu A-M, Pintilioaie A-M, Popa AF, Radac IA, Rozylowicz L, Ruicanescu A, Sahlean TC, Surugiu V, Serban C, Stefan A, Szekely L, Tausan I, Skolka M (2026) From soil to stream and sea: species richness and distribution of alien invertebrates in Romania. NeoBiota. | Olenici N, Balacenoiu F, Tomescu R, Netoiu C, Buzatu A, Alexandru A (2022) Invasive alien forest insect species in south-eastern Romania. Notulae Botanicae Horti Agrobotanici Cluj-Napoca 50: 12618. https://doi.org/10.15835/nbha50112618",,Northern America,TRUE,FALSE,FALSE,Pinus strobus,2025-11-26,Cristina Preda | Laurentiu Rozylowicz,Costica Adam
OSROUCKL32PI1N923I677M,"Plodia interpunctella (Hübner, 1813)",Animalia,Arthropoda,Insecta,Lepidoptera,Pyralidae,Plodia,species,ICZN,Romania,RO,present,introduced,colonising,transportContaminant,transportStowaway,,1943,2022,"Adam C, Constantinescu IC, Draghici AC, Fusu L, Fusu MM, Gheoca V, Iorgu IS, Irimia AG, Maican S, Manci CO, Manu M, Mitroiu MD, Olosutean HG, Perju M, Petrescu AM, Pintilioaie AM, Popa AF, Popescu IE, Popovici OA, Prunar FV, Radac IA, Sahlean TC, Sitar C, Stanciu CR, Szekely L, Tausan I, Tomozii IB, Torok SC, Zaharia LG (2022) Raport final privind distributia speciilor de nevertebrate terestre alogene din hot-spot-uri si caile prioritare de patrundere (an 3 cartare). Raport intocmit in cadrul Proiectului POIM2014+120008 - Managementul adecvat al speciilor invazive din Romania, in conformitate cu Regulamentul UE 1143/2014 referitor la prevenirea si gestionarea introducerii si raspandirii speciilor alogene invazive. Ministerul Mediului, Apelor si Padurilor & Universitatea din Bucuresti, Bucuresti.",,Cryptogenic,TRUE,FALSE,FALSE,Plantae,2025-11-26,Cristina Preda | Laurentiu Rozylowicz,Marius Skolka | Carla F. Gavrilescu
OSROUCKLFXPWSWMCTF45S6,"Procyon lotor (Linnaeus, 1758)",Animalia,Chordata,Mammalia,Carnivora,Procyonidae,Procyon,species,ICZN,Romania,RO,present,introduced,casual,PublicGardenZooAquaria,transportStowaway,,1943,2021,"Cogalniceanu D, Cobzaru I, Dragan O, Fanaru G, Iftime A, Stanescu F, Telea E, Topliceanu S, Ureche D, Chisamera G, Petrescu A, Iftime O (2021) Raport tehnic privind sursele bibliografice referitoare la speciile de vertebrate terestre alogene invazive si potential invazive. Zenodo. https://doi.org/10.5281/zenodo.5593956 | Pascovschi S (1977) O poveste cu un raton si cu niste caracude. Vanatorul si Pescarul Sportiv, 9, 11.",species of Union Concern (Regulation 1143/2014),Northern America | Central America,TRUE,FALSE,FALSE,,2025-11-26,Cristina Preda | Laurentiu Rozylowicz,Gabriel Chisamera
OSROP68F4IF4KITFSW,Tagetes patula L.,Plantae,Tracheophyta,Magnoliopsida,Asterales,Asteraceae,Tagetes,species,ICN,Romania,RO,present,introduced,casual,ornamentalNonHorticulture,escapeFromConfinement,,1943,2025,"Anastasiu P, Miu I, Gavrilidis A, Preda C, Rozylowicz L, Sirbu C, Oprea A, Urziceanu M, Camen-Comanescu P, Nagoda E, Memedemin D, Barbos M, Boruz V, Cislariu A, Don I, Fagaras M, Frink J, Georgescu I, Haruta O, Hurdu B-I, Matis A, Milanovici S, Muncaciu S, Neacsu A, Neblea M, Nicolin A, Niculescu M, Oroian S, Pop O, Radutoiu D, Samarghitan M, Simion I, Soare L, Steiu C, Stoianov E, Strat D, Szabo A, Szatmari P, Tanase C, Mirea M, Manta N, Sirbu I (2024) Alien plant species distribution in Romania: a nationwide survey following the implementation of the EU Regulation on Invasive Alien Species. Biodiversity Data Journal 12. https://doi.org/10.3897/BDJ.12.e119539 | GBIF.org (2026) Occurrence Download. The Global Biodiversity Information Facility. https://doi.org/10.15468/dl.zn68e7 | Sirbu C, Oprea A (2011) Plante adventive in flora Romaniei. Editura Ion Ionescu de la Brad, Iasi | Morariu I (1943) Asociatii de plante antropofile din jurul Bucurestiului. Bul. Grad. Bot. Muz. Bot. Cluj 23(3-4): 131-212 | Blackburn TM, Pysek P, Bacher S, Carlton JT, Duncan RP, Jarosik V, Wilson JRU, Richardson DM (2011) A proposed unified framework for biological invasions. Trends in Ecology and Evolution 26: 333–339. https://doi.org/10.1016/j.tree.2011.03.023 | Plants of the World Online (2026) https://powo.science.kew.org/",,Central America | Mexico,TRUE,FALSE,FALSE,,2025-11-26,Cristina Preda | Laurentiu Rozylowicz,Mihaela Urziceanu
OSROUCKLPQCYV00WFXM65Z,Amaranthus powellii S.Watson,Plantae,Tracheophyta,Magnoliopsida,Caryophyllales,Amaranthaceae,Amaranthus,species,ICN,Romania,RO,present,introduced,established,seedContaminant,otherTransport,naturalDispersal,1943,2022,"Anastasiu P, Miu I, Gavrilidis A, Preda C, Rozylowicz L, Sirbu C, Oprea A, Urziceanu M, Camen-Comanescu P, Nagoda E, Memedemin D, Barbos M, Boruz V, Cislariu A, Don I, Fagaras M, Frink J, Georgescu I, Haruta O, Hurdu B-I, Matis A, Milanovici S, Muncaciu S, Neacsu A, Neblea M, Nicolin A, Niculescu M, Oroian S, Pop O, Radutoiu D, Samarghitan M, Simion I, Soare L, Steiu C, Stoianov E, Strat D, Szabo A, Szatmari P, Tanase C, Mirea M, Manta N, Sirbu I (2024) Alien plant species distribution in Romania: a nationwide survey following the implementation of the EU Regulation on Invasive Alien Species. Biodiversity Data Journal 12. https://doi.org/10.3897/BDJ.12.e119539 | Anastasiu P, Sarbu I, Negrean G (2009) Verbesina encelioides-A new alien plant in Romania. Annals of the University of Craiova-Agriculture, Montanology, Cadastre Series, 39(2), 15-18",,Mexico | Northwestern U.S.A. | South-Central U.S.A. | Southwestern U.S.A.,TRUE,FALSE,FALSE,,2025-11-26,Cristina Preda | Laurentiu Rozylowicz,Daniyar Memedemin
OSROXI44BR0POD3ZHS,Cucumis sativus L.,Plantae,Tracheophyta,Magnoliopsida,Cucurbitales,Cucurbitaceae,Cucumis,species,ICN,Romania,RO,present,introduced,casual,agriculture,,,1943,2021,"Anastasiu P, Miu I, Gavrilidis A, Preda C, Rozylowicz L, Sirbu C, Oprea A, Urziceanu M, Camen-Comanescu P, Nagoda E, Memedemin D, Barbos M, Boruz V, Cislariu A, Don I, Fagaras M, Frink J, Georgescu I, Haruta O, Hurdu B-I, Matis A, Milanovici S, Muncaciu S, Neacsu A, Neblea M, Nicolin A, Niculescu M, Oroian S, Pop O, Radutoiu D, Samarghitan M, Simion I, Soare L, Steiu C, Stoianov E, Strat D, Szabo A, Szatmari P, Tanase C, Mirea M, Manta N, Sirbu I (2024) Alien plant species distribution in Romania: a nationwide survey following the implementation of the EU Regulation on Invasive Alien Species. Biodiversity Data Journal 12. https://doi.org/10.3897/BDJ.12.e119539 | Morariu I (1943) Asociatii de plante antropofile din jurul Bucurestiului, cu observatii asupra raspandirii lor in tara si mai ales in Transilvania. Bul. Grad. Bot. Muz. Bot. Cluj, 23(3-4): 131-212",,China | Indian Subcontinent | Indo-China,TRUE,FALSE,FALSE,,2025-11-26,Cristina Preda | Laurentiu Rozylowicz,Culita Sirbu | Daniyar Memedemin
OSROJSLN0H4V13JFEX,Celtis occidentalis L.,Plantae,Tracheophyta,Magnoliopsida,Rosales,Cannabaceae,Celtis,species,ICN,Romania,RO,present,introduced,casual,ornamentalNonHorticulture,,,1943,2025,"Anastasiu P, Miu I, Gavrilidis A, Preda C, Rozylowicz L, Sirbu C, Oprea A, Urziceanu M, Camen-Comanescu P, Nagoda E, Memedemin D, Barbos M, Boruz V, Cislariu A, Don I, Fagaras M, Frink J, Georgescu I, Haruta O, Hurdu B-I, Matis A, Milanovici S, Muncaciu S, Neacsu A, Neblea M, Nicolin A, Niculescu M, Oroian S, Pop O, Radutoiu D, Samarghitan M, Simion I, Soare L, Steiu C, Stoianov E, Strat D, Szabo A, Szatmari P, Tanase C, Mirea M, Manta N, Sirbu I (2024) Alien plant species distribution in Romania: a nationwide survey following the implementation of the EU Regulation on Invasive Alien Species. Biodiversity Data Journal 12. https://doi.org/10.3897/BDJ.12.e119539 | Sirbu C, Oprea A (2011) Plante adventive in flora Romaniei. Editura Ion Ionescu de la Brad, Iasi, Romania, 734 pp | https://www.gbif.org/occurrence/5238307867 | Blackburn TM, Pysek P, Bacher S, Carlton JT, Duncan RP, Jarosik V, Wilson JR, Richardson DM (2011) A proposed unified framework for biological invasions. Trends in Ecology and Evolution 26: 333-339. https://doi.org/10.1016/j.tree.2011.03.023",,Eastern Canada | North-Central U.S.A. | Northeastern U.S.A. | Northwestern U.S.A. | South-Central U.S.A. | Southeastern U.S.A. | Western Canada,TRUE,FALSE,FALSE,,2025-11-26,Cristina Preda | Laurentiu Rozylowicz,Ioana-Minodora Sirbu
OSRO4UFGLHY5KFYB51,Nicotiana alata Link & Otto,Plantae,Tracheophyta,Magnoliopsida,Solanales,Solanaceae,Nicotiana,species,ICN,Romania,RO,present,introduced,casual,ornamentalNonHorticulture,,,1943,2025,"Anastasiu P, Miu I, Gavrilidis A, Preda C, Rozylowicz L, Sirbu C, Oprea A, Urziceanu M, Camen-Comanescu P, Nagoda E, Memedemin D, Barbos M, Boruz V, Cislariu A, Don I, Fagaras M, Frink J, Georgescu I, Haruta O, Hurdu B-I, Matis A, Milanovici S, Muncaciu S, Neacsu A, Neblea M, Nicolin A, Niculescu M, Oroian S, Pop O, Radutoiu D, Samarghitan M, Simion I, Soare L, Steiu C, Stoianov E, Strat D, Szabo A, Szatmari P, Tanase C, Mirea M, Manta N, Sirbu I (2024) Alien plant species distribution in Romania: a nationwide survey following the implementation of the EU Regulation on Invasive Alien Species. Biodiversity Data Journal 12. https://doi.org/10.3897/BDJ.12.e119539 | Sirbu C, Oprea A (2011) Plante adventive in flora Romaniei. Editura Ion Ionescu de la Brad, Iasi, Romania, 734 pp | https://www.inaturalist.org/observations/333788523 | Blackburn TM, Pysek P, Bacher S, Carlton JT, Duncan RP, Jarosik V, Wilson JR, Richardson DM (2011) A proposed unified framework for biological invasions. Trends in Ecology and Evolution 26: 333-339. https://doi.org/10.1016/j.tree.2011.03.023",,Brazil | Southern South America,TRUE,FALSE,FALSE,,2025-11-26,Cristina Preda | Laurentiu Rozylowicz,Ioana-Minodora Sirbu
OSROPA487XQDI3KNS7,Commelina communis L.,Plantae,Tracheophyta,Liliopsida,Commelinales,Commelinaceae,Commelina,species,ICN,Romania,RO,present,introduced,established,ornamentalNonHorticulture,,,1944,2022,"Anastasiu P, Miu I, Gavrilidis A, Preda C, Rozylowicz L, Sirbu C, Oprea A, Urziceanu M, Camen-Comanescu P, Nagoda E, Memedemin D, Barbos M, Boruz V, Cislariu A, Don I, Fagaras M, Frink J, Georgescu I, Haruta O, Hurdu B-I, Matis A, Milanovici S, Muncaciu S, Neacsu A, Neblea M, Nicolin A, Niculescu M, Oroian S, Pop O, Radutoiu D, Samarghitan M, Simion I, Soare L, Steiu C, Stoianov E, Strat D, Szabo A, Szatmari P, Tanase C, Mirea M, Manta N, Sirbu I (2024) Alien plant species distribution in Romania: a nationwide survey following the implementation of the EU Regulation on Invasive Alien Species. Biodiversity Data Journal 12. https://doi.org/10.3897/BDJ.12.e119539",,China | Eastern Asia | Indo-China | Russian Far East | Siberia,TRUE,FALSE,FALSE,,2025-11-26,Cristina Preda | Laurentiu Rozylowicz,Paulina Anastasiu
OSROHDSEBRVK7SPTQZ,Oxalis dillenii Jacq.,Plantae,Tracheophyta,Magnoliopsida,Oxalidales,Oxalidaceae,Oxalis,species,ICN,Romania,RO,present,introduced,invasive,ornamentalNonHorticulture,,,1944,2025,"Anastasiu P, Miu I, Gavrilidis A, Preda C, Rozylowicz L, Sirbu C, Oprea A, Urziceanu M, Camen-Comanescu P, Nagoda E, Memedemin D, Barbos M, Boruz V, Cislariu A, Don I, Fagaras M, Frink J, Georgescu I, Haruta O, Hurdu B-I, Matis A, Milanovici S, Muncaciu S, Neacsu A, Neblea M, Nicolin A, Niculescu M, Oroian S, Pop O, Radutoiu D, Samarghitan M, Simion I, Soare L, Steiu C, Stoianov E, Strat D, Szabo A, Szatmari P, Tanase C, Mirea M, Manta N, Sirbu I (2024) Alien plant species distribution in Romania: a nationwide survey following the implementation of the EU Regulation on Invasive Alien Species. Biodiversity Data Journal 12. https://doi.org/10.3897/BDJ.12.e119539 | https://www.inaturalist.org/observations/285576282 | Blackburn TM, Pysek P, Bacher S, Carlton JT, Duncan RP, Jarosik V, Wilson JR, Richardson DM (2011) A proposed unified framework for biological invasions. Trends in Ecology and Evolution 26: 333-339. https://doi.org/10.1016/j.tree.2011.03.023",,Eastern Canada | Mexico | North-Central U.S.A. | Northeastern U.S.A. | Northwestern U.S.A. | South-Central U.S.A. | Southeastern U.S.A. | Southwestern U.S.A. | Western Canada,TRUE,FALSE,FALSE,,2025-11-26,Cristina Preda | Laurentiu Rozylowicz,Ioana-Minodora Sirbu
OSROUCKLZPS1548T73NIE5,"Orseolia cynodontis Kieffer & Massalongo, 1902",Animalia,Arthropoda,Insecta,Diptera,Cecidomyiidae,Orseolia,species,ICZN,Romania,RO,present,introduced,colonising,transportStowaway,naturalDispersal,,1945,1945,"Preda C, Adam C, Constantinescu IC, Popa OP, Popa LO, Balcu M-J, Brezeanu AM, Dascalu MM, Draghici A-C, Gavrilescu CF, Gavrilidis AA, Gheoca V, Iorgu EI, Iorgu IS, Krapal AM, Maican S, Manci C-O, Manta N, Manu M, Motoc RM, Niculae IM, Petrescu A-M, Pintilioaie A-M, Popa AF, Radac IA, Rozylowicz L, Ruicanescu A, Sahlean TC, Surugiu V, Serban C, Stefan A, Szekely L, Tausan I, Skolka M (2026) From soil to stream and sea: species richness and distribution of alien invertebrates in Romania. NeoBiota. | Adam C, Constantinescu IC, Draghici AC, Fusu L, Fusu MM, Gheoca V, Iorgu IS, Irimia AG, Maican S, Manci CO, Manu M, Mitroiu MD, Olosutean HG, Perju M, Petrescu AM, Pintilioaie AM, Popa AF, Popescu IE, Popovici OA, Prunar FV, Radac IA, Sahlean TC, Sitar C, Stanciu CR, Szekely L, Tausan I, Tomozii IB, Torok SC, Zaharia LG (2022) Raport final privind distributia speciilor de nevertebrate terestre alogene din hot-spot-uri si caile prioritare de patrundere (an 3 cartare). Raport intocmit in cadrul Proiectului POIM2014+120008 - Managementul adecvat al speciilor invazive din Romania, in conformitate cu Regulamentul UE 1143/2014 referitor la prevenirea si gestionarea introducerii si raspandirii speciilor alogene invazive. Ministerul Mediului, Apelor si Padurilor & Universitatea din Bucuresti, Bucuresti.",,Africa,TRUE,FALSE,FALSE,Cynodon,2025-11-26,Cristina Preda | Laurentiu Rozylowicz,Marius Skolka | Carla F. Gavrilescu
OSRODGDADJTBTKEE5O,Symphoricarpos albus (L.) K.Koch,Plantae,Tracheophyta,Magnoliopsida,Dipsacales,Caprifoliaceae,Symphoricarpos,species,ICN,Romania,RO,present,introduced,casual,ornamentalNonHorticulture,,,1945,2022,"Anastasiu P, Miu I, Gavrilidis A, Preda C, Rozylowicz L, Sirbu C, Oprea A, Urziceanu M, Camen-Comanescu P, Nagoda E, Memedemin D, Barbos M, Boruz V, Cislariu A, Don I, Fagaras M, Frink J, Georgescu I, Haruta O, Hurdu B-I, Matis A, Milanovici S, Muncaciu S, Neacsu A, Neblea M, Nicolin A, Niculescu M, Oroian S, Pop O, Radutoiu D, Samarghitan M, Simion I, Soare L, Steiu C, Stoianov E, Strat D, Szabo A, Szatmari P, Tanase C, Mirea M, Manta N, Sirbu I (2024) Alien plant species distribution in Romania: a nationwide survey following the implementation of the EU Regulation on Invasive Alien Species. Biodiversity Data Journal 12. https://doi.org/10.3897/BDJ.12.e119539",,Eastern Canada | Mexico | North-Central U.S.A. | Northeastern U.S.A. | Northwestern U.S.A. | South-Central U.S.A. | Southeastern U.S.A. | Southwestern U.S.A. | Subarctic America | Western Canada,TRUE,FALSE,FALSE,,2025-11-26,Cristina Preda | Laurentiu Rozylowicz,Daniyar Memedemin | Culita Sirbu
OSROUCKLKKI3SQN56MABIR,"Ferrissia californica (Rowell, 1863)",Animalia,Mollusca,Gastropoda,Pulmonata,Planorbidae,Ferrissia,species,ICZN,Romania,RO,present,introduced,invasive,corridor,transportStowaway,,1946,2012,"Preda C, Adam C, Constantinescu IC, Popa OP, Popa LO, Balcu M-J, Brezeanu AM, Dascalu MM, Draghici A-C, Gavrilescu CF, Gavrilidis AA, Gheoca V, Iorgu EI, Iorgu IS, Krapal AM, Maican S, Manci C-O, Manta N, Manu M, Motoc RM, Niculae IM, Petrescu A-M, Pintilioaie A-M, Popa AF, Radac IA, Rozylowicz L, Ruicanescu A, Sahlean TC, Surugiu V, Serban C, Stefan A, Szekely L, Tausan I, Skolka M (2026) From soil to stream and sea: species richness and distribution of alien invertebrates in Romania. NeoBiota.",,Northern America,FALSE,FALSE,TRUE,,2025-11-26,Cristina Preda | Laurentiu Rozylowicz,Oana P. Popa
OSROPW11F5XS2PG15H,Mirabilis nyctaginea (Michx.) MacMill.,Plantae,Tracheophyta,Magnoliopsida,Caryophyllales,Nyctaginaceae,Mirabilis,species,ICN,Romania,RO,present,introduced,casual,ornamentalNonHorticulture,,,1946,2022,"Anastasiu P, Miu I, Gavrilidis A, Preda C, Rozylowicz L, Sirbu C, Oprea A, Urziceanu M, Camen-Comanescu P, Nagoda E, Memedemin D, Barbos M, Boruz V, Cislariu A, Don I, Fagaras M, Frink J, Georgescu I, Haruta O, Hurdu B-I, Matis A, Milanovici S, Muncaciu S, Neacsu A, Neblea M, Nicolin A, Niculescu M, Oroian S, Pop O, Radutoiu D, Samarghitan M, Simion I, Soare L, Steiu C, Stoianov E, Strat D, Szabo A, Szatmari P, Tanase C, Mirea M, Manta N, Sirbu I (2024) Alien plant species distribution in Romania: a nationwide survey following the implementation of the EU Regulation on Invasive Alien Species. Biodiversity Data Journal 12. https://doi.org/10.3897/BDJ.12.e119539",,Eastern Canada | Mexico | North-Central U.S.A. | Northeastern U.S.A. | Northwestern U.S.A. | South-Central U.S.A. | Southeastern U.S.A. | Southwestern U.S.A. | Western Canada,TRUE,FALSE,FALSE,,2025-11-26,Cristina Preda | Laurentiu Rozylowicz,Daniyar Memedemin
OSROUCKL4K75Y91L368788,Acer negundo L.,Plantae,Tracheophyta,Magnoliopsida,Sapindales,Sapindaceae,Acer,species,ICN,Romania,RO,present,introduced,invasive,landscapeImprovement,naturalDispersal,forestry,1946,2025,"Anastasiu P, Miu I, Gavrilidis A, Preda C, Rozylowicz L, Sirbu C, Oprea A, Urziceanu M, Camen-Comanescu P, Nagoda E, Memedemin D, Barbos M, Boruz V, Cislariu A, Don I, Fagaras M, Frink J, Georgescu I, Haruta O, Hurdu B-I, Matis A, Milanovici S, Muncaciu S, Neacsu A, Neblea M, Nicolin A, Niculescu M, Oroian S, Pop O, Radutoiu D, Samarghitan M, Simion I, Soare L, Steiu C, Stoianov E, Strat D, Szabo A, Szatmari P, Tanase C, Mirea M, Manta N, Sirbu I (2024) Alien plant species distribution in Romania: a nationwide survey following the implementation of the EU Regulation on Invasive Alien Species. Biodiversity Data Journal 12. https://doi.org/10.3897/BDJ.12.e119539 | https://www.inaturalist.org/observations/344066777 | Blackburn TM, Pysek P, Bacher S, Carlton JT, Duncan RP, Jarosik V, Wilson JR, Richardson DM (2011) A proposed unified framework for biological invasions. Trends in Ecology and Evolution 26: 333-339. https://doi.org/10.1016/j.tree.2011.03.023",,Central America | Eastern Canada | Mexico | North-Central U.S.A. | Northeastern U.S.A. | Northwestern U.S.A. | South-Central U.S.A. | Southeastern U.S.A. | Southwestern U.S.A. | Subarctic America | Western Canada,TRUE,FALSE,FALSE,,2025-11-26,Cristina Preda | Laurentiu Rozylowicz,Ioana-Minodora Sirbu
OSROUCKL2CYGKCPCQ6YM8G,"Heliothrips haemorrhoidalis (Bouché, 1833)",Animalia,Arthropoda,Insecta,Thysanoptera,Heliothripidae,Heliothrips,species,ICZN,Romania,RO,present,introduced,colonising,transportStowaway,naturalDispersal,,1947,2022,Reynaud P (2010) Thrips (Thysanoptera). Chapter 13.1. BioRisk 4: 767-791. https://doi.org/10.3897/biorisk.4.59,,Central America | South America,TRUE,FALSE,FALSE,Plantae,2025-11-26,Cristina Preda | Laurentiu Rozylowicz,Marius Skolka | Carla F. Gavrilescu
OSROWZ30W59NC0B3BV,Reynoutria sachalinensis (F.Schmidt) Nakai,Plantae,Tracheophyta,Magnoliopsida,Caryophyllales,Polygonaceae,Reynoutria,species,ICN,Romania,RO,present,introduced,casual,ornamentalNonHorticulture,,,1947,2021,"Anastasiu P, Miu I, Gavrilidis A, Preda C, Rozylowicz L, Sirbu C, Oprea A, Urziceanu M, Camen-Comanescu P, Nagoda E, Memedemin D, Barbos M, Boruz V, Cislariu A, Don I, Fagaras M, Frink J, Georgescu I, Haruta O, Hurdu B-I, Matis A, Milanovici S, Muncaciu S, Neacsu A, Neblea M, Nicolin A, Niculescu M, Oroian S, Pop O, Radutoiu D, Samarghitan M, Simion I, Soare L, Steiu C, Stoianov E, Strat D, Szabo A, Szatmari P, Tanase C, Mirea M, Manta N, Sirbu I (2024) Alien plant species distribution in Romania: a nationwide survey following the implementation of the EU Regulation on Invasive Alien Species. Biodiversity Data Journal 12. https://doi.org/10.3897/BDJ.12.e119539 | Anastasiu P, Sarbu I, Negrean G (2009) Verbesina encelioides-A new alien plant in Romania. Annals of the University of Craiova-Agriculture, Montanology, Cadastre Series, 39(2), 15-18",species of Union Concern (Regulation 1143/2014),Eastern Asia | Russian Far East,TRUE,FALSE,FALSE,,2025-11-26,Cristina Preda | Laurentiu Rozylowicz,Daniyar Memedemin
OSRO2W9FSJXAGSFTCS,Tamarix tetrandra Pall. ex M.Bieb.,Plantae,Tracheophyta,Magnoliopsida,Caryophyllales,Tamaricaceae,Tamarix,species,ICN,Romania,RO,present,introduced,casual,ornamentalNonHorticulture,,,1947,2020,"Anastasiu P, Miu I, Gavrilidis A, Preda C, Rozylowicz L, Sirbu C, Oprea A, Urziceanu M, Camen-Comanescu P, Nagoda E, Memedemin D, Barbos M, Boruz V, Cislariu A, Don I, Fagaras M, Frink J, Georgescu I, Haruta O, Hurdu B-I, Matis A, Milanovici S, Muncaciu S, Neacsu A, Neblea M, Nicolin A, Niculescu M, Oroian S, Pop O, Radutoiu D, Samarghitan M, Simion I, Soare L, Steiu C, Stoianov E, Strat D, Szabo A, Szatmari P, Tanase C, Mirea M, Manta N, Sirbu I (2024) Alien plant species distribution in Romania: a nationwide survey following the implementation of the EU Regulation on Invasive Alien Species. Biodiversity Data Journal 12. https://doi.org/10.3897/BDJ.12.e119539",,Caucasus | Eastern Europe | Southeastern Europe | Western Asia,TRUE,FALSE,FALSE,,2025-11-26,Cristina Preda | Laurentiu Rozylowicz,Daniyar Memedemin
OSROGHKTJXS0CKU6OJ,Lupinus polyphyllus Lindl.,Plantae,Tracheophyta,Magnoliopsida,Fabales,Fabaceae,Lupinus,species,ICN,Romania,RO,present,introduced,invasive,horticulture,,,1947,2022,"Borza Al (1947) Conspectus Florae Romaniae, Regionumque affinium. Edit. Cartea Romaneasca Cluj, 360 pp",,Eastern Canada | North-Central U.S.A. | Northeastern U.S.A. | Northwestern U.S.A. | Southwestern U.S.A. | Western Canada,TRUE,FALSE,FALSE,,2025-11-26,Cristina Preda | Laurentiu Rozylowicz,Culita Sirbu
OSROGFS84Y5C1JGSLB,Fraxinus pennsylvanica Marshall,Plantae,Tracheophyta,Magnoliopsida,Lamiales,Oleaceae,Fraxinus,species,ICN,Romania,RO,present,introduced,invasive,landscapeImprovement,OtherIntentionalRelease,forestry,1947,2022,"Anastasiu P, Miu I, Gavrilidis A, Preda C, Rozylowicz L, Sirbu C, Oprea A, Urziceanu M, Camen-Comanescu P, Nagoda E, Memedemin D, Barbos M, Boruz V, Cislariu A, Don I, Fagaras M, Frink J, Georgescu I, Haruta O, Hurdu B-I, Matis A, Milanovici S, Muncaciu S, Neacsu A, Neblea M, Nicolin A, Niculescu M, Oroian S, Pop O, Radutoiu D, Samarghitan M, Simion I, Soare L, Steiu C, Stoianov E, Strat D, Szabo A, Szatmari P, Tanase C, Mirea M, Manta N, Sirbu I (2024) Alien plant species distribution in Romania: a nationwide survey following the implementation of the EU Regulation on Invasive Alien Species. Biodiversity Data Journal 12. https://doi.org/10.3897/BDJ.12.e119539",,Eastern Canada | North-Central U.S.A. | Northeastern U.S.A. | Northwestern U.S.A. | South-Central U.S.A. | Southeastern U.S.A. | Southwestern U.S.A. | Western Canada,TRUE,FALSE,FALSE,,2025-11-26,Cristina Preda | Laurentiu Rozylowicz,Culita Sirbu
OSRO40ID6QLHECS4GY,Euphorbia marginata Pursh,Plantae,Tracheophyta,Magnoliopsida,Malpighiales,Euphorbiaceae,Euphorbia,species,ICN,Romania,RO,present,introduced,casual,horticulture,,,1947,2022,"Topa Em (1947) Contributiuni noui la cunoasterea ergasiophygophytelor din Cluj. Bul. Grad. Bot. Muz. Bot. Cluj, 27(3-4): 181-188",,Mexico | North-Central U.S.A. | Northwestern U.S.A. | South-Central U.S.A. | Southwestern U.S.A.,TRUE,FALSE,FALSE,,2025-11-26,Cristina Preda | Laurentiu Rozylowicz,Culita Sirbu
OSROOMCWV1PZ054SX1,Ricinus communis L.,Plantae,Tracheophyta,Magnoliopsida,Malpighiales,Euphorbiaceae,Ricinus,species,ICN,Romania,RO,present,introduced,casual,horticulture,ornamentalNonHorticulture,,1947,2022,"Borza Al (1947) Conspectus Florae Romaniae, Regionumque affinium. Edit. Cartea Romaneasca Cluj, 360 pp",,Northeast Tropical Africa,TRUE,FALSE,FALSE,,2025-11-26,Cristina Preda | Laurentiu Rozylowicz,Culita Sirbu
OSROA5OEC9G91MD72R,Broussonetia papyrifera (L.) L'Hér. ex Vent.,Plantae,Tracheophyta,Magnoliopsida,Rosales,Moraceae,Broussonetia,species,ICN,Romania,RO,present,introduced,casual,ornamentalNonHorticulture,,,1947,2025,"Anastasiu P, Miu I, Gavrilidis A, Preda C, Rozylowicz L, Sirbu C, Oprea A, Urziceanu M, Camen-Comanescu P, Nagoda E, Memedemin D, Barbos M, Boruz V, Cislariu A, Don I, Fagaras M, Frink J, Georgescu I, Haruta O, Hurdu B-I, Matis A, Milanovici S, Muncaciu S, Neacsu A, Neblea M, Nicolin A, Niculescu M, Oroian S, Pop O, Radutoiu D, Samarghitan M, Simion I, Soare L, Steiu C, Stoianov E, Strat D, Szabo A, Szatmari P, Tanase C, Mirea M, Manta N, Sirbu I (2024) Alien plant species distribution in Romania: a nationwide survey following the implementation of the EU Regulation on Invasive Alien Species. Biodiversity Data Journal 12. https://doi.org/10.3897/BDJ.12.e119539 | Sirbu C, Oprea A (2011) Plante adventive in flora Romaniei. Editura Ion Ionescu de la Brad, Iasi, Romania, 734 pp | https://www.inaturalist.org/observations/308289377 | Blackburn TM, Pysek P, Bacher S, Carlton JT, Duncan RP, Jarosik V, Wilson JR, Richardson DM (2011) A proposed unified framework for biological invasions. Trends in Ecology and Evolution 26: 333-339. https://doi.org/10.1016/j.tree.2011.03.023",species of Union Concern (Regulation 1143/2014),China | Eastern Asia | Indian Subcontinent | Indo-China,TRUE,FALSE,FALSE,,2025-11-26,Cristina Preda | Laurentiu Rozylowicz,Ioana-Minodora Sirbu
OSRORSMBI8HV3RXUH0,Maclura pomifera (Raf. ex Sarg.) C.K.Schneid.,Plantae,Tracheophyta,Magnoliopsida,Rosales,Moraceae,Maclura,species,ICN,Romania,RO,present,introduced,casual,ornamentalNonHorticulture,,,1947,2023,"Anastasiu P, Miu I, Gavrilidis A, Preda C, Rozylowicz L, Sirbu C, Oprea A, Urziceanu M, Camen-Comanescu P, Nagoda E, Memedemin D, Barbos M, Boruz V, Cislariu A, Don I, Fagaras M, Frink J, Georgescu I, Haruta O, Hurdu B-I, Matis A, Milanovici S, Muncaciu S, Neacsu A, Neblea M, Nicolin A, Niculescu M, Oroian S, Pop O, Radutoiu D, Samarghitan M, Simion I, Soare L, Steiu C, Stoianov E, Strat D, Szabo A, Szatmari P, Tanase C, Mirea M, Manta N, Sirbu I (2024) Alien plant species distribution in Romania: a nationwide survey following the implementation of the EU Regulation on Invasive Alien Species. Biodiversity Data Journal 12. https://doi.org/10.3897/BDJ.12.e119539 | Sirbu C, Oprea A (2011) Plante adventive in flora Romaniei. Editura Ion Ionescu de la Brad, Iasi, Romania, 734 pp | https://www.inaturalist.org/observations/337067787 | Blackburn TM, Pysek P, Bacher S, Carlton JT, Duncan RP, Jarosik V, Wilson JR, Richardson DM (2011) A proposed unified framework for biological invasions. Trends in Ecology and Evolution 26: 333-339. https://doi.org/10.1016/j.tree.2011.03.023",,North-Central U.S.A. | South-Central U.S.A. | Southeastern U.S.A.,TRUE,FALSE,FALSE,,2025-11-26,Cristina Preda | Laurentiu Rozylowicz,Ioana-Minodora Sirbu
OSROZKWIVI8OCFALSP,Prunus persica (L.) Stokes,Plantae,Tracheophyta,Magnoliopsida,Rosales,Rosaceae,Prunus,species,ICN,Romania,RO,present,introduced,casual,escapeFromConfinement,,,1947,2025,"Anastasiu P, Miu I, Gavrilidis A, Preda C, Rozylowicz L, Sirbu C, Oprea A, Urziceanu M, Camen-Comanescu P, Nagoda E, Memedemin D, Barbos M, Boruz V, Cislariu A, Don I, Fagaras M, Frink J, Georgescu I, Haruta O, Hurdu B-I, Matis A, Milanovici S, Muncaciu S, Neacsu A, Neblea M, Nicolin A, Niculescu M, Oroian S, Pop O, Radutoiu D, Samarghitan M, Simion I, Soare L, Steiu C, Stoianov E, Strat D, Szabo A, Szatmari P, Tanase C, Mirea M, Manta N, Sirbu I (2024) Alien plant species distribution in Romania: a nationwide survey following the implementation of the EU Regulation on Invasive Alien Species. Biodiversity Data Journal 12. https://doi.org/10.3897/BDJ.12.e119539 | Sirbu C, Oprea A (2011) Plante adventive in flora Romaniei. Editura Ion Ionescu de la Brad, Iasi, Romania, 734 pp | https://www.inaturalist.org/observations/300600035 | Blackburn TM, Pysek P, Bacher S, Carlton JT, Duncan RP, Jarosik V, Wilson JR, Richardson DM (2011) A proposed unified framework for biological invasions. Trends in Ecology and Evolution 26: 333-339. https://doi.org/10.1016/j.tree.2011.03.023",,China,TRUE,FALSE,FALSE,,2025-11-26,Cristina Preda | Laurentiu Rozylowicz,Ioana-Minodora Sirbu
OSROUCKLSR8GOG62VYM6V3,Acer saccharinum L.,Plantae,Tracheophyta,Magnoliopsida,Sapindales,Sapindaceae,Acer,species,ICN,Romania,RO,present,introduced,casual,ornamentalNonHorticulture,,,1947,2022,"Anastasiu P, Miu I, Gavrilidis A, Preda C, Rozylowicz L, Sirbu C, Oprea A, Urziceanu M, Camen-Comanescu P, Nagoda E, Memedemin D, Barbos M, Boruz V, Cislariu A, Don I, Fagaras M, Frink J, Georgescu I, Haruta O, Hurdu B-I, Matis A, Milanovici S, Muncaciu S, Neacsu A, Neblea M, Nicolin A, Niculescu M, Oroian S, Pop O, Radutoiu D, Samarghitan M, Simion I, Soare L, Steiu C, Stoianov E, Strat D, Szabo A, Szatmari P, Tanase C, Mirea M, Manta N, Sirbu I (2024) Alien plant species distribution in Romania: a nationwide survey following the implementation of the EU Regulation on Invasive Alien Species. Biodiversity Data Journal 12. https://doi.org/10.3897/BDJ.12.e119539 | Sirbu C, Oprea A (2011) Plante adventive in flora Romaniei. Editura Ion Ionescu de la Brad, Iasi, Romania, 734 pp | Blackburn TM, Pysek P, Bacher S, Carlton JT, Duncan RP, Jarosik V, Wilson JR, Richardson DM (2011) A proposed unified framework for biological invasions. Trends in Ecology and Evolution 26: 333-339. https://doi.org/10.1016/j.tree.2011.03.023",,Eastern Canada | North-Central U.S.A. | Northeastern U.S.A. | South-Central U.S.A. | Southeastern U.S.A.,TRUE,FALSE,FALSE,,2025-11-26,Cristina Preda | Laurentiu Rozylowicz,Ioana-Minodora Sirbu
OSRO7G7F6K3I6E2KA3,Phedimus spurius (M.Bieb.) 't Hart,Plantae,Tracheophyta,Magnoliopsida,Saxifragales,Crassulaceae,Phedimus,species,ICN,Romania,RO,present,introduced,established,ornamentalNonHorticulture,,,1947,2025,"Anastasiu P, Miu I, Gavrilidis A, Preda C, Rozylowicz L, Sirbu C, Oprea A, Urziceanu M, Camen-Comanescu P, Nagoda E, Memedemin D, Barbos M, Boruz V, Cislariu A, Don I, Fagaras M, Frink J, Georgescu I, Haruta O, Hurdu B-I, Matis A, Milanovici S, Muncaciu S, Neacsu A, Neblea M, Nicolin A, Niculescu M, Oroian S, Pop O, Radutoiu D, Samarghitan M, Simion I, Soare L, Steiu C, Stoianov E, Strat D, Szabo A, Szatmari P, Tanase C, Mirea M, Manta N, Sirbu I (2024) Alien plant species distribution in Romania: a nationwide survey following the implementation of the EU Regulation on Invasive Alien Species. Biodiversity Data Journal 12. https://doi.org/10.3897/BDJ.12.e119539 | Sirbu C, Oprea A (2011) Plante adventive in flora Romaniei. Editura Ion Ionescu de la Brad, Iasi, Romania, 734 pp | https://www.inaturalist.org/observations/330700588 | Blackburn TM, Pysek P, Bacher S, Carlton JT, Duncan RP, Jarosik V, Wilson JR, Richardson DM (2011) A proposed unified framework for biological invasions. Trends in Ecology and Evolution 26: 333-339. https://doi.org/10.1016/j.tree.2011.03.023",,Caucasus | Western Asia,TRUE,FALSE,FALSE,,2025-11-26,Cristina Preda | Laurentiu Rozylowicz,Ioana-Minodora Sirbu
OSROUCKL0WVDKXBKOY01LC,"Ips duplicatus Sahlberg, 1836",Animalia,Arthropoda,Insecta,Coleoptera,Curculionidae,Ips,species,ICZN,Romania,RO,present,introduced,invasive,transportContaminant,naturalDispersal,,1948,2022,"Olenici N, Balacenoiu F, Tomescu R, Netoiu C, Buzatu A, Alexandru A (2022) Invasive alien forest insect species in south-eastern Romania. Notulae Botanicae Horti Agrobotanici Cluj-Napoca 50: 12618. https://doi.org/10.15835/nbha50112618",,Northern Europe | Northern Asia | Eastern Europe,TRUE,FALSE,FALSE,Picea,2026-03-19,Cristina Preda | Laurentiu Rozylowicz,Marius Skolka
OSROTZLTH26E65Y2W2,Helianthus decapetalus L.,Plantae,Tracheophyta,Magnoliopsida,Asterales,Asteraceae,Helianthus,species,ICN,Romania,RO,present,introduced,casual,ornamentalNonHorticulture,,,1948,2022,"Anastasiu P, Miu I, Gavrilidis A, Preda C, Rozylowicz L, Sirbu C, Oprea A, Urziceanu M, Camen-Comanescu P, Nagoda E, Memedemin D, Barbos M, Boruz V, Cislariu A, Don I, Fagaras M, Frink J, Georgescu I, Haruta O, Hurdu B-I, Matis A, Milanovici S, Muncaciu S, Neacsu A, Neblea M, Nicolin A, Niculescu M, Oroian S, Pop O, Radutoiu D, Samarghitan M, Simion I, Soare L, Steiu C, Stoianov E, Strat D, Szabo A, Szatmari P, Tanase C, Mirea M, Manta N, Sirbu I (2024) Alien plant species distribution in Romania: a nationwide survey following the implementation of the EU Regulation on Invasive Alien Species. Biodiversity Data Journal 12. https://doi.org/10.3897/BDJ.12.e119539",,Eastern Canada | North-Central U.S.A. | Northeastern U.S.A. | Southeastern U.S.A.,TRUE,FALSE,FALSE,,2025-11-26,Cristina Preda | Laurentiu Rozylowicz,Paulina Anastasiu
OSROK2LFYCJKWBOB1L,Lonicera japonica Thunb.,Plantae,Tracheophyta,Magnoliopsida,Dipsacales,Caprifoliaceae,Lonicera,species,ICN,Romania,RO,present,introduced,established,ornamentalNonHorticulture,,,1948,2022,"Anastasiu P, Miu I, Gavrilidis A, Preda C, Rozylowicz L, Sirbu C, Oprea A, Urziceanu M, Camen-Comanescu P, Nagoda E, Memedemin D, Barbos M, Boruz V, Cislariu A, Don I, Fagaras M, Frink J, Georgescu I, Haruta O, Hurdu B-I, Matis A, Milanovici S, Muncaciu S, Neacsu A, Neblea M, Nicolin A, Niculescu M, Oroian S, Pop O, Radutoiu D, Samarghitan M, Simion I, Soare L, Steiu C, Stoianov E, Strat D, Szabo A, Szatmari P, Tanase C, Mirea M, Manta N, Sirbu I (2024) Alien plant species distribution in Romania: a nationwide survey following the implementation of the EU Regulation on Invasive Alien Species. Biodiversity Data Journal 12. https://doi.org/10.3897/BDJ.12.e119539",,China | Eastern Asia,TRUE,FALSE,FALSE,,2025-11-26,Cristina Preda | Laurentiu Rozylowicz,Culita Sirbu | Daniyar Memedemin
OSROI24YI3BGLG1PCB,Catalpa bignonioides Walter,Plantae,Tracheophyta,Magnoliopsida,Lamiales,Bignoniaceae,Catalpa,species,ICN,Romania,RO,present,introduced,casual,horticulture,ornamentalNonHorticulture,,1948,2022,"Prodan I (1948) Fanetele si pasunile din nordul Transilvaniei. Studiu floristic, ecologic si agricol. Analele Fac. Agron. Cluj, 12(supl.), 162 pp",,South-Central U.S.A. | Southeastern U.S.A.,TRUE,FALSE,FALSE,,2025-11-26,Cristina Preda | Laurentiu Rozylowicz,Culita Sirbu
OSROUCKL6U22ZFHJU285LL,"Hyphantria cunea (Drury, 1773)",Animalia,Arthropoda,Insecta,Lepidoptera,Erebidae,Hyphantria,species,ICZN,Romania,RO,present,introduced,colonising,transportContaminant,transportStowaway,naturalDispersal,1949,2022,"Olenici N, Balacenoiu F, Tomescu R, Netoiu C, Buzatu A, Alexandru A (2022) Invasive alien forest insect species in south-eastern Romania. Notulae Botanicae Horti Agrobotanici Cluj-Napoca 50: 12618. https://doi.org/10.15835/nbha50112618",,Northern America,TRUE,FALSE,FALSE,Plantae,2026-03-19,Cristina Preda | Laurentiu Rozylowicz,Marius Skolka | Carla F. Gavrilescu
OSROWEKXHIKFJI52OZ,Nelumbo nucifera Gaertn.,Plantae,Tracheophyta,Magnoliopsida,Proteales,Nelumbonaceae,Nelumbo,species,ICN,Romania,RO,present,introduced,established,landscapeImprovement,,,1949,2025,"Anastasiu P, Miu I, Gavrilidis A, Preda C, Rozylowicz L, Sirbu C, Oprea A, Urziceanu M, Camen-Comanescu P, Nagoda E, Memedemin D, Barbos M, Boruz V, Cislariu A, Don I, Fagaras M, Frink J, Georgescu I, Haruta O, Hurdu B-I, Matis A, Milanovici S, Muncaciu S, Neacsu A, Neblea M, Nicolin A, Niculescu M, Oroian S, Pop O, Radutoiu D, Samarghitan M, Simion I, Soare L, Steiu C, Stoianov E, Strat D, Szabo A, Szatmari P, Tanase C, Mirea M, Manta N, Sirbu I (2024) Alien plant species distribution in Romania: a nationwide survey following the implementation of the EU Regulation on Invasive Alien Species. Biodiversity Data Journal 12. https://doi.org/10.3897/BDJ.12.e119539 | https://www.inaturalist.org/observations/320605281 | Blackburn TM, Pysek P, Bacher S, Carlton JT, Duncan RP, Jarosik V, Wilson JR, Richardson DM (2011) A proposed unified framework for biological invasions. Trends in Ecology and Evolution 26: 333-339. https://doi.org/10.1016/j.tree.2011.03.023",,Australia | Caucasus | China | Eastern Asia | Eastern Europe | Indian Subcontinent | Indo-China | Malesia | Papuasia | Russian Far East | Western Asia,FALSE,FALSE,TRUE,,2025-11-26,Cristina Preda | Laurentiu Rozylowicz,Ioana-Minodora Sirbu
OSRO4S4LF5PVBH1SLN,Potentilla indica (Andrews) Th.Wolf,Plantae,Tracheophyta,Magnoliopsida,Rosales,Rosaceae,Potentilla,species,ICN,Romania,RO,present,introduced,established,ornamentalNonHorticulture,,,1949,2025,"Anastasiu P, Miu I, Gavrilidis A, Preda C, Rozylowicz L, Sirbu C, Oprea A, Urziceanu M, Camen-Comanescu P, Nagoda E, Memedemin D, Barbos M, Boruz V, Cislariu A, Don I, Fagaras M, Frink J, Georgescu I, Haruta O, Hurdu B-I, Matis A, Milanovici S, Muncaciu S, Neacsu A, Neblea M, Nicolin A, Niculescu M, Oroian S, Pop O, Radutoiu D, Samarghitan M, Simion I, Soare L, Steiu C, Stoianov E, Strat D, Szabo A, Szatmari P, Tanase C, Mirea M, Manta N, Sirbu I (2024) Alien plant species distribution in Romania: a nationwide survey following the implementation of the EU Regulation on Invasive Alien Species. Biodiversity Data Journal 12. https://doi.org/10.3897/BDJ.12.e119539 | Sirbu C, Oprea A (2011) Plante adventive in flora Romaniei. Editura Ion Ionescu de la Brad, Iasi, Romania, 734 pp | https://www.inaturalist.org/observations/329311338 | Blackburn TM, Pysek P, Bacher S, Carlton JT, Duncan RP, Jarosik V, Wilson JR, Richardson DM (2011) A proposed unified framework for biological invasions. Trends in Ecology and Evolution 26: 333-339. https://doi.org/10.1016/j.tree.2011.03.023",,China | Eastern Asia | Indian Subcontinent | Indo-China | Malesia | Russian Far East | Western Asia,TRUE,FALSE,FALSE,,2025-11-26,Cristina Preda | Laurentiu Rozylowicz,Ioana-Minodora Sirbu
OSROUCKLRFU6TPRR18BOFX,"Bruchus lentis Frölich, 1799",Animalia,Arthropoda,Insecta,Coleoptera,Chrysomelidae,Bruchus,species,ICZN,Romania,RO,present,introduced,invasive,transportContaminant,naturalDispersal,,1950,1950,"Preda C, Adam C, Constantinescu IC, Popa OP, Popa LO, Balcu M-J, Brezeanu AM, Dascalu MM, Draghici A-C, Gavrilescu CF, Gavrilidis AA, Gheoca V, Iorgu EI, Iorgu IS, Krapal AM, Maican S, Manci C-O, Manta N, Manu M, Motoc RM, Niculae IM, Petrescu A-M, Pintilioaie A-M, Popa AF, Radac IA, Rozylowicz L, Ruicanescu A, Sahlean TC, Surugiu V, Serban C, Stefan A, Szekely L, Tausan I, Skolka M (2026) From soil to stream and sea: species richness and distribution of alien invertebrates in Romania. NeoBiota. | Radac IA (2022) Expansiunea unor specii native sau alogene de bruchine si heteroptere in Romania (Insecta: Coleoptera, Heteroptera). Teza de doctorat, Universitatea Babes-Bolyai, Cluj-Napoca. https://teze.doctorat.ubbcluj.ro",,Western Asia | Southern Europe,TRUE,FALSE,FALSE,Lens,2025-11-26,Cristina Preda | Laurentiu Rozylowicz,Marius Skolka | Carla F. Gavrilescu
OSROUCKL23883WW2X5O2UB,"Rhithropanopeus harrisii (Gould, 1841)",Animalia,Arthropoda,Malacostraca,Decapoda,Panopeidae,Rhithropanopeus,species,ICZN,Romania,RO,present,introduced,invasive,ballastWater,hullFouling,naturalDispersal,1950,2022,"Preda C, Adam C, Constantinescu IC, Popa OP, Popa LO, Balcu M-J, Brezeanu AM, Dascalu MM, Draghici A-C, Gavrilescu CF, Gavrilidis AA, Gheoca V, Iorgu EI, Iorgu IS, Krapal AM, Maican S, Manci C-O, Manta N, Manu M, Motoc RM, Niculae IM, Petrescu A-M, Pintilioaie A-M, Popa AF, Radac IA, Rozylowicz L, Ruicanescu A, Sahlean TC, Surugiu V, Serban C, Stefan A, Szekely L, Tausan I, Skolka M (2026) From soil to stream and sea: species richness and distribution of alien invertebrates in Romania. NeoBiota. | Bancila R, Skolka M, Ivanova P, Surugiu V, Stefanova K, Todorova V, Zenetos A (2022) Alien species of the Romanian and Bulgarian Black Sea coast: state of knowledge, uncertainties, and needs for future research. Aquatic Invasions 17: 253-273. https://doi.org/10.3391/ai.2022.17.3.02",,"Northern America (NW Atlantic coast, Gulf of St. Lawrence to Gulf of Mexico) | Central America (Gulf of Mexico) | Atlantic Ocean",FALSE,TRUE,TRUE,,2025-11-26,Cristina Preda | Laurentiu Rozylowicz,Oana P. Popa
OSROUCKLUJLC50TJ9TVCP5,"Pectinatella magnifica (Leidy, 1851)",Animalia,Bryozoa,Phylactolaemata,Plumatellida,Pectinatellidae,Pectinatella,species,ICZN,Romania,RO,present,introduced,invasive,corridor,naturalDispersal,transportStowaway,1950,2017,"Preda C, Adam C, Constantinescu IC, Popa OP, Popa LO, Balcu M-J, Brezeanu AM, Dascalu MM, Draghici A-C, Gavrilescu CF, Gavrilidis AA, Gheoca V, Iorgu EI, Iorgu IS, Krapal AM, Maican S, Manci C-O, Manta N, Manu M, Motoc RM, Niculae IM, Petrescu A-M, Pintilioaie A-M, Popa AF, Radac IA, Rozylowicz L, Ruicanescu A, Sahlean TC, Surugiu V, Serban C, Stefan A, Szekely L, Tausan I, Skolka M (2026) From soil to stream and sea: species richness and distribution of alien invertebrates in Romania. NeoBiota. | Lacourt AW (1968) A monograph of the freshwater Bryozoa - Phylactolaemata. Zoologische Verhandelingen, 93: 1-159",,Northern America (east of Mississippi),FALSE,FALSE,TRUE,,2025-11-26,Cristina Preda | Laurentiu Rozylowicz,Oana P. Popa
OSROUCKL9TPHK5FXZXZQKW,"Branchiura sowerbyi Beddard, 1892",Animalia,Annelida,Clitellata,Tubificida,Naididae,Branchiura,species,ICZN,Romania,RO,present,introduced,invasive,OtherEscape,aquacultureMariculture,fisheryInTheWild,1951,2019,"Preda C, Adam C, Constantinescu IC, Popa OP, Popa LO, Balcu M-J, Brezeanu AM, Dascalu MM, Draghici A-C, Gavrilescu CF, Gavrilidis AA, Gheoca V, Iorgu EI, Iorgu IS, Krapal AM, Maican S, Manci C-O, Manta N, Manu M, Motoc RM, Niculae IM, Petrescu A-M, Pintilioaie A-M, Popa AF, Radac IA, Rozylowicz L, Ruicanescu A, Sahlean TC, Surugiu V, Serban C, Stefan A, Szekely L, Tausan I, Skolka M (2026) From soil to stream and sea: species richness and distribution of alien invertebrates in Romania. NeoBiota.",,Southern Asia,FALSE,FALSE,TRUE,,2025-11-26,Cristina Preda | Laurentiu Rozylowicz,Oana P. Popa
OSROUCKL0N6IUWMS2GZ3WO,"Nyctereutes procyonoides (Gray, 1834)",Animalia,Chordata,Mammalia,Carnivora,Canidae,Nyctereutes,species,ICZN,Romania,RO,present,introduced,invasive,fur,escapeFromConfinement,naturalDispersal,1951,2024,"Cogalniceanu D, Cobzaru I, Dragan O, Fanaru G, Iftime A, Stanescu F, Telea E, Topliceanu S, Ureche D, Chisamera G, Petrescu A, Iftime O (2021) Raport tehnic privind sursele bibliografice referitoare la speciile de vertebrate terestre alogene invazive si potential invazive. Zenodo. https://doi.org/10.5281/zenodo.5593956 | Almasan H (1953) Un nou animal in fauna tarii: cainele enot. Vanatorul, 3, 11,13. | Marches G, Auslander D, Marcoci G, Hellwing S (1954) Sacalul si cainele jder. Vanatorul si Pescarul Sportiv, 6, 16, 20. | Vasiliu GD (1964) Der Marderhund (Nyctereutes procyonoides Gray) in Rumanien. Zeitschrift Fur Jagdwissenschaft, 10(2), 51-54. | GBIF.org (2026) Occurrence Download. The Global Biodiversity Information Facility. https://doi.org/10.15468/dl.qat2t8",species of Union Concern (Regulation 1143/2014),Eastern Asia | South-eastern Asia | North Asia,TRUE,FALSE,FALSE,,2025-11-26,Cristina Preda | Laurentiu Rozylowicz,Gabriel Chisamera
OSROUCKLPPLFB8KQAUJE0N,"Potamopyrgus antipodarum (J. E. Gray, 1843)",Animalia,Mollusca,Gastropoda,Littorinimorpha,Tateidae,Potamopyrgus,species,ICZN,Romania,RO,present,introduced,invasive,ballastWater,PublicGardenZooAquaria,transportationHabitatMaterial,1951,2002,"Preda C, Adam C, Constantinescu IC, Popa OP, Popa LO, Balcu M-J, Brezeanu AM, Dascalu MM, Draghici A-C, Gavrilescu CF, Gavrilidis AA, Gheoca V, Iorgu EI, Iorgu IS, Krapal AM, Maican S, Manci C-O, Manta N, Manu M, Motoc RM, Niculae IM, Petrescu A-M, Pintilioaie A-M, Popa AF, Radac IA, Rozylowicz L, Ruicanescu A, Sahlean TC, Surugiu V, Serban C, Stefan A, Szekely L, Tausan I, Skolka M (2026) From soil to stream and sea: species richness and distribution of alien invertebrates in Romania. NeoBiota.",,Australia and New Zealand (New Zealand),FALSE,FALSE,TRUE,,2025-11-26,Cristina Preda | Laurentiu Rozylowicz,Oana P. Popa
OSROUCKL7UDE7LHF5Y2KBA,"Onchocleidus dispar Mueller, 1936",Animalia,Platyhelminthes,Monogenea,Dactylogyridea,Ancyrocephalidae,Onchocleidus,species,ICZN,Romania,RO,present,introduced,colonising,parasitesOnAnimals,,,1951,2006,"Preda C, Adam C, Constantinescu IC, Popa OP, Popa LO, Balcu M-J, Brezeanu AM, Dascalu MM, Draghici A-C, Gavrilescu CF, Gavrilidis AA, Gheoca V, Iorgu EI, Iorgu IS, Krapal AM, Maican S, Manci C-O, Manta N, Manu M, Motoc RM, Niculae IM, Petrescu A-M, Pintilioaie A-M, Popa AF, Radac IA, Rozylowicz L, Ruicanescu A, Sahlean TC, Surugiu V, Serban C, Stefan A, Szekely L, Tausan I, Skolka M (2026) From soil to stream and sea: species richness and distribution of alien invertebrates in Romania. NeoBiota.",,Northern America (eastern USA),FALSE,FALSE,TRUE,Centrarchidae,2025-11-26,Cristina Preda | Laurentiu Rozylowicz,Oana P. Popa
OSROUCKLSH3IT33ZKV2M0L,"Onchocleidus similis Mueller, 1936",Animalia,Platyhelminthes,Monogenea,Dactylogyridea,Ancyrocephalidae,Onchocleidus,species,ICZN,Romania,RO,present,introduced,invasive,transportContaminant,,,1951,2017,"Preda C, Adam C, Constantinescu IC, Popa OP, Popa LO, Balcu M-J, Brezeanu AM, Dascalu MM, Draghici A-C, Gavrilescu CF, Gavrilidis AA, Gheoca V, Iorgu EI, Iorgu IS, Krapal AM, Maican S, Manci C-O, Manta N, Manu M, Motoc RM, Niculae IM, Petrescu A-M, Pintilioaie A-M, Popa AF, Radac IA, Rozylowicz L, Ruicanescu A, Sahlean TC, Surugiu V, Serban C, Stefan A, Szekely L, Tausan I, Skolka M (2026) From soil to stream and sea: species richness and distribution of alien invertebrates in Romania. NeoBiota.",,Northern America,FALSE,FALSE,TRUE,Centrarchidae,2025-11-26,Cristina Preda | Laurentiu Rozylowicz,Marius Skolka | Carla F. Gavrilescu
OSROU4OBPJKEE9QM8S,Dipsacus strigosus Willd.,Plantae,Tracheophyta,Magnoliopsida,Dipsacales,Caprifoliaceae,Dipsacus,species,ICN,Romania,RO,present,introduced,invasive,transportContaminant,unaided,,1951,2021,"Morariu I, Negrus H (1970) Saxifraga mutata L. si Virga strigosa (Willd.) Holub noi in flora Romaniei. Stud. Cerc. Biol. Ser. Bot., 22(4): 291-296 | Anastasiu P, Miu I, Gavrilidis A, Preda C, Rozylowicz L, Sirbu C, Oprea A, Urziceanu M, Camen-Comanescu P, Nagoda E, Memedemin D, Barbos M, Boruz V, Cislariu A, Don I, Fagaras M, Frink J, Georgescu I, Haruta O, Hurdu B-I, Matis A, Milanovici S, Muncaciu S, Neacsu A, Neblea M, Nicolin A, Niculescu M, Oroian S, Pop O, Radutoiu D, Samarghitan M, Simion I, Soare L, Steiu C, Stoianov E, Strat D, Szabo A, Szatmari P, Tanase C, Mirea M, Manta N, Sirbu I (2024) Alien plant species distribution in Romania: a nationwide survey following the implementation of the EU Regulation on Invasive Alien Species. Biodiversity Data Journal 12. https://doi.org/10.3897/BDJ.12.e119539 | Sirbu C, Oprea A (2011) Plante adventive in flora Romaniei. Editura Ion Ionescu de la Brad | Anastasiu P, Sarbu I, Negrean G (2009) Verbesina encelioides-A new alien plant in Romania. Annals of the University of Craiova-Agriculture, Montanology, Cadastre Series, 39(2), 15-18",,Caucasus | Central Asia | Eastern Europe | Western Asia,TRUE,FALSE,FALSE,,2025-11-26,Cristina Preda | Laurentiu Rozylowicz,Culita Sirbu | Daniyar Memedemin
OSROUCKL63VE43EDM9EPY3,"Leptinotarsa decemlineata (Say, 1824)",Animalia,Arthropoda,Insecta,Coleoptera,Chrysomelidae,Leptinotarsa,species,ICZN,Romania,RO,present,introduced,invasive,transportContaminant,naturalDispersal,,1952,2010,"Skuhrava M, Martinez M, Roques A (2010) Diptera. Chapter 10. BioRisk 4: 553-602. https://doi.org/10.3897/biorisk.4.53",,Northern America (S) | Central America (Mexico),TRUE,FALSE,FALSE,Solanum,2026-03-15,Cristina Preda | Laurentiu Rozylowicz,Marius Skolka
OSROUCKLBL7N6FOV8URHTE,Amaranthus cruentus L.,Plantae,Tracheophyta,Magnoliopsida,Caryophyllales,Amaranthaceae,Amaranthus,species,ICN,Romania,RO,present,introduced,casual,seedContaminant,ornamentalNonHorticulture,,1952,2022,"Anastasiu P, Miu I, Gavrilidis A, Preda C, Rozylowicz L, Sirbu C, Oprea A, Urziceanu M, Camen-Comanescu P, Nagoda E, Memedemin D, Barbos M, Boruz V, Cislariu A, Don I, Fagaras M, Frink J, Georgescu I, Haruta O, Hurdu B-I, Matis A, Milanovici S, Muncaciu S, Neacsu A, Neblea M, Nicolin A, Niculescu M, Oroian S, Pop O, Radutoiu D, Samarghitan M, Simion I, Soare L, Steiu C, Stoianov E, Strat D, Szabo A, Szatmari P, Tanase C, Mirea M, Manta N, Sirbu I (2024) Alien plant species distribution in Romania: a nationwide survey following the implementation of the EU Regulation on Invasive Alien Species. Biodiversity Data Journal 12. https://doi.org/10.3897/BDJ.12.e119539 | Anastasiu P, Sarbu I, Negrean G (2009) Verbesina encelioides-A new alien plant in Romania. Annals of the University of Craiova-Agriculture, Montanology, Cadastre Series, 39(2), 15-18",,Central America | Mexico,TRUE,FALSE,FALSE,,2025-11-26,Cristina Preda | Laurentiu Rozylowicz,Daniyar Memedemin
OSROMZPPIJWD4VW0BL,Celosia argentea L.,Plantae,Tracheophyta,Magnoliopsida,Caryophyllales,Amaranthaceae,Celosia,species,ICN,Romania,RO,present,introduced,casual,ornamentalNonHorticulture,,,1952,2021,"Anastasiu P, Miu I, Gavrilidis A, Preda C, Rozylowicz L, Sirbu C, Oprea A, Urziceanu M, Camen-Comanescu P, Nagoda E, Memedemin D, Barbos M, Boruz V, Cislariu A, Don I, Fagaras M, Frink J, Georgescu I, Haruta O, Hurdu B-I, Matis A, Milanovici S, Muncaciu S, Neacsu A, Neblea M, Nicolin A, Niculescu M, Oroian S, Pop O, Radutoiu D, Samarghitan M, Simion I, Soare L, Steiu C, Stoianov E, Strat D, Szabo A, Szatmari P, Tanase C, Mirea M, Manta N, Sirbu I (2024) Alien plant species distribution in Romania: a nationwide survey following the implementation of the EU Regulation on Invasive Alien Species. Biodiversity Data Journal 12. https://doi.org/10.3897/BDJ.12.e119539 | Anastasiu P, Sarbu I, Negrean G (2009) Verbesina encelioides-A new alien plant in Romania. Annals of the University of Craiova-Agriculture, Montanology, Cadastre Series, 39(2), 15-18",,East Tropical Africa | Northeast Tropical Africa | South Tropical Africa | West Tropical Africa | West-Central Tropical Africa,TRUE,FALSE,FALSE,,2025-11-26,Cristina Preda | Laurentiu Rozylowicz,Daniyar Memedemin
OSRO0R96ZHV6BE5EVT,Mirabilis jalapa L.,Plantae,Tracheophyta,Magnoliopsida,Caryophyllales,Nyctaginaceae,Mirabilis,species,ICN,Romania,RO,present,introduced,casual,ornamentalNonHorticulture,,,1952,2022,"Anastasiu P, Miu I, Gavrilidis A, Preda C, Rozylowicz L, Sirbu C, Oprea A, Urziceanu M, Camen-Comanescu P, Nagoda E, Memedemin D, Barbos M, Boruz V, Cislariu A, Don I, Fagaras M, Frink J, Georgescu I, Haruta O, Hurdu B-I, Matis A, Milanovici S, Muncaciu S, Neacsu A, Neblea M, Nicolin A, Niculescu M, Oroian S, Pop O, Radutoiu D, Samarghitan M, Simion I, Soare L, Steiu C, Stoianov E, Strat D, Szabo A, Szatmari P, Tanase C, Mirea M, Manta N, Sirbu I (2024) Alien plant species distribution in Romania: a nationwide survey following the implementation of the EU Regulation on Invasive Alien Species. Biodiversity Data Journal 12. https://doi.org/10.3897/BDJ.12.e119539 | Anastasiu P, Sarbu I, Negrean G (2009) Verbesina encelioides-A new alien plant in Romania. Annals of the University of Craiova-Agriculture, Montanology, Cadastre Series, 39(2), 15-18",,Central America | Mexico,TRUE,FALSE,FALSE,,2025-11-26,Cristina Preda | Laurentiu Rozylowicz,Daniyar Memedemin
OSRODTIULTD4MPURUZ,Fallopia baldschuanica (Regel) Holub,Plantae,Tracheophyta,Magnoliopsida,Caryophyllales,Polygonaceae,Fallopia,species,ICN,Romania,RO,present,introduced,casual,ornamentalNonHorticulture,,,1952,2022,"Anastasiu P, Miu I, Gavrilidis A, Preda C, Rozylowicz L, Sirbu C, Oprea A, Urziceanu M, Camen-Comanescu P, Nagoda E, Memedemin D, Barbos M, Boruz V, Cislariu A, Don I, Fagaras M, Frink J, Georgescu I, Haruta O, Hurdu B-I, Matis A, Milanovici S, Muncaciu S, Neacsu A, Neblea M, Nicolin A, Niculescu M, Oroian S, Pop O, Radutoiu D, Samarghitan M, Simion I, Soare L, Steiu C, Stoianov E, Strat D, Szabo A, Szatmari P, Tanase C, Mirea M, Manta N, Sirbu I (2024) Alien plant species distribution in Romania: a nationwide survey following the implementation of the EU Regulation on Invasive Alien Species. Biodiversity Data Journal 12. https://doi.org/10.3897/BDJ.12.e119539 | Anastasiu P, Sarbu I, Negrean G (2009) Verbesina encelioides-A new alien plant in Romania. Annals of the University of Craiova-Agriculture, Montanology, Cadastre Series, 39(2), 15-18",,Central Asia | Indian Subcontinent | Western Asia,TRUE,FALSE,FALSE,,2025-11-26,Cristina Preda | Laurentiu Rozylowicz,Daniyar Memedemin
OSROUCKL00E02MI1CEL8MZ,"Euura tibialis (Newman, 1837)",Animalia,Arthropoda,Insecta,Hymenoptera,Tenthredinidae,Euura,species,ICZN,Romania,RO,present,introduced,colonising,transportContaminant,transportStowaway,,1953,2022,"Preda C, Adam C, Constantinescu IC, Popa OP, Popa LO, Balcu M-J, Brezeanu AM, Dascalu MM, Draghici A-C, Gavrilescu CF, Gavrilidis AA, Gheoca V, Iorgu EI, Iorgu IS, Krapal AM, Maican S, Manci C-O, Manta N, Manu M, Motoc RM, Niculae IM, Petrescu A-M, Pintilioaie A-M, Popa AF, Radac IA, Rozylowicz L, Ruicanescu A, Sahlean TC, Surugiu V, Serban C, Stefan A, Szekely L, Tausan I, Skolka M (2026) From soil to stream and sea: species richness and distribution of alien invertebrates in Romania. NeoBiota. | Rasplus J-Y, Villemant C, Rosa Paiva M, Delvare G, Roques A (2010) Hymenoptera. Chapter 12. BioRisk 4: 669-776. https://doi.org/10.3897/biorisk.4.55",,Northern America,TRUE,FALSE,FALSE,Robinia pseudoacacia,2025-11-26,Cristina Preda | Laurentiu Rozylowicz,Marius Skolka | Carla F. Gavrilescu
OSROUCKLZ6RW7T6XA86V36,"Ficopomatus enigmaticus (Fauvel, 1923)",Animalia,Annelida,Polychaeta,Sabellida,Serpulidae,Ficopomatus,species,ICZN,Romania,RO,present,introduced,invasive,transportStowaway,naturalDispersal,,1954,2022,"Pitis I, Lacatusu V (1971) Pollution biologique de l'eau du port de Constantza (Mer Noire) avec Mercierella enigmatica. Rapports de la Commission Internationale de la Mer Mediterranee, 20 (3): 287-288 | Preda C, Adam C, Constantinescu IC, Popa OP, Popa LO, Balcu M-J, Brezeanu AM, Dascalu MM, Draghici A-C, Gavrilescu CF, Gavrilidis AA, Gheoca V, Iorgu EI, Iorgu IS, Krapal AM, Maican S, Manci C-O, Manta N, Manu M, Motoc RM, Niculae IM, Petrescu A-M, Pintilioaie A-M, Popa AF, Radac IA, Rozylowicz L, Ruicanescu A, Sahlean TC, Surugiu V, Serban C, Stefan A, Szekely L, Tausan I, Skolka M (2026) From soil to stream and sea: species richness and distribution of alien invertebrates in Romania. NeoBiota.",,Indian Ocean | Australia and New Zealand (Southern Hemisphere),FALSE,TRUE,FALSE,,2025-11-26,Cristina Preda | Laurentiu Rozylowicz,Marius Skolka | Carla F. Gavrilescu
OSROUCKLR8O8IIPO1W9WQP,"Bruchophagus sophorae Crosby & Crosby, 1929",Animalia,Arthropoda,Insecta,Hymenoptera,Eurytomidae,Bruchophagus,species,ICZN,Romania,RO,present,introduced,colonising,transportContaminant,naturalDispersal,,1954,2021,"Preda C, Adam C, Constantinescu IC, Popa OP, Popa LO, Balcu M-J, Brezeanu AM, Dascalu MM, Draghici A-C, Gavrilescu CF, Gavrilidis AA, Gheoca V, Iorgu EI, Iorgu IS, Krapal AM, Maican S, Manci C-O, Manta N, Manu M, Motoc RM, Niculae IM, Petrescu A-M, Pintilioaie A-M, Popa AF, Radac IA, Rozylowicz L, Ruicanescu A, Sahlean TC, Surugiu V, Serban C, Stefan A, Szekely L, Tausan I, Skolka M (2026) From soil to stream and sea: species richness and distribution of alien invertebrates in Romania. NeoBiota.",,Eastern Asia,TRUE,FALSE,FALSE,Sophora,2025-11-26,Cristina Preda | Laurentiu Rozylowicz,Marius Skolka | Carla F. Gavrilescu
OSROUCKL79I0PMMDIEY130,"Hypoponera punctatissima (Roger, 1859)",Animalia,Arthropoda,Insecta,Hymenoptera,Formicidae,Hypoponera,species,ICZN,Romania,RO,present,introduced,colonising,transportContaminant,naturalDispersal,,1954,1954,"Rasplus J-Y, Villemant C, Rosa Paiva M, Delvare G, Roques A (2010) Hymenoptera. Chapter 12. BioRisk 4: 669-776. https://doi.org/10.3897/biorisk.4.55",,Africa,TRUE,FALSE,FALSE,,2025-11-26,Cristina Preda | Laurentiu Rozylowicz,Marius Skolka | Carla F. Gavrilescu
OSROUCKL4BXMOM1UH1A3KI,"Urnatella gracilis Leidy, 1851",Animalia,Entoprocta,,,Barentsiidae,Urnatella,species,ICZN,Romania,RO,present,introduced,casual,ballastWater,PublicGardenZooAquaria,corridor,1954,1998,"Preda C, Adam C, Constantinescu IC, Popa OP, Popa LO, Balcu M-J, Brezeanu AM, Dascalu MM, Draghici A-C, Gavrilescu CF, Gavrilidis AA, Gheoca V, Iorgu EI, Iorgu IS, Krapal AM, Maican S, Manci C-O, Manta N, Manu M, Motoc RM, Niculae IM, Petrescu A-M, Pintilioaie A-M, Popa AF, Radac IA, Rozylowicz L, Ruicanescu A, Sahlean TC, Surugiu V, Serban C, Stefan A, Szekely L, Tausan I, Skolka M (2026) From soil to stream and sea: species richness and distribution of alien invertebrates in Romania. NeoBiota.",,Northern America (eastern USA),FALSE,FALSE,TRUE,,2025-11-26,Cristina Preda | Laurentiu Rozylowicz,Oana P. Popa
OSRONND6PCVYH1JLUA,Erysimum × cheiri (L.) Crantz,Plantae,Tracheophyta,Magnoliopsida,Brassicales,Brassicaceae,Erysimum,species,ICN,Romania,RO,present,introduced,casual,ornamentalNonHorticulture,escapeFromConfinement,,1954,2025,"Anastasiu P, Miu I, Gavrilidis A, Preda C, Rozylowicz L, Sirbu C, Oprea A, Urziceanu M, Camen-Comanescu P, Nagoda E, Memedemin D, Barbos M, Boruz V, Cislariu A, Don I, Fagaras M, Frink J, Georgescu I, Haruta O, Hurdu B-I, Matis A, Milanovici S, Muncaciu S, Neacsu A, Neblea M, Nicolin A, Niculescu M, Oroian S, Pop O, Radutoiu D, Samarghitan M, Simion I, Soare L, Steiu C, Stoianov E, Strat D, Szabo A, Szatmari P, Tanase C, Mirea M, Manta N, Sirbu I (2024) Alien plant species distribution in Romania: a nationwide survey following the implementation of the EU Regulation on Invasive Alien Species. Biodiversity Data Journal 12. https://doi.org/10.3897/BDJ.12.e119539 | Anastasiu P, Camen-Comanescu P, Sirbu I-M, Urziceanu M (2024) Urban flora: new reports for Bucharest's flora. Acta Horti Botanici Bucurestiensis 50(1): 41-58. https://doi.org/10.62229/ahbb.2024.50/3 | Sirbu C, Oprea A (2011) Plante adventive in flora Romaniei. Editura Ion Ionescu de la Brad, Iasi | Oprea A (2005) Lista critica a plantelor vasculare din Romania. Editura Univ. Al. I. Cuza, Iasi | Blackburn TM, Pysek P, Bacher S, Carlton JT, Duncan RP, Jarosik V, Wilson JRU, Richardson DM (2011) A proposed unified framework for biological invasions. Trends in Ecology and Evolution 26: 333–339. https://doi.org/10.1016/j.tree.2011.03.023 | Plants of the World Online (2026) https://powo.science.kew.org/",,Southeastern Europe,TRUE,FALSE,FALSE,,2025-11-26,Cristina Preda | Laurentiu Rozylowicz,Mihaela Urziceanu
OSROUCKLHXU8R6Z3ILPOU9,"Polydora cornuta Bosc, 1802",Animalia,Annelida,Polychaeta,Spionida,Spionidae,Polydora,species,ICZN,Romania,RO,present,introduced,colonising,transportStowaway,,,1955,2022,"Preda C, Adam C, Constantinescu IC, Popa OP, Popa LO, Balcu M-J, Brezeanu AM, Dascalu MM, Draghici A-C, Gavrilescu CF, Gavrilidis AA, Gheoca V, Iorgu EI, Iorgu IS, Krapal AM, Maican S, Manci C-O, Manta N, Manu M, Motoc RM, Niculae IM, Petrescu A-M, Pintilioaie A-M, Popa AF, Radac IA, Rozylowicz L, Ruicanescu A, Sahlean TC, Surugiu V, Serban C, Stefan A, Szekely L, Tausan I, Skolka M (2026) From soil to stream and sea: species richness and distribution of alien invertebrates in Romania. NeoBiota.",,Atlantic Ocean,FALSE,TRUE,FALSE,,2025-11-26,Cristina Preda | Laurentiu Rozylowicz,Marius Skolka | Carla F. Gavrilescu
OSROUCKLQU6LLTZZPUAJPZ,"Stictocephala bisonia Kopp & Yonke, 1977",Animalia,Arthropoda,Insecta,Hemiptera,Membracidae,Stictocephala,species,ICZN,Romania,RO,present,introduced,colonising,transportStowaway,contaminantOnPlants,,1955,2025,"Preda C, Adam C, Constantinescu IC, Popa OP, Popa LO, Balcu M-J, Brezeanu AM, Dascalu MM, Draghici A-C, Gavrilescu CF, Gavrilidis AA, Gheoca V, Iorgu EI, Iorgu IS, Krapal AM, Maican S, Manci C-O, Manta N, Manu M, Motoc RM, Niculae IM, Petrescu A-M, Pintilioaie A-M, Popa AF, Radac IA, Rozylowicz L, Ruicanescu A, Sahlean TC, Surugiu V, Serban C, Stefan A, Szekely L, Tausan I, Skolka M (2026) From soil to stream and sea: species richness and distribution of alien invertebrates in Romania. NeoBiota. | Teodorescu I (2018) Contribution to database of alien/invasive Homoptera insects in Romania. Romanian Journal of Biology - Zoology 63(1-2): 29-68. | https://www.inaturalist.org/photos/593125882",,Northern America,TRUE,FALSE,FALSE,Plantae,2025-11-26,Cristina Preda | Laurentiu Rozylowicz,Ioana Cristina Constantinescu
OSRORDH3PBZGF7DPXP,Lepidium virginicum L.,Plantae,Tracheophyta,Magnoliopsida,Brassicales,Brassicaceae,Lepidium,species,ICN,Romania,RO,present,introduced,established,seedContaminant,,,1955,2022,"Anastasiu P, Miu I, Gavrilidis A, Preda C, Rozylowicz L, Sirbu C, Oprea A, Urziceanu M, Camen-Comanescu P, Nagoda E, Memedemin D, Barbos M, Boruz V, Cislariu A, Don I, Fagaras M, Frink J, Georgescu I, Haruta O, Hurdu B-I, Matis A, Milanovici S, Muncaciu S, Neacsu A, Neblea M, Nicolin A, Niculescu M, Oroian S, Pop O, Radutoiu D, Samarghitan M, Simion I, Soare L, Steiu C, Stoianov E, Strat D, Szabo A, Szatmari P, Tanase C, Mirea M, Manta N, Sirbu I (2024) Alien plant species distribution in Romania: a nationwide survey following the implementation of the EU Regulation on Invasive Alien Species. Biodiversity Data Journal 12. https://doi.org/10.3897/BDJ.12.e119539 | Anastasiu P, Sarbu I, Negrean G (2009) Verbesina encelioides-A new alien plant in Romania. Annals of the University of Craiova-Agriculture, Montanology, Cadastre Series, 39(2), 15-18",,Caribbean | Central America | Eastern Canada | Mexico | North-Central U.S.A. | Northeastern U.S.A. | Northwestern U.S.A. | South-Central U.S.A. | Southeastern U.S.A. | Southwestern U.S.A. | Western Canada,TRUE,FALSE,FALSE,,2025-11-26,Cristina Preda | Laurentiu Rozylowicz,Daniyar Memedemin
OSROKTVZIIA06VIDEN,Philadelphus coronarius L.,Plantae,Tracheophyta,Magnoliopsida,Cornales,Hydrangeaceae,Philadelphus,species,ICN,Romania,RO,present,introduced,casual,ornamentalNonHorticulture,,,1956,2022,"Anastasiu P, Miu I, Gavrilidis A, Preda C, Rozylowicz L, Sirbu C, Oprea A, Urziceanu M, Camen-Comanescu P, Nagoda E, Memedemin D, Barbos M, Boruz V, Cislariu A, Don I, Fagaras M, Frink J, Georgescu I, Haruta O, Hurdu B-I, Matis A, Milanovici S, Muncaciu S, Neacsu A, Neblea M, Nicolin A, Niculescu M, Oroian S, Pop O, Radutoiu D, Samarghitan M, Simion I, Soare L, Steiu C, Stoianov E, Strat D, Szabo A, Szatmari P, Tanase C, Mirea M, Manta N, Sirbu I (2024) Alien plant species distribution in Romania: a nationwide survey following the implementation of the EU Regulation on Invasive Alien Species. Biodiversity Data Journal 12. https://doi.org/10.3897/BDJ.12.e119539 | Sirbu C, Oprea A (2011) Plante adventive in flora Romaniei. Editura Ion Ionescu de la Brad | Anastasiu P, Sarbu I, Negrean G (2009) Verbesina encelioides-A new alien plant in Romania. Annals of the University of Craiova-Agriculture, Montanology, Cadastre Series, 39(2), 15-18",,Caucasus | Western Asia,TRUE,FALSE,FALSE,,2025-11-26,Cristina Preda | Laurentiu Rozylowicz,Daniyar Memedemin
OSRO4NHFYPTWRV9WLK,Petunia × atkinsiana D.Don ex Loudon,Plantae,Tracheophyta,Magnoliopsida,Solanales,Solanaceae,Petunia,species,ICN,Romania,RO,present,introduced,casual,ornamentalNonHorticulture,escapeFromConfinement,,1956,2025,"Anastasiu P, Miu I, Gavrilidis A, Preda C, Rozylowicz L, Sirbu C, Oprea A, Urziceanu M, Camen-Comanescu P, Nagoda E, Memedemin D, Barbos M, Boruz V, Cislariu A, Don I, Fagaras M, Frink J, Georgescu I, Haruta O, Hurdu B-I, Matis A, Milanovici S, Muncaciu S, Neacsu A, Neblea M, Nicolin A, Niculescu M, Oroian S, Pop O, Radutoiu D, Samarghitan M, Simion I, Soare L, Steiu C, Stoianov E, Strat D, Szabo A, Szatmari P, Tanase C, Mirea M, Manta N, Sirbu I (2024) Alien plant species distribution in Romania: a nationwide survey following the implementation of the EU Regulation on Invasive Alien Species. Biodiversity Data Journal 12. https://doi.org/10.3897/BDJ.12.e119539 | Anastasiu P, Camen-Comanescu P, Sirbu I-M, Urziceanu M (2024) Urban flora: new reports for Bucharest's flora. Acta Horti Botanici Bucurestiensis 50(1): 41-58. https://doi.org/10.62229/ahbb.2024.50/3 | Sirbu C, Oprea A (2011) Plante adventive in flora Romaniei. Editura Ion Ionescu de la Brad, Iasi | Prodan I (1956) Aspecte din vegetatia zonei de vest a Republicii Populare Romane. Bul. Sti. Acad. R.P. Romane, sect. Biol., Sti. Agr. 7(1): 5-46 | Blackburn TM, Pysek P, Bacher S, Carlton JT, Duncan RP, Jarosik V, Wilson JRU, Richardson DM (2011) A proposed unified framework for biological invasions. Trends in Ecology and Evolution 26: 333–339. https://doi.org/10.1016/j.tree.2011.03.023 | Plants of the World Online (2026) https://powo.science.kew.org/",,hybrid,TRUE,FALSE,FALSE,,2025-11-26,Cristina Preda | Laurentiu Rozylowicz,Mihaela Urziceanu
OSROUCKLCD19GG8IYA4KN3,"Alitta succinea (Leuckart, 1847)",Animalia,Annelida,Polychaeta,Phyllodocida,Nereidae,Alitta,species,ICZN,Romania,RO,present,introduced,colonising,transportStowaway,naturalDispersal,,1957,2022,"Bancila R, Skolka M, Ivanova P, Surugiu V, Stefanova K, Todorova V, Zenetos A (2022) Alien species of the Romanian and Bulgarian Black Sea coast: state of knowledge, uncertainties, and needs for future research. Aquatic Invasions 17: 253-273. https://doi.org/10.3391/ai.2022.17.3.02 | Dumitrescu E (1957) Contributii la studiul polichetelor din Marea Neagra, litoralul rominesc. Buletin Stiintific. Sectia de Biologie si Stiinte Agricole (Seria zoologie) 9:119-130.",,Atlantic Ocean (N) | Northern America (Atlantic coast) | Europe (Atlantic coast),FALSE,TRUE,FALSE,,2026-03-14,Cristina Preda | Laurentiu Rozylowicz,Marius Skolka | Carla F. Gavrilescu
OSROUCKLIJ6CHFQYTSM73F,"Cymbasoma rigidum Thompson I.C., 1888",Animalia,Arthropoda,Copepoda,Monstrilloida,Monstrillidae,Cymbasoma,species,ICZN,Romania,RO,present,introduced,colonising,transportStowaway,ballastWater,naturalDispersal,1957,1957,"Suarez-Morales E, Grygier MJ (2021) Mediterranean and Black Sea Monstrilloid Copepods (Copepoda: Monstrilloida): Rediscovering the Diversity of Transient Zooplankters. Water 13: 1036. https://doi.org/10.3390/w13081036 | Adam C, Constantinescu IC, Draghici AC, Fusu L, Fusu MM, Gheoca V, Iorgu IS, Irimia AG, Maican S, Manci CO, Manu M, Mitroiu MD, Olosutean HG, Perju M, Petrescu AM, Pintilioaie AM, Popa AF, Popescu IE, Popovici OA, Prunar FV, Radac IA, Sahlean TC, Sitar C, Stanciu CR, Szekely L, Tausan I, Tomozii IB, Torok SC, Zaharia LG (2022) Raport final privind distributia speciilor de nevertebrate terestre alogene din hot-spot-uri si caile prioritare de patrundere (an 3 cartare). Raport intocmit in cadrul Proiectului POIM2014+120008 - Managementul adecvat al speciilor invazive din Romania, in conformitate cu Regulamentul UE 1143/2014 referitor la prevenirea si gestionarea introducerii si raspandirii speciilor alogene invazive. Ministerul Mediului, Apelor si Padurilor & Universitatea din Bucuresti, Bucuresti.",,Atlantic Ocean,FALSE,TRUE,FALSE,Polychaeta,2025-11-26,Cristina Preda | Laurentiu Rozylowicz,Marius Skolka | Carla F. Gavrilescu
OSROUCKLCF3ZEFMTLHT3OW,"Cymbasoma thompsonii (Giesbrecht, 1893)",Animalia,Arthropoda,Copepoda,Monstrilloida,Monstrillidae,Cymbasoma,species,ICZN,Romania,RO,present,introduced,colonising,transportStowaway,ballastWater,naturalDispersal,1957,1957,"Preda C, Adam C, Constantinescu IC, Popa OP, Popa LO, Balcu M-J, Brezeanu AM, Dascalu MM, Draghici A-C, Gavrilescu CF, Gavrilidis AA, Gheoca V, Iorgu EI, Iorgu IS, Krapal AM, Maican S, Manci C-O, Manta N, Manu M, Motoc RM, Niculae IM, Petrescu A-M, Pintilioaie A-M, Popa AF, Radac IA, Rozylowicz L, Ruicanescu A, Sahlean TC, Surugiu V, Serban C, Stefan A, Szekely L, Tausan I, Skolka M (2026) From soil to stream and sea: species richness and distribution of alien invertebrates in Romania. NeoBiota. | Palero F, Ferrer-Mateu I, Wray B, Hughes R, Morritt D, Lepage M, Kotterman M, van der Meer M, Tate M, Kamanli S, Smith L, Llewellyn-Hughes J, Clark P (2022) Presence of a second Eriocheir species in Europe as confirmed by molecular and morphological data. Aquatic Invasions 17: 374-392. https://doi.org/10.3391/ai.2022.17.3.03",,Atlantic Ocean,FALSE,TRUE,FALSE,Polychaeta,2025-11-26,Cristina Preda | Laurentiu Rozylowicz,Marius Skolka | Carla F. Gavrilescu
OSROWQRHBA1DC189AA,Perilla frutescens (L.) Britton,Plantae,Tracheophyta,Magnoliopsida,Lamiales,Lamiaceae,Perilla,species,ICN,Romania,RO,present,introduced,casual,ornamentalNonHorticulture,horticulture,,1957,2022,"Negrean G (2012) Addenda to Flora Romaniae volumes 1-12. Newly published plants, nomenclature, taxonomy, chorology and commentaries (Part 2). Kanitzia, 19: 195-233",,China | Eastern Asia | Indian Subcontinent | Indo-China | Malesia | Russian Far East,TRUE,FALSE,FALSE,,2025-11-26,Cristina Preda | Laurentiu Rozylowicz,Culita Sirbu
OSROUCKL1SGPOOEDS9FWR2,"Chaetosiphon (Pentatrichopus) fragaefolii (Cockerell, 1901)",Animalia,Arthropoda,Insecta,Hemiptera,Aphididae,Chaetosiphon,species,ICZN,Romania,RO,present,introduced,invasive,transportStowaway,parasitesOnPlants,,1958,2022,"Adam C, Constantinescu IC, Draghici AC, Fusu L, Fusu MM, Gheoca V, Iorgu IS, Irimia AG, Maican S, Manci CO, Manu M, Mitroiu MD, Olosutean HG, Perju M, Petrescu AM, Pintilioaie AM, Popa AF, Popescu IE, Popovici OA, Prunar FV, Radac IA, Sahlean TC, Sitar C, Stanciu CR, Szekely L, Tausan I, Tomozii IB, Torok SC, Zaharia LG (2022) Raport final privind distributia speciilor de nevertebrate terestre alogene din hot-spot-uri si caile prioritare de patrundere (an 3 cartare). Raport intocmit in cadrul Proiectului POIM2014+120008 - Managementul adecvat al speciilor invazive din Romania, in conformitate cu Regulamentul UE 1143/2014 referitor la prevenirea si gestionarea introducerii si raspandirii speciilor alogene invazive. Ministerul Mediului, Apelor si Padurilor & Universitatea din Bucuresti, Bucuresti.",,Northern America,TRUE,FALSE,FALSE,Fragaria,2025-11-26,Cristina Preda | Laurentiu Rozylowicz,Costica Adam
OSROUCKL8P9BUUYWSSRAA9,"Myocastor coypus (Molina, 1782)",Animalia,Chordata,Mammalia,Rodentia,Echimyidae,Myocastor,species,ICZN,Romania,RO,present,introduced,invasive,fur,escapeFromConfinement,naturalDispersal,1958,2026,"Cogalniceanu D, Cobzaru I, Dragan O, Fanaru G, Iftime A, Stanescu F, Telea E, Topliceanu S, Ureche D, Chisamera G, Petrescu A, Iftime O (2021) Raport tehnic privind sursele bibliografice referitoare la speciile de vertebrate terestre alogene invazive si potential invazive. Zenodo. https://doi.org/10.5281/zenodo.5593956 | Almasan H, Andone G, Nesterov V (1959) Nutria in Delta Dunarii. Vanatorul si Pescarul Sportiv 5: 10. | GBIF.org (2026) Occurrence Download. The Global Biodiversity Information Facility. https://doi.org/10.15468/dl.sacyhp",species of Union Concern (Regulation 1143/2014),South America,TRUE,FALSE,TRUE,,2025-11-26,Cristina Preda | Laurentiu Rozylowicz,Gabriel Chisamera
OSROO2G627YBVOK6M4,Buxus sempervirens L.,Plantae,Tracheophyta,Magnoliopsida,Buxales,Buxaceae,Buxus,species,ICN,Romania,RO,present,introduced,casual,horticulture,,,1958,2020,"Anastasiu P, Miu I, Gavrilidis A, Preda C, Rozylowicz L, Sirbu C, Oprea A, Urziceanu M, Camen-Comanescu P, Nagoda E, Memedemin D, Barbos M, Boruz V, Cislariu A, Don I, Fagaras M, Frink J, Georgescu I, Haruta O, Hurdu B-I, Matis A, Milanovici S, Muncaciu S, Neacsu A, Neblea M, Nicolin A, Niculescu M, Oroian S, Pop O, Radutoiu D, Samarghitan M, Simion I, Soare L, Steiu C, Stoianov E, Strat D, Szabo A, Szatmari P, Tanase C, Mirea M, Manta N, Sirbu I (2024) Alien plant species distribution in Romania: a nationwide survey following the implementation of the EU Regulation on Invasive Alien Species. Biodiversity Data Journal 12. https://doi.org/10.3897/BDJ.12.e119539",,Caucasus | Middle Europe | Northern Africa | Northern Europe | Southeastern Europe | Southwestern Europe | Western Asia,TRUE,FALSE,FALSE,,2025-11-26,Cristina Preda | Laurentiu Rozylowicz,Daniyar Memedemin
OSROD3QRLGIRFR7K0W,Ulmus pumila L.,Plantae,Tracheophyta,Magnoliopsida,Rosales,Ulmaceae,Ulmus,species,ICN,Romania,RO,present,introduced,established,forestry,ornamentalNonHorticulture,,1958,2025,"Anastasiu P, Miu I, Gavrilidis A, Preda C, Rozylowicz L, Sirbu C, Oprea A, Urziceanu M, Camen-Comanescu P, Nagoda E, Memedemin D, Barbos M, Boruz V, Cislariu A, Don I, Fagaras M, Frink J, Georgescu I, Haruta O, Hurdu B-I, Matis A, Milanovici S, Muncaciu S, Neacsu A, Neblea M, Nicolin A, Niculescu M, Oroian S, Pop O, Radutoiu D, Samarghitan M, Simion I, Soare L, Steiu C, Stoianov E, Strat D, Szabo A, Szatmari P, Tanase C, Mirea M, Manta N, Sirbu I (2024) Alien plant species distribution in Romania: a nationwide survey following the implementation of the EU Regulation on Invasive Alien Species. Biodiversity Data Journal 12. https://doi.org/10.3897/BDJ.12.e119539 | Sirbu C, Oprea A (2011) Plante adventive in flora Romaniei. Editura Ion Ionescu de la Brad, Iasi, Romania, 734 pp | https://www.inaturalist.org/observations/284481018 | Blackburn TM, Pysek P, Bacher S, Carlton JT, Duncan RP, Jarosik V, Wilson JR, Richardson DM (2011) A proposed unified framework for biological invasions. Trends in Ecology and Evolution 26: 333-339. https://doi.org/10.1016/j.tree.2011.03.023",,Central Asia | China | Eastern Asia | Mongolia | Russian Far East | Siberia,TRUE,FALSE,FALSE,,2025-11-26,Cristina Preda | Laurentiu Rozylowicz,Ioana-Minodora Sirbu
OSRO9RJM63K44K76IV,Vitis vulpina L.,Plantae,Tracheophyta,Magnoliopsida,Vitales,Vitaceae,Vitis,species,ICN,Romania,RO,present,introduced,casual,agriculture,,,1958,2021,"Anastasiu P, Miu I, Gavrilidis A, Preda C, Rozylowicz L, Sirbu C, Oprea A, Urziceanu M, Camen-Comanescu P, Nagoda E, Memedemin D, Barbos M, Boruz V, Cislariu A, Don I, Fagaras M, Frink J, Georgescu I, Haruta O, Hurdu B-I, Matis A, Milanovici S, Muncaciu S, Neacsu A, Neblea M, Nicolin A, Niculescu M, Oroian S, Pop O, Radutoiu D, Samarghitan M, Simion I, Soare L, Steiu C, Stoianov E, Strat D, Szabo A, Szatmari P, Tanase C, Mirea M, Manta N, Sirbu I (2024) Alien plant species distribution in Romania: a nationwide survey following the implementation of the EU Regulation on Invasive Alien Species. Biodiversity Data Journal 12. https://doi.org/10.3897/BDJ.12.e119539","taxonomic status uncertain (synonym of V. riparia in Romanian literature, but accepted as separate species in POWO/Catalogue of Life)",Eastern Canada | North-Central U.S.A. | Northeastern U.S.A. | South-Central U.S.A. | Southeastern U.S.A.,TRUE,FALSE,FALSE,,2025-11-26,Cristina Preda | Laurentiu Rozylowicz,Mihaela Urziceanu
OSROUCKL6DLZM9DC4GZPTU,"Trioza neglecta Loginova, 1978",Animalia,Arthropoda,Insecta,Hemiptera,Triozidae,Trioza,species,ICZN,Romania,RO,present,introduced,colonising,transportStowaway,contaminantOnPlants,,1959,2022,"Preda C, Adam C, Constantinescu IC, Popa OP, Popa LO, Balcu M-J, Brezeanu AM, Dascalu MM, Draghici A-C, Gavrilescu CF, Gavrilidis AA, Gheoca V, Iorgu EI, Iorgu IS, Krapal AM, Maican S, Manci C-O, Manta N, Manu M, Motoc RM, Niculae IM, Petrescu A-M, Pintilioaie A-M, Popa AF, Radac IA, Rozylowicz L, Ruicanescu A, Sahlean TC, Surugiu V, Serban C, Stefan A, Szekely L, Tausan I, Skolka M (2026) From soil to stream and sea: species richness and distribution of alien invertebrates in Romania. NeoBiota. | Teodorescu I (2018) Contribution to database of alien/invasive Homoptera insects in Romania. Romanian Journal of Biology - Zoology 63(1-2): 29-68.",,Asia,TRUE,FALSE,FALSE,Elaeagnus angustifolia,2025-11-26,Cristina Preda | Laurentiu Rozylowicz,Ioana Cristina Constantinescu
OSROUCKL8HXHHTERWX30R8,"Verruca spengleri Darwin, 1854",Animalia,Arthropoda,Thecostraca,Verrucomorpha,Verrucidae,Verruca,species,ICZN,Romania,RO,present,introduced,colonising,transportContaminant,naturalDispersal,,1959,1959,"Preda C, Adam C, Constantinescu IC, Popa OP, Popa LO, Balcu M-J, Brezeanu AM, Dascalu MM, Draghici A-C, Gavrilescu CF, Gavrilidis AA, Gheoca V, Iorgu EI, Iorgu IS, Krapal AM, Maican S, Manci C-O, Manta N, Manu M, Motoc RM, Niculae IM, Petrescu A-M, Pintilioaie A-M, Popa AF, Radac IA, Rozylowicz L, Ruicanescu A, Sahlean TC, Surugiu V, Serban C, Stefan A, Szekely L, Tausan I, Skolka M (2026) From soil to stream and sea: species richness and distribution of alien invertebrates in Romania. NeoBiota.",,Atlantic Ocean (NE) | Mediterranean Sea,FALSE,FALSE,TRUE,,2025-11-26,Cristina Preda | Laurentiu Rozylowicz,Marius Skolka | Carla F. Gavrilescu
OSROIDPSG8LSQ4K8NV,Symphyotrichum × versicolor (Willd.) G.L.Nesom,Plantae,Tracheophyta,Magnoliopsida,Asterales,Asteraceae,Symphyotrichum,species,ICN,Romania,RO,present,introduced,established,ornamentalNonHorticulture,escapeFromConfinement,,1959,2022,"Anastasiu P, Miu I, Gavrilidis A, Preda C, Rozylowicz L, Sirbu C, Oprea A, Urziceanu M, Camen-Comanescu P, Nagoda E, Memedemin D, Barbos M, Boruz V, Cislariu A, Don I, Fagaras M, Frink J, Georgescu I, Haruta O, Hurdu B-I, Matis A, Milanovici S, Muncaciu S, Neacsu A, Neblea M, Nicolin A, Niculescu M, Oroian S, Pop O, Radutoiu D, Samarghitan M, Simion I, Soare L, Steiu C, Stoianov E, Strat D, Szabo A, Szatmari P, Tanase C, Mirea M, Manta N, Sirbu I (2024) Alien plant species distribution in Romania: a nationwide survey following the implementation of the EU Regulation on Invasive Alien Species. Biodiversity Data Journal 12. https://doi.org/10.3897/BDJ.12.e119539 | Sirbu C, Oprea A (2011) Plante adventive in flora Romaniei. Editura Ion Ionescu de la Brad, Iasi | Borza Al (1959) Flora si vegetatia Vaii Sebesului. Editura Academiei R.P. Romane | Blackburn TM, Pysek P, Bacher S, Carlton JT, Duncan RP, Jarosik V, Wilson JRU, Richardson DM (2011) A proposed unified framework for biological invasions. Trends in Ecology and Evolution 26: 333–339. https://doi.org/10.1016/j.tree.2011.03.023 | Plants of the World Online (2026) https://powo.science.kew.org/",,hybrid,TRUE,FALSE,FALSE,,2025-11-26,Cristina Preda | Laurentiu Rozylowicz,Mihaela Urziceanu
OSROZZO45PHCSA4SVJ,Robinia × ambigua Poir.,Plantae,Tracheophyta,Magnoliopsida,Fabales,Fabaceae,Robinia,species,ICN,Romania,RO,present,introduced,casual,ornamentalNonHorticulture,escapeFromConfinement,,1959,2022,"Anastasiu P, Miu I, Gavrilidis A, Preda C, Rozylowicz L, Sirbu C, Oprea A, Urziceanu M, Camen-Comanescu P, Nagoda E, Memedemin D, Barbos M, Boruz V, Cislariu A, Don I, Fagaras M, Frink J, Georgescu I, Haruta O, Hurdu B-I, Matis A, Milanovici S, Muncaciu S, Neacsu A, Neblea M, Nicolin A, Niculescu M, Oroian S, Pop O, Radutoiu D, Samarghitan M, Simion I, Soare L, Steiu C, Stoianov E, Strat D, Szabo A, Szatmari P, Tanase C, Mirea M, Manta N, Sirbu I (2024) Alien plant species distribution in Romania: a nationwide survey following the implementation of the EU Regulation on Invasive Alien Species. Biodiversity Data Journal 12. https://doi.org/10.3897/BDJ.12.e119539 | Sirbu C, Oprea A (2011) Plante adventive in flora Romaniei. Editura Ion Ionescu de la Brad, Iasi | Borza Al (1959) Flora si vegetatia Vaii Sebesului. Editura Academiei R.P. Romane | Blackburn TM, Pysek P, Bacher S, Carlton JT, Duncan RP, Jarosik V, Wilson JRU, Richardson DM (2011) A proposed unified framework for biological invasions. Trends in Ecology and Evolution 26: 333–339. https://doi.org/10.1016/j.tree.2011.03.023 | Plants of the World Online (2026) https://powo.science.kew.org/",,Southeastern U.S.A.,TRUE,FALSE,FALSE,,2025-11-26,Cristina Preda | Laurentiu Rozylowicz,Mihaela Urziceanu
OSRO2UNKRE4CUKDLE2,Myriophyllum aquaticum (Vell.) Verdc.,Plantae,Tracheophyta,Magnoliopsida,Saxifragales,Haloragaceae,Myriophyllum,species,ICN,Romania,RO,present,introduced,casual,OtherIntentionalRelease,OtherEscape,,1959,2025,"Anastasiu P, Miu I, Gavrilidis A, Preda C, Rozylowicz L, Sirbu C, Oprea A, Urziceanu M, Camen-Comanescu P, Nagoda E, Memedemin D, Barbos M, Boruz V, Cislariu A, Don I, Fagaras M, Frink J, Georgescu I, Haruta O, Hurdu B-I, Matis A, Milanovici S, Muncaciu S, Neacsu A, Neblea M, Nicolin A, Niculescu M, Oroian S, Pop O, Radutoiu D, Samarghitan M, Simion I, Soare L, Steiu C, Stoianov E, Strat D, Szabo A, Szatmari P, Tanase C, Mirea M, Manta N, Sirbu I (2024) Alien plant species distribution in Romania: a nationwide survey following the implementation of the EU Regulation on Invasive Alien Species. Biodiversity Data Journal 12. https://doi.org/10.3897/BDJ.12.e119539 | https://www.inaturalist.org/observations/298255986 | Blackburn TM, Pysek P, Bacher S, Carlton JT, Duncan RP, Jarosik V, Wilson JR, Richardson DM (2011) A proposed unified framework for biological invasions. Trends in Ecology and Evolution 26: 333-339. https://doi.org/10.1016/j.tree.2011.03.023",species of Union Concern (Regulation 1143/2014),Brazil | Central America | Northern South America | Southern South America | Western South America,FALSE,FALSE,TRUE,,2025-11-26,Cristina Preda | Laurentiu Rozylowicz,Ioana-Minodora Sirbu
OSROOJAAZ9QK1Q3LUQ,Vitis rupestris Scheele,Plantae,Tracheophyta,Magnoliopsida,Vitales,Vitaceae,Vitis,species,ICN,Romania,RO,present,introduced,casual,agriculture,horticulture,,1959,2020,"Anastasiu P, Miu I, Gavrilidis A, Preda C, Rozylowicz L, Sirbu C, Oprea A, Urziceanu M, Camen-Comanescu P, Nagoda E, Memedemin D, Barbos M, Boruz V, Cislariu A, Don I, Fagaras M, Frink J, Georgescu I, Haruta O, Hurdu B-I, Matis A, Milanovici S, Muncaciu S, Neacsu A, Neblea M, Nicolin A, Niculescu M, Oroian S, Pop O, Radutoiu D, Samarghitan M, Simion I, Soare L, Steiu C, Stoianov E, Strat D, Szabo A, Szatmari P, Tanase C, Mirea M, Manta N, Sirbu I (2024) Alien plant species distribution in Romania: a nationwide survey following the implementation of the EU Regulation on Invasive Alien Species. Biodiversity Data Journal 12. https://doi.org/10.3897/BDJ.12.e119539 | Sirbu C, Oprea A (2011) Plante adventive in flora Romaniei. Editura Ion Ionescu de la Brad, Iasi | Borza Al (1959) Flora si vegetatia Vaii Sebesului. Editura Academiei R.P. Romane | Blackburn TM, Pysek P, Bacher S, Carlton JT, Duncan RP, Jarosik V, Wilson JRU, Richardson DM (2011) A proposed unified framework for biological invasions. Trends in Ecology and Evolution 26: 333–339. https://doi.org/10.1016/j.tree.2011.03.023 | Plants of the World Online (2026) https://powo.science.kew.org/",,North-Central U.S.A. | Northeastern U.S.A. | South-Central U.S.A. | Southeastern U.S.A.,TRUE,FALSE,FALSE,,2025-11-26,Cristina Preda | Laurentiu Rozylowicz,Mihaela Urziceanu
OSROUCKLTG868JHM1SNGWS,"Pholcus phalangioides (Fuesslin, 1775)",Animalia,Arthropoda,Arachnida,Araneae,Pholcidae,Pholcus,species,ICZN,Romania,RO,present,introduced,invasive,people,,,1960,2023,"Preda C, Adam C, Constantinescu IC, Popa OP, Popa LO, Balcu M-J, Brezeanu AM, Dascalu MM, Draghici A-C, Gavrilescu CF, Gavrilidis AA, Gheoca V, Iorgu EI, Iorgu IS, Krapal AM, Maican S, Manci C-O, Manta N, Manu M, Motoc RM, Niculae IM, Petrescu A-M, Pintilioaie A-M, Popa AF, Radac IA, Rozylowicz L, Ruicanescu A, Sahlean TC, Surugiu V, Serban C, Stefan A, Szekely L, Tausan I, Skolka M (2026) From soil to stream and sea: species richness and distribution of alien invertebrates in Romania. NeoBiota.",,Western Asia,TRUE,FALSE,FALSE,,2025-11-26,Cristina Preda | Laurentiu Rozylowicz,Costica Adam
OSROUCKLVSX550RKQLN898,"Microsetella rosea (Dana, 1847)",Animalia,Arthropoda,Copepoda,Harpacticoida,Ectinosomatidae,Microsetella,species,ICZN,Romania,RO,present,introduced,colonising,transportStowaway,ballastWater,naturalDispersal,1960,2022,"Palero F, Ferrer-Mateu I, Wray B, Hughes R, Morritt D, Lepage M, Kotterman M, van der Meer M, Tate M, Kamanli S, Smith L, Llewellyn-Hughes J, Clark P (2022) Presence of a second Eriocheir species in Europe as confirmed by molecular and morphological data. Aquatic Invasions 17: 374-392. https://doi.org/10.3391/ai.2022.17.3.03",,Cosmopolitan,FALSE,TRUE,FALSE,,2025-11-26,Cristina Preda | Laurentiu Rozylowicz,Marius Skolka | Carla F. Gavrilescu
OSROUCKL1TPXXGPPZYF0YL,"Planococcus citri (Risso, 1813)",Animalia,Arthropoda,Insecta,Hemiptera,Pseudococcidae,Planococcus,species,ICZN,Romania,RO,present,introduced,colonising,transportContaminant,parasitesOnPlants,naturalDispersal,1960,2022,"Preda C, Adam C, Constantinescu IC, Popa OP, Popa LO, Balcu M-J, Brezeanu AM, Dascalu MM, Draghici A-C, Gavrilescu CF, Gavrilidis AA, Gheoca V, Iorgu EI, Iorgu IS, Krapal AM, Maican S, Manci C-O, Manta N, Manu M, Motoc RM, Niculae IM, Petrescu A-M, Pintilioaie A-M, Popa AF, Radac IA, Rozylowicz L, Ruicanescu A, Sahlean TC, Surugiu V, Serban C, Stefan A, Szekely L, Tausan I, Skolka M (2026) From soil to stream and sea: species richness and distribution of alien invertebrates in Romania. NeoBiota.",,Asia,TRUE,FALSE,FALSE,Citrus,2025-11-26,Cristina Preda | Laurentiu Rozylowicz,Costica Adam
OSROUCKLL4SNEO0UIR4A3U,"Nagurus cristatus (Dollfus, 1889)",Animalia,Arthropoda,Malacostraca,Isopoda,Trachelipodidae,Nagurus,species,ICZN,Romania,RO,present,introduced,colonising,transportContaminant,naturalDispersal,,1960,1960,"Preda C, Adam C, Constantinescu IC, Popa OP, Popa LO, Balcu M-J, Brezeanu AM, Dascalu MM, Draghici A-C, Gavrilescu CF, Gavrilidis AA, Gheoca V, Iorgu EI, Iorgu IS, Krapal AM, Maican S, Manci C-O, Manta N, Manu M, Motoc RM, Niculae IM, Petrescu A-M, Pintilioaie A-M, Popa AF, Radac IA, Rozylowicz L, Ruicanescu A, Sahlean TC, Surugiu V, Serban C, Stefan A, Szekely L, Tausan I, Skolka M (2026) From soil to stream and sea: species richness and distribution of alien invertebrates in Romania. NeoBiota.",,Cryptogenic,TRUE,FALSE,FALSE,,2025-11-26,Cristina Preda | Laurentiu Rozylowicz,Marius Skolka | Carla F. Gavrilescu
OSROUCKLOM6GEPVK8JNZ9L,"Pseudorasbora parva (Temminck & Schlegel, 1846)",Animalia,Chordata,Actinopterygii,Cypriniformes,Cyprinidae,Pseudorasbora,species,ICZN,Romania,RO,present,introduced,widespreadInvasive,contaminantNursery,unaided,,1960,2025,"Cogalniceanu D, Cobzaru I, Dragan O, Fanaru G, Iftime A, Stanescu F, Telea E, Topliceanu S, Ureche D, Chisamera G, Petrescu A, Iftime O (2021) Raport tehnic privind sursele bibliografice referitoare la speciile de vertebrate terestre alogene invazive si potential invazive. Zenodo. https://doi.org/10.5281/zenodo.5593956 | Dragan O, Rozylowicz L, Ureche D, Falka I, Cogalniceanu D (2024) Invasive fish species in Romanian freshwater. A review of over 100 years of occurrence reports. NeoBiota 94: 15-30. https://doi.org/10.3897/neobiota.94.117313 | Iftime A, Iftime O (2021) Alien fish, amphibian and reptile species in Romania and their invasive status: a review with new data. Travaux du Museum National d'Histoire Naturelle ""Grigore Antipa"" 64: 131-186. https://doi.org/10.3897/travaux.64.e67558 | https://www.inaturalist.org/observations/304305146 | https://www.inaturalist.org/observations/271958350",species of Union Concern (Regulation 1143/2014),Eastern Asia (North Asia) | South-eastern Asia,FALSE,FALSE,TRUE,,2025-11-26,Cristina Preda | Laurentiu Rozylowicz,Florina Stanescu
OSROUCKLTVDC4TOB5V6HTY,"Ctenopharyngodon idella (Valenciennes, 1844)",Animalia,Chordata,Actinopterygii,Cypriniformes,Xenocyprididae,Ctenopharyngodon,species,ICZN,Romania,RO,present,introduced,established,aquacultureMariculture,,,1960,2025,"Cogalniceanu D, Cobzaru I, Dragan O, Fanaru G, Iftime A, Stanescu F, Telea E, Topliceanu S, Ureche D, Chisamera G, Petrescu A, Iftime O (2021) Raport tehnic privind sursele bibliografice referitoare la speciile de vertebrate terestre alogene invazive si potential invazive. Zenodo. https://doi.org/10.5281/zenodo.5593956 | Dragan O, Rozylowicz L, Ureche D, Falka I, Cogalniceanu D (2024) Invasive fish species in Romanian freshwater. A review of over 100 years of occurrence reports. NeoBiota 94: 15-30. https://doi.org/10.3897/neobiota.94.117313 | Otel V, Nastase A, Fomici I (2025) Alien Siluriformes (Pisces) recently reported in the freshwaters of the Danube Delta Biosphere Reserve. Scientific Annals of the Danube Delta Institute 30: 43-53. https://doi.org/10.3897/saddi.30.160476 | https://www.inaturalist.org/observations/268596474",,Eastern Asia (North Asia) | North Asia,FALSE,FALSE,TRUE,,2025-11-26,Cristina Preda | Laurentiu Rozylowicz,Marian Tudor
OSROUCKLK5PI7BJ575NJOD,"Hypophthalmichthys molitrix (Valenciennes, 1844)",Animalia,Chordata,Actinopterygii,Cypriniformes,Xenocyprididae,Hypophthalmichthys,species,ICZN,Romania,RO,present,introduced,established,aquacultureMariculture,,,1960,2025,"Cogalniceanu D, Cobzaru I, Dragan O, Fanaru G, Iftime A, Stanescu F, Telea E, Topliceanu S, Ureche D, Chisamera G, Petrescu A, Iftime O (2021) Raport tehnic privind sursele bibliografice referitoare la speciile de vertebrate terestre alogene invazive si potential invazive. Zenodo. https://doi.org/10.5281/zenodo.5593956 | Dragan O, Rozylowicz L, Ureche D, Falka I, Cogalniceanu D (2024) Invasive fish species in Romanian freshwater. A review of over 100 years of occurrence reports. NeoBiota 94: 15-30. https://doi.org/10.3897/neobiota.94.117313 | Otel V, Nastase A, Fomici I (2025) Alien Siluriformes (Pisces) recently reported in the freshwaters of the Danube Delta Biosphere Reserve. Scientific Annals of the Danube Delta Institute 30: 43-53. https://doi.org/10.3897/saddi.30.160476",,Eastern Asia (North Asia) | North Asia,FALSE,FALSE,TRUE,,2025-11-26,Cristina Preda | Laurentiu Rozylowicz,Marian Tudor
OSROUCKLHTMKVDPJYDPK8P,"Hypophthalmichthys nobilis (Richardson, 1845)",Animalia,Chordata,Actinopterygii,Cypriniformes,Xenocyprididae,Hypophthalmichthys,species,ICZN,Romania,RO,present,introduced,established,aquacultureMariculture,,,1960,2025,"Cogalniceanu D, Cobzaru I, Dragan O, Fanaru G, Iftime A, Stanescu F, Telea E, Topliceanu S, Ureche D, Chisamera G, Petrescu A, Iftime O (2021) Raport tehnic privind sursele bibliografice referitoare la speciile de vertebrate terestre alogene invazive si potential invazive. Zenodo. https://doi.org/10.5281/zenodo.5593956 | Dragan O, Rozylowicz L, Ureche D, Falka I, Cogalniceanu D (2024) Invasive fish species in Romanian freshwater. A review of over 100 years of occurrence reports. NeoBiota 94: 15-30. https://doi.org/10.3897/neobiota.94.117313 | Otel V, Nastase A, Fomici I (2025) Alien Siluriformes (Pisces) recently reported in the freshwaters of the Danube Delta Biosphere Reserve. Scientific Annals of the Danube Delta Institute 30: 43-53. https://doi.org/10.3897/saddi.30.160476",,Eastern Asia | South-eastern Asia,FALSE,FALSE,TRUE,,2025-11-26,Cristina Preda | Laurentiu Rozylowicz,Marian Tudor
OSROQARIIZA4YYT8QL,Eleusine indica (L.) Gaertn.,Plantae,Tracheophyta,Liliopsida,Poales,Poaceae,Eleusine,species,ICN,Romania,RO,present,introduced,established,seedContaminant,,,1960,2022,"Anastasiu P, Miu I, Gavrilidis A, Preda C, Rozylowicz L, Sirbu C, Oprea A, Urziceanu M, Camen-Comanescu P, Nagoda E, Memedemin D, Barbos M, Boruz V, Cislariu A, Don I, Fagaras M, Frink J, Georgescu I, Haruta O, Hurdu B-I, Matis A, Milanovici S, Muncaciu S, Neacsu A, Neblea M, Nicolin A, Niculescu M, Oroian S, Pop O, Radutoiu D, Samarghitan M, Simion I, Soare L, Steiu C, Stoianov E, Strat D, Szabo A, Szatmari P, Tanase C, Mirea M, Manta N, Sirbu I (2024) Alien plant species distribution in Romania: a nationwide survey following the implementation of the EU Regulation on Invasive Alien Species. Biodiversity Data Journal 12. https://doi.org/10.3897/BDJ.12.e119539 | Ravarut M, Mititelu D (1960) Doua specii noi in flora Republicii Populare Romane. Stud. Cerc. Acad. R. P. Romane, Fil. Cluj, Sect. Biol., 11(1): 7-9",,Arabian Peninsula | Caucasus | Central Asia | China | East Tropical Africa | Eastern Asia | Indian Subcontinent | Indo-China | Macaronesia | Malesia | Northeast Tropical Africa | Papuasia | South Tropical Africa | Southeastern Europe | Southern Africa | West Tropical Africa | West-Central Tropical Africa | Western Asia | Western Indian Ocean,TRUE,FALSE,FALSE,,2025-11-26,Cristina Preda | Laurentiu Rozylowicz,Paulina Anastasiu
OSROBQRLXBIOKCCSCK,Juglans cinerea L.,Plantae,Tracheophyta,Magnoliopsida,Fagales,Juglandaceae,Juglans,species,ICN,Romania,RO,present,introduced,casual,forestry,ornamentalNonHorticulture,,1960,2022,"Dumitriu-Tataranu I (1960) Arbori si arbusti forestieri si ornamentali cultivati in R. P. R., Bucuresti: Edit. Agro-Silvica, 810 pp",,Eastern Canada | North-Central U.S.A. | Northeastern U.S.A. | Southeastern U.S.A.,TRUE,FALSE,FALSE,,2025-11-26,Cristina Preda | Laurentiu Rozylowicz,Culita Sirbu
OSRO3NMJDZ453AUHGV,Juniperus virginiana L.,Plantae,Tracheophyta,Pinopsida,Pinales,Cupressaceae,Juniperus,species,ICN,Romania,RO,present,introduced,established,OtherIntentionalRelease,forestry,ornamentalNonHorticulture,1960,2025,"Anastasiu P, Miu I, Gavrilidis A, Preda C, Rozylowicz L, Sirbu C, Oprea A, Urziceanu M, Camen-Comanescu P, Nagoda E, Memedemin D, Barbos M, Boruz V, Cislariu A, Don I, Fagaras M, Frink J, Georgescu I, Haruta O, Hurdu B-I, Matis A, Milanovici S, Muncaciu S, Neacsu A, Neblea M, Nicolin A, Niculescu M, Oroian S, Pop O, Radutoiu D, Samarghitan M, Simion I, Soare L, Steiu C, Stoianov E, Strat D, Szabo A, Szatmari P, Tanase C, Mirea M, Manta N, Sirbu I (2024) Alien plant species distribution in Romania: a nationwide survey following the implementation of the EU Regulation on Invasive Alien Species. Biodiversity Data Journal 12. https://doi.org/10.3897/BDJ.12.e119539 | Anastasiu P, Camen-Comanescu P, Sirbu I-M, Urziceanu M (2024) Urban flora: new reports for Bucharest's flora. Acta Horti Botanici Bucurestiensis 50(1): 41-58. https://doi.org/10.62229/ahbb.2024.50/3 | Sirbu C, Oprea A (2011) Plante adventive in flora Romaniei. Editura Ion Ionescu de la Brad, Iasi | Dumitriu-Tataranu I (1960) Arbori si arbusti forestieri si ornamentali cultivati in R.P.R. Editura Agro-Silvica, Bucuresti | Blackburn TM, Pysek P, Bacher S, Carlton JT, Duncan RP, Jarosik V, Wilson JRU, Richardson DM (2011) A proposed unified framework for biological invasions. Trends in Ecology and Evolution 26: 333–339. https://doi.org/10.1016/j.tree.2011.03.023 | Plants of the World Online (2026) https://powo.science.kew.org/",,Eastern Canada | Mexico | North-Central U.S.A. | Northeastern U.S.A. | Northwestern U.S.A. | South-Central U.S.A. | Southeastern U.S.A.,TRUE,FALSE,FALSE,,2025-11-26,Cristina Preda | Laurentiu Rozylowicz,Mihaela Urziceanu
OSRO16TT85BD3JSWDY,Pseudotsuga menziesii (Mirb.) Franco,Plantae,Tracheophyta,Pinopsida,Pinales,Pinaceae,Pseudotsuga,species,ICN,Romania,RO,present,introduced,casual,forestry,horticulture,naturalDispersal,1960,2025,"Anastasiu P, Miu I, Gavrilidis A, Preda C, Rozylowicz L, Sirbu C, Oprea A, Urziceanu M, Camen-Comanescu P, Nagoda E, Memedemin D, Barbos M, Boruz V, Cislariu A, Don I, Fagaras M, Frink J, Georgescu I, Haruta O, Hurdu B-I, Matis A, Milanovici S, Muncaciu S, Neacsu A, Neblea M, Nicolin A, Niculescu M, Oroian S, Pop O, Radutoiu D, Samarghitan M, Simion I, Soare L, Steiu C, Stoianov E, Strat D, Szabo A, Szatmari P, Tanase C, Mirea M, Manta N, Sirbu I (2024) Alien plant species distribution in Romania: a nationwide survey following the implementation of the EU Regulation on Invasive Alien Species. Biodiversity Data Journal 12. https://doi.org/10.3897/BDJ.12.e119539 | Anastasiu P, Camen-Comanescu P, Sirbu I-M, Urziceanu M (2024) Urban flora: new reports for Bucharest's flora. Acta Horti Botanici Bucurestiensis 50(1): 41-58. https://doi.org/10.62229/ahbb.2024.50/3 | Sirbu C, Oprea A (2011) Plante adventive in flora Romaniei. Editura Ion Ionescu de la Brad, Iasi | Dumitriu-Tataranu I (1960) Arbori si arbusti forestieri si ornamentali cultivati in R.P.R. Editura Agro-Silvica, Bucuresti | Blackburn TM, Pysek P, Bacher S, Carlton JT, Duncan RP, Jarosik V, Wilson JRU, Richardson DM (2011) A proposed unified framework for biological invasions. Trends in Ecology and Evolution 26: 333–339. https://doi.org/10.1016/j.tree.2011.03.023 | Plants of the World Online (2026) https://powo.science.kew.org/",,Mexico | Northwestern U.S.A. | South-Central U.S.A. | Southwestern U.S.A. | Subarctic America | Western Canada,TRUE,FALSE,FALSE,,2025-11-26,Cristina Preda | Laurentiu Rozylowicz,Mihaela Urziceanu
OSROUCKLLMKBQBGEUZ4TI4,"Centropages kroyeri Giesbrecht, 1892-1893",Animalia,Arthropoda,Copepoda,Calanoida,Centropagidae,Сentropages,species,ICZN,Romania,RO,doubtful,uncertain,reproducing,transportStowaway,ballastWater,naturalDispersal,1961,1961,"Fernandez de Puelles ML (2026) Centropages Kryer, 1849. https://doi.org/10.17895/ices.pub.31016620 | Gubanova A, Altukhov D, Stefanova K, Arashkevich E, Kamburska L, Prusova I, Svetlichny L, Timofte F, Uysal Z (2014) Species composition of Black Sea marine planktonic copepods. Journal of Marine Systems 135: 44-52. https://doi.org/10.1016/j.jmarsys.2013.12.004",,Mediterranean Sea | Black Sea,FALSE,TRUE,FALSE,,2025-11-26,Cristina Preda | Laurentiu Rozylowicz,Marius Skolka | Carla F. Gavrilescu
OSROUCKLIZK0T5XYDDGBA2,"Paracalanus aculeatus aculeatus Giesbrecht, 1888",Animalia,Arthropoda,Copepoda,Calanoida,Paracalanidae,Paracalanus,subspecies,ICZN,Romania,RO,present,introduced,colonising,transportStowaway,ballastWater,naturalDispersal,1961,1990,"Preda C, Adam C, Constantinescu IC, Popa OP, Popa LO, Balcu M-J, Brezeanu AM, Dascalu MM, Draghici A-C, Gavrilescu CF, Gavrilidis AA, Gheoca V, Iorgu EI, Iorgu IS, Krapal AM, Maican S, Manci C-O, Manta N, Manu M, Motoc RM, Niculae IM, Petrescu A-M, Pintilioaie A-M, Popa AF, Radac IA, Rozylowicz L, Ruicanescu A, Sahlean TC, Surugiu V, Serban C, Stefan A, Szekely L, Tausan I, Skolka M (2026) From soil to stream and sea: species richness and distribution of alien invertebrates in Romania. NeoBiota. | Palero F, Ferrer-Mateu I, Wray B, Hughes R, Morritt D, Lepage M, Kotterman M, van der Meer M, Tate M, Kamanli S, Smith L, Llewellyn-Hughes J, Clark P (2022) Presence of a second Eriocheir species in Europe as confirmed by molecular and morphological data. Aquatic Invasions 17: 374-392. https://doi.org/10.3391/ai.2022.17.3.03",,Atlantic Ocean | Indian Ocean | Pacific Ocean,FALSE,TRUE,FALSE,,2025-11-26,Cristina Preda | Laurentiu Rozylowicz,Marius Skolka | Carla F. Gavrilescu
OSROUCKLNQ5QNY27Q070SJ,"Oithona nana Giesbrecht, 1893",Animalia,Arthropoda,Copepoda,Cyclopoida,Oithonidae,Oithona,species,ICZN,Romania,RO,present,introduced,colonising,transportStowaway,ballastWater,naturalDispersal,1961,1990,"Preda C, Adam C, Constantinescu IC, Popa OP, Popa LO, Balcu M-J, Brezeanu AM, Dascalu MM, Draghici A-C, Gavrilescu CF, Gavrilidis AA, Gheoca V, Iorgu EI, Iorgu IS, Krapal AM, Maican S, Manci C-O, Manta N, Manu M, Motoc RM, Niculae IM, Petrescu A-M, Pintilioaie A-M, Popa AF, Radac IA, Rozylowicz L, Ruicanescu A, Sahlean TC, Surugiu V, Serban C, Stefan A, Szekely L, Tausan I, Skolka M (2026) From soil to stream and sea: species richness and distribution of alien invertebrates in Romania. NeoBiota.",,Atlantic Ocean | Indian Ocean | Pacific Ocean,FALSE,TRUE,FALSE,,2025-11-26,Cristina Preda | Laurentiu Rozylowicz,Marius Skolka | Carla F. Gavrilescu
OSROUCKLIOWP2ZWTX0GJNQ,"Oithona similis Claus, 1866",Animalia,Arthropoda,Copepoda,Cyclopoida,Oithonidae,Oithona,species,ICZN,Romania,RO,present,introduced,colonising,transportStowaway,ballastWater,naturalDispersal,1961,1989,"Preda C, Adam C, Constantinescu IC, Popa OP, Popa LO, Balcu M-J, Brezeanu AM, Dascalu MM, Draghici A-C, Gavrilescu CF, Gavrilidis AA, Gheoca V, Iorgu EI, Iorgu IS, Krapal AM, Maican S, Manci C-O, Manta N, Manu M, Motoc RM, Niculae IM, Petrescu A-M, Pintilioaie A-M, Popa AF, Radac IA, Rozylowicz L, Ruicanescu A, Sahlean TC, Surugiu V, Serban C, Stefan A, Szekely L, Tausan I, Skolka M (2026) From soil to stream and sea: species richness and distribution of alien invertebrates in Romania. NeoBiota.",,Atlantic Ocean | Indian Ocean | Pacific Ocean,FALSE,TRUE,FALSE,,2025-11-26,Cristina Preda | Laurentiu Rozylowicz,Marius Skolka | Carla F. Gavrilescu
OSROUCKL6UZY7CL470DOMN,"Caromiobenella helgolandica (Claus, 1863)",Animalia,Arthropoda,Copepoda,Monstrilloida,Monstrillidae,Monstrilla,species,ICZN,Romania,RO,present,introduced,colonising,transportStowaway,ballastWater,naturalDispersal,1961,1961,"Adam C, Constantinescu IC, Draghici AC, Fusu L, Fusu MM, Gheoca V, Iorgu IS, Irimia AG, Maican S, Manci CO, Manu M, Mitroiu MD, Olosutean HG, Perju M, Petrescu AM, Pintilioaie AM, Popa AF, Popescu IE, Popovici OA, Prunar FV, Radac IA, Sahlean TC, Sitar C, Stanciu CR, Szekely L, Tausan I, Tomozii IB, Torok SC, Zaharia LG (2022) Raport final privind distributia speciilor de nevertebrate terestre alogene din hot-spot-uri si caile prioritare de patrundere (an 3 cartare). Raport intocmit in cadrul Proiectului POIM2014+120008 - Managementul adecvat al speciilor invazive din Romania, in conformitate cu Regulamentul UE 1143/2014 referitor la prevenirea si gestionarea introducerii si raspandirii speciilor alogene invazive. Ministerul Mediului, Apelor si Padurilor & Universitatea din Bucuresti, Bucuresti. | Palero F, Ferrer-Mateu I, Wray B, Hughes R, Morritt D, Lepage M, Kotterman M, van der Meer M, Tate M, Kamanli S, Smith L, Llewellyn-Hughes J, Clark P (2022) Presence of a second Eriocheir species in Europe as confirmed by molecular and morphological data. Aquatic Invasions 17: 374-392. https://doi.org/10.3391/ai.2022.17.3.03",,Cosmopolitan,FALSE,TRUE,FALSE,Polychaeta,2025-11-26,Cristina Preda | Laurentiu Rozylowicz,Marius Skolka | Carla F. Gavrilescu
OSROUCKLV8ZIJKTD4UIH1L,"Monstrilla grandis Giesbrecht, 1891",Animalia,Arthropoda,Copepoda,Monstrilloida,Monstrillidae,Monstrilla,species,ICZN,Romania,RO,present,introduced,colonising,transportStowaway,ballastWater,naturalDispersal,1961,1961,"Adam C, Constantinescu IC, Draghici AC, Fusu L, Fusu MM, Gheoca V, Iorgu IS, Irimia AG, Maican S, Manci CO, Manu M, Mitroiu MD, Olosutean HG, Perju M, Petrescu AM, Pintilioaie AM, Popa AF, Popescu IE, Popovici OA, Prunar FV, Radac IA, Sahlean TC, Sitar C, Stanciu CR, Szekely L, Tausan I, Tomozii IB, Torok SC, Zaharia LG (2022) Raport final privind distributia speciilor de nevertebrate terestre alogene din hot-spot-uri si caile prioritare de patrundere (an 3 cartare). Raport intocmit in cadrul Proiectului POIM2014+120008 - Managementul adecvat al speciilor invazive din Romania, in conformitate cu Regulamentul UE 1143/2014 referitor la prevenirea si gestionarea introducerii si raspandirii speciilor alogene invazive. Ministerul Mediului, Apelor si Padurilor & Universitatea din Bucuresti, Bucuresti. | Palero F, Ferrer-Mateu I, Wray B, Hughes R, Morritt D, Lepage M, Kotterman M, van der Meer M, Tate M, Kamanli S, Smith L, Llewellyn-Hughes J, Clark P (2022) Presence of a second Eriocheir species in Europe as confirmed by molecular and morphological data. Aquatic Invasions 17: 374-392. https://doi.org/10.3391/ai.2022.17.3.03",,Atlantic Ocean (NE),FALSE,TRUE,FALSE,Polychaeta,2025-11-26,Cristina Preda | Laurentiu Rozylowicz,Marius Skolka | Carla F. Gavrilescu
OSROUCKLGH2E096ASEPFLB,"Adelges (Gilletteella) cooleyi (Gillette, 1907)",Animalia,Arthropoda,Insecta,Hemiptera,Adelgidae,Gilletteella,species,ICZN,Romania,RO,present,introduced,colonising,transportStowaway,parasitesOnPlants,,1961,2022,"Preda C, Adam C, Constantinescu IC, Popa OP, Popa LO, Balcu M-J, Brezeanu AM, Dascalu MM, Draghici A-C, Gavrilescu CF, Gavrilidis AA, Gheoca V, Iorgu EI, Iorgu IS, Krapal AM, Maican S, Manci C-O, Manta N, Manu M, Motoc RM, Niculae IM, Petrescu A-M, Pintilioaie A-M, Popa AF, Radac IA, Rozylowicz L, Ruicanescu A, Sahlean TC, Surugiu V, Serban C, Stefan A, Szekely L, Tausan I, Skolka M (2026) From soil to stream and sea: species richness and distribution of alien invertebrates in Romania. NeoBiota. | Olenici N, Balacenoiu F, Tomescu R, Netoiu C, Buzatu A, Alexandru A (2022) Invasive alien forest insect species in south-eastern Romania. Notulae Botanicae Horti Agrobotanici Cluj-Napoca 50: 12618. https://doi.org/10.15835/nbha50112618",,Northern America,TRUE,FALSE,FALSE,Picea | Pseudotsuga,2025-11-26,Cristina Preda | Laurentiu Rozylowicz,Costica Adam
OSROUCKLHM8OU1G5PMJ2TB,"Japananus hyalinus (Osborn, 1900)",Animalia,Arthropoda,Insecta,Hemiptera,Cicadellidae,Japananus,species,ICZN,Romania,RO,present,introduced,invasive,transportStowaway,contaminantOnPlants,,1961,2025,"Preda C, Adam C, Constantinescu IC, Popa OP, Popa LO, Balcu M-J, Brezeanu AM, Dascalu MM, Draghici A-C, Gavrilescu CF, Gavrilidis AA, Gheoca V, Iorgu EI, Iorgu IS, Krapal AM, Maican S, Manci C-O, Manta N, Manu M, Motoc RM, Niculae IM, Petrescu A-M, Pintilioaie A-M, Popa AF, Radac IA, Rozylowicz L, Ruicanescu A, Sahlean TC, Surugiu V, Serban C, Stefan A, Szekely L, Tausan I, Skolka M (2026) From soil to stream and sea: species richness and distribution of alien invertebrates in Romania. NeoBiota. | Popa V (2002) Contributions to the study of cicada fauna (Hemiptera: Cicadomorpha, Fulgoromorpha) in the Valea Morii - Valcele area, Cluj County, Romania. Entomologica Romanica, 7: 67-78. | https://www.inaturalist.org/photos/557587986",,Eastern Asia,TRUE,FALSE,FALSE,Plantae,2025-11-26,Cristina Preda | Laurentiu Rozylowicz,Ioana Cristina Constantinescu
OSROUCKL3TDAAW5PMNWPV8,"Lepidosaphes conchiformis (Gmelin, 1790)",Animalia,Arthropoda,Insecta,Hemiptera,Diaspididae,Lepidosaphes,species,ICZN,Romania,RO,doubtful,uncertain,established,transportContaminant,parasitesOnPlants,naturalDispersal,1961,2018,Teodorescu I (2018) Contribution to database of alien/invasive Homoptera insects in Romania. Romanian Journal of Biology - Zoology 63(1-2): 29-68.,,Southern Europe | Northern Africa | Western Asia,TRUE,FALSE,FALSE,Ficus carica | Ulmus | Plantae,2026-03-18,Cristina Preda | Laurentiu Rozylowicz,Marius Skolka | Carla F. Gavrilescu
OSROUCKLCDDTOWKG0EPSJT,"Physella acuta (Draparnaud, 1805)",Animalia,Mollusca,Gastropoda,Pulmonata,Physidae,Physella,species,ICZN,Romania,RO,present,introduced,invasive,corridor,transportStowaway,naturalDispersal,1961,2020,"Preda C, Adam C, Constantinescu IC, Popa OP, Popa LO, Balcu M-J, Brezeanu AM, Dascalu MM, Draghici A-C, Gavrilescu CF, Gavrilidis AA, Gheoca V, Iorgu EI, Iorgu IS, Krapal AM, Maican S, Manci C-O, Manta N, Manu M, Motoc RM, Niculae IM, Petrescu A-M, Pintilioaie A-M, Popa AF, Radac IA, Rozylowicz L, Ruicanescu A, Sahlean TC, Surugiu V, Serban C, Stefan A, Szekely L, Tausan I, Skolka M (2026) From soil to stream and sea: species richness and distribution of alien invertebrates in Romania. NeoBiota.",,Northern America (Mississippi basin),FALSE,FALSE,TRUE,,2025-11-26,Cristina Preda | Laurentiu Rozylowicz,Oana P. Popa
OSROUCKLJGJMPGYCQ224QX,"Dactylogyrus lamellatus Akhmerow, 1952",Animalia,Platyhelminthes,Monogenea,Dactylogyridea,Dactylogyridae,Dactylogyrus,species,ICZN,Romania,RO,present,introduced,colonising,transportContaminant,,,1961,1961,"Preda C, Adam C, Constantinescu IC, Popa OP, Popa LO, Balcu M-J, Brezeanu AM, Dascalu MM, Draghici A-C, Gavrilescu CF, Gavrilidis AA, Gheoca V, Iorgu EI, Iorgu IS, Krapal AM, Maican S, Manci C-O, Manta N, Manu M, Motoc RM, Niculae IM, Petrescu A-M, Pintilioaie A-M, Popa AF, Radac IA, Rozylowicz L, Ruicanescu A, Sahlean TC, Surugiu V, Serban C, Stefan A, Szekely L, Tausan I, Skolka M (2026) From soil to stream and sea: species richness and distribution of alien invertebrates in Romania. NeoBiota.",,Eastern Asia (Amur basin),FALSE,FALSE,TRUE,Ctenopharyngodon idella,2025-11-26,Cristina Preda | Laurentiu Rozylowicz,Oana P. Popa
OSROIL3I5PBBDO85E3,Cosmos sulphureus Cav.,Plantae,Tracheophyta,Magnoliopsida,Asterales,Asteraceae,Cosmos,species,ICN,Romania,RO,present,introduced,casual,ornamentalNonHorticulture,,,1961,2020,"Anastasiu P, Miu I, Gavrilidis A, Preda C, Rozylowicz L, Sirbu C, Oprea A, Urziceanu M, Camen-Comanescu P, Nagoda E, Memedemin D, Barbos M, Boruz V, Cislariu A, Don I, Fagaras M, Frink J, Georgescu I, Haruta O, Hurdu B-I, Matis A, Milanovici S, Muncaciu S, Neacsu A, Neblea M, Nicolin A, Niculescu M, Oroian S, Pop O, Radutoiu D, Samarghitan M, Simion I, Soare L, Steiu C, Stoianov E, Strat D, Szabo A, Szatmari P, Tanase C, Mirea M, Manta N, Sirbu I (2024) Alien plant species distribution in Romania: a nationwide survey following the implementation of the EU Regulation on Invasive Alien Species. Biodiversity Data Journal 12. https://doi.org/10.3897/BDJ.12.e119539 | Diaconescu V (1961) Sectorul Plante ornamentale al Gradinii Botanice din Bucuresti. Acta Bot. Horti Bucurest., /1960/: 71-118",,Central America | Mexico,TRUE,FALSE,FALSE,,2025-11-26,Cristina Preda | Laurentiu Rozylowicz,Paulina Anastasiu
OSRO31I3PKELL55WXM,Tagetes erecta L.,Plantae,Tracheophyta,Magnoliopsida,Asterales,Asteraceae,Tagetes,species,ICN,Romania,RO,present,introduced,casual,ornamentalNonHorticulture,,,1961,2022,"Anastasiu P, Miu I, Gavrilidis A, Preda C, Rozylowicz L, Sirbu C, Oprea A, Urziceanu M, Camen-Comanescu P, Nagoda E, Memedemin D, Barbos M, Boruz V, Cislariu A, Don I, Fagaras M, Frink J, Georgescu I, Haruta O, Hurdu B-I, Matis A, Milanovici S, Muncaciu S, Neacsu A, Neblea M, Nicolin A, Niculescu M, Oroian S, Pop O, Radutoiu D, Samarghitan M, Simion I, Soare L, Steiu C, Stoianov E, Strat D, Szabo A, Szatmari P, Tanase C, Mirea M, Manta N, Sirbu I (2024) Alien plant species distribution in Romania: a nationwide survey following the implementation of the EU Regulation on Invasive Alien Species. Biodiversity Data Journal 12. https://doi.org/10.3897/BDJ.12.e119539 | Cislariu AG, Manzu CC, Dumitrascu M, Mihai DC, Andronache MN, Camen-Comanescu P, Nagoda E, Sarbu A (2025) Invasive Traits of Symphyotrichum squamatum and S. ciliatum: Insights from Distribution Modeling, Reproductive Success, and Morpho-Structural Analysis. Biology 14: 47. https://doi.org/10.3390/biology14010047",,Central America | Mexico,TRUE,FALSE,FALSE,,2025-11-26,Cristina Preda | Laurentiu Rozylowicz,Daniyar Memedemin
OSROT5LV25R2S0AWG3,Styphnolobium japonicum (L.) Schott,Plantae,Tracheophyta,Magnoliopsida,Fabales,Fabaceae,Styphnolobium,species,ICN,Romania,RO,present,introduced,casual,horticulture,,,1961,2022,"Diaconescu V (1961) Sectorul Plante ornamentale al Gradinii Botanice din Bucuresti. Acta Bot. Horti Bucurest., /1960/: 71-118",,China,TRUE,FALSE,FALSE,,2025-11-26,Cristina Preda | Laurentiu Rozylowicz,Culita Sirbu
OSROTJVWNMPEQ9H9N4,Catalpa speciosa (Warder ex Barney) Warder ex Engelm.,Plantae,Tracheophyta,Magnoliopsida,Lamiales,Bignoniaceae,Catalpa,species,ICN,Romania,RO,present,introduced,casual,horticulture,ornamentalNonHorticulture,,1961,2021,"Tarnavschi IT, Diaconescu V (1961) Speciile de plante lemnoase exotice cultivate in Gradina Botanica din Bucuresti. Acta Bot. Horti Bucurest., /1960/: 23-54",,North-Central U.S.A. | Northeastern U.S.A. | South-Central U.S.A. | Southeastern U.S.A. | Southwestern U.S.A.,TRUE,FALSE,FALSE,,2025-11-26,Cristina Preda | Laurentiu Rozylowicz,Culita Sirbu
OSRORNR3E7F8M2D9W3,Buddleja davidii Franch.,Plantae,Tracheophyta,Magnoliopsida,Lamiales,Scrophulariaceae,Buddleja,species,ICN,Romania,RO,present,introduced,casual,horticulture,,,1961,2022,"Anastasiu P, Negrean G (2009) Neophytes in Romania. In: Rakosy L, Momeu L (Eds) Neobiota din Romania. Presa Universitara Clujeana, Cluj-Napoca, 66–97",,China,TRUE,FALSE,FALSE,,2025-11-26,Cristina Preda | Laurentiu Rozylowicz,Culita Sirbu
OSROLO4O7VF9S5LDVI,Eschscholzia californica Cham.,Plantae,Tracheophyta,Magnoliopsida,Ranunculales,Papaveraceae,Eschscholzia,species,ICN,Romania,RO,present,introduced,casual,ornamentalNonHorticulture,,,1961,2025,"Anastasiu P, Miu I, Gavrilidis A, Preda C, Rozylowicz L, Sirbu C, Oprea A, Urziceanu M, Camen-Comanescu P, Nagoda E, Memedemin D, Barbos M, Boruz V, Cislariu A, Don I, Fagaras M, Frink J, Georgescu I, Haruta O, Hurdu B-I, Matis A, Milanovici S, Muncaciu S, Neacsu A, Neblea M, Nicolin A, Niculescu M, Oroian S, Pop O, Radutoiu D, Samarghitan M, Simion I, Soare L, Steiu C, Stoianov E, Strat D, Szabo A, Szatmari P, Tanase C, Mirea M, Manta N, Sirbu I (2024) Alien plant species distribution in Romania: a nationwide survey following the implementation of the EU Regulation on Invasive Alien Species. Biodiversity Data Journal 12. https://doi.org/10.3897/BDJ.12.e119539 | Sirbu C, Oprea A (2011) Plante adventive in flora Romaniei. Editura Ion Ionescu de la Brad, Iasi, Romania, 734 pp | https://www.inaturalist.org/observations/287848003 | Blackburn TM, Pysek P, Bacher S, Carlton JT, Duncan RP, Jarosik V, Wilson JR, Richardson DM (2011) A proposed unified framework for biological invasions. Trends in Ecology and Evolution 26: 333-339. https://doi.org/10.1016/j.tree.2011.03.023",,Mexico | Northwestern U.S.A. | South-Central U.S.A. | Southwestern U.S.A.,TRUE,FALSE,FALSE,,2025-11-26,Cristina Preda | Laurentiu Rozylowicz,Ioana-Minodora Sirbu
OSRODTPXEQJ23GE4DO,Ptelea trifoliata L.,Plantae,Tracheophyta,Magnoliopsida,Sapindales,Rutaceae,Ptelea,species,ICN,Romania,RO,present,introduced,casual,ornamentalNonHorticulture,,,1961,2021,"Anastasiu P, Miu I, Gavrilidis A, Preda C, Rozylowicz L, Sirbu C, Oprea A, Urziceanu M, Camen-Comanescu P, Nagoda E, Memedemin D, Barbos M, Boruz V, Cislariu A, Don I, Fagaras M, Frink J, Georgescu I, Haruta O, Hurdu B-I, Matis A, Milanovici S, Muncaciu S, Neacsu A, Neblea M, Nicolin A, Niculescu M, Oroian S, Pop O, Radutoiu D, Samarghitan M, Simion I, Soare L, Steiu C, Stoianov E, Strat D, Szabo A, Szatmari P, Tanase C, Mirea M, Manta N, Sirbu I (2024) Alien plant species distribution in Romania: a nationwide survey following the implementation of the EU Regulation on Invasive Alien Species. Biodiversity Data Journal 12. https://doi.org/10.3897/BDJ.12.e119539 | Sirbu C, Oprea A (2011) Plante adventive in flora Romaniei. Editura Ion Ionescu de la Brad, Iasi, Romania, 734 pp | Blackburn TM, Pysek P, Bacher S, Carlton JT, Duncan RP, Jarosik V, Wilson JR, Richardson DM (2011) A proposed unified framework for biological invasions. Trends in Ecology and Evolution 26: 333-339. https://doi.org/10.1016/j.tree.2011.03.023",,Eastern Canada | Mexico | North-Central U.S.A. | Northeastern U.S.A. | Northwestern U.S.A. | South-Central U.S.A. | Southeastern U.S.A. | Southwestern U.S.A.,TRUE,FALSE,FALSE,,2025-11-26,Cristina Preda | Laurentiu Rozylowicz,Ioana-Minodora Sirbu
OSROUCKLY1ECLGIMLNEG9X,"Phytonemus pallidus (Banks, 1899)",Animalia,Arthropoda,Arachnida,Trombidiformes,Tarsonemidae,Phytonemus,species,ICZN,Romania,RO,present,introduced,invasive,transportContaminant,contaminantOnPlants,parasitesOnPlants,1962,2021,"Preda C, Adam C, Constantinescu IC, Popa OP, Popa LO, Balcu M-J, Brezeanu AM, Dascalu MM, Draghici A-C, Gavrilescu CF, Gavrilidis AA, Gheoca V, Iorgu EI, Iorgu IS, Krapal AM, Maican S, Manci C-O, Manta N, Manu M, Motoc RM, Niculae IM, Petrescu A-M, Pintilioaie A-M, Popa AF, Radac IA, Rozylowicz L, Ruicanescu A, Sahlean TC, Surugiu V, Serban C, Stefan A, Szekely L, Tausan I, Skolka M (2026) From soil to stream and sea: species richness and distribution of alien invertebrates in Romania. NeoBiota.",,Cryptogenic,TRUE,FALSE,FALSE,Fragaria | Cyclamen | Chrysanthemum,2025-11-26,Cristina Preda | Laurentiu Rozylowicz,Ioana Cristina Constantinescu
OSRO6KJ59ATG0F2RJC,Bidens frondosa L.,Plantae,Tracheophyta,Magnoliopsida,Asterales,Asteraceae,Bidens,species,ICN,Romania,RO,present,introduced,established,waterwaysBasinsSeas,,,1962,2022,"Anastasiu P, Miu I, Gavrilidis A, Preda C, Rozylowicz L, Sirbu C, Oprea A, Urziceanu M, Camen-Comanescu P, Nagoda E, Memedemin D, Barbos M, Boruz V, Cislariu A, Don I, Fagaras M, Frink J, Georgescu I, Haruta O, Hurdu B-I, Matis A, Milanovici S, Muncaciu S, Neacsu A, Neblea M, Nicolin A, Niculescu M, Oroian S, Pop O, Radutoiu D, Samarghitan M, Simion I, Soare L, Steiu C, Stoianov E, Strat D, Szabo A, Szatmari P, Tanase C, Mirea M, Manta N, Sirbu I (2024) Alien plant species distribution in Romania: a nationwide survey following the implementation of the EU Regulation on Invasive Alien Species. Biodiversity Data Journal 12. https://doi.org/10.3897/BDJ.12.e119539 | Vicol EC (1970) Bidens frondosus L. in flora Romaniei. Stud. Cerc. Biol., Ser. Bot., 22(4): 297-301",,Eastern Canada | North-Central U.S.A. | Northeastern U.S.A. | Northwestern U.S.A. | South-Central U.S.A. | Southeastern U.S.A. | Southwestern U.S.A. | Subarctic America | Western Canada,TRUE,FALSE,TRUE,,2025-11-26,Cristina Preda | Laurentiu Rozylowicz,Paulina Anastasiu
OSROWCCJYNWHX9ZDSH,Bidens vulgata Greene,Plantae,Tracheophyta,Magnoliopsida,Asterales,Asteraceae,Bidens,species,ICN,Romania,RO,present,introduced,established,waterwaysBasinsSeas,,,1962,2022,"Anastasiu P, Miu I, Gavrilidis A, Preda C, Rozylowicz L, Sirbu C, Oprea A, Urziceanu M, Camen-Comanescu P, Nagoda E, Memedemin D, Barbos M, Boruz V, Cislariu A, Don I, Fagaras M, Frink J, Georgescu I, Haruta O, Hurdu B-I, Matis A, Milanovici S, Muncaciu S, Neacsu A, Neblea M, Nicolin A, Niculescu M, Oroian S, Pop O, Radutoiu D, Samarghitan M, Simion I, Soare L, Steiu C, Stoianov E, Strat D, Szabo A, Szatmari P, Tanase C, Mirea M, Manta N, Sirbu I (2024) Alien plant species distribution in Romania: a nationwide survey following the implementation of the EU Regulation on Invasive Alien Species. Biodiversity Data Journal 12. https://doi.org/10.3897/BDJ.12.e119539 | Negrean G (2012) Addenda to Flora Romaniae volumes 1-12. Newly published plants, nomenclature, taxonomy, chorology and commentaries (Part 2). Kanitzia, 19: 195-233",,Eastern Canada | North-Central U.S.A. | Northeastern U.S.A. | Northwestern U.S.A. | Southeastern U.S.A. | Southwestern U.S.A. | Western Canada,TRUE,FALSE,FALSE,,2025-11-26,Cristina Preda | Laurentiu Rozylowicz,Paulina Anastasiu
OSROPFO2L45V8V9SOZ,Quercus rubra L.,Plantae,Tracheophyta,Magnoliopsida,Fagales,Fagaceae,Quercus,species,ICN,Romania,RO,present,introduced,reproducing,forestry,ornamentalNonHorticulture,,1962,2022,"Anastasiu P, Miu I, Gavrilidis A, Preda C, Rozylowicz L, Sirbu C, Oprea A, Urziceanu M, Camen-Comanescu P, Nagoda E, Memedemin D, Barbos M, Boruz V, Cislariu A, Don I, Fagaras M, Frink J, Georgescu I, Haruta O, Hurdu B-I, Matis A, Milanovici S, Muncaciu S, Neacsu A, Neblea M, Nicolin A, Niculescu M, Oroian S, Pop O, Radutoiu D, Samarghitan M, Simion I, Soare L, Steiu C, Stoianov E, Strat D, Szabo A, Szatmari P, Tanase C, Mirea M, Manta N, Sirbu I (2024) Alien plant species distribution in Romania: a nationwide survey following the implementation of the EU Regulation on Invasive Alien Species. Biodiversity Data Journal 12. https://doi.org/10.3897/BDJ.12.e119539",,Eastern Canada | North-Central U.S.A. | Northeastern U.S.A. | Southeastern U.S.A.,TRUE,FALSE,FALSE,,2025-11-26,Cristina Preda | Laurentiu Rozylowicz,Culita Sirbu
OSROUCKLQL28BIY1J532IQ,"Aleurothrixus floccosus (Maskell, 1896)",Animalia,Arthropoda,Insecta,Hemiptera,Aleyrodidae,Aleurothrixus,species,ICZN,Romania,RO,present,introduced,invasive,transportStowaway,parasitesOnPlants,naturalDispersal,1963,2018,"Adam C, Constantinescu IC, Draghici AC, Fusu L, Fusu MM, Gheoca V, Iorgu IS, Irimia AG, Maican S, Manci CO, Manu M, Mitroiu MD, Olosutean HG, Perju M, Petrescu AM, Pintilioaie AM, Popa AF, Popescu IE, Popovici OA, Prunar FV, Radac IA, Sahlean TC, Sitar C, Stanciu CR, Szekely L, Tausan I, Tomozii IB, Torok SC, Zaharia LG (2022) Raport final privind distributia speciilor de nevertebrate terestre alogene din hot-spot-uri si caile prioritare de patrundere (an 3 cartare). Raport intocmit in cadrul Proiectului POIM2014+120008 - Managementul adecvat al speciilor invazive din Romania, in conformitate cu Regulamentul UE 1143/2014 referitor la prevenirea si gestionarea introducerii si raspandirii speciilor alogene invazive. Ministerul Mediului, Apelor si Padurilor & Universitatea din Bucuresti, Bucuresti.",,South America (tropical) | Central America | Caribbean,TRUE,FALSE,FALSE,Citrus,2026-03-17,Cristina Preda | Laurentiu Rozylowicz,Marius Skolka
OSROXH1OBTV0U4FI4J,Robinia hispida L.,Plantae,Tracheophyta,Magnoliopsida,Fabales,Fabaceae,Robinia,species,ICN,Romania,RO,present,introduced,casual,horticulture,,,1963,2022,"Mihai Gh, Toma C (1963) Contributii la studiul arborilor si arbustilor ornamentali cultivati in spatiile verzi din orasele si parcurile din nordul Moldovei. Nota 1: Acta Horti Bot. Bucurestiensis, /1961-1962/: 1173-1182; Nota 2: Analele Sti. Univ. Al.I. Cuza Iasi, sect. II, a. Biol., 9(1): 115-126",,Southeastern U.S.A.,TRUE,FALSE,FALSE,,2025-11-26,Cristina Preda | Laurentiu Rozylowicz,Culita Sirbu
OSRO471V96WYAOLQ52,Glinus lotoides L.,Plantae,Tracheophyta,Magnoliopsida,Caryophyllales,Molluginaceae,Glinus,species,ICN,Romania,RO,present,introduced,established,OtherEscape,,,1964,2021,"Anastasiu P, Miu I, Gavrilidis A, Preda C, Rozylowicz L, Sirbu C, Oprea A, Urziceanu M, Camen-Comanescu P, Nagoda E, Memedemin D, Barbos M, Boruz V, Cislariu A, Don I, Fagaras M, Frink J, Georgescu I, Haruta O, Hurdu B-I, Matis A, Milanovici S, Muncaciu S, Neacsu A, Neblea M, Nicolin A, Niculescu M, Oroian S, Pop O, Radutoiu D, Samarghitan M, Simion I, Soare L, Steiu C, Stoianov E, Strat D, Szabo A, Szatmari P, Tanase C, Mirea M, Manta N, Sirbu I (2024) Alien plant species distribution in Romania: a nationwide survey following the implementation of the EU Regulation on Invasive Alien Species. Biodiversity Data Journal 12. https://doi.org/10.3897/BDJ.12.e119539 | Anastasiu P, Sarbu I, Negrean G (2009) Verbesina encelioides-A new alien plant in Romania. Annals of the University of Craiova-Agriculture, Montanology, Cadastre Series, 39(2), 15-18",,Arabian Peninsula | Australia | Caucasus | China | East Tropical Africa | Eastern Asia | Indian Subcontinent | Indo-China | Malesia | Northeast Tropical Africa | Northern Africa | South Tropical Africa | Southeastern Europe | Southern Africa | Southwestern Europe | West Tropical Africa | West-Central Tropical Africa | Western Asia,TRUE,FALSE,FALSE,,2025-11-26,Cristina Preda | Laurentiu Rozylowicz,Daniyar Memedemin
OSRO6RDTQTQS0UJR4E,Quercus palustris Münchh.,Plantae,Tracheophyta,Magnoliopsida,Fagales,Fagaceae,Quercus,species,ICN,Romania,RO,present,introduced,reproducing,forestry,ornamentalNonHorticulture,,1964,2020,"Tutin TG, Heywood VH, Burges NA, Moore DM, Valentide DH, Walters SM, Webb DA (Eds) (1964-1980) Flora Europaea, vol. I-V. Cambridge: Cambridge University Press, 464 pp., 455 pp., 370 pp., 523 pp., 467 pp",,Eastern Canada | North-Central U.S.A. | Northeastern U.S.A. | Southeastern U.S.A.,TRUE,FALSE,FALSE,,2025-11-26,Cristina Preda | Laurentiu Rozylowicz,Culita Sirbu
OSROTCWD25RNEVUF8W,Populus simonii Carrière,Plantae,Tracheophyta,Magnoliopsida,Malpighiales,Salicaceae,Populus,species,ICN,Romania,RO,present,introduced,casual,forestry,ornamentalNonHorticulture,,1964,2022,"Tutin TG, Heywood VH, Burges NA, Moore DM, Valentide DH, Walters SM, Webb DA (Eds) (1964-1980) Flora Europaea, vol. I-V. Cambridge: Cambridge University Press, 464 pp., 455 pp., 370 pp., 523 pp., 467 pp",,China | Eastern Asia,TRUE,FALSE,FALSE,,2025-11-26,Cristina Preda | Laurentiu Rozylowicz,Culita Sirbu
OSROUCKLBJE6TCUG35H9JN,"Lamprodila festiva (Linnaeus, 1767)",Animalia,Arthropoda,Insecta,Coleoptera,Buprestidae,Lamprodila,species,ICZN,Romania,RO,present,introduced,colonising,transportContaminant,naturalDispersal,,1966,2023,"Preda C, Adam C, Constantinescu IC, Popa OP, Popa LO, Balcu M-J, Brezeanu AM, Dascalu MM, Draghici A-C, Gavrilescu CF, Gavrilidis AA, Gheoca V, Iorgu EI, Iorgu IS, Krapal AM, Maican S, Manci C-O, Manta N, Manu M, Motoc RM, Niculae IM, Petrescu A-M, Pintilioaie A-M, Popa AF, Radac IA, Rozylowicz L, Ruicanescu A, Sahlean TC, Surugiu V, Serban C, Stefan A, Szekely L, Tausan I, Skolka M (2026) From soil to stream and sea: species richness and distribution of alien invertebrates in Romania. NeoBiota. | Adam C, Constantinescu IC, Draghici AC, Fusu L, Fusu MM, Gheoca V, Iorgu IS, Irimia AG, Maican S, Manci CO, Manu M, Mitroiu MD, Olosutean HG, Perju M, Petrescu AM, Pintilioaie AM, Popa AF, Popescu IE, Popovici OA, Prunar FV, Radac IA, Sahlean TC, Sitar C, Stanciu CR, Szekely L, Tausan I, Tomozii IB, Torok SC, Zaharia LG (2022) Raport final privind distributia speciilor de nevertebrate terestre alogene din hot-spot-uri si caile prioritare de patrundere (an 3 cartare). Raport intocmit in cadrul Proiectului POIM2014+120008 - Managementul adecvat al speciilor invazive din Romania, in conformitate cu Regulamentul UE 1143/2014 referitor la prevenirea si gestionarea introducerii si raspandirii speciilor alogene invazive. Ministerul Mediului, Apelor si Padurilor & Universitatea din Bucuresti, Bucuresti.",,Southern Europe,TRUE,FALSE,FALSE,Cupressaceae | Populus | Salix,2025-11-26,Cristina Preda | Laurentiu Rozylowicz,Marius Skolka | Carla F. Gavrilescu
OSROUCKLO0LUYMEHTNM8YB,"Parlatoria oleae (Colvée, 1880)",Animalia,Arthropoda,Insecta,Hemiptera,Diaspididae,Parlatoria,species,ICZN,Romania,RO,doubtful,uncertain,established,transportContaminant,parasitesOnPlants,naturalDispersal,1966,2018,Teodorescu I (2018) Contribution to database of alien/invasive Homoptera insects in Romania. Romanian Journal of Biology - Zoology 63(1-2): 29-68.,,Southern Europe | Northern Africa | Western Asia | Southern Asia (India),TRUE,FALSE,FALSE,Olea europaea,2026-03-18,Cristina Preda | Laurentiu Rozylowicz,Marius Skolka | Carla F. Gavrilescu
OSROUCKLNNWEEY7XT1Y5JV,"Megastigmus spermotrophus Wachtl, 1893",Animalia,Arthropoda,Insecta,Hymenoptera,Megastigmidae,Megastigmus,species,ICZN,Romania,RO,present,introduced,colonising,transportContaminant,naturalDispersal,,1966,2016,"Preda C, Adam C, Constantinescu IC, Popa OP, Popa LO, Balcu M-J, Brezeanu AM, Dascalu MM, Draghici A-C, Gavrilescu CF, Gavrilidis AA, Gheoca V, Iorgu EI, Iorgu IS, Krapal AM, Maican S, Manci C-O, Manta N, Manu M, Motoc RM, Niculae IM, Petrescu A-M, Pintilioaie A-M, Popa AF, Radac IA, Rozylowicz L, Ruicanescu A, Sahlean TC, Surugiu V, Serban C, Stefan A, Szekely L, Tausan I, Skolka M (2026) From soil to stream and sea: species richness and distribution of alien invertebrates in Romania. NeoBiota. | Rasplus J-Y, Villemant C, Rosa Paiva M, Delvare G, Roques A (2010) Hymenoptera. Chapter 12. BioRisk 4: 669-776. https://doi.org/10.3897/biorisk.4.55",,Northern America,TRUE,FALSE,FALSE,Pseudotsuga menziesii | Rosa,2025-11-26,Cristina Preda | Laurentiu Rozylowicz,Marius Skolka | Carla F. Gavrilescu
OSROUCKLQSX4I8KBOYBCJI,"Bruchus pisorum Linnaeus, 1758",Animalia,Arthropoda,Insecta,Coleoptera,Chrysomelidae,Bruchus,species,ICZN,Romania,RO,present,introduced,invasive,transportContaminant,naturalDispersal,,1967,2022,"Preda C, Adam C, Constantinescu IC, Popa OP, Popa LO, Balcu M-J, Brezeanu AM, Dascalu MM, Draghici A-C, Gavrilescu CF, Gavrilidis AA, Gheoca V, Iorgu EI, Iorgu IS, Krapal AM, Maican S, Manci C-O, Manta N, Manu M, Motoc RM, Niculae IM, Petrescu A-M, Pintilioaie A-M, Popa AF, Radac IA, Rozylowicz L, Ruicanescu A, Sahlean TC, Surugiu V, Serban C, Stefan A, Szekely L, Tausan I, Skolka M (2026) From soil to stream and sea: species richness and distribution of alien invertebrates in Romania. NeoBiota.",,Southern Europe | Western Asia (Mediterranean basin),TRUE,FALSE,FALSE,Pisum,2025-11-26,Cristina Preda | Laurentiu Rozylowicz,Marius Skolka
OSROUCKLZZLEUILAERKV5Y,"Aix galericulata (Linnaeus, 1758)",Animalia,Chordata,Aves,Anseriformes,Anatidae,Aix,species,ICZN,Romania,RO,present,introduced,casual,PublicGardenZooAquaria,OtherEscape,escapeFromConfinement,1967,2026,"Cogalniceanu D, Cobzaru I, Dragan O, Fanaru G, Iftime A, Stanescu F, Telea E, Topliceanu S, Ureche D, Chisamera G, Petrescu A, Iftime O (2021) Raport tehnic privind sursele bibliografice referitoare la speciile de vertebrate terestre alogene invazive si potential invazive. Zenodo. https://doi.org/10.5281/zenodo.5593956 | https://www.inaturalist.org/observations/345781841",last observation: Marian Tudor personal observations,Eastern Asia | North Asia,TRUE,FALSE,FALSE,,2025-11-26,Cristina Preda | Laurentiu Rozylowicz,Marian Tudor
OSROUCKLJKPGJGFYKUV9TO,"Mya arenaria Linnaeus, 1758",Animalia,Mollusca,Bivalvia,Myida,Myidae,Mya,species,ICZN,Romania,RO,present,introduced,invasive,ballastWater,releaseInNature,naturalDispersal,1967,2022,"Preda C, Adam C, Constantinescu IC, Popa OP, Popa LO, Balcu M-J, Brezeanu AM, Dascalu MM, Draghici A-C, Gavrilescu CF, Gavrilidis AA, Gheoca V, Iorgu EI, Iorgu IS, Krapal AM, Maican S, Manci C-O, Manta N, Manu M, Motoc RM, Niculae IM, Petrescu A-M, Pintilioaie A-M, Popa AF, Radac IA, Rozylowicz L, Ruicanescu A, Sahlean TC, Surugiu V, Serban C, Stefan A, Szekely L, Tausan I, Skolka M (2026) From soil to stream and sea: species richness and distribution of alien invertebrates in Romania. NeoBiota.",,"Northern America (NW Atlantic coast, Labrador to North Carolina) | Atlantic Ocean",FALSE,TRUE,FALSE,,2025-11-26,Cristina Preda | Laurentiu Rozylowicz,Oana P. Popa
OSROCVFYN8868A5ZLJ,Symphyotrichum ciliatum (Ledeb.) G.L.Nesom,Plantae,Tracheophyta,Magnoliopsida,Asterales,Asteraceae,Symphyotrichum,species,ICN,Romania,RO,present,introduced,established,naturalDispersal,,,1967,2022,"Anastasiu P, Miu I, Gavrilidis A, Preda C, Rozylowicz L, Sirbu C, Oprea A, Urziceanu M, Camen-Comanescu P, Nagoda E, Memedemin D, Barbos M, Boruz V, Cislariu A, Don I, Fagaras M, Frink J, Georgescu I, Haruta O, Hurdu B-I, Matis A, Milanovici S, Muncaciu S, Neacsu A, Neblea M, Nicolin A, Niculescu M, Oroian S, Pop O, Radutoiu D, Samarghitan M, Simion I, Soare L, Steiu C, Stoianov E, Strat D, Szabo A, Szatmari P, Tanase C, Mirea M, Manta N, Sirbu I (2024) Alien plant species distribution in Romania: a nationwide survey following the implementation of the EU Regulation on Invasive Alien Species. Biodiversity Data Journal 12. https://doi.org/10.3897/BDJ.12.e119539",,Central Asia | China | Eastern Canada | Mongolia | North-Central U.S.A. | Northeastern U.S.A. | Northwestern U.S.A. | Russian Far East | Siberia | Southwestern U.S.A. | Subarctic America | Western Canada,TRUE,FALSE,FALSE,,2025-11-26,Cristina Preda | Laurentiu Rozylowicz,Daniyar Memedemin
OSROQ11RY79EUSLKXG,Prunus serotina Ehrh.,Plantae,Tracheophyta,Magnoliopsida,Rosales,Rosaceae,Prunus,species,ICN,Romania,RO,present,introduced,established,ornamentalNonHorticulture,forestry,,1967,2025,"Anastasiu P, Miu I, Gavrilidis A, Preda C, Rozylowicz L, Sirbu C, Oprea A, Urziceanu M, Camen-Comanescu P, Nagoda E, Memedemin D, Barbos M, Boruz V, Cislariu A, Don I, Fagaras M, Frink J, Georgescu I, Haruta O, Hurdu B-I, Matis A, Milanovici S, Muncaciu S, Neacsu A, Neblea M, Nicolin A, Niculescu M, Oroian S, Pop O, Radutoiu D, Samarghitan M, Simion I, Soare L, Steiu C, Stoianov E, Strat D, Szabo A, Szatmari P, Tanase C, Mirea M, Manta N, Sirbu I (2024) Alien plant species distribution in Romania: a nationwide survey following the implementation of the EU Regulation on Invasive Alien Species. Biodiversity Data Journal 12. https://doi.org/10.3897/BDJ.12.e119539 | https://www.inaturalist.org/observations/272945838 | Blackburn TM, Pysek P, Bacher S, Carlton JT, Duncan RP, Jarosik V, Wilson JR, Richardson DM (2011) A proposed unified framework for biological invasions. Trends in Ecology and Evolution 26: 333-339. https://doi.org/10.1016/j.tree.2011.03.023",,Central America | Eastern Canada | Mexico | North-Central U.S.A. | Northeastern U.S.A. | Northwestern U.S.A. | South-Central U.S.A. | Southeastern U.S.A. | Southwestern U.S.A. | Western Canada,TRUE,FALSE,FALSE,,2025-11-26,Cristina Preda | Laurentiu Rozylowicz,Ioana-Minodora Sirbu
OSROUCKLU41SX18ZZBPH27,Abelmoschus esculentus (L.) Moench,Plantae,Tracheophyta,Magnoliopsida,Malvales,Malvaceae,Abelmoschus,species,ICN,Romania,RO,present,introduced,casual,horticulture,,,1968,2021,"Tutin TG, Heywood VH, Burges NA, Moore DM, Valentide DH, Walters SM, Webb DA (Eds) (1964-1980) Flora Europaea, vol. I-V. Cambridge: Cambridge University Press, 464 pp., 455 pp., 370 pp., 523 pp., 467 pp",,Indian Subcontinent,TRUE,FALSE,FALSE,,2025-11-26,Cristina Preda | Laurentiu Rozylowicz,Culita Sirbu
OSROUCKL5SZG6PMSJEVN3S,"Periplaneta americana (Linnaeus, 1758)",Animalia,Arthropoda,Insecta,Blattodea,Blattidae,Periplaneta,species,ICZN,Romania,RO,present,introduced,invasive,transportStowaway,naturalDispersal,,1969,2023,"Preda C, Adam C, Constantinescu IC, Popa OP, Popa LO, Balcu M-J, Brezeanu AM, Dascalu MM, Draghici A-C, Gavrilescu CF, Gavrilidis AA, Gheoca V, Iorgu EI, Iorgu IS, Krapal AM, Maican S, Manci C-O, Manta N, Manu M, Motoc RM, Niculae IM, Petrescu A-M, Pintilioaie A-M, Popa AF, Radac IA, Rozylowicz L, Ruicanescu A, Sahlean TC, Surugiu V, Serban C, Stefan A, Szekely L, Tausan I, Skolka M (2026) From soil to stream and sea: species richness and distribution of alien invertebrates in Romania. NeoBiota. | Rasplus J-Y, Roques A (2010) Dictyoptera (Blattodea, Isoptera), Orthoptera, Phasmatodea and Dermaptera. Chapter 13.3. BioRisk 4: 807-831. https://doi.org/10.3897/biorisk.4.68",,Sub-Saharan Africa,TRUE,FALSE,FALSE,,2025-11-26,Cristina Preda | Laurentiu Rozylowicz,Marius Skolka | Carla F. Gavrilescu
OSROUCKLZ69DSRWC2NOH93,"Bemisia tabaci (Gennadius, 1889)",Animalia,Arthropoda,Insecta,Hemiptera,Aleyrodidae,Bemisia,species,ICZN,Romania,RO,present,introduced,invasive,transportStowaway,contaminantOnPlants,naturalDispersal,1969,2021,"Preda C, Adam C, Constantinescu IC, Popa OP, Popa LO, Balcu M-J, Brezeanu AM, Dascalu MM, Draghici A-C, Gavrilescu CF, Gavrilidis AA, Gheoca V, Iorgu EI, Iorgu IS, Krapal AM, Maican S, Manci C-O, Manta N, Manu M, Motoc RM, Niculae IM, Petrescu A-M, Pintilioaie A-M, Popa AF, Radac IA, Rozylowicz L, Ruicanescu A, Sahlean TC, Surugiu V, Serban C, Stefan A, Szekely L, Tausan I, Skolka M (2026) From soil to stream and sea: species richness and distribution of alien invertebrates in Romania. NeoBiota. | Teodorescu I (2018) Contribution to database of alien/invasive Homoptera insects in Romania. Romanian Journal of Biology - Zoology 63(1-2): 29-68.",,Sub-Saharan Africa | Western Asia | Southern Europe | Northern Africa (cryptic species complex),TRUE,FALSE,FALSE,Plantae,2025-11-26,Cristina Preda | Laurentiu Rozylowicz,Ioana Cristina Constantinescu
OSROUCKL9WRF49ESWJT8TP,"Mythimna (Pseudaletia) unipuncta (Haworth, 1809)",Animalia,Arthropoda,Insecta,Lepidoptera,Noctuidae,Mythimna,species,ICZN,Romania,RO,present,introduced,colonising,naturalDispersal,,,1969,2023,"Adam C, Constantinescu IC, Draghici AC, Fusu L, Fusu MM, Gheoca V, Iorgu IS, Irimia AG, Maican S, Manci CO, Manu M, Mitroiu MD, Olosutean HG, Perju M, Petrescu AM, Pintilioaie AM, Popa AF, Popescu IE, Popovici OA, Prunar FV, Radac IA, Sahlean TC, Sitar C, Stanciu CR, Szekely L, Tausan I, Tomozii IB, Torok SC, Zaharia LG (2022) Raport final privind distributia speciilor de nevertebrate terestre alogene din hot-spot-uri si caile prioritare de patrundere (an 3 cartare). Raport intocmit in cadrul Proiectului POIM2014+120008 - Managementul adecvat al speciilor invazive din Romania, in conformitate cu Regulamentul UE 1143/2014 referitor la prevenirea si gestionarea introducerii si raspandirii speciilor alogene invazive. Ministerul Mediului, Apelor si Padurilor & Universitatea din Bucuresti, Bucuresti.",,Northern America | Central America | South America,TRUE,FALSE,FALSE,Poaceae,2025-11-26,Cristina Preda | Laurentiu Rozylowicz,Marius Skolka | Carla F. Gavrilescu
OSRO6DH50WYJZCN2I1,Coreopsis lanceolata L.,Plantae,Tracheophyta,Magnoliopsida,Asterales,Asteraceae,Coreopsis,species,ICN,Romania,RO,present,introduced,casual,ornamentalNonHorticulture,,,1969,2021,"Anastasiu P, Miu I, Gavrilidis A, Preda C, Rozylowicz L, Sirbu C, Oprea A, Urziceanu M, Camen-Comanescu P, Nagoda E, Memedemin D, Barbos M, Boruz V, Cislariu A, Don I, Fagaras M, Frink J, Georgescu I, Haruta O, Hurdu B-I, Matis A, Milanovici S, Muncaciu S, Neacsu A, Neblea M, Nicolin A, Niculescu M, Oroian S, Pop O, Radutoiu D, Samarghitan M, Simion I, Soare L, Steiu C, Stoianov E, Strat D, Szabo A, Szatmari P, Tanase C, Mirea M, Manta N, Sirbu I (2024) Alien plant species distribution in Romania: a nationwide survey following the implementation of the EU Regulation on Invasive Alien Species. Biodiversity Data Journal 12. https://doi.org/10.3897/BDJ.12.e119539",,Eastern Canada | North-Central U.S.A. | Northeastern U.S.A. | South-Central U.S.A. | Southeastern U.S.A.,TRUE,FALSE,FALSE,,2025-11-26,Cristina Preda | Laurentiu Rozylowicz,Paulina Anastasiu
OSROUCKLF45SGUZ2SDM7YV,"Acartia (Acanthacartia) tonsa Dana, 1849-1852",Animalia,Arthropoda,Copepoda,Calanoida,Acartiidae,Acartia,species,ICZN,Romania,RO,present,introduced,invasive,transportStowaway,ballastWater,naturalDispersal,1970,2022,"Palero F, Ferrer-Mateu I, Wray B, Hughes R, Morritt D, Lepage M, Kotterman M, van der Meer M, Tate M, Kamanli S, Smith L, Llewellyn-Hughes J, Clark P (2022) Presence of a second Eriocheir species in Europe as confirmed by molecular and morphological data. Aquatic Invasions 17: 374-392. https://doi.org/10.3391/ai.2022.17.3.03 | Gubanova A, Altukhov D, Stefanova K, Arashkevich E, Kamburska L, Prusova I, Svetlichny L, Timofte F, Uysal Z (2014) Species composition of Black Sea marine planktonic copepods. Journal of Marine Systems 135: 44-52. https://doi.org/10.1016/j.jmarsys.2013.12.004",,Indian Ocean | Pacific Ocean (Indo-Pacific) | Northern America (NW Atlantic coast) | Atlantic Ocean (NW),FALSE,TRUE,FALSE,,2026-03-15,Cristina Preda | Laurentiu Rozylowicz,Marius Skolka | Carla F. Gavrilescu
OSROUCKL0G9PTAJUDGHHHC,"Phyllonorycter platani (Staudinger, 1870)",Animalia,Arthropoda,Insecta,Lepidoptera,Gracillariidae,Phyllonorycter,species,ICZN,Romania,RO,present,introduced,colonising,transportContaminant,naturalDispersal,,1970,2022,"Adam C, Constantinescu IC, Draghici AC, Fusu L, Fusu MM, Gheoca V, Iorgu IS, Irimia AG, Maican S, Manci CO, Manu M, Mitroiu MD, Olosutean HG, Perju M, Petrescu AM, Pintilioaie AM, Popa AF, Popescu IE, Popovici OA, Prunar FV, Radac IA, Sahlean TC, Sitar C, Stanciu CR, Szekely L, Tausan I, Tomozii IB, Torok SC, Zaharia LG (2022) Raport final privind distributia speciilor de nevertebrate terestre alogene din hot-spot-uri si caile prioritare de patrundere (an 3 cartare). Raport intocmit in cadrul Proiectului POIM2014+120008 - Managementul adecvat al speciilor invazive din Romania, in conformitate cu Regulamentul UE 1143/2014 referitor la prevenirea si gestionarea introducerii si raspandirii speciilor alogene invazive. Ministerul Mediului, Apelor si Padurilor & Universitatea din Bucuresti, Bucuresti.",,"Southern Europe (Balkans) | Western Asia (Anatolia, Caucasus) | Central Asia",TRUE,FALSE,FALSE,Platanus,2025-11-26,Cristina Preda | Laurentiu Rozylowicz,Marius Skolka | Carla F. Gavrilescu
OSROUCKLAHEFBA5YQBUSML,"Antheraea yamamai (Guérin-Méneville, 1861)",Animalia,Arthropoda,Insecta,Lepidoptera,Saturnidae,Antheraea,species,ICZN,Romania,RO,doubtful,uncertain,failing,escapeFromConfinement,naturalDispersal,,1970,1980,"Lopez-Vaamonde C, Agassiz D, Augustin S, De Prins J, De Prins W, Gomboc S, Ivinskis P, Karsholt O, Koutroumpas A, Koutroumpa F, Lastuvka Z, Marabuto E, Olivella E, Przybylowicz L, Roques A, Ryrholm N, Sefrova H, Sima P, Sims I, Sinev S, Skulev B, Tomov R, Zilli A, Lees D (2010) Lepidoptera. Chapter 11. BioRisk 4: 603-668. https://doi.org/10.3897/biorisk.4.50 | Szekely L (2010) Moths of Romania /Fluturi de noapte din Romania - 1 - Hepialidae, Limacodidae, Cossidae, Thyrididae, Lasiocampidae, Endromidae, Saturniidae, Lemoniidae, Sphingidae, Drepanidae, Thaumetopoeidae, Notodontidae, Pantheidae, Lymantriidae, Arctiidae,10 color pl., 264 pp. Disz - Tipo, Sacele. Szekely L., 2010 - Moths of Romania /Fluturi de noapte din Romania - 1 - Hepialidae, Limacodidae, Cossidae, Thyrididae, Lasiocampidae, Endromidae, Saturniidae, Lemoniidae, Sphingidae, Drepanidae, Thaumetopoeidae, Notodontidae, Pantheidae, Lymantriidae, Arctiidae,10 color pl., 264 pp. Disz - Tipo, Sacele.",,Eastern Asia,TRUE,FALSE,FALSE,Quercus | Fagus | Aesculus | Castanea,2026-03-14,Cristina Preda | Laurentiu Rozylowicz,Marius Skolka | Carla F. Gavrilescu
OSROUCKLAGTFS7SXDKLPWU,Samia cynthia Drury 1773,Animalia,Arthropoda,Insecta,Lepidoptera,Saturnidae,Samia,species,ICZN,Romania,RO,absent,introduced,failing,escapeFromConfinement,naturalDispersal,,1970,1980,"Szekely L (2010) Moths of Romania /Fluturi de noapte din Romania - 1 - Hepialidae, Limacodidae, Cossidae, Thyrididae, Lasiocampidae, Endromidae, Saturniidae, Lemoniidae, Sphingidae, Drepanidae, Thaumetopoeidae, Notodontidae, Pantheidae, Lymantriidae, Arctiidae,10 color pl., 264 pp. Disz - Tipo, Sacele.",,Eastern Asia,TRUE,FALSE,FALSE,Ailanthus | Ricinus,2026-03-14,Cristina Preda | Laurentiu Rozylowicz,Marius Skolka | Carla F. Gavrilescu
OSROUCKLCNSAFOL7USBWLJ,"Samia ricini (Jones, 1791)",Animalia,Arthropoda,Insecta,Lepidoptera,Saturnidae,Samia,species,ICZN,Romania,RO,absent,introduced,failing,escapeFromConfinement,naturalDispersal,,1970,1980,"Cazanaru A (1986) Research on breeding silk worms (Phylosamia ricini) on castor-oil plant leaves in the southern plain of Teleorman district [1986] Revista de cresterea animalelor (Romania) | Ceausescu S, Pusca Horeanga V, Mihaescu A (1977) The nutritive value of the leaves of Ricinus communis and the silk production in Phylosamia ricini. Universitatea din Bucuresti",,Southern Asia,TRUE,FALSE,FALSE,Ricinus,2026-03-14,Cristina Preda | Laurentiu Rozylowicz,Marius Skolka | Carla F. Gavrilescu
OSROUCKL1VCZDFB84HH3OZ,"Meloidogyne incognita (Kofoid & White, 1919) Chitwood, 1949",Animalia,Nematoda,Chromadorea,Rhabditida,Meloidogynidae,Meloidogyne,species,ICZN,Romania,RO,present,introduced,colonising,transportContaminant,naturalDispersal,,1970,1973,"Preda C, Adam C, Constantinescu IC, Popa OP, Popa LO, Balcu M-J, Brezeanu AM, Dascalu MM, Draghici A-C, Gavrilescu CF, Gavrilidis AA, Gheoca V, Iorgu EI, Iorgu IS, Krapal AM, Maican S, Manci C-O, Manta N, Manu M, Motoc RM, Niculae IM, Petrescu A-M, Pintilioaie A-M, Popa AF, Radac IA, Rozylowicz L, Ruicanescu A, Sahlean TC, Surugiu V, Serban C, Stefan A, Szekely L, Tausan I, Skolka M (2026) From soil to stream and sea: species richness and distribution of alien invertebrates in Romania. NeoBiota.",,Cosmopolitan,TRUE,FALSE,FALSE,,2025-11-26,Cristina Preda | Laurentiu Rozylowicz,Marius Skolka | Carla F. Gavrilescu
OSROUCKLMKX8ZIRNXN9WQG,"Meloidogyne mali Itoh, Ohshima & Ichinoche, 1969",Animalia,Nematoda,Chromadorea,Rhabditida,Meloidogynidae,Meloidogyne,species,ICZN,Romania,RO,doubtful,uncertain,released,forestry,contaminantOnPlants,parasitesOnPlants,1970,1970,"Karssen G, Ahmed M, van de Vossenberg B, Cornelisse C (2013) On the species status of the root-knot nematode Meloidogyne ulmi Palmisano and Ambrogioni, 2000 (Nematoda, Meloidogynidae). ZooKeys 362: 1-27. https://doi.org/10.3897/zookeys.362.6352 | Heybroek HM (1993) The Dutch Elm Breeding Program. Dutch Elm Disease Research: 16-25. https://doi.org/10.1007/978-1-4615-6872-8_3",,Eastern Asia,TRUE,FALSE,FALSE,Ulmus | Solanum lycopersicum | Malus,2026-03-23,Cristina Preda | Laurentiu Rozylowicz,Marius Skolka | Carla F. Gavrilescu
OSROHK8VKDLT6WPT4J,Salvia reflexa Hornem.,Plantae,Tracheophyta,Magnoliopsida,Lamiales,Lamiaceae,Salvia,species,ICN,Romania,RO,present,introduced,invasive,seedContaminant,unaided,,1970,2022,"Anastasiu P, Miu I, Gavrilidis A, Preda C, Rozylowicz L, Sirbu C, Oprea A, Urziceanu M, Camen-Comanescu P, Nagoda E, Memedemin D, Barbos M, Boruz V, Cislariu A, Don I, Fagaras M, Frink J, Georgescu I, Haruta O, Hurdu B-I, Matis A, Milanovici S, Muncaciu S, Neacsu A, Neblea M, Nicolin A, Niculescu M, Oroian S, Pop O, Radutoiu D, Samarghitan M, Simion I, Soare L, Steiu C, Stoianov E, Strat D, Szabo A, Szatmari P, Tanase C, Mirea M, Manta N, Sirbu I (2024) Alien plant species distribution in Romania: a nationwide survey following the implementation of the EU Regulation on Invasive Alien Species. Biodiversity Data Journal 12. https://doi.org/10.3897/BDJ.12.e119539",,Mexico | North-Central U.S.A. | Northeastern U.S.A. | Northwestern U.S.A. | South-Central U.S.A. | Southeastern U.S.A. | Southwestern U.S.A.,TRUE,FALSE,FALSE,,2025-11-26,Cristina Preda | Laurentiu Rozylowicz,Culita Sirbu
OSROVXJ55VC5PLYVA7,Paulownia tomentosa (Thunb.) Steud.,Plantae,Tracheophyta,Magnoliopsida,Lamiales,Paulowniaceae,Paulownia,species,ICN,Romania,RO,present,introduced,casual,landscapeImprovement,horticulture,forestry,1970,2022,"Anastasiu P, Negrean G (2009) Neophytes in Romania. In: Rakosy L, Momeu L (Eds) Neobiota din Romania. Presa Universitara Clujeana, Cluj-Napoca, 66–97",,China | Eastern Asia,TRUE,FALSE,FALSE,,2025-11-26,Cristina Preda | Laurentiu Rozylowicz,Culita Sirbu
OSROUCKLCQ63QEURXVTZT1,"Meloidogyne arenaria (Neal, 1889) Chitwood, 1949",Animalia,Nematoda,Chromadorea,Rhabditida,Meloidogynidae,Meloidogyne,species,ICZN,Romania,RO,present,introduced,invasive,transportContaminant,naturalDispersal,,1971,1988,"Preda C, Adam C, Constantinescu IC, Popa OP, Popa LO, Balcu M-J, Brezeanu AM, Dascalu MM, Draghici A-C, Gavrilescu CF, Gavrilidis AA, Gheoca V, Iorgu EI, Iorgu IS, Krapal AM, Maican S, Manci C-O, Manta N, Manu M, Motoc RM, Niculae IM, Petrescu A-M, Pintilioaie A-M, Popa AF, Radac IA, Rozylowicz L, Ruicanescu A, Sahlean TC, Surugiu V, Serban C, Stefan A, Szekely L, Tausan I, Skolka M (2026) From soil to stream and sea: species richness and distribution of alien invertebrates in Romania. NeoBiota.",,Cosmopolitan,TRUE,FALSE,FALSE,,2025-11-26,Cristina Preda | Laurentiu Rozylowicz,Marius Skolka | Carla F. Gavrilescu
OSROB46QBQ8HBO5KNG,Spiraea × vanhouttei (Briot) Zabel,Plantae,Tracheophyta,Magnoliopsida,Rosales,Rosaceae,Spiraea,species,ICN,Romania,RO,present,introduced,casual,ornamentalNonHorticulture,escapeFromConfinement,,1971,2025,"Anastasiu P, Miu I, Gavrilidis A, Preda C, Rozylowicz L, Sirbu C, Oprea A, Urziceanu M, Camen-Comanescu P, Nagoda E, Memedemin D, Barbos M, Boruz V, Cislariu A, Don I, Fagaras M, Frink J, Georgescu I, Haruta O, Hurdu B-I, Matis A, Milanovici S, Muncaciu S, Neacsu A, Neblea M, Nicolin A, Niculescu M, Oroian S, Pop O, Radutoiu D, Samarghitan M, Simion I, Soare L, Steiu C, Stoianov E, Strat D, Szabo A, Szatmari P, Tanase C, Mirea M, Manta N, Sirbu I (2024) Alien plant species distribution in Romania: a nationwide survey following the implementation of the EU Regulation on Invasive Alien Species. Biodiversity Data Journal 12. https://doi.org/10.3897/BDJ.12.e119539 | Anastasiu P, Camen-Comanescu P, Sirbu I-M, Urziceanu M (2024) Urban flora: new reports for Bucharest's flora. Acta Horti Botanici Bucurestiensis 50(1): 41-58. https://doi.org/10.62229/ahbb.2024.50/3 | Sirbu C, Oprea A (2011) Plante adventive in flora Romaniei. Editura Ion Ionescu de la Brad, Iasi | Diaconescu F (1971) Materiale pentru flora vasculara a masivului Leaota. Com. Bot. 12: 185-204 | Blackburn TM, Pysek P, Bacher S, Carlton JT, Duncan RP, Jarosik V, Wilson JRU, Richardson DM (2011) A proposed unified framework for biological invasions. Trends in Ecology and Evolution 26: 333–339. https://doi.org/10.1016/j.tree.2011.03.023 | Plants of the World Online (2026) https://powo.science.kew.org/",,hybrid,TRUE,FALSE,FALSE,,2025-11-26,Cristina Preda | Laurentiu Rozylowicz,Mihaela Urziceanu
OSROUCKL61NXDX40F8X9SR,"Meloidogyne hapla Chitwood, 1949",Animalia,Nematoda,Chromadorea,Rhabditida,Meloidogynidae,Meloidogyne,species,ICZN,Romania,RO,present,introduced,colonising,transportContaminant,naturalDispersal,,1972,1973,"Preda C, Adam C, Constantinescu IC, Popa OP, Popa LO, Balcu M-J, Brezeanu AM, Dascalu MM, Draghici A-C, Gavrilescu CF, Gavrilidis AA, Gheoca V, Iorgu EI, Iorgu IS, Krapal AM, Maican S, Manci C-O, Manta N, Manu M, Motoc RM, Niculae IM, Petrescu A-M, Pintilioaie A-M, Popa AF, Radac IA, Rozylowicz L, Ruicanescu A, Sahlean TC, Surugiu V, Serban C, Stefan A, Szekely L, Tausan I, Skolka M (2026) From soil to stream and sea: species richness and distribution of alien invertebrates in Romania. NeoBiota.",,Northern America,TRUE,FALSE,FALSE,,2025-11-26,Cristina Preda | Laurentiu Rozylowicz,Marius Skolka | Carla F. Gavrilescu
OSROUCKLM775L4DUJSCPTD,"Adelges (Dreyfusia) nordmannianae (Eckstein, 1890)",Animalia,Arthropoda,Insecta,Hemiptera,Adelgidae,Dreyfusia,species,ICZN,Romania,RO,present,introduced,casual,transportStowaway,parasitesOnPlants,,1973,2022,"Preda C, Adam C, Constantinescu IC, Popa OP, Popa LO, Balcu M-J, Brezeanu AM, Dascalu MM, Draghici A-C, Gavrilescu CF, Gavrilidis AA, Gheoca V, Iorgu EI, Iorgu IS, Krapal AM, Maican S, Manci C-O, Manta N, Manu M, Motoc RM, Niculae IM, Petrescu A-M, Pintilioaie A-M, Popa AF, Radac IA, Rozylowicz L, Ruicanescu A, Sahlean TC, Surugiu V, Serban C, Stefan A, Szekely L, Tausan I, Skolka M (2026) From soil to stream and sea: species richness and distribution of alien invertebrates in Romania. NeoBiota.",,"Western Asia (Caucasus, Pontus Mountains) | Eastern Europe (Crimea)",TRUE,FALSE,FALSE,Abies,2025-11-26,Cristina Preda | Laurentiu Rozylowicz,Costica Adam
OSROUCKLY8O6W24RZ26I2P,"Rapana venosa (Valenciennes, 1846)",Animalia,Mollusca,Gastropoda,Neogastropoda,Muricidae,Rapana,species,ICZN,Romania,RO,present,introduced,invasive,ballastWater,aquacultureMariculture,naturalDispersal,1973,2023,"Preda C, Adam C, Constantinescu IC, Popa OP, Popa LO, Balcu M-J, Brezeanu AM, Dascalu MM, Draghici A-C, Gavrilescu CF, Gavrilidis AA, Gheoca V, Iorgu EI, Iorgu IS, Krapal AM, Maican S, Manci C-O, Manta N, Manu M, Motoc RM, Niculae IM, Petrescu A-M, Pintilioaie A-M, Popa AF, Radac IA, Rozylowicz L, Ruicanescu A, Sahlean TC, Surugiu V, Serban C, Stefan A, Szekely L, Tausan I, Skolka M (2026) From soil to stream and sea: species richness and distribution of alien invertebrates in Romania. NeoBiota.",,"Eastern Asia (NW Pacific: Sea of Japan, Yellow Sea, East China Sea, Bohai Sea) | Pacific Ocean",FALSE,TRUE,FALSE,,2025-11-26,Cristina Preda | Laurentiu Rozylowicz,Oana P. Popa
OSRO8MMF2KQOANY06T,Chaenomeles japonica (Thunb.) Lindl. ex Spach,Plantae,Tracheophyta,Magnoliopsida,Rosales,Rosaceae,Chaenomeles,species,ICN,Romania,RO,present,introduced,casual,ornamentalNonHorticulture,,,1974,2022,"Anastasiu P, Miu I, Gavrilidis A, Preda C, Rozylowicz L, Sirbu C, Oprea A, Urziceanu M, Camen-Comanescu P, Nagoda E, Memedemin D, Barbos M, Boruz V, Cislariu A, Don I, Fagaras M, Frink J, Georgescu I, Haruta O, Hurdu B-I, Matis A, Milanovici S, Muncaciu S, Neacsu A, Neblea M, Nicolin A, Niculescu M, Oroian S, Pop O, Radutoiu D, Samarghitan M, Simion I, Soare L, Steiu C, Stoianov E, Strat D, Szabo A, Szatmari P, Tanase C, Mirea M, Manta N, Sirbu I (2024) Alien plant species distribution in Romania: a nationwide survey following the implementation of the EU Regulation on Invasive Alien Species. Biodiversity Data Journal 12. https://doi.org/10.3897/BDJ.12.e119539 | Sirbu C, Oprea A (2011) Plante adventive in flora Romaniei. Editura Ion Ionescu de la Brad, Iasi, Romania, 734 pp | Blackburn TM, Pysek P, Bacher S, Carlton JT, Duncan RP, Jarosik V, Wilson JR, Richardson DM (2011) A proposed unified framework for biological invasions. Trends in Ecology and Evolution 26: 333-339. https://doi.org/10.1016/j.tree.2011.03.023",,Eastern Asia,TRUE,FALSE,FALSE,,2025-11-26,Cristina Preda | Laurentiu Rozylowicz,Ioana-Minodora Sirbu
OSROHHD72KNCJCH1PI,Pinus nigra J. F. Arnold subsp. nigra,Plantae,Tracheophyta,Pinopsida,Pinales,Pinaceae,Pinus,subspecies,ICN,Romania,RO,present,introduced,casual,ornamentalNonHorticulture,,,1974,2025,"Anastasiu P, Miu I, Gavrilidis A, Preda C, Rozylowicz L, Sirbu C, Oprea A, Urziceanu M, Camen-Comanescu P, Nagoda E, Memedemin D, Barbos M, Boruz V, Cislariu A, Don I, Fagaras M, Frink J, Georgescu I, Haruta O, Hurdu B-I, Matis A, Milanovici S, Muncaciu S, Neacsu A, Neblea M, Nicolin A, Niculescu M, Oroian S, Pop O, Radutoiu D, Samarghitan M, Simion I, Soare L, Steiu C, Stoianov E, Strat D, Szabo A, Szatmari P, Tanase C, Mirea M, Manta N, Sirbu I (2024) Alien plant species distribution in Romania: a nationwide survey following the implementation of the EU Regulation on Invasive Alien Species. Biodiversity Data Journal 12. https://doi.org/10.3897/BDJ.12.e119539 | Anastasiu P, Camen-Comanescu P, Sirbu I-M, Urziceanu M (2024) Urban flora: new reports for Bucharest's flora. Acta Horti Botanici Bucurestiensis 50(1): 41-58. https://doi.org/10.62229/ahbb.2024.50/3 | Sirbu C, Oprea A (2011) Plante adventive in flora Romaniei. Editura Ion Ionescu de la Brad, Iasi | Coste I (1974) Flora si vegetatia Muntilor Locvei. Teza de doctorat, Univ. Babes-Bolyai, Cluj-Napoca | Blackburn TM, Pysek P, Bacher S, Carlton JT, Duncan RP, Jarosik V, Wilson JRU, Richardson DM (2011) A proposed unified framework for biological invasions. Trends in Ecology and Evolution 26: 333–339. https://doi.org/10.1016/j.tree.2011.03.023 | Plants of the World Online (2026) https://powo.science.kew.org/",accepted scientific name and taxon rank changed (only subsp. nigra considered alien in some sources),Caucasus | Eastern Europe | Middle Europe | Northern Africa | Southeastern Europe | Southwestern Europe | Western Asia,TRUE,FALSE,FALSE,,2025-11-26,Cristina Preda | Laurentiu Rozylowicz,Mihaela Urziceanu
OSROZ17ZB4NAWQGK0Q,Pteris multifida Poir.,Plantae,Tracheophyta,Polypodiopsida,Polypodiales,Pteridaceae,Pteris,species,ICN,Romania,RO,present,introduced,established,horticulture,,,1974,2020,"Anastasiu P, Miu I, Gavrilidis A, Preda C, Rozylowicz L, Sirbu C, Oprea A, Urziceanu M, Camen-Comanescu P, Nagoda E, Memedemin D, Barbos M, Boruz V, Cislariu A, Don I, Fagaras M, Frink J, Georgescu I, Haruta O, Hurdu B-I, Matis A, Milanovici S, Muncaciu S, Neacsu A, Neblea M, Nicolin A, Niculescu M, Oroian S, Pop O, Radutoiu D, Samarghitan M, Simion I, Soare L, Steiu C, Stoianov E, Strat D, Szabo A, Szatmari P, Tanase C, Mirea M, Manta N, Sirbu I (2024) Alien plant species distribution in Romania: a nationwide survey following the implementation of the EU Regulation on Invasive Alien Species. Biodiversity Data Journal 12. https://doi.org/10.3897/BDJ.12.e119539 | Sirbu C, Oprea A (2011) Plante adventive in flora Romaniei. Editura Ion Ionescu de la Brad, Iasi | Roman N (1974) Flora si vegetatia din sudul Podisului Mehedinti. Editura Academiei Romane, Bucuresti | Blackburn TM, Pysek P, Bacher S, Carlton JT, Duncan RP, Jarosik V, Wilson JRU, Richardson DM (2011) A proposed unified framework for biological invasions. Trends in Ecology and Evolution 26: 333–339. https://doi.org/10.1016/j.tree.2011.03.023 | Plants of the World Online (2026) https://powo.science.kew.org/",,China | Eastern Asia | Indo-China,TRUE,FALSE,FALSE,,2025-11-26,Cristina Preda | Laurentiu Rozylowicz,Mihaela Urziceanu
OSROUCKLTIZBTT35XVNH3V,"Polyphagotarsonemus latus (Banks, 1904)",Animalia,Arthropoda,Arachnida,Trombidiformes,Tarsonemidae,Polyphagotarsonemus,species,ICZN,Romania,RO,present,introduced,colonising,transportStowaway,contaminantOnPlants,,1976,2008,"Preda C, Adam C, Constantinescu IC, Popa OP, Popa LO, Balcu M-J, Brezeanu AM, Dascalu MM, Draghici A-C, Gavrilescu CF, Gavrilidis AA, Gheoca V, Iorgu EI, Iorgu IS, Krapal AM, Maican S, Manci C-O, Manta N, Manu M, Motoc RM, Niculae IM, Petrescu A-M, Pintilioaie A-M, Popa AF, Radac IA, Rozylowicz L, Ruicanescu A, Sahlean TC, Surugiu V, Serban C, Stefan A, Szekely L, Tausan I, Skolka M (2026) From soil to stream and sea: species richness and distribution of alien invertebrates in Romania. NeoBiota.",,Asia,TRUE,FALSE,FALSE,Plantae,2025-11-26,Cristina Preda | Laurentiu Rozylowicz,Ioana Cristina Constantinescu
OSROUCKLOIKN6WCR9DYY6H,"Brevipalpus obovatus Donnadieu, 1875",Animalia,Arthropoda,Arachnida,Trombidiformes,Tenuipalpidae,Brevipalpus,species,ICZN,Romania,RO,present,introduced,colonising,transportStowaway,parasitesOnPlants,,1976,2021,"Preda C, Adam C, Constantinescu IC, Popa OP, Popa LO, Balcu M-J, Brezeanu AM, Dascalu MM, Draghici A-C, Gavrilescu CF, Gavrilidis AA, Gheoca V, Iorgu EI, Iorgu IS, Krapal AM, Maican S, Manci C-O, Manta N, Manu M, Motoc RM, Niculae IM, Petrescu A-M, Pintilioaie A-M, Popa AF, Radac IA, Rozylowicz L, Ruicanescu A, Sahlean TC, Surugiu V, Serban C, Stefan A, Szekely L, Tausan I, Skolka M (2026) From soil to stream and sea: species richness and distribution of alien invertebrates in Romania. NeoBiota.",,Northern America,TRUE,FALSE,FALSE,Citrus | Camellia | Coffea | Mentha | Solanum,2025-11-26,Cristina Preda | Laurentiu Rozylowicz,Ioana Cristina Constantinescu
OSROUCKLZ67C9PADN5JDUL,Ambrosia trifida L.,Plantae,Tracheophyta,Magnoliopsida,Asterales,Asteraceae,Ambrosia,species,ICN,Romania,RO,present,introduced,invasive,vehicles,,,1976,2020,"Anastasiu P, Miu I, Gavrilidis A, Preda C, Rozylowicz L, Sirbu C, Oprea A, Urziceanu M, Camen-Comanescu P, Nagoda E, Memedemin D, Barbos M, Boruz V, Cislariu A, Don I, Fagaras M, Frink J, Georgescu I, Haruta O, Hurdu B-I, Matis A, Milanovici S, Muncaciu S, Neacsu A, Neblea M, Nicolin A, Niculescu M, Oroian S, Pop O, Radutoiu D, Samarghitan M, Simion I, Soare L, Steiu C, Stoianov E, Strat D, Szabo A, Szatmari P, Tanase C, Mirea M, Manta N, Sirbu I (2024) Alien plant species distribution in Romania: a nationwide survey following the implementation of the EU Regulation on Invasive Alien Species. Biodiversity Data Journal 12. https://doi.org/10.3897/BDJ.12.e119539 | Vitalariu Gh, Zanoschi V, Turenschi E (1977) Contributii fitocorologice din Moldova si Dobrogea. Analele Sti. Univ. Al.I. Cuza Iasi, sect. II, a. Biol., 23: 25-27",,Eastern Canada | Mexico | North-Central U.S.A. | Northeastern U.S.A. | Northwestern U.S.A. | South-Central U.S.A. | Southeastern U.S.A. | Southwestern U.S.A. | Western Canada,TRUE,FALSE,FALSE,,2025-11-26,Cristina Preda | Laurentiu Rozylowicz,Paulina Anastasiu
OSROUCKL6A6U40V31SX21D,"Aphis (Aphis) forbesi Weed, 1889",Animalia,Arthropoda,Insecta,Hemiptera,Aphididae,Aphis,species,ICZN,Romania,RO,present,introduced,colonising,transportContaminant,parasitesOnPlants,naturalDispersal,1977,1977,"Preda C, Adam C, Constantinescu IC, Popa OP, Popa LO, Balcu M-J, Brezeanu AM, Dascalu MM, Draghici A-C, Gavrilescu CF, Gavrilidis AA, Gheoca V, Iorgu EI, Iorgu IS, Krapal AM, Maican S, Manci C-O, Manta N, Manu M, Motoc RM, Niculae IM, Petrescu A-M, Pintilioaie A-M, Popa AF, Radac IA, Rozylowicz L, Ruicanescu A, Sahlean TC, Surugiu V, Serban C, Stefan A, Szekely L, Tausan I, Skolka M (2026) From soil to stream and sea: species richness and distribution of alien invertebrates in Romania. NeoBiota.",,Northern America,TRUE,FALSE,FALSE,Fragaria,2025-11-26,Cristina Preda | Laurentiu Rozylowicz,Costica Adam
OSROUCKLY63QO5V3TDPH1T,"Phlogotettix cyclops (Mulsant & Rey, 1855)",Animalia,Arthropoda,Insecta,Hemiptera,Cicadellidae,Phlogotettix,species,ICZN,Romania,RO,present,introduced,invasive,transportStowaway,contaminantOnPlants,,1977,2024,"Preda C, Adam C, Constantinescu IC, Popa OP, Popa LO, Balcu M-J, Brezeanu AM, Dascalu MM, Draghici A-C, Gavrilescu CF, Gavrilidis AA, Gheoca V, Iorgu EI, Iorgu IS, Krapal AM, Maican S, Manci C-O, Manta N, Manu M, Motoc RM, Niculae IM, Petrescu A-M, Pintilioaie A-M, Popa AF, Radac IA, Rozylowicz L, Ruicanescu A, Sahlean TC, Surugiu V, Serban C, Stefan A, Szekely L, Tausan I, Skolka M (2026) From soil to stream and sea: species richness and distribution of alien invertebrates in Romania. NeoBiota. | https://www.inaturalist.org/photos/479748585 | Chireceanu C, Teodoru A, Mihu G, Podrumar T (2017) Presence of Phlogotettix cyclops (Mulsant & Rey, 1855) (Cicadellidae: Deltocephalinae) in vineyards of Romania, in Popa LO, Adam C, Chisamera G, Iorgu E, Murariu D, Popa OP (eds) 2017. International Zoological Congress of ""Grigore Antipa"" Museum - Book of abstracts, p. 150",,Asia,TRUE,FALSE,FALSE,Plantae,2025-11-26,Cristina Preda | Laurentiu Rozylowicz,Ioana Cristina Constantinescu
OSROUCKL5N8L4BSEIRD4UO,"Monomorium pharaonis (Linnaeus, 1758)",Animalia,Arthropoda,Insecta,Hymenoptera,Formicidae,Monomorium,species,ICZN,Romania,RO,present,introduced,colonising,transportContaminant,transportStowaway,naturalDispersal,1977,2022,"Preda C, Adam C, Constantinescu IC, Popa OP, Popa LO, Balcu M-J, Brezeanu AM, Dascalu MM, Draghici A-C, Gavrilescu CF, Gavrilidis AA, Gheoca V, Iorgu EI, Iorgu IS, Krapal AM, Maican S, Manci C-O, Manta N, Manu M, Motoc RM, Niculae IM, Petrescu A-M, Pintilioaie A-M, Popa AF, Radac IA, Rozylowicz L, Ruicanescu A, Sahlean TC, Surugiu V, Serban C, Stefan A, Szekely L, Tausan I, Skolka M (2026) From soil to stream and sea: species richness and distribution of alien invertebrates in Romania. NeoBiota.",,Sub-Saharan Africa | Southern Asia,TRUE,FALSE,FALSE,,2025-11-26,Cristina Preda | Laurentiu Rozylowicz,Marius Skolka | Carla F. Gavrilescu
OSROUCKLW604KJX8F6TWJO,"Girardia tigrina (Girard, 1850)",Animalia,Platyhelminthes,,Tricladida,Dugesiidae,Girardia,species,ICZN,Romania,RO,present,introduced,colonising,transportStowaway,PublicGardenZooAquaria,,1977,2018,"Preda C, Adam C, Constantinescu IC, Popa OP, Popa LO, Balcu M-J, Brezeanu AM, Dascalu MM, Draghici A-C, Gavrilescu CF, Gavrilidis AA, Gheoca V, Iorgu EI, Iorgu IS, Krapal AM, Maican S, Manci C-O, Manta N, Manu M, Motoc RM, Niculae IM, Petrescu A-M, Pintilioaie A-M, Popa AF, Radac IA, Rozylowicz L, Ruicanescu A, Sahlean TC, Surugiu V, Serban C, Stefan A, Szekely L, Tausan I, Skolka M (2026) From soil to stream and sea: species richness and distribution of alien invertebrates in Romania. NeoBiota.",,Northern America,FALSE,FALSE,TRUE,,2025-11-26,Cristina Preda | Laurentiu Rozylowicz,Oana P. Popa
OSROUCKLZ5Q02B7L1IUD9B,"Tenuipalpus pacificus Baker, 1945",Animalia,Arthropoda,Arachnida,Trombidiformes,Tenuipalpidae,Tenuipalpus,species,ICZN,Romania,RO,present,introduced,colonising,parasitesOnPlants,transportStowaway,,1978,2022,"Adam C, Constantinescu IC, Draghici AC, Fusu L, Fusu MM, Gheoca V, Iorgu IS, Irimia AG, Maican S, Manci CO, Manu M, Mitroiu MD, Olosutean HG, Perju M, Petrescu AM, Pintilioaie AM, Popa AF, Popescu IE, Popovici OA, Prunar FV, Radac IA, Sahlean TC, Sitar C, Stanciu CR, Szekely L, Tausan I, Tomozii IB, Torok SC, Zaharia LG (2022) Raport final privind distributia speciilor de nevertebrate terestre alogene din hot-spot-uri si caile prioritare de patrundere (an 3 cartare). Raport intocmit in cadrul Proiectului POIM2014+120008 - Managementul adecvat al speciilor invazive din Romania, in conformitate cu Regulamentul UE 1143/2014 referitor la prevenirea si gestionarea introducerii si raspandirii speciilor alogene invazive. Ministerul Mediului, Apelor si Padurilor & Universitatea din Bucuresti, Bucuresti.",,Northern America,TRUE,FALSE,FALSE,Citrus | Plantae,2025-11-26,Cristina Preda | Laurentiu Rozylowicz,Ioana Cristina Constantinescu
OSROUCKLZ9OZ2LVC8VC7F9,"Mesocalanus tenuicornis (Dana, 1849-1852)",Animalia,Arthropoda,Copepoda,Calanoida,Calanidae,Mesocalanus,species,ICZN,Romania,RO,present,introduced,colonising,transportStowaway,ballastWater,naturalDispersal,1978,1978,"Preda C, Adam C, Constantinescu IC, Popa OP, Popa LO, Balcu M-J, Brezeanu AM, Dascalu MM, Draghici A-C, Gavrilescu CF, Gavrilidis AA, Gheoca V, Iorgu EI, Iorgu IS, Krapal AM, Maican S, Manci C-O, Manta N, Manu M, Motoc RM, Niculae IM, Petrescu A-M, Pintilioaie A-M, Popa AF, Radac IA, Rozylowicz L, Ruicanescu A, Sahlean TC, Surugiu V, Serban C, Stefan A, Szekely L, Tausan I, Skolka M (2026) From soil to stream and sea: species richness and distribution of alien invertebrates in Romania. NeoBiota. | Palero F, Ferrer-Mateu I, Wray B, Hughes R, Morritt D, Lepage M, Kotterman M, van der Meer M, Tate M, Kamanli S, Smith L, Llewellyn-Hughes J, Clark P (2022) Presence of a second Eriocheir species in Europe as confirmed by molecular and morphological data. Aquatic Invasions 17: 374-392. https://doi.org/10.3391/ai.2022.17.3.03 | Bancila R, Skolka M, Ivanova P, Surugiu V, Stefanova K, Todorova V, Zenetos A (2022) Alien species of the Romanian and Bulgarian Black Sea coast: state of knowledge, uncertainties, and needs for future research. Aquatic Invasions 17: 253-273. https://doi.org/10.3391/ai.2022.17.3.02",,Atlantic Ocean | Indian Ocean | Pacific Ocean,FALSE,TRUE,FALSE,,2025-11-26,Cristina Preda | Laurentiu Rozylowicz,Marius Skolka | Carla F. Gavrilescu
OSROUCKLBHYKLNU4073FW9,"Neocalanus gracilis (Dana, 1849-1852)",Animalia,Arthropoda,Copepoda,Calanoida,Calanidae,Neocalanus,species,ICZN,Romania,RO,present,introduced,colonising,transportStowaway,ballastWater,naturalDispersal,1978,1978,"Preda C, Adam C, Constantinescu IC, Popa OP, Popa LO, Balcu M-J, Brezeanu AM, Dascalu MM, Draghici A-C, Gavrilescu CF, Gavrilidis AA, Gheoca V, Iorgu EI, Iorgu IS, Krapal AM, Maican S, Manci C-O, Manta N, Manu M, Motoc RM, Niculae IM, Petrescu A-M, Pintilioaie A-M, Popa AF, Radac IA, Rozylowicz L, Ruicanescu A, Sahlean TC, Surugiu V, Serban C, Stefan A, Szekely L, Tausan I, Skolka M (2026) From soil to stream and sea: species richness and distribution of alien invertebrates in Romania. NeoBiota. | Palero F, Ferrer-Mateu I, Wray B, Hughes R, Morritt D, Lepage M, Kotterman M, van der Meer M, Tate M, Kamanli S, Smith L, Llewellyn-Hughes J, Clark P (2022) Presence of a second Eriocheir species in Europe as confirmed by molecular and morphological data. Aquatic Invasions 17: 374-392. https://doi.org/10.3391/ai.2022.17.3.03",,Pacific Ocean,FALSE,TRUE,FALSE,,2025-11-26,Cristina Preda | Laurentiu Rozylowicz,Marius Skolka | Carla F. Gavrilescu
OSROUCKL3F3G0LFHKG37RQ,"Clausocalanus arcuicornis arcuicornis (Dana, 1849-1852)",Animalia,Arthropoda,Copepoda,Calanoida,Clausocalanidae,Clausocalanus,subspecies,ICZN,Romania,RO,present,introduced,colonising,transportStowaway,ballastWater,naturalDispersal,1978,1978,"Preda C, Adam C, Constantinescu IC, Popa OP, Popa LO, Balcu M-J, Brezeanu AM, Dascalu MM, Draghici A-C, Gavrilescu CF, Gavrilidis AA, Gheoca V, Iorgu EI, Iorgu IS, Krapal AM, Maican S, Manci C-O, Manta N, Manu M, Motoc RM, Niculae IM, Petrescu A-M, Pintilioaie A-M, Popa AF, Radac IA, Rozylowicz L, Ruicanescu A, Sahlean TC, Surugiu V, Serban C, Stefan A, Szekely L, Tausan I, Skolka M (2026) From soil to stream and sea: species richness and distribution of alien invertebrates in Romania. NeoBiota. | Palero F, Ferrer-Mateu I, Wray B, Hughes R, Morritt D, Lepage M, Kotterman M, van der Meer M, Tate M, Kamanli S, Smith L, Llewellyn-Hughes J, Clark P (2022) Presence of a second Eriocheir species in Europe as confirmed by molecular and morphological data. Aquatic Invasions 17: 374-392. https://doi.org/10.3391/ai.2022.17.3.03",,Indian Ocean | Pacific Ocean,FALSE,TRUE,FALSE,,2025-11-26,Cristina Preda | Laurentiu Rozylowicz,Marius Skolka | Carla F. Gavrilescu
OSROUCKLTWKB5CK7IVI7D1,"Ctenocalanus vanus Giesbrecht, 1888",Animalia,Arthropoda,Copepoda,Calanoida,Clausocalanidae,Ctenocalanus,species,ICZN,Romania,RO,present,introduced,colonising,transportStowaway,ballastWater,naturalDispersal,1978,1978,"Preda C, Adam C, Constantinescu IC, Popa OP, Popa LO, Balcu M-J, Brezeanu AM, Dascalu MM, Draghici A-C, Gavrilescu CF, Gavrilidis AA, Gheoca V, Iorgu EI, Iorgu IS, Krapal AM, Maican S, Manci C-O, Manta N, Manu M, Motoc RM, Niculae IM, Petrescu A-M, Pintilioaie A-M, Popa AF, Radac IA, Rozylowicz L, Ruicanescu A, Sahlean TC, Surugiu V, Serban C, Stefan A, Szekely L, Tausan I, Skolka M (2026) From soil to stream and sea: species richness and distribution of alien invertebrates in Romania. NeoBiota. | Palero F, Ferrer-Mateu I, Wray B, Hughes R, Morritt D, Lepage M, Kotterman M, van der Meer M, Tate M, Kamanli S, Smith L, Llewellyn-Hughes J, Clark P (2022) Presence of a second Eriocheir species in Europe as confirmed by molecular and morphological data. Aquatic Invasions 17: 374-392. https://doi.org/10.3391/ai.2022.17.3.03",,Indian Ocean | Pacific Ocean,FALSE,TRUE,FALSE,,2025-11-26,Cristina Preda | Laurentiu Rozylowicz,Marius Skolka | Carla F. Gavrilescu
OSROUCKL58F2P97ZQV02AQ,"Calocalanus pavo (Dana, 1849-1852)",Animalia,Arthropoda,Copepoda,Calanoida,Paracalanidae,Calocalanus,species,ICZN,Romania,RO,present,introduced,colonising,transportStowaway,ballastWater,naturalDispersal,1978,1978,"Preda C, Adam C, Constantinescu IC, Popa OP, Popa LO, Balcu M-J, Brezeanu AM, Dascalu MM, Draghici A-C, Gavrilescu CF, Gavrilidis AA, Gheoca V, Iorgu EI, Iorgu IS, Krapal AM, Maican S, Manci C-O, Manta N, Manu M, Motoc RM, Niculae IM, Petrescu A-M, Pintilioaie A-M, Popa AF, Radac IA, Rozylowicz L, Ruicanescu A, Sahlean TC, Surugiu V, Serban C, Stefan A, Szekely L, Tausan I, Skolka M (2026) From soil to stream and sea: species richness and distribution of alien invertebrates in Romania. NeoBiota. | Palero F, Ferrer-Mateu I, Wray B, Hughes R, Morritt D, Lepage M, Kotterman M, van der Meer M, Tate M, Kamanli S, Smith L, Llewellyn-Hughes J, Clark P (2022) Presence of a second Eriocheir species in Europe as confirmed by molecular and morphological data. Aquatic Invasions 17: 374-392. https://doi.org/10.3391/ai.2022.17.3.03",,Atlantic Ocean | Pacific Ocean,FALSE,TRUE,FALSE,,2025-11-26,Cristina Preda | Laurentiu Rozylowicz,Marius Skolka | Carla F. Gavrilescu
OSROUCKLFGK2WHA5J68J31,"Calocalanus pavoninus Farran, 1936",Animalia,Arthropoda,Copepoda,Calanoida,Paracalanidae,Calocalanus,species,ICZN,Romania,RO,present,introduced,colonising,transportStowaway,ballastWater,naturalDispersal,1978,1978,"Preda C, Adam C, Constantinescu IC, Popa OP, Popa LO, Balcu M-J, Brezeanu AM, Dascalu MM, Draghici A-C, Gavrilescu CF, Gavrilidis AA, Gheoca V, Iorgu EI, Iorgu IS, Krapal AM, Maican S, Manci C-O, Manta N, Manu M, Motoc RM, Niculae IM, Petrescu A-M, Pintilioaie A-M, Popa AF, Radac IA, Rozylowicz L, Ruicanescu A, Sahlean TC, Surugiu V, Serban C, Stefan A, Szekely L, Tausan I, Skolka M (2026) From soil to stream and sea: species richness and distribution of alien invertebrates in Romania. NeoBiota. | Palero F, Ferrer-Mateu I, Wray B, Hughes R, Morritt D, Lepage M, Kotterman M, van der Meer M, Tate M, Kamanli S, Smith L, Llewellyn-Hughes J, Clark P (2022) Presence of a second Eriocheir species in Europe as confirmed by molecular and morphological data. Aquatic Invasions 17: 374-392. https://doi.org/10.3391/ai.2022.17.3.03",,Cosmopolitan,FALSE,TRUE,FALSE,,2025-11-26,Cristina Preda | Laurentiu Rozylowicz,Marius Skolka | Carla F. Gavrilescu
OSROUCKLJ62WPZL4JI3D22,"Calocalanus plumulosus (Claus, 1863)",Animalia,Arthropoda,Copepoda,Calanoida,Paracalanidae,Calocalanus,species,ICZN,Romania,RO,present,introduced,colonising,transportStowaway,ballastWater,naturalDispersal,1978,1978,"Preda C, Adam C, Constantinescu IC, Popa OP, Popa LO, Balcu M-J, Brezeanu AM, Dascalu MM, Draghici A-C, Gavrilescu CF, Gavrilidis AA, Gheoca V, Iorgu EI, Iorgu IS, Krapal AM, Maican S, Manci C-O, Manta N, Manu M, Motoc RM, Niculae IM, Petrescu A-M, Pintilioaie A-M, Popa AF, Radac IA, Rozylowicz L, Ruicanescu A, Sahlean TC, Surugiu V, Serban C, Stefan A, Szekely L, Tausan I, Skolka M (2026) From soil to stream and sea: species richness and distribution of alien invertebrates in Romania. NeoBiota. | Palero F, Ferrer-Mateu I, Wray B, Hughes R, Morritt D, Lepage M, Kotterman M, van der Meer M, Tate M, Kamanli S, Smith L, Llewellyn-Hughes J, Clark P (2022) Presence of a second Eriocheir species in Europe as confirmed by molecular and morphological data. Aquatic Invasions 17: 374-392. https://doi.org/10.3391/ai.2022.17.3.03",,Atlantic Ocean | Indian Ocean | Pacific Ocean,FALSE,TRUE,FALSE,,2025-11-26,Cristina Preda | Laurentiu Rozylowicz,Marius Skolka | Carla F. Gavrilescu
OSROUCKLXH4FB6UEZB360Z,"Mecynocera clausi Thompson I.C., 1888",Animalia,Arthropoda,Copepoda,Calanoida,Paracalanidae,Mecynocera,species,ICZN,Romania,RO,present,introduced,colonising,transportStowaway,ballastWater,naturalDispersal,1978,1978,"Preda C, Adam C, Constantinescu IC, Popa OP, Popa LO, Balcu M-J, Brezeanu AM, Dascalu MM, Draghici A-C, Gavrilescu CF, Gavrilidis AA, Gheoca V, Iorgu EI, Iorgu IS, Krapal AM, Maican S, Manci C-O, Manta N, Manu M, Motoc RM, Niculae IM, Petrescu A-M, Pintilioaie A-M, Popa AF, Radac IA, Rozylowicz L, Ruicanescu A, Sahlean TC, Surugiu V, Serban C, Stefan A, Szekely L, Tausan I, Skolka M (2026) From soil to stream and sea: species richness and distribution of alien invertebrates in Romania. NeoBiota. | Palero F, Ferrer-Mateu I, Wray B, Hughes R, Morritt D, Lepage M, Kotterman M, van der Meer M, Tate M, Kamanli S, Smith L, Llewellyn-Hughes J, Clark P (2022) Presence of a second Eriocheir species in Europe as confirmed by molecular and morphological data. Aquatic Invasions 17: 374-392. https://doi.org/10.3391/ai.2022.17.3.03",,Atlantic Ocean | Indian Ocean | Pacific Ocean,FALSE,TRUE,FALSE,,2025-11-26,Cristina Preda | Laurentiu Rozylowicz,Marius Skolka | Carla F. Gavrilescu
OSROUCKLYQ9K7OE4UOG445,"Paracalanus nanus Sars G.O., 1925",Animalia,Arthropoda,Copepoda,Calanoida,Paracalanidae,Paracalanus,species,ICZN,Romania,RO,present,introduced,colonising,transportStowaway,ballastWater,naturalDispersal,1978,1978,"Preda C, Adam C, Constantinescu IC, Popa OP, Popa LO, Balcu M-J, Brezeanu AM, Dascalu MM, Draghici A-C, Gavrilescu CF, Gavrilidis AA, Gheoca V, Iorgu EI, Iorgu IS, Krapal AM, Maican S, Manci C-O, Manta N, Manu M, Motoc RM, Niculae IM, Petrescu A-M, Pintilioaie A-M, Popa AF, Radac IA, Rozylowicz L, Ruicanescu A, Sahlean TC, Surugiu V, Serban C, Stefan A, Szekely L, Tausan I, Skolka M (2026) From soil to stream and sea: species richness and distribution of alien invertebrates in Romania. NeoBiota. | Palero F, Ferrer-Mateu I, Wray B, Hughes R, Morritt D, Lepage M, Kotterman M, van der Meer M, Tate M, Kamanli S, Smith L, Llewellyn-Hughes J, Clark P (2022) Presence of a second Eriocheir species in Europe as confirmed by molecular and morphological data. Aquatic Invasions 17: 374-392. https://doi.org/10.3391/ai.2022.17.3.03",,Atlantic Ocean | Pacific Ocean,FALSE,TRUE,FALSE,,2025-11-26,Cristina Preda | Laurentiu Rozylowicz,Marius Skolka | Carla F. Gavrilescu
OSROUCKL3KAXKTCM6XO876,"Phaenna spinifera Claus, 1863",Animalia,Arthropoda,Copepoda,Calanoida,Phaennidae,Phaenna,species,ICZN,Romania,RO,present,introduced,colonising,transportStowaway,ballastWater,naturalDispersal,1978,1978,"Preda C, Adam C, Constantinescu IC, Popa OP, Popa LO, Balcu M-J, Brezeanu AM, Dascalu MM, Draghici A-C, Gavrilescu CF, Gavrilidis AA, Gheoca V, Iorgu EI, Iorgu IS, Krapal AM, Maican S, Manci C-O, Manta N, Manu M, Motoc RM, Niculae IM, Petrescu A-M, Pintilioaie A-M, Popa AF, Radac IA, Rozylowicz L, Ruicanescu A, Sahlean TC, Surugiu V, Serban C, Stefan A, Szekely L, Tausan I, Skolka M (2026) From soil to stream and sea: species richness and distribution of alien invertebrates in Romania. NeoBiota. | Palero F, Ferrer-Mateu I, Wray B, Hughes R, Morritt D, Lepage M, Kotterman M, van der Meer M, Tate M, Kamanli S, Smith L, Llewellyn-Hughes J, Clark P (2022) Presence of a second Eriocheir species in Europe as confirmed by molecular and morphological data. Aquatic Invasions 17: 374-392. https://doi.org/10.3391/ai.2022.17.3.03",,Pacific Ocean,FALSE,TRUE,FALSE,,2025-11-26,Cristina Preda | Laurentiu Rozylowicz,Marius Skolka | Carla F. Gavrilescu
OSROUCKL3DB2UQ7N2RM5CK,"Oncaea mediterranea (Claus, 1863)",Animalia,Arthropoda,Copepoda,Cyclopoida,Oncaeidae,Oncaea,species,ICZN,Romania,RO,present,introduced,colonising,transportStowaway,ballastWater,naturalDispersal,1978,1978,"Preda C, Adam C, Constantinescu IC, Popa OP, Popa LO, Balcu M-J, Brezeanu AM, Dascalu MM, Draghici A-C, Gavrilescu CF, Gavrilidis AA, Gheoca V, Iorgu EI, Iorgu IS, Krapal AM, Maican S, Manci C-O, Manta N, Manu M, Motoc RM, Niculae IM, Petrescu A-M, Pintilioaie A-M, Popa AF, Radac IA, Rozylowicz L, Ruicanescu A, Sahlean TC, Surugiu V, Serban C, Stefan A, Szekely L, Tausan I, Skolka M (2026) From soil to stream and sea: species richness and distribution of alien invertebrates in Romania. NeoBiota. | Palero F, Ferrer-Mateu I, Wray B, Hughes R, Morritt D, Lepage M, Kotterman M, van der Meer M, Tate M, Kamanli S, Smith L, Llewellyn-Hughes J, Clark P (2022) Presence of a second Eriocheir species in Europe as confirmed by molecular and morphological data. Aquatic Invasions 17: 374-392. https://doi.org/10.3391/ai.2022.17.3.03",,Atlantic Ocean | Indian Ocean | Pacific Ocean,FALSE,TRUE,FALSE,,2025-11-26,Cristina Preda | Laurentiu Rozylowicz,Marius Skolka | Carla F. Gavrilescu
OSROUCKLZJLMQ75SCGHAC6,"Ictalurus punctatus (Rafinesque, 1818)",Animalia,Chordata,Actinopterygii,Siluriformes,Ictaluridae,Ictalurus,species,ICZN,Romania,RO,present,introduced,colonising,aquacultureMariculture,escapeFromConfinement,,1978,2024,"Cogalniceanu D, Cobzaru I, Dragan O, Fanaru G, Iftime A, Stanescu F, Telea E, Topliceanu S, Ureche D, Chisamera G, Petrescu A, Iftime O (2021) Raport tehnic privind sursele bibliografice referitoare la speciile de vertebrate terestre alogene invazive si potential invazive. Zenodo. https://doi.org/10.5281/zenodo.5593956 | Iftime A, Iftime O (2021) Alien fish, amphibian and reptile species in Romania and their invasive status: a review with new data. Travaux du Museum National d'Histoire Naturelle ""Grigore Antipa"" 64: 131-186. https://doi.org/10.3897/travaux.64.e67558 | Dragan O, Rozylowicz L, Ureche D, Falka I, Cogalniceanu D (2024) Invasive fish species in Romanian freshwater. A review of over 100 years of occurrence reports. NeoBiota 94: 15-30. https://doi.org/10.3897/neobiota.94.117313 | Otel V, Nastase A, Fomici I (2025) Alien Siluriformes (Pisces) recently reported in the freshwaters of the Danube Delta Biosphere Reserve. Scientific Annals of the Danube Delta Institute 30: 43-53. https://doi.org/10.3897/saddi.30.160476",,Northern America | Central America,FALSE,FALSE,TRUE,,2025-11-26,Cristina Preda | Laurentiu Rozylowicz,Florina Stanescu
OSROUCKLA6X45SQLV8DY19,"Eudoxoides spiralis (Bigelow, 1911)",Animalia,Cnidaria,Hydrozoa,Siphonophorae,Diphyidae,Eudoxoides,species,ICZN,Romania,RO,present,introduced,colonising,ballastWater,naturalDispersal,,1978,1978,"Preda C, Adam C, Constantinescu IC, Popa OP, Popa LO, Balcu M-J, Brezeanu AM, Dascalu MM, Draghici A-C, Gavrilescu CF, Gavrilidis AA, Gheoca V, Iorgu EI, Iorgu IS, Krapal AM, Maican S, Manci C-O, Manta N, Manu M, Motoc RM, Niculae IM, Petrescu A-M, Pintilioaie A-M, Popa AF, Radac IA, Rozylowicz L, Ruicanescu A, Sahlean TC, Surugiu V, Serban C, Stefan A, Szekely L, Tausan I, Skolka M (2026) From soil to stream and sea: species richness and distribution of alien invertebrates in Romania. NeoBiota.",,Atlantic Ocean | Indian Ocean | Pacific Ocean,FALSE,TRUE,FALSE,,2025-11-26,Cristina Preda | Laurentiu Rozylowicz,Marius Skolka | Carla F. Gavrilescu
OSROUCKLIN8LQ3MOQNV4S7,"Chromaphis juglandicola (Kaltenbach, 1843)",Animalia,Arthropoda,Insecta,Hemiptera,Aphididae,Chromaphis,species,ICZN,Romania,RO,present,introduced,colonising,transportContaminant,parasitesOnPlants,,1979,2022,"Preda C, Adam C, Constantinescu IC, Popa OP, Popa LO, Balcu M-J, Brezeanu AM, Dascalu MM, Draghici A-C, Gavrilescu CF, Gavrilidis AA, Gheoca V, Iorgu EI, Iorgu IS, Krapal AM, Maican S, Manci C-O, Manta N, Manu M, Motoc RM, Niculae IM, Petrescu A-M, Pintilioaie A-M, Popa AF, Radac IA, Rozylowicz L, Ruicanescu A, Sahlean TC, Surugiu V, Serban C, Stefan A, Szekely L, Tausan I, Skolka M (2026) From soil to stream and sea: species richness and distribution of alien invertebrates in Romania. NeoBiota.",,Asia,TRUE,FALSE,FALSE,Juglans,2025-11-26,Cristina Preda | Laurentiu Rozylowicz,Costica Adam
OSROUCKL6BSOD3M1AEHXWG,"Sinanodonta woodiana (I. Lea, 1834)",Animalia,Mollusca,Bivalvia,Unionida,Unionidae,Sinanodonta,species,ICZN,Romania,RO,present,introduced,invasive,transportStowaway,releaseInNature,contaminantNursery,1979,2023,"Preda C, Adam C, Constantinescu IC, Popa OP, Popa LO, Balcu M-J, Brezeanu AM, Dascalu MM, Draghici A-C, Gavrilescu CF, Gavrilidis AA, Gheoca V, Iorgu EI, Iorgu IS, Krapal AM, Maican S, Manci C-O, Manta N, Manu M, Motoc RM, Niculae IM, Petrescu A-M, Pintilioaie A-M, Popa AF, Radac IA, Rozylowicz L, Ruicanescu A, Sahlean TC, Surugiu V, Serban C, Stefan A, Szekely L, Tausan I, Skolka M (2026) From soil to stream and sea: species richness and distribution of alien invertebrates in Romania. NeoBiota.",,"Eastern Asia (Amur basin, China, Korea, Japan, Taiwan) | South-eastern Asia",FALSE,FALSE,TRUE,,2025-11-26,Cristina Preda | Laurentiu Rozylowicz,Oana P. Popa
OSRO9HJ0BZSI5TO779,Bromus diandrus Roth,Plantae,Tracheophyta,Liliopsida,Poales,Poaceae,Bromus,species,ICN,Romania,RO,doubtful,introduced,casual,seedContaminant,,,1979,2022,"Anastasiu P, Miu I, Gavrilidis A, Preda C, Rozylowicz L, Sirbu C, Oprea A, Urziceanu M, Camen-Comanescu P, Nagoda E, Memedemin D, Barbos M, Boruz V, Cislariu A, Don I, Fagaras M, Frink J, Georgescu I, Haruta O, Hurdu B-I, Matis A, Milanovici S, Muncaciu S, Neacsu A, Neblea M, Nicolin A, Niculescu M, Oroian S, Pop O, Radutoiu D, Samarghitan M, Simion I, Soare L, Steiu C, Stoianov E, Strat D, Szabo A, Szatmari P, Tanase C, Mirea M, Manta N, Sirbu I (2024) Alien plant species distribution in Romania: a nationwide survey following the implementation of the EU Regulation on Invasive Alien Species. Biodiversity Data Journal 12. https://doi.org/10.3897/BDJ.12.e119539 | Stoyanov S, Negrean G, Vladimirov V (2022) Contribution to the Knowledge of Bromus Diandrus-Rigidus (Poaceae) Polyploid Complex in the Bulgarian and Romanian Floras. Proceedings of the Bulgarian Academy of Sciences 75: 536-544. https://doi.org/10.7546/CRABS.2022.04.08",,Arabian Peninsula | Caucasus | Macaronesia | Northern Africa | Southeastern Europe | Southwestern Europe | Western Asia,TRUE,FALSE,FALSE,,2025-11-26,Cristina Preda | Laurentiu Rozylowicz,Paulina Anastasiu
OSRO8E3O9SZ7B1CUIA,Populus deltoides W.Bartram ex Marshall,Plantae,Tracheophyta,Magnoliopsida,Malpighiales,Salicaceae,Populus,species,ICN,Romania,RO,present,introduced,reproducing,forestry,landscapeImprovement,ornamentalNonHorticulture,1979,2021,"Lupu I (1979) Contributii la studiul padurilor de lunca dintre Siret, Moldova si Somuzul Mare. Culegere Stud. Art. Biol. Iasi, 1: 163-172",,Eastern Canada | Mexico | North-Central U.S.A. | Northeastern U.S.A. | Northwestern U.S.A. | South-Central U.S.A. | Southeastern U.S.A. | Southwestern U.S.A. | Western Canada,TRUE,FALSE,FALSE,,2025-11-26,Cristina Preda | Laurentiu Rozylowicz,Culita Sirbu
OSROUCKL8A813YVFTRT99N,"Blatta orientalis Linnaeus, 1758",Animalia,Arthropoda,Insecta,Blattodea,Blattidae,Blatta,species,ICZN,Romania,RO,present,introduced,invasive,transportStowaway,naturalDispersal,,1980,2023,"Preda C, Adam C, Constantinescu IC, Popa OP, Popa LO, Balcu M-J, Brezeanu AM, Dascalu MM, Draghici A-C, Gavrilescu CF, Gavrilidis AA, Gheoca V, Iorgu EI, Iorgu IS, Krapal AM, Maican S, Manci C-O, Manta N, Manu M, Motoc RM, Niculae IM, Petrescu A-M, Pintilioaie A-M, Popa AF, Radac IA, Rozylowicz L, Ruicanescu A, Sahlean TC, Surugiu V, Serban C, Stefan A, Szekely L, Tausan I, Skolka M (2026) From soil to stream and sea: species richness and distribution of alien invertebrates in Romania. NeoBiota. | Rasplus J-Y, Roques A (2010) Dictyoptera (Blattodea, Isoptera), Orthoptera, Phasmatodea and Dermaptera. Chapter 13.3. BioRisk 4: 807-831. https://doi.org/10.3897/biorisk.4.68",,Northern Africa | Western Asia,TRUE,FALSE,FALSE,,2025-11-26,Cristina Preda | Laurentiu Rozylowicz,Marius Skolka | Carla F. Gavrilescu
OSROUCKL2HR0STZ5XPXMQ7,"Pineus (Pineus) abietinus Underwood & Balch, 1964",Animalia,Arthropoda,Insecta,Hemiptera,Adelgidae,Pineus,species,ICZN,Romania,RO,doubtful,uncertain,established,transportContaminant,parasitesOnPlants,naturalDispersal,1980,2018,Teodorescu I (2018) Contribution to database of alien/invasive Homoptera insects in Romania. Romanian Journal of Biology - Zoology 63(1-2): 29-68.,,Northern America,TRUE,FALSE,FALSE,Abies,2026-03-17,Cristina Preda | Laurentiu Rozylowicz,Marius Skolka | Carla F. Gavrilescu
OSROUCKLWFEJHKZ6F9Z1U8,"Cornutiplusia circumflexa (Linnaeus, 1767)",Animalia,Arthropoda,Insecta,Lepidoptera,Noctuidae,Cornutiplusia,species,ICZN,Romania,RO,present,introduced,colonising,naturalDispersal,,,1980,2009,"Preda C, Adam C, Constantinescu IC, Popa OP, Popa LO, Balcu M-J, Brezeanu AM, Dascalu MM, Draghici A-C, Gavrilescu CF, Gavrilidis AA, Gheoca V, Iorgu EI, Iorgu IS, Krapal AM, Maican S, Manci C-O, Manta N, Manu M, Motoc RM, Niculae IM, Petrescu A-M, Pintilioaie A-M, Popa AF, Radac IA, Rozylowicz L, Ruicanescu A, Sahlean TC, Surugiu V, Serban C, Stefan A, Szekely L, Tausan I, Skolka M (2026) From soil to stream and sea: species richness and distribution of alien invertebrates in Romania. NeoBiota.",,Southern Europe | Northern Africa | Southern Asia,TRUE,FALSE,FALSE,Plantae,2025-11-26,Cristina Preda | Laurentiu Rozylowicz,Marius Skolka | Carla F. Gavrilescu
OSROATSNMN0TSGBSRH,Panicum dichotomiflorum Michx.,Plantae,Tracheophyta,Liliopsida,Poales,Poaceae,Panicum,species,ICN,Romania,RO,present,introduced,established,seedContaminant,,,1980,2022,"Anastasiu P, Miu I, Gavrilidis A, Preda C, Rozylowicz L, Sirbu C, Oprea A, Urziceanu M, Camen-Comanescu P, Nagoda E, Memedemin D, Barbos M, Boruz V, Cislariu A, Don I, Fagaras M, Frink J, Georgescu I, Haruta O, Hurdu B-I, Matis A, Milanovici S, Muncaciu S, Neacsu A, Neblea M, Nicolin A, Niculescu M, Oroian S, Pop O, Radutoiu D, Samarghitan M, Simion I, Soare L, Steiu C, Stoianov E, Strat D, Szabo A, Szatmari P, Tanase C, Mirea M, Manta N, Sirbu I (2024) Alien plant species distribution in Romania: a nationwide survey following the implementation of the EU Regulation on Invasive Alien Species. Biodiversity Data Journal 12. https://doi.org/10.3897/BDJ.12.e119539 | Negrean G, Karacsonyi C (1984) Panicum dichotomiflorum si Sida spinosa in flora Romaniei, Contrib. Bot. Cluj-Napoca: 33-35",,Brazil | Caribbean | Central America | Eastern Canada | Mexico | North-Central U.S.A. | Northeastern U.S.A. | Northern South America | Northwestern U.S.A. | South-Central U.S.A. | Southeastern U.S.A. | Southern South America | Southwestern U.S.A. | Western Canada | Western South America,TRUE,FALSE,FALSE,,2025-11-26,Cristina Preda | Laurentiu Rozylowicz,Paulina Anastasiu
OSROU3CF9CRX9E60PS,Cucumis melo L.,Plantae,Tracheophyta,Magnoliopsida,Cucurbitales,Cucurbitaceae,Cucumis,species,ICN,Romania,RO,present,introduced,casual,agriculture,,,1980,2022,"Anastasiu P, Miu I, Gavrilidis A, Preda C, Rozylowicz L, Sirbu C, Oprea A, Urziceanu M, Camen-Comanescu P, Nagoda E, Memedemin D, Barbos M, Boruz V, Cislariu A, Don I, Fagaras M, Frink J, Georgescu I, Haruta O, Hurdu B-I, Matis A, Milanovici S, Muncaciu S, Neacsu A, Neblea M, Nicolin A, Niculescu M, Oroian S, Pop O, Radutoiu D, Samarghitan M, Simion I, Soare L, Steiu C, Stoianov E, Strat D, Szabo A, Szatmari P, Tanase C, Mirea M, Manta N, Sirbu I (2024) Alien plant species distribution in Romania: a nationwide survey following the implementation of the EU Regulation on Invasive Alien Species. Biodiversity Data Journal 12. https://doi.org/10.3897/BDJ.12.e119539 | Anastasiu P, Sarbu I, Negrean G (2009) Verbesina encelioides-A new alien plant in Romania. Annals of the University of Craiova-Agriculture, Montanology, Cadastre Series, 39(2), 15-18",,Arabian Peninsula | Australia | East Tropical Africa | Indian Subcontinent | Northeast Tropical Africa | Papuasia | South Tropical Africa | Southern Africa | Western Asia,TRUE,FALSE,FALSE,,2025-11-26,Cristina Preda | Laurentiu Rozylowicz,Daniyar Memedemin
OSROUCKL7YLMS53UAKTYX2,"Pineus (Pineus) pini (Goeze, 1778)",Animalia,Arthropoda,Insecta,Hemiptera,Adelgidae,Pineus,species,ICZN,Romania,RO,present,introduced,invasive,transportStowaway,parasitesOnPlants,,1981,2022,"Preda C, Adam C, Constantinescu IC, Popa OP, Popa LO, Balcu M-J, Brezeanu AM, Dascalu MM, Draghici A-C, Gavrilescu CF, Gavrilidis AA, Gheoca V, Iorgu EI, Iorgu IS, Krapal AM, Maican S, Manci C-O, Manta N, Manu M, Motoc RM, Niculae IM, Petrescu A-M, Pintilioaie A-M, Popa AF, Radac IA, Rozylowicz L, Ruicanescu A, Sahlean TC, Surugiu V, Serban C, Stefan A, Szekely L, Tausan I, Skolka M (2026) From soil to stream and sea: species richness and distribution of alien invertebrates in Romania. NeoBiota.",,Europe,TRUE,FALSE,FALSE,Pinus,2025-11-26,Cristina Preda | Laurentiu Rozylowicz,Costica Adam
OSROUCKL6VXI9U1X1I0VXF,"Diuraphis (Diuraphis) muehlei (Börner, 1950)",Animalia,Arthropoda,Insecta,Hemiptera,Aphididae,Diuraphis,species,ICZN,Romania,RO,doubtful,uncertain,established,transportContaminant,parasitesOnPlants,naturalDispersal,1981,2018,Teodorescu I (2018) Contribution to database of alien/invasive Homoptera insects in Romania. Romanian Journal of Biology - Zoology 63(1-2): 29-68.,,Western Asia | Central Asia,TRUE,FALSE,FALSE,Triticum | Hordeum,2026-03-17,Cristina Preda | Laurentiu Rozylowicz,Marius Skolka | Carla F. Gavrilescu
OSROUCKL3N6CWCF8NK8AXM,"Metopolophium albidum Hille Ris Lambers, 1947",Animalia,Arthropoda,Insecta,Hemiptera,Aphididae,Metopolophium,species,ICZN,Romania,RO,doubtful,uncertain,established,transportContaminant,parasitesOnPlants,naturalDispersal,1981,2018,Teodorescu I (2018) Contribution to database of alien/invasive Homoptera insects in Romania. Romanian Journal of Biology - Zoology 63(1-2): 29-68.,,Western Europe,TRUE,FALSE,FALSE,Arrhenatherum elatius,2026-03-17,Cristina Preda | Laurentiu Rozylowicz,Marius Skolka | Carla F. Gavrilescu
OSROUCKLVSHZLOIZUMFA6S,"Acanthoscelides pallidipennis (Motschulsky, 1874)",Animalia,Arthropoda,Insecta,Coleoptera,Chrysomelidae,Acanthoscelides,species,ICZN,Romania,RO,present,introduced,colonising,transportContaminant,naturalDispersal,,1982,2022,"Preda C, Adam C, Constantinescu IC, Popa OP, Popa LO, Balcu M-J, Brezeanu AM, Dascalu MM, Draghici A-C, Gavrilescu CF, Gavrilidis AA, Gheoca V, Iorgu EI, Iorgu IS, Krapal AM, Maican S, Manci C-O, Manta N, Manu M, Motoc RM, Niculae IM, Petrescu A-M, Pintilioaie A-M, Popa AF, Radac IA, Rozylowicz L, Ruicanescu A, Sahlean TC, Surugiu V, Serban C, Stefan A, Szekely L, Tausan I, Skolka M (2026) From soil to stream and sea: species richness and distribution of alien invertebrates in Romania. NeoBiota. | Radac IA (2022) Expansiunea unor specii native sau alogene de bruchine si heteroptere in Romania (Insecta: Coleoptera, Heteroptera). Teza de doctorat, Universitatea Babes-Bolyai, Cluj-Napoca. https://teze.doctorat.ubbcluj.ro | Teodorescu I, Manole T, Iamandei M (2006) The main alien/invasive insect species in Romania, Rom. J. Biol.-Zool. 51 1-2: 43-61 | Beenen R, Roques A (2010) Leaf and Seed Beetles (Coleoptera, Chrysomelidae). Chapter 8.3. BioRisk 4: 267-292. https://doi.org/10.3897/biorisk.4.52",,Northern America,TRUE,FALSE,FALSE,Fabaceae,2025-11-26,Cristina Preda | Laurentiu Rozylowicz,Marius Skolka | Carla F. Gavrilescu
OSROUCKL0MBJ3AH0AEJQJ5,"Ceroplastes sinensis Del Guercio, 1900",Animalia,Arthropoda,Insecta,Hemiptera,Coccidae,Ceroplastes,species,ICZN,Romania,RO,doubtful,uncertain,established,transportContaminant,parasitesOnPlants,naturalDispersal,1982,2018,Teodorescu I (2018) Contribution to database of alien/invasive Homoptera insects in Romania. Romanian Journal of Biology - Zoology 63(1-2): 29-68.,,South America,TRUE,FALSE,FALSE,Citrus,2026-03-18,Cristina Preda | Laurentiu Rozylowicz,Marius Skolka | Carla F. Gavrilescu
OSROUCKL8BGAQNOMQ41VEH,"Pulvinaria regalis Canard, 1968",Animalia,Arthropoda,Insecta,Hemiptera,Coccidae,Pulvinaria,species,ICZN,Romania,RO,present,introduced,colonising,transportContaminant,,,1982,2022,"Preda C, Adam C, Constantinescu IC, Popa OP, Popa LO, Balcu M-J, Brezeanu AM, Dascalu MM, Draghici A-C, Gavrilescu CF, Gavrilidis AA, Gheoca V, Iorgu EI, Iorgu IS, Krapal AM, Maican S, Manci C-O, Manta N, Manu M, Motoc RM, Niculae IM, Petrescu A-M, Pintilioaie A-M, Popa AF, Radac IA, Rozylowicz L, Ruicanescu A, Sahlean TC, Surugiu V, Serban C, Stefan A, Szekely L, Tausan I, Skolka M (2026) From soil to stream and sea: species richness and distribution of alien invertebrates in Romania. NeoBiota.",,Asia,TRUE,FALSE,FALSE,Plantae,2025-11-26,Cristina Preda | Laurentiu Rozylowicz,Costica Adam
OSROUCKLW5QFVSPIRAODEK,"Saissetia miranda (Cockerell & Parrott, 1899)",Animalia,Arthropoda,Insecta,Hemiptera,Coccidae,Saissetia,species,ICZN,Romania,RO,present,introduced,colonising,transportContaminant,parasitesOnPlants,naturalDispersal,1982,2018,"Adam C, Constantinescu IC, Draghici AC, Fusu L, Fusu MM, Gheoca V, Iorgu IS, Irimia AG, Maican S, Manci CO, Manu M, Mitroiu MD, Olosutean HG, Perju M, Petrescu AM, Pintilioaie AM, Popa AF, Popescu IE, Popovici OA, Prunar FV, Radac IA, Sahlean TC, Sitar C, Stanciu CR, Szekely L, Tausan I, Tomozii IB, Torok SC, Zaharia LG (2022) Raport final privind distributia speciilor de nevertebrate terestre alogene din hot-spot-uri si caile prioritare de patrundere (an 3 cartare). Raport intocmit in cadrul Proiectului POIM2014+120008 - Managementul adecvat al speciilor invazive din Romania, in conformitate cu Regulamentul UE 1143/2014 referitor la prevenirea si gestionarea introducerii si raspandirii speciilor alogene invazive. Ministerul Mediului, Apelor si Padurilor & Universitatea din Bucuresti, Bucuresti.",,Southern Africa,TRUE,FALSE,FALSE,Olea,2025-11-26,Cristina Preda | Laurentiu Rozylowicz,Costica Adam
OSROUCKL9HMJIIOKS2PO92,"Pseudaulacaspis pentagona (Targioni Tozzetti, 1886)",Animalia,Arthropoda,Insecta,Hemiptera,Diaspididae,Pseudaulacaspis,species,ICZN,Romania,RO,present,introduced,invasive,transportContaminant,contaminantOnPlants,,1982,2012,"Preda C, Adam C, Constantinescu IC, Popa OP, Popa LO, Balcu M-J, Brezeanu AM, Dascalu MM, Draghici A-C, Gavrilescu CF, Gavrilidis AA, Gheoca V, Iorgu EI, Iorgu IS, Krapal AM, Maican S, Manci C-O, Manta N, Manu M, Motoc RM, Niculae IM, Petrescu A-M, Pintilioaie A-M, Popa AF, Radac IA, Rozylowicz L, Ruicanescu A, Sahlean TC, Surugiu V, Serban C, Stefan A, Szekely L, Tausan I, Skolka M (2026) From soil to stream and sea: species richness and distribution of alien invertebrates in Romania. NeoBiota. | Teodorescu I (2018) Contribution to database of alien/invasive Homoptera insects in Romania. Romanian Journal of Biology - Zoology 63(1-2): 29-68.",,Eastern Asia,TRUE,FALSE,FALSE,Plantae,2025-11-26,Cristina Preda | Laurentiu Rozylowicz,Ioana Cristina Constantinescu
OSROUCKLBD64H3DZBYFXPU,"Hoplothrips lichenis Knechtel, 1954",Animalia,Arthropoda,Insecta,Thysanoptera,Phlaeothripidae,Hoplothrips,species,ICZN,Romania,RO,present,introduced,invasive,transportContaminant,,,1982,1982,"Preda C, Adam C, Constantinescu IC, Popa OP, Popa LO, Balcu M-J, Brezeanu AM, Dascalu MM, Draghici A-C, Gavrilescu CF, Gavrilidis AA, Gheoca V, Iorgu EI, Iorgu IS, Krapal AM, Maican S, Manci C-O, Manta N, Manu M, Motoc RM, Niculae IM, Petrescu A-M, Pintilioaie A-M, Popa AF, Radac IA, Rozylowicz L, Ruicanescu A, Sahlean TC, Surugiu V, Serban C, Stefan A, Szekely L, Tausan I, Skolka M (2026) From soil to stream and sea: species richness and distribution of alien invertebrates in Romania. NeoBiota.",,Eastern Europe (type locality Romania),TRUE,FALSE,FALSE,,2025-11-26,Cristina Preda | Laurentiu Rozylowicz,Marius Skolka
OSROUCKLBWCBABDRLX224Z,"Macropsis (Macropsis) elaeagni Emeljanov, 1964",Animalia,Arthropoda,Insecta,Hemiptera,Cicadellidae,Macropsis,species,ICZN,Romania,RO,present,introduced,colonising,transportStowaway,contaminantOnPlants,,1984,2021,"Preda C, Adam C, Constantinescu IC, Popa OP, Popa LO, Balcu M-J, Brezeanu AM, Dascalu MM, Draghici A-C, Gavrilescu CF, Gavrilidis AA, Gheoca V, Iorgu EI, Iorgu IS, Krapal AM, Maican S, Manci C-O, Manta N, Manu M, Motoc RM, Niculae IM, Petrescu A-M, Pintilioaie A-M, Popa AF, Radac IA, Rozylowicz L, Ruicanescu A, Sahlean TC, Surugiu V, Serban C, Stefan A, Szekely L, Tausan I, Skolka M (2026) From soil to stream and sea: species richness and distribution of alien invertebrates in Romania. NeoBiota.",,Asia,TRUE,FALSE,FALSE,Elaeagnus,2025-11-26,Cristina Preda | Laurentiu Rozylowicz,Ioana Cristina Constantinescu
OSROUCKLJF7CQ6UAMK9X4M,"Phenacoccus insularis Danzig, 1971",Animalia,Arthropoda,Insecta,Hemiptera,Pseudococcidae,Phenacoccus,species,ICZN,Romania,RO,doubtful,uncertain,established,transportContaminant,parasitesOnPlants,naturalDispersal,1984,2018,Teodorescu I (2018) Contribution to database of alien/invasive Homoptera insects in Romania. Romanian Journal of Biology - Zoology 63(1-2): 29-68.,,Eastern Asia,TRUE,FALSE,FALSE,Maianthemum,2026-03-18,Cristina Preda | Laurentiu Rozylowicz,Marius Skolka | Carla F. Gavrilescu
OSROUCKLW23EP0ZXNJV6O2,"Phenacoccus pumilus Kiritshenko, 1936",Animalia,Arthropoda,Insecta,Hemiptera,Pseudococcidae,Phenacoccus,species,ICZN,Romania,RO,doubtful,uncertain,established,transportContaminant,parasitesOnPlants,naturalDispersal,1984,2018,Teodorescu I (2018) Contribution to database of alien/invasive Homoptera insects in Romania. Romanian Journal of Biology - Zoology 63(1-2): 29-68.,,Central Asia,TRUE,FALSE,FALSE,Trifolium | Plantae,2026-03-18,Cristina Preda | Laurentiu Rozylowicz,Marius Skolka | Carla F. Gavrilescu
OSROUCKLSLYHU7F85GCOCN,"Pterochloroides persicae (Cholodkovsky, 1898)",Animalia,Arthropoda,Insecta,Hemiptera,Aphididae,Pterochloroides,species,ICZN,Romania,RO,present,introduced,colonising,transportContaminant,parasitesOnPlants,naturalDispersal,1986,2018,"Adam C, Constantinescu IC, Draghici AC, Fusu L, Fusu MM, Gheoca V, Iorgu IS, Irimia AG, Maican S, Manci CO, Manu M, Mitroiu MD, Olosutean HG, Perju M, Petrescu AM, Pintilioaie AM, Popa AF, Popescu IE, Popovici OA, Prunar FV, Radac IA, Sahlean TC, Sitar C, Stanciu CR, Szekely L, Tausan I, Tomozii IB, Torok SC, Zaharia LG (2022) Raport final privind distributia speciilor de nevertebrate terestre alogene din hot-spot-uri si caile prioritare de patrundere (an 3 cartare). Raport intocmit in cadrul Proiectului POIM2014+120008 - Managementul adecvat al speciilor invazive din Romania, in conformitate cu Regulamentul UE 1143/2014 referitor la prevenirea si gestionarea introducerii si raspandirii speciilor alogene invazive. Ministerul Mediului, Apelor si Padurilor & Universitatea din Bucuresti, Bucuresti.",,Central Asia | Eastern Asia,TRUE,FALSE,FALSE,Prunus,2025-11-26,Cristina Preda | Laurentiu Rozylowicz,Marius Skolka | Carla F. Gavrilescu
OSROUCKL00MGQ9M26MYBVB,"Chrysodeixis chalcites (Esper, 1789)",Animalia,Arthropoda,Insecta,Lepidoptera,Noctuidae,Chrysodeixis,species,ICZN,Romania,RO,present,introduced,colonising,naturalDispersal,transportStowaway,,1986,2022,"Rakosy L, Momeu L (Eds) (2009) Neobiota din Romania. Editura Presa Universitara Clujeana, Cluj-Napoca.",,Sub-Saharan Africa,TRUE,FALSE,FALSE,Plantae,2025-11-26,Cristina Preda | Laurentiu Rozylowicz,Marius Skolka | Carla F. Gavrilescu
OSROUCKLNIXPZWAOEAM887,"Neogale vison (Schreber, 1777)",Animalia,Chordata,Mammalia,Carnivora,Mustelidae,Neogale,species,ICZN,Romania,RO,present,introduced,colonising,fur,escapeFromConfinement,naturalDispersal,1986,1999,"Cogalniceanu D, Cobzaru I, Dragan O, Fanaru G, Iftime A, Stanescu F, Telea E, Topliceanu S, Ureche D, Chisamera G, Petrescu A, Iftime O (2021) Raport tehnic privind sursele bibliografice referitoare la speciile de vertebrate terestre alogene invazive si potential invazive. Zenodo. https://doi.org/10.5281/zenodo.5593956 | Hegyeli Z, Kecskes A (2014) The occurrence of wild-living American Mink Neovison vison in Transylvania, Romania. Small Carnivore Conservation, 51, 23-28. | Cuzic M, Marinov M, Cuzic V (2002) American mink (Mustela lutreola in the Danube Delta, Scientific Annals of the Danube Delta Institute 9: 52-54.",species of Union Concern (Regulation 1143/2014),Northern America,TRUE,FALSE,TRUE,,2025-11-26,Cristina Preda | Laurentiu Rozylowicz,Gabriel Chisamera
OSROUCKLGKHL9ZORBS1M05,"Chymomyza amoena (Loew, 1862)",Animalia,Arthropoda,Insecta,Diptera,Drosophilidae,Chymomyza,species,ICZN,Romania,RO,present,introduced,colonising,transportContaminant,naturalDispersal,,1987,2021,"Skuhrava M, Martinez M, Roques A (2010) Diptera. Chapter 10. BioRisk 4: 553-602. https://doi.org/10.3897/biorisk.4.53 | Adam C, Constantinescu IC, Draghici AC, Fusu L, Fusu MM, Gheoca V, Iorgu IS, Irimia AG, Maican S, Manci CO, Manu M, Mitroiu MD, Olosutean HG, Perju M, Petrescu AM, Pintilioaie AM, Popa AF, Popescu IE, Popovici OA, Prunar FV, Radac IA, Sahlean TC, Sitar C, Stanciu CR, Szekely L, Tausan I, Tomozii IB, Torok SC, Zaharia LG (2022) Raport final privind distributia speciilor de nevertebrate terestre alogene din hot-spot-uri si caile prioritare de patrundere (an 3 cartare). Raport intocmit in cadrul Proiectului POIM2014+120008 - Managementul adecvat al speciilor invazive din Romania, in conformitate cu Regulamentul UE 1143/2014 referitor la prevenirea si gestionarea introducerii si raspandirii speciilor alogene invazive. Ministerul Mediului, Apelor si Padurilor & Universitatea din Bucuresti, Bucuresti.",,Northern America,TRUE,FALSE,FALSE,Plantae,2025-11-26,Cristina Preda | Laurentiu Rozylowicz,Marius Skolka | Carla F. Gavrilescu
OSROUCKLAKKWX3ELS4IHAT,"Corythucha ciliata (Say, 1832)",Animalia,Arthropoda,Insecta,Hemiptera,Tingidae,Corythucha,species,ICZN,Romania,RO,present,introduced,invasive,naturalDispersal,,,1987,2023,"Preda C, Adam C, Constantinescu IC, Popa OP, Popa LO, Balcu M-J, Brezeanu AM, Dascalu MM, Draghici A-C, Gavrilescu CF, Gavrilidis AA, Gheoca V, Iorgu EI, Iorgu IS, Krapal AM, Maican S, Manci C-O, Manta N, Manu M, Motoc RM, Niculae IM, Petrescu A-M, Pintilioaie A-M, Popa AF, Radac IA, Rozylowicz L, Ruicanescu A, Sahlean TC, Surugiu V, Serban C, Stefan A, Szekely L, Tausan I, Skolka M (2026) From soil to stream and sea: species richness and distribution of alien invertebrates in Romania. NeoBiota.",,Northern America,TRUE,FALSE,FALSE,Platanus,2025-11-26,Cristina Preda | Laurentiu Rozylowicz,Costica Adam
OSROUCKLWU5ZZFGR5ADICB,"Monopis crocicapitella (Clemens, 1859)",Animalia,Arthropoda,Insecta,Lepidoptera,Tineidae,Monopis,species,ICZN,Romania,RO,present,introduced,colonising,transportContaminant,transportStowaway,,1987,2022,"Adam C, Constantinescu IC, Draghici AC, Fusu L, Fusu MM, Gheoca V, Iorgu IS, Irimia AG, Maican S, Manci CO, Manu M, Mitroiu MD, Olosutean HG, Perju M, Petrescu AM, Pintilioaie AM, Popa AF, Popescu IE, Popovici OA, Prunar FV, Radac IA, Sahlean TC, Sitar C, Stanciu CR, Szekely L, Tausan I, Tomozii IB, Torok SC, Zaharia LG (2022) Raport final privind distributia speciilor de nevertebrate terestre alogene din hot-spot-uri si caile prioritare de patrundere (an 3 cartare). Raport intocmit in cadrul Proiectului POIM2014+120008 - Managementul adecvat al speciilor invazive din Romania, in conformitate cu Regulamentul UE 1143/2014 referitor la prevenirea si gestionarea introducerii si raspandirii speciilor alogene invazive. Ministerul Mediului, Apelor si Padurilor & Universitatea din Bucuresti, Bucuresti.",,Northern America,TRUE,FALSE,FALSE,Animalia,2025-11-26,Cristina Preda | Laurentiu Rozylowicz,Marius Skolka | Carla F. Gavrilescu
OSRO0QOGDITWVI8455,Spiraea × billardii Hérincq,Plantae,Tracheophyta,Magnoliopsida,Rosales,Rosaceae,Spiraea,species,ICN,Romania,RO,present,introduced,casual,ornamentalNonHorticulture,escapeFromConfinement,,1987,2021,"Anastasiu P, Miu I, Gavrilidis A, Preda C, Rozylowicz L, Sirbu C, Oprea A, Urziceanu M, Camen-Comanescu P, Nagoda E, Memedemin D, Barbos M, Boruz V, Cislariu A, Don I, Fagaras M, Frink J, Georgescu I, Haruta O, Hurdu B-I, Matis A, Milanovici S, Muncaciu S, Neacsu A, Neblea M, Nicolin A, Niculescu M, Oroian S, Pop O, Radutoiu D, Samarghitan M, Simion I, Soare L, Steiu C, Stoianov E, Strat D, Szabo A, Szatmari P, Tanase C, Mirea M, Manta N, Sirbu I (2024) Alien plant species distribution in Romania: a nationwide survey following the implementation of the EU Regulation on Invasive Alien Species. Biodiversity Data Journal 12. https://doi.org/10.3897/BDJ.12.e119539 | Sirbu C, Oprea A (2011) Plante adventive in flora Romaniei. Editura Ion Ionescu de la Brad, Iasi | Karacsonyi C (1987) Flora Campiei Eriului (jud. Satu Mare si Bihor). Studii si Comunicari Stiinte Naturale Muz. Satu Mare 7-8: 379-426 | Blackburn TM, Pysek P, Bacher S, Carlton JT, Duncan RP, Jarosik V, Wilson JRU, Richardson DM (2011) A proposed unified framework for biological invasions. Trends in Ecology and Evolution 26: 333–339. https://doi.org/10.1016/j.tree.2011.03.023 | Plants of the World Online (2026) https://powo.science.kew.org/",,hybrid,TRUE,FALSE,FALSE,,2025-11-26,Cristina Preda | Laurentiu Rozylowicz,Mihaela Urziceanu
OSRO7YJXSAOERC5XAG,Ipomoea hederacea Jacq.,Plantae,Tracheophyta,Magnoliopsida,Solanales,Convolvulaceae,Ipomoea,species,ICN,Romania,RO,present,introduced,reproducing,ornamentalNonHorticulture,,,1987,2022,"Anastasiu P, Miu I, Gavrilidis A, Preda C, Rozylowicz L, Sirbu C, Oprea A, Urziceanu M, Camen-Comanescu P, Nagoda E, Memedemin D, Barbos M, Boruz V, Cislariu A, Don I, Fagaras M, Frink J, Georgescu I, Haruta O, Hurdu B-I, Matis A, Milanovici S, Muncaciu S, Neacsu A, Neblea M, Nicolin A, Niculescu M, Oroian S, Pop O, Radutoiu D, Samarghitan M, Simion I, Soare L, Steiu C, Stoianov E, Strat D, Szabo A, Szatmari P, Tanase C, Mirea M, Manta N, Sirbu I (2024) Alien plant species distribution in Romania: a nationwide survey following the implementation of the EU Regulation on Invasive Alien Species. Biodiversity Data Journal 12. https://doi.org/10.3897/BDJ.12.e119539 | Sirbu C, Oprea A (2011) Plante adventive in flora Romaniei. Editura Ion Ionescu de la Brad, Iasi, Romania, 734 pp | Blackburn TM, Pysek P, Bacher S, Carlton JT, Duncan RP, Jarosik V, Wilson JR, Richardson DM (2011) A proposed unified framework for biological invasions. Trends in Ecology and Evolution 26: 333-339. https://doi.org/10.1016/j.tree.2011.03.023",,Mexico,TRUE,FALSE,FALSE,,2025-11-26,Cristina Preda | Laurentiu Rozylowicz,Ioana-Minodora Sirbu
OSROUCKLCDU2DJ2CI5FPM0,"Aculops allotrichus (Nalepa, 1894)",Animalia,Arthropoda,Arachnida,Sarcoptiformes,Eriophyidae,Aculops,species,ICZN,Romania,RO,present,introduced,colonising,transportContaminant,parasitesOnPlants,transportStowaway,1988,2022,"Preda C, Adam C, Constantinescu IC, Popa OP, Popa LO, Balcu M-J, Brezeanu AM, Dascalu MM, Draghici A-C, Gavrilescu CF, Gavrilidis AA, Gheoca V, Iorgu EI, Iorgu IS, Krapal AM, Maican S, Manci C-O, Manta N, Manu M, Motoc RM, Niculae IM, Petrescu A-M, Pintilioaie A-M, Popa AF, Radac IA, Rozylowicz L, Ruicanescu A, Sahlean TC, Surugiu V, Serban C, Stefan A, Szekely L, Tausan I, Skolka M (2026) From soil to stream and sea: species richness and distribution of alien invertebrates in Romania. NeoBiota.",,Northern America,TRUE,FALSE,FALSE,Robinia pseudoacacia,2025-11-26,Cristina Preda | Laurentiu Rozylowicz,Ioana Cristina Constantinescu
OSROUCKLVNZ3XGTZZRJA2C,"Unaspis euonymi (Comstock, 1881)",Animalia,Arthropoda,Insecta,Hemiptera,Diaspididae,Unaspis,species,ICZN,Romania,RO,present,introduced,colonising,transportContaminant,contaminantOnPlants,,1988,2022,"Preda C, Adam C, Constantinescu IC, Popa OP, Popa LO, Balcu M-J, Brezeanu AM, Dascalu MM, Draghici A-C, Gavrilescu CF, Gavrilidis AA, Gheoca V, Iorgu EI, Iorgu IS, Krapal AM, Maican S, Manci C-O, Manta N, Manu M, Motoc RM, Niculae IM, Petrescu A-M, Pintilioaie A-M, Popa AF, Radac IA, Rozylowicz L, Ruicanescu A, Sahlean TC, Surugiu V, Serban C, Stefan A, Szekely L, Tausan I, Skolka M (2026) From soil to stream and sea: species richness and distribution of alien invertebrates in Romania. NeoBiota. | Teodorescu I (2018) Contribution to database of alien/invasive Homoptera insects in Romania. Romanian Journal of Biology - Zoology 63(1-2): 29-68.",,Asia,TRUE,FALSE,FALSE,Euonymus,2025-11-26,Cristina Preda | Laurentiu Rozylowicz,Ioana Cristina Constantinescu
OSROUCKLEWVC778LVSWHO3,"Parectopa robiniella Clemens, 1863",Animalia,Arthropoda,Insecta,Lepidoptera,Gracillariidae,Parectopa,species,ICZN,Romania,RO,present,introduced,colonising,transportContaminant,naturalDispersal,,1988,2023,"Adam C, Constantinescu IC, Draghici AC, Fusu L, Fusu MM, Gheoca V, Iorgu IS, Irimia AG, Maican S, Manci CO, Manu M, Mitroiu MD, Olosutean HG, Perju M, Petrescu AM, Pintilioaie AM, Popa AF, Popescu IE, Popovici OA, Prunar FV, Radac IA, Sahlean TC, Sitar C, Stanciu CR, Szekely L, Tausan I, Tomozii IB, Torok SC, Zaharia LG (2022) Raport final privind distributia speciilor de nevertebrate terestre alogene din hot-spot-uri si caile prioritare de patrundere (an 3 cartare). Raport intocmit in cadrul Proiectului POIM2014+120008 - Managementul adecvat al speciilor invazive din Romania, in conformitate cu Regulamentul UE 1143/2014 referitor la prevenirea si gestionarea introducerii si raspandirii speciilor alogene invazive. Ministerul Mediului, Apelor si Padurilor & Universitatea din Bucuresti, Bucuresti.",,Northern America,TRUE,FALSE,FALSE,Robinia,2025-11-26,Cristina Preda | Laurentiu Rozylowicz,Marius Skolka | Carla F. Gavrilescu
OSROUCKL2EMB5RDNP3Y9ZY,"Thrips simplex (Morison, 1930)",Animalia,Arthropoda,Insecta,Thysanoptera,Thripidae,Thrips,species,ICZN,Romania,RO,present,introduced,colonising,transportStowaway,naturalDispersal,,1988,2015,Reynaud P (2010) Thrips (Thysanoptera). Chapter 13.1. BioRisk 4: 767-791. https://doi.org/10.3897/biorisk.4.59,,Australia and New Zealand,TRUE,FALSE,FALSE,Gladiolus,2025-11-26,Cristina Preda | Laurentiu Rozylowicz,Marius Skolka | Carla F. Gavrilescu
OSROUCKL000365XLV0VBAW,"Aphelenchoides ritzemabosi (Schwartz, 1911) Steiner & Buhrer, 1932",Animalia,Nematoda,Chromadorea,Rhabditida,,Aphelenchoides,species,ICZN,Romania,RO,present,introduced,colonising,transportContaminant,naturalDispersal,,1988,1988,"Preda C, Adam C, Constantinescu IC, Popa OP, Popa LO, Balcu M-J, Brezeanu AM, Dascalu MM, Draghici A-C, Gavrilescu CF, Gavrilidis AA, Gheoca V, Iorgu EI, Iorgu IS, Krapal AM, Maican S, Manci C-O, Manta N, Manu M, Motoc RM, Niculae IM, Petrescu A-M, Pintilioaie A-M, Popa AF, Radac IA, Rozylowicz L, Ruicanescu A, Sahlean TC, Surugiu V, Serban C, Stefan A, Szekely L, Tausan I, Skolka M (2026) From soil to stream and sea: species richness and distribution of alien invertebrates in Romania. NeoBiota.",,Cryptogenic,TRUE,FALSE,FALSE,,2025-11-26,Cristina Preda | Laurentiu Rozylowicz,Marius Skolka | Carla F. Gavrilescu
OSROUCKL9FZ6PHYKDM5OP0,Lamyctes (Lamyctes) emarginatus Newport (1844),Animalia,Arthropoda,Chilopoda,Lithobiomorpha,Henicopidae,Lamyctes,species,ICZN,Romania,RO,doubtful,uncertain,established,transportStowaway,naturalDispersal,,1989,1989,"Lopez-Vaamonde C, Agassiz D, Augustin S, De Prins J, De Prins W, Gomboc S, Ivinskis P, Karsholt O, Koutroumpas A, Koutroumpa F, Lastuvka Z, Marabuto E, Olivella E, Przybylowicz L, Roques A, Ryrholm N, Sefrova H, Sima P, Sims I, Sinev S, Skulev B, Tomov R, Zilli A, Lees D (2010) Lepidoptera. Chapter 11. BioRisk 4: 603-668. https://doi.org/10.3897/biorisk.4.50 | Negrea I (1989) Sur la presence de Lamyctes fulvicornis Meinert, 1868 (Chilopoda Henicopidaee) en Roumanie. Miscellanea Speologica Romanica 1 : 168-174 | Stoev P, Zapparoli M, Golovatch S, Enghoff H, Akkari N, Barber A (2010) Myriapods (Myriapoda). Chapter 7.2. BioRisk 4: 97-130. https://doi.org/10.3897/biorisk.4.51",,Australia and New Zealand,TRUE,FALSE,FALSE,,2026-03-14,Cristina Preda | Laurentiu Rozylowicz,Marius Skolka | Carla F. Gavrilescu
OSROUCKLQ19NGSEHRU6WHN,"Mnemiopsis leidyi A. Agassiz, 1865",Animalia,Ctenophora,Tentaculata,Lobata,Bolinopsidae,Mnemiopsis,species,ICZN,Romania,RO,present,introduced,invasive,ballastWater,naturalDispersal,,1989,1995,"Preda C, Adam C, Constantinescu IC, Popa OP, Popa LO, Balcu M-J, Brezeanu AM, Dascalu MM, Draghici A-C, Gavrilescu CF, Gavrilidis AA, Gheoca V, Iorgu EI, Iorgu IS, Krapal AM, Maican S, Manci C-O, Manta N, Manu M, Motoc RM, Niculae IM, Petrescu A-M, Pintilioaie A-M, Popa AF, Radac IA, Rozylowicz L, Ruicanescu A, Sahlean TC, Surugiu V, Serban C, Stefan A, Szekely L, Tausan I, Skolka M (2026) From soil to stream and sea: species richness and distribution of alien invertebrates in Romania. NeoBiota.",,Northern America (Atlantic coast) | South America (Atlantic coast) | Atlantic Ocean (W),FALSE,TRUE,FALSE,,2025-11-26,Cristina Preda | Laurentiu Rozylowicz,Marius Skolka | Carla F. Gavrilescu
OSROPRR2YP6U08SK8U,Dysphania pumilio (R.Br.) Mosyakin & Clemants,Plantae,Tracheophyta,Magnoliopsida,Caryophyllales,Amaranthaceae,Dysphania,species,ICN,Romania,RO,present,introduced,reproducing,seedContaminant,,,1989,2022,"Anastasiu P, Miu I, Gavrilidis A, Preda C, Rozylowicz L, Sirbu C, Oprea A, Urziceanu M, Camen-Comanescu P, Nagoda E, Memedemin D, Barbos M, Boruz V, Cislariu A, Don I, Fagaras M, Frink J, Georgescu I, Haruta O, Hurdu B-I, Matis A, Milanovici S, Muncaciu S, Neacsu A, Neblea M, Nicolin A, Niculescu M, Oroian S, Pop O, Radutoiu D, Samarghitan M, Simion I, Soare L, Steiu C, Stoianov E, Strat D, Szabo A, Szatmari P, Tanase C, Mirea M, Manta N, Sirbu I (2024) Alien plant species distribution in Romania: a nationwide survey following the implementation of the EU Regulation on Invasive Alien Species. Biodiversity Data Journal 12. https://doi.org/10.3897/BDJ.12.e119539 | Szczesniak E, Bortniak M, Kucharski M, Rosadzinski S (2025) Dysphania pumilio (R.Br.) Mosyakin and Clemants (Chenopodium pumilio R.Br.; Amaranthaceae) the first time recorded as a garden weed in Poland. Acta Agrobotanica 78: 1-13. https://doi.org/10.5586/aa/197286",,Australia,TRUE,FALSE,FALSE,,2025-11-26,Cristina Preda | Laurentiu Rozylowicz,Daniyar Memedemin
OSROUCKL2UXP1CK1O9BGX8,"Dasineura gleditchiae (Osten Sacken, 1866)",Animalia,Arthropoda,Insecta,Diptera,Cecidomyiidae,Dasineura,species,ICZN,Romania,RO,present,introduced,colonising,transportContaminant,naturalDispersal,,1990,2023,"Skuhrava M, Martinez M, Roques A (2010) Diptera. Chapter 10. BioRisk 4: 553-602. https://doi.org/10.3897/biorisk.4.53 | Olenici N, Balacenoiu F, Tomescu R, Netoiu C, Buzatu A, Alexandru A (2022) Invasive alien forest insect species in south-eastern Romania. Notulae Botanicae Horti Agrobotanici Cluj-Napoca 50: 12618. https://doi.org/10.15835/nbha50112618",,Northern America,TRUE,FALSE,FALSE,Gleditsia,2025-11-26,Cristina Preda | Laurentiu Rozylowicz,Marius Skolka | Carla F. Gavrilescu
OSROUCKLLVCVH3NVLT26Q2,"Alopochen aegyptiaca (Linnaeus, 1766)",Animalia,Chordata,Aves,Anseriformes,Anatidae,Alopochen,species,ICZN,Romania,RO,present,introduced,casual,PublicGardenZooAquaria,OtherEscape,escapeFromConfinement,1990,2025,"Cogalniceanu D, Cobzaru I, Dragan O, Fanaru G, Iftime A, Stanescu F, Telea E, Topliceanu S, Ureche D, Chisamera G, Petrescu A, Iftime O (2021) Raport tehnic privind sursele bibliografice referitoare la speciile de vertebrate terestre alogene invazive si potential invazive. Zenodo. https://doi.org/10.5281/zenodo.5593956 | https://www.inaturalist.org/observations/253748991",species of Union Concern (Regulation 1143/2014) | last observation: Marian Tudor personal observations,Northern Africa | Eastern Africa | Middle Africa | Southern Africa | Western Africa,TRUE,FALSE,FALSE,,2025-11-26,Cristina Preda | Laurentiu Rozylowicz,Marian Tudor
OSROUCKLOZQL8C8H6PQGZL,"Polyodon spathula (Walbaum, 1792)",Animalia,Chordata,Actinopterygii,Acipenseriformes,Polyodontidae,Polyodon,species,ICZN,Romania,RO,present,introduced,cultivated,aquacultureMariculture,escapeFromConfinement,,1992,2020,"Cogalniceanu D, Cobzaru I, Dragan O, Fanaru G, Iftime A, Stanescu F, Telea E, Topliceanu S, Ureche D, Chisamera G, Petrescu A, Iftime O (2021) Raport tehnic privind sursele bibliografice referitoare la speciile de vertebrate terestre alogene invazive si potential invazive. Zenodo. https://doi.org/10.5281/zenodo.5593956 | Pintilioaie A-M, Spaseni P, Jurjescu A, Radac IA (2021) First record of the alien mantid Hierodula tenuidentata (Insecta: Mantodea) in Romania. Travaux du Museum National d'Histoire Naturelle Grigore Antipa 64(1): 37-49. https://doi.org/10.3897/travaux.64.e6755 | Dragan O, Rozylowicz L, Ureche D, Falka I, Cogalniceanu D (2024) Invasive fish species in Romanian freshwater. A review of over 100 years of occurrence reports. NeoBiota 94: 15-30. https://doi.org/10.3897/neobiota.94.117313 | Simonovic P (2006) Occurrence of paddlefish Polyodon spathula (Walbaum, 1792) in the Serbian part of the lower River Danube. Aquatic Invasions 1: 183-185. https://doi.org/10.3391/ai.2006.1.3.13",,Northern America,FALSE,FALSE,TRUE,,2025-11-26,Cristina Preda | Laurentiu Rozylowicz,Florina Stanescu
OSRO65EYAW6CRLG8PN,Cyperus odoratus L.,Plantae,Tracheophyta,Liliopsida,Poales,Cyperaceae,Cyperus,species,ICN,Romania,RO,present,introduced,established,waterwaysBasinsSeas,,,1992,2021,"Anastasiu P, Miu I, Gavrilidis A, Preda C, Rozylowicz L, Sirbu C, Oprea A, Urziceanu M, Camen-Comanescu P, Nagoda E, Memedemin D, Barbos M, Boruz V, Cislariu A, Don I, Fagaras M, Frink J, Georgescu I, Haruta O, Hurdu B-I, Matis A, Milanovici S, Muncaciu S, Neacsu A, Neblea M, Nicolin A, Niculescu M, Oroian S, Pop O, Radutoiu D, Samarghitan M, Simion I, Soare L, Steiu C, Stoianov E, Strat D, Szabo A, Szatmari P, Tanase C, Mirea M, Manta N, Sirbu I (2024) Alien plant species distribution in Romania: a nationwide survey following the implementation of the EU Regulation on Invasive Alien Species. Biodiversity Data Journal 12. https://doi.org/10.3897/BDJ.12.e119539 | Roman N (1992) Contributii la cunoasterea florei Rezervatiei Biosferei Delta Dunarii. Analele Sti. Inst. Delta Dunarii, 1: 51-56",,Australia | Brazil | Caribbean | Caucasus | Central America | China | Eastern Asia | Eastern Canada | Indian Subcontinent | Indo-China | Malesia | Mexico | North-Central U.S.A. | Northeastern U.S.A. | Northern South America | Northwestern Pacific | Northwestern U.S.A. | Papuasia | South Tropical Africa | South-Central Pacific | South-Central U.S.A. | Southeastern U.S.A. | Southern South America | Southwestern Pacific | Southwestern U.S.A. | West Tropical Africa | West-Central Tropical Africa | Western Asia | Western Indian Ocean | Western South America,TRUE,FALSE,TRUE,,2025-11-26,Cristina Preda | Laurentiu Rozylowicz,Paulina Anastasiu
OSROK533LZ7LFFL647,Paspalum distichum L.,Plantae,Tracheophyta,Liliopsida,Poales,Poaceae,Paspalum,species,ICN,Romania,RO,present,introduced,invasive,waterwaysBasinsSeas,,,1992,2022,"Anastasiu P, Miu I, Gavrilidis A, Preda C, Rozylowicz L, Sirbu C, Oprea A, Urziceanu M, Camen-Comanescu P, Nagoda E, Memedemin D, Barbos M, Boruz V, Cislariu A, Don I, Fagaras M, Frink J, Georgescu I, Haruta O, Hurdu B-I, Matis A, Milanovici S, Muncaciu S, Neacsu A, Neblea M, Nicolin A, Niculescu M, Oroian S, Pop O, Radutoiu D, Samarghitan M, Simion I, Soare L, Steiu C, Stoianov E, Strat D, Szabo A, Szatmari P, Tanase C, Mirea M, Manta N, Sirbu I (2024) Alien plant species distribution in Romania: a nationwide survey following the implementation of the EU Regulation on Invasive Alien Species. Biodiversity Data Journal 12. https://doi.org/10.3897/BDJ.12.e119539 | Roman N (1992) Contributii la cunoasterea florei Rezervatiei Biosferei Delta Dunarii. Analele Sti. Inst. Delta Dunarii, 1: 51-56",,Brazil | Caribbean | Central America | Mexico | North-Central U.S.A. | Northeastern U.S.A. | Northern South America | Northwestern U.S.A. | South-Central U.S.A. | Southeastern U.S.A. | Southern South America | Southwestern U.S.A. | Western South America,TRUE,FALSE,TRUE,,2025-11-26,Cristina Preda | Laurentiu Rozylowicz,Paulina Anastasiu
OSROUCKL0GVIZJFI7QAG8A,Ambrosia tenuifolia Spreng.,Plantae,Tracheophyta,Magnoliopsida,Asterales,Asteraceae,Ambrosia,species,ICN,Romania,RO,present,introduced,established,otherTransport,,,1992,2022,"Anastasiu P, Miu I, Gavrilidis A, Preda C, Rozylowicz L, Sirbu C, Oprea A, Urziceanu M, Camen-Comanescu P, Nagoda E, Memedemin D, Barbos M, Boruz V, Cislariu A, Don I, Fagaras M, Frink J, Georgescu I, Haruta O, Hurdu B-I, Matis A, Milanovici S, Muncaciu S, Neacsu A, Neblea M, Nicolin A, Niculescu M, Oroian S, Pop O, Radutoiu D, Samarghitan M, Simion I, Soare L, Steiu C, Stoianov E, Strat D, Szabo A, Szatmari P, Tanase C, Mirea M, Manta N, Sirbu I (2024) Alien plant species distribution in Romania: a nationwide survey following the implementation of the EU Regulation on Invasive Alien Species. Biodiversity Data Journal 12. https://doi.org/10.3897/BDJ.12.e119539 | Karrer G, Sirbu C, Oprea A, Doroftei M, Covaliov S, Georgescu MI (2021) Ambrosia tenuifolia, instead of A. psilostachya, in Romania. Scientific Annals of the Danube Delta Institute 26: 17-26",,Brazil | Southern South America | Western South America,TRUE,FALSE,FALSE,,2025-11-26,Cristina Preda | Laurentiu Rozylowicz,Paulina Anastasiu
OSROCTSUKT8DQZCYSW,Datura innoxia Mill.,Plantae,Tracheophyta,Magnoliopsida,Solanales,Solanaceae,Datura,species,ICN,Romania,RO,present,introduced,established,escapeFromConfinement,ornamentalNonHorticulture,,1992,2025,"Anastasiu P, Miu I, Gavrilidis A, Preda C, Rozylowicz L, Sirbu C, Oprea A, Urziceanu M, Camen-Comanescu P, Nagoda E, Memedemin D, Barbos M, Boruz V, Cislariu A, Don I, Fagaras M, Frink J, Georgescu I, Haruta O, Hurdu B-I, Matis A, Milanovici S, Muncaciu S, Neacsu A, Neblea M, Nicolin A, Niculescu M, Oroian S, Pop O, Radutoiu D, Samarghitan M, Simion I, Soare L, Steiu C, Stoianov E, Strat D, Szabo A, Szatmari P, Tanase C, Mirea M, Manta N, Sirbu I (2024) Alien plant species distribution in Romania: a nationwide survey following the implementation of the EU Regulation on Invasive Alien Species. Biodiversity Data Journal 12. https://doi.org/10.3897/BDJ.12.e119539 | Sirbu C, Oprea A (2011) Plante adventive in flora Romaniei. Editura Ion Ionescu de la Brad, Iasi, Romania, 734 pp | https://www.inaturalist.org/observations/313076448 | Blackburn TM, Pysek P, Bacher S, Carlton JT, Duncan RP, Jarosik V, Wilson JR, Richardson DM (2011) A proposed unified framework for biological invasions. Trends in Ecology and Evolution 26: 333-339. https://doi.org/10.1016/j.tree.2011.03.023",,Mexico | South-Central U.S.A.,TRUE,FALSE,FALSE,,2025-11-26,Cristina Preda | Laurentiu Rozylowicz,Ioana-Minodora Sirbu
OSROT49S7TTU7X22GB,Elodea nuttallii (Planch.) H.St.John,Plantae,Tracheophyta,Liliopsida,Alismatales,Hydrocharitaceae,Elodea,species,ICN,Romania,RO,present,introduced,invasive,waterwaysBasinsSeas,,,1993,2022,"Anastasiu P, Miu I, Gavrilidis A, Preda C, Rozylowicz L, Sirbu C, Oprea A, Urziceanu M, Camen-Comanescu P, Nagoda E, Memedemin D, Barbos M, Boruz V, Cislariu A, Don I, Fagaras M, Frink J, Georgescu I, Haruta O, Hurdu B-I, Matis A, Milanovici S, Muncaciu S, Neacsu A, Neblea M, Nicolin A, Niculescu M, Oroian S, Pop O, Radutoiu D, Samarghitan M, Simion I, Soare L, Steiu C, Stoianov E, Strat D, Szabo A, Szatmari P, Tanase C, Mirea M, Manta N, Sirbu I (2024) Alien plant species distribution in Romania: a nationwide survey following the implementation of the EU Regulation on Invasive Alien Species. Biodiversity Data Journal 12. https://doi.org/10.3897/BDJ.12.e119539",species of Union Concern (Regulation 1143/2014),Eastern Canada | North-Central U.S.A. | Northeastern U.S.A. | Northwestern U.S.A. | South-Central U.S.A. | Southeastern U.S.A. | Southwestern U.S.A. | Western Canada,FALSE,FALSE,TRUE,,2025-11-26,Cristina Preda | Laurentiu Rozylowicz,Paulina Anastasiu
OSROUCKLBBMABMRMV5Y21C,Bidens connata Muhl. ex Willd.,Plantae,Tracheophyta,Magnoliopsida,Asterales,Asteraceae,Bidens,species,ICN,Romania,RO,present,introduced,established,waterwaysBasinsSeas,,,1993,2022,"Anastasiu P, Miu I, Gavrilidis A, Preda C, Rozylowicz L, Sirbu C, Oprea A, Urziceanu M, Camen-Comanescu P, Nagoda E, Memedemin D, Barbos M, Boruz V, Cislariu A, Don I, Fagaras M, Frink J, Georgescu I, Haruta O, Hurdu B-I, Matis A, Milanovici S, Muncaciu S, Neacsu A, Neblea M, Nicolin A, Niculescu M, Oroian S, Pop O, Radutoiu D, Samarghitan M, Simion I, Soare L, Steiu C, Stoianov E, Strat D, Szabo A, Szatmari P, Tanase C, Mirea M, Manta N, Sirbu I (2024) Alien plant species distribution in Romania: a nationwide survey following the implementation of the EU Regulation on Invasive Alien Species. Biodiversity Data Journal 12. https://doi.org/10.3897/BDJ.12.e119539 | Ciocarlan V (1993) Contributii la cunoasterea florei Romaniei. Stud. Cerc. Biol., Ser. Biol. veg., 45(1): 21-25",,Eastern Canada | North-Central U.S.A. | Northeastern U.S.A. | Northwestern U.S.A. | Southeastern U.S.A.,TRUE,FALSE,TRUE,,2025-11-26,Cristina Preda | Laurentiu Rozylowicz,Paulina Anastasiu
OSROUCKLZUC6C8NTTU6F8U,"Calocalanus tenuis Farran, 1926",Animalia,Arthropoda,Copepoda,Calanoida,Paracalanidae,Calocalanus,species,ICZN,Romania,RO,present,introduced,colonising,transportStowaway,ballastWater,naturalDispersal,1994,2022,"Palero F, Ferrer-Mateu I, Wray B, Hughes R, Morritt D, Lepage M, Kotterman M, van der Meer M, Tate M, Kamanli S, Smith L, Llewellyn-Hughes J, Clark P (2022) Presence of a second Eriocheir species in Europe as confirmed by molecular and morphological data. Aquatic Invasions 17: 374-392. https://doi.org/10.3391/ai.2022.17.3.03",,Atlantic Ocean,FALSE,TRUE,FALSE,,2025-11-26,Cristina Preda | Laurentiu Rozylowicz,Marius Skolka | Carla F. Gavrilescu
OSROUCKLC5QQI20D44YAJP,"Agetus flaccus (Giesbrecht, 1891)",Animalia,Arthropoda,Copepoda,Cyclopoida,Corycaeidae,Agetus,species,ICZN,Romania,RO,present,introduced,colonising,transportStowaway,ballastWater,naturalDispersal,1994,2022,"Palero F, Ferrer-Mateu I, Wray B, Hughes R, Morritt D, Lepage M, Kotterman M, van der Meer M, Tate M, Kamanli S, Smith L, Llewellyn-Hughes J, Clark P (2022) Presence of a second Eriocheir species in Europe as confirmed by molecular and morphological data. Aquatic Invasions 17: 374-392. https://doi.org/10.3391/ai.2022.17.3.03",,Atlantic Ocean | Indian Ocean | Pacific Ocean,FALSE,TRUE,FALSE,,2025-11-26,Cristina Preda | Laurentiu Rozylowicz,Marius Skolka | Carla F. Gavrilescu
OSROUCKL650I9RO5WA4TUY,"Agetus typicus Krøyer, 1849",Animalia,Arthropoda,Copepoda,Cyclopoida,Corycaeidae,Agetus,species,ICZN,Romania,RO,present,introduced,colonising,transportStowaway,ballastWater,naturalDispersal,1994,2022,"Palero F, Ferrer-Mateu I, Wray B, Hughes R, Morritt D, Lepage M, Kotterman M, van der Meer M, Tate M, Kamanli S, Smith L, Llewellyn-Hughes J, Clark P (2022) Presence of a second Eriocheir species in Europe as confirmed by molecular and morphological data. Aquatic Invasions 17: 374-392. https://doi.org/10.3391/ai.2022.17.3.03",,Cosmopolitan,FALSE,TRUE,FALSE,,2025-11-26,Cristina Preda | Laurentiu Rozylowicz,Marius Skolka | Carla F. Gavrilescu
OSROUCKLMHHWZCZFPO6WX0,"Corycaeus clausi Dahl F., 1894",Animalia,Arthropoda,Copepoda,Cyclopoida,Corycaeidae,Corycaeus,species,ICZN,Romania,RO,present,introduced,colonising,transportStowaway,ballastWater,naturalDispersal,1994,2022,"Palero F, Ferrer-Mateu I, Wray B, Hughes R, Morritt D, Lepage M, Kotterman M, van der Meer M, Tate M, Kamanli S, Smith L, Llewellyn-Hughes J, Clark P (2022) Presence of a second Eriocheir species in Europe as confirmed by molecular and morphological data. Aquatic Invasions 17: 374-392. https://doi.org/10.3391/ai.2022.17.3.03",,Atlantic Ocean | Indian Ocean | Pacific Ocean,FALSE,TRUE,FALSE,,2025-11-26,Cristina Preda | Laurentiu Rozylowicz,Marius Skolka | Carla F. Gavrilescu
OSROUCKL7Y4SL670315Y3H,"Urocorycaeus furcifer (Claus, 1863)",Animalia,Arthropoda,Copepoda,Cyclopoida,Corycaeidae,Urocorycaeus,species,ICZN,Romania,RO,present,introduced,colonising,transportStowaway,ballastWater,naturalDispersal,1994,2022,"Palero F, Ferrer-Mateu I, Wray B, Hughes R, Morritt D, Lepage M, Kotterman M, van der Meer M, Tate M, Kamanli S, Smith L, Llewellyn-Hughes J, Clark P (2022) Presence of a second Eriocheir species in Europe as confirmed by molecular and morphological data. Aquatic Invasions 17: 374-392. https://doi.org/10.3391/ai.2022.17.3.03",,Cosmopolitan,FALSE,TRUE,FALSE,,2025-11-26,Cristina Preda | Laurentiu Rozylowicz,Marius Skolka | Carla F. Gavrilescu
OSROUCKLVBCFMS4GTXWWGH,"Triconia dentipes (Giesbrecht, 1891)",Animalia,Arthropoda,Copepoda,Cyclopoida,Oncaeidae,Triconia,species,ICZN,Romania,RO,present,introduced,colonising,transportStowaway,ballastWater,naturalDispersal,1994,2022,"Palero F, Ferrer-Mateu I, Wray B, Hughes R, Morritt D, Lepage M, Kotterman M, van der Meer M, Tate M, Kamanli S, Smith L, Llewellyn-Hughes J, Clark P (2022) Presence of a second Eriocheir species in Europe as confirmed by molecular and morphological data. Aquatic Invasions 17: 374-392. https://doi.org/10.3391/ai.2022.17.3.03",,Cosmopolitan,FALSE,TRUE,FALSE,,2025-11-26,Cristina Preda | Laurentiu Rozylowicz,Marius Skolka | Carla F. Gavrilescu
OSROUCKL0J0AAV2LW5Y5ME,"Triconia minuta (Giesbrecht, 1893)",Animalia,Arthropoda,Copepoda,Cyclopoida,Oncaeidae,Triconia,species,ICZN,Romania,RO,present,introduced,colonising,transportStowaway,ballastWater,naturalDispersal,1994,2022,"Palero F, Ferrer-Mateu I, Wray B, Hughes R, Morritt D, Lepage M, Kotterman M, van der Meer M, Tate M, Kamanli S, Smith L, Llewellyn-Hughes J, Clark P (2022) Presence of a second Eriocheir species in Europe as confirmed by molecular and morphological data. Aquatic Invasions 17: 374-392. https://doi.org/10.3391/ai.2022.17.3.03",,Cosmopolitan,FALSE,TRUE,FALSE,,2025-11-26,Cristina Preda | Laurentiu Rozylowicz,Marius Skolka | Carla F. Gavrilescu
OSROUCKLRNJ3MHNLHM265L,"Euterpina acutifrons (Dana, 1848)",Animalia,Arthropoda,Copepoda,Harpacticoida,Tachidiidae,Euterpina,species,ICZN,Romania,RO,present,introduced,colonising,transportStowaway,ballastWater,naturalDispersal,1994,2022,"Palero F, Ferrer-Mateu I, Wray B, Hughes R, Morritt D, Lepage M, Kotterman M, van der Meer M, Tate M, Kamanli S, Smith L, Llewellyn-Hughes J, Clark P (2022) Presence of a second Eriocheir species in Europe as confirmed by molecular and morphological data. Aquatic Invasions 17: 374-392. https://doi.org/10.3391/ai.2022.17.3.03",,Cosmopolitan,FALSE,TRUE,FALSE,,2025-11-26,Cristina Preda | Laurentiu Rozylowicz,Marius Skolka | Carla F. Gavrilescu
OSROU89L66AWFHAQYL,Eclipta prostrata (L.) L.,Plantae,Tracheophyta,Magnoliopsida,Asterales,Asteraceae,Eclipta,species,ICN,Romania,RO,present,introduced,invasive,waterwaysBasinsSeas,,,1994,2022,"Anastasiu P, Miu I, Gavrilidis A, Preda C, Rozylowicz L, Sirbu C, Oprea A, Urziceanu M, Camen-Comanescu P, Nagoda E, Memedemin D, Barbos M, Boruz V, Cislariu A, Don I, Fagaras M, Frink J, Georgescu I, Haruta O, Hurdu B-I, Matis A, Milanovici S, Muncaciu S, Neacsu A, Neblea M, Nicolin A, Niculescu M, Oroian S, Pop O, Radutoiu D, Samarghitan M, Simion I, Soare L, Steiu C, Stoianov E, Strat D, Szabo A, Szatmari P, Tanase C, Mirea M, Manta N, Sirbu I (2024) Alien plant species distribution in Romania: a nationwide survey following the implementation of the EU Regulation on Invasive Alien Species. Biodiversity Data Journal 12. https://doi.org/10.3897/BDJ.12.e119539 | Dihoru Gh, Sarbu A (1998) Eclipta prostrata (fam. Asteraceae), neofita in flora Romaniei. Acta Horti Bot. Bucurest., /1996-1997/: 95-99",,Brazil | Caribbean | Central America | Eastern Canada | Mexico | North-Central U.S.A. | Northeastern U.S.A. | Northern South America | South-Central U.S.A. | Southeastern U.S.A. | Southern South America | Southwestern U.S.A. | Western South America,TRUE,FALSE,FALSE,,2025-11-26,Cristina Preda | Laurentiu Rozylowicz,Paulina Anastasiu
OSROO0ZFQX24YW3FGM,Lindernia dubia (L.) Pennell,Plantae,Tracheophyta,Magnoliopsida,Lamiales,Linderniaceae,Lindernia,species,ICN,Romania,RO,present,introduced,invasive,waterwaysBasinsSeas,,,1994,2022,"Anastasiu P, Miu I, Gavrilidis A, Preda C, Rozylowicz L, Sirbu C, Oprea A, Urziceanu M, Camen-Comanescu P, Nagoda E, Memedemin D, Barbos M, Boruz V, Cislariu A, Don I, Fagaras M, Frink J, Georgescu I, Haruta O, Hurdu B-I, Matis A, Milanovici S, Muncaciu S, Neacsu A, Neblea M, Nicolin A, Niculescu M, Oroian S, Pop O, Radutoiu D, Samarghitan M, Simion I, Soare L, Steiu C, Stoianov E, Strat D, Szabo A, Szatmari P, Tanase C, Mirea M, Manta N, Sirbu I (2024) Alien plant species distribution in Romania: a nationwide survey following the implementation of the EU Regulation on Invasive Alien Species. Biodiversity Data Journal 12. https://doi.org/10.3897/BDJ.12.e119539",,Brazil | Caribbean | Central America | Eastern Canada | Mexico | North-Central U.S.A. | Northeastern U.S.A. | Northern South America | Northwestern U.S.A. | South-Central U.S.A. | Southeastern U.S.A. | Southern South America | Southwestern U.S.A. | Western Canada | Western South America,TRUE,FALSE,TRUE,,2025-11-26,Cristina Preda | Laurentiu Rozylowicz,Culita Sirbu
OSROUCKLFH6EUJN5LXV3C3,Berberis aquifolium Pursh,Plantae,Tracheophyta,Magnoliopsida,Ranunculales,Berberidaceae,Berberis,species,ICN,Romania,RO,present,introduced,casual,ornamentalNonHorticulture,escapeFromConfinement,,1994,2025,"Anastasiu P, Miu I, Gavrilidis A, Preda C, Rozylowicz L, Sirbu C, Oprea A, Urziceanu M, Camen-Comanescu P, Nagoda E, Memedemin D, Barbos M, Boruz V, Cislariu A, Don I, Fagaras M, Frink J, Georgescu I, Haruta O, Hurdu B-I, Matis A, Milanovici S, Muncaciu S, Neacsu A, Neblea M, Nicolin A, Niculescu M, Oroian S, Pop O, Radutoiu D, Samarghitan M, Simion I, Soare L, Steiu C, Stoianov E, Strat D, Szabo A, Szatmari P, Tanase C, Mirea M, Manta N, Sirbu I (2024) Alien plant species distribution in Romania: a nationwide survey following the implementation of the EU Regulation on Invasive Alien Species. Biodiversity Data Journal 12. https://doi.org/10.3897/BDJ.12.e119539 | Anastasiu P, Camen-Comanescu P, Sirbu I-M, Urziceanu M (2024) Urban flora: new reports for Bucharest's flora. Acta Horti Botanici Bucurestiensis 50(1): 41-58. https://doi.org/10.62229/ahbb.2024.50/3 | Sirbu C, Oprea A (2011) Plante adventive in flora Romaniei. Editura Ion Ionescu de la Brad, Iasi | Anastasiu P (1994) Plante naturalizate in municipiul Bucuresti. Acta Horti Botanica Bucuresti: 135-137 | Blackburn TM, Pysek P, Bacher S, Carlton JT, Duncan RP, Jarosik V, Wilson JRU, Richardson DM (2011) A proposed unified framework for biological invasions. Trends in Ecology and Evolution 26: 333–339. https://doi.org/10.1016/j.tree.2011.03.023 | Plants of the World Online (2026) https://powo.science.kew.org/",,Northwestern U.S.A. | Southwestern U.S.A. | Western Canada,TRUE,FALSE,FALSE,,2025-11-26,Cristina Preda | Laurentiu Rozylowicz,Mihaela Urziceanu
OSROUCKL2WM79N72T3YJ2E,"Perigona (Trechicus) nigriceps (Dejean, 1831)",Animalia,Arthropoda,Insecta,Coleoptera,Carabidae,Perigona,species,ICZN,Romania,RO,present,introduced,colonising,transportContaminant,,,1995,1995,"Preda C, Adam C, Constantinescu IC, Popa OP, Popa LO, Balcu M-J, Brezeanu AM, Dascalu MM, Draghici A-C, Gavrilescu CF, Gavrilidis AA, Gheoca V, Iorgu EI, Iorgu IS, Krapal AM, Maican S, Manci C-O, Manta N, Manu M, Motoc RM, Niculae IM, Petrescu A-M, Pintilioaie A-M, Popa AF, Radac IA, Rozylowicz L, Ruicanescu A, Sahlean TC, Surugiu V, Serban C, Stefan A, Szekely L, Tausan I, Skolka M (2026) From soil to stream and sea: species richness and distribution of alien invertebrates in Romania. NeoBiota.",,Asia,TRUE,FALSE,FALSE,,2025-11-26,Cristina Preda | Laurentiu Rozylowicz,Marius Skolka | Carla F. Gavrilescu
OSROUCKLN37A58L7KSCJK9,"Protracheoniscus major (Dollfus, 1903)",Animalia,Arthropoda,Malacostraca,Isopoda,Agnaridae,Protracheoniscus,species,ICZN,Romania,RO,present,introduced,colonising,transportContaminant,naturalDispersal,,1995,2019,"Preda C, Adam C, Constantinescu IC, Popa OP, Popa LO, Balcu M-J, Brezeanu AM, Dascalu MM, Draghici A-C, Gavrilescu CF, Gavrilidis AA, Gheoca V, Iorgu EI, Iorgu IS, Krapal AM, Maican S, Manci C-O, Manta N, Manu M, Motoc RM, Niculae IM, Petrescu A-M, Pintilioaie A-M, Popa AF, Radac IA, Rozylowicz L, Ruicanescu A, Sahlean TC, Surugiu V, Serban C, Stefan A, Szekely L, Tausan I, Skolka M (2026) From soil to stream and sea: species richness and distribution of alien invertebrates in Romania. NeoBiota.",,"Eastern Europe | Southern Europe (Carpathians, Balkans)",TRUE,FALSE,FALSE,,2025-11-26,Cristina Preda | Laurentiu Rozylowicz,Marius Skolka | Carla F. Gavrilescu
OSRO0C98CAJZANEOCF,Rosa rugosa Thunb.,Plantae,Tracheophyta,Magnoliopsida,Rosales,Rosaceae,Rosa,species,ICN,Romania,RO,present,introduced,casual,ornamentalNonHorticulture,,,1995,2020,"Anastasiu P, Miu I, Gavrilidis A, Preda C, Rozylowicz L, Sirbu C, Oprea A, Urziceanu M, Camen-Comanescu P, Nagoda E, Memedemin D, Barbos M, Boruz V, Cislariu A, Don I, Fagaras M, Frink J, Georgescu I, Haruta O, Hurdu B-I, Matis A, Milanovici S, Muncaciu S, Neacsu A, Neblea M, Nicolin A, Niculescu M, Oroian S, Pop O, Radutoiu D, Samarghitan M, Simion I, Soare L, Steiu C, Stoianov E, Strat D, Szabo A, Szatmari P, Tanase C, Mirea M, Manta N, Sirbu I (2024) Alien plant species distribution in Romania: a nationwide survey following the implementation of the EU Regulation on Invasive Alien Species. Biodiversity Data Journal 12. https://doi.org/10.3897/BDJ.12.e119539 | Sirbu C, Oprea A (2011) Plante adventive in flora Romaniei. Editura Ion Ionescu de la Brad, Iasi, Romania, 734 pp | Blackburn TM, Pysek P, Bacher S, Carlton JT, Duncan RP, Jarosik V, Wilson JR, Richardson DM (2011) A proposed unified framework for biological invasions. Trends in Ecology and Evolution 26: 333-339. https://doi.org/10.1016/j.tree.2011.03.023",,China | Eastern Asia | Russian Far East,TRUE,FALSE,FALSE,,2025-11-26,Cristina Preda | Laurentiu Rozylowicz,Ioana-Minodora Sirbu
OSROUCKL7RIBPZZIKONCC7,"Diabrotica virgifera J. L. LeConte, 1868",Animalia,Arthropoda,Insecta,Coleoptera,Chrysomelidae,Diabrotica,species,ICZN,Romania,RO,present,introduced,invasive,transportContaminant,naturalDispersal,,1996,2010,"Skuhrava M, Martinez M, Roques A (2010) Diptera. Chapter 10. BioRisk 4: 553-602. https://doi.org/10.3897/biorisk.4.53",,Central America (Mexico),TRUE,FALSE,FALSE,Zea mays,2026-03-15,Cristina Preda | Laurentiu Rozylowicz,Marius Skolka | Carla F. Gavrilescu
OSROUCKL1H5L7P7KLP6F2X,"Hyalopterus amygdali E. Blanchard, 1840",Animalia,Arthropoda,Insecta,Hemiptera,Aphididae,Hyalopterus,species,ICZN,Romania,RO,doubtful,uncertain,established,transportContaminant,parasitesOnPlants,naturalDispersal,1996,2018,Teodorescu I (2018) Contribution to database of alien/invasive Homoptera insects in Romania. Romanian Journal of Biology - Zoology 63(1-2): 29-68.,,Southern Europe | Northern Africa | Western Asia | Central Asia,TRUE,FALSE,FALSE,Prunus | Phragmites,2026-03-17,Cristina Preda | Laurentiu Rozylowicz,Marius Skolka | Carla F. Gavrilescu
OSROUCKLT1O00DLCB7KRC1,"Tinocallis (Eotinocallis) platani (Kaltenbach, 1843)",Animalia,Arthropoda,Insecta,Hemiptera,Aphididae,Tinocallis,species,ICZN,Romania,RO,doubtful,uncertain,established,transportContaminant,parasitesOnPlants,naturalDispersal,1996,2018,Teodorescu I (2018) Contribution to database of alien/invasive Homoptera insects in Romania. Romanian Journal of Biology - Zoology 63(1-2): 29-68.,,Eastern Asia,TRUE,FALSE,FALSE,Ulmus,2026-03-18,Cristina Preda | Laurentiu Rozylowicz,Marius Skolka | Carla F. Gavrilescu
OSROUCKLBMVS7X8QBH8AYO,"Lasius neglectus Van Loon et al., 1990",Animalia,Arthropoda,Insecta,Hymenoptera,Formicidae,Lasius,species,ICZN,Romania,RO,present,introduced,colonising,releaseInNature,naturalDispersal,,1996,2021,"Preda C, Adam C, Constantinescu IC, Popa OP, Popa LO, Balcu M-J, Brezeanu AM, Dascalu MM, Draghici A-C, Gavrilescu CF, Gavrilidis AA, Gheoca V, Iorgu EI, Iorgu IS, Krapal AM, Maican S, Manci C-O, Manta N, Manu M, Motoc RM, Niculae IM, Petrescu A-M, Pintilioaie A-M, Popa AF, Radac IA, Rozylowicz L, Ruicanescu A, Sahlean TC, Surugiu V, Serban C, Stefan A, Szekely L, Tausan I, Skolka M (2026) From soil to stream and sea: species richness and distribution of alien invertebrates in Romania. NeoBiota.",,Western Asia,TRUE,FALSE,FALSE,,2025-11-26,Cristina Preda | Laurentiu Rozylowicz,Marius Skolka | Carla F. Gavrilescu
OSROUCKL3D36P7HTUDDI4P,"Cameraria ohridella Deschka & Dimić, 1986",Animalia,Arthropoda,Insecta,Lepidoptera,Gracillariidae,Cameraria,species,ICZN,Romania,RO,present,introduced,colonising,transportContaminant,naturalDispersal,,1996,2023,"Adam C, Constantinescu IC, Draghici AC, Fusu L, Fusu MM, Gheoca V, Iorgu IS, Irimia AG, Maican S, Manci CO, Manu M, Mitroiu MD, Olosutean HG, Perju M, Petrescu AM, Pintilioaie AM, Popa AF, Popescu IE, Popovici OA, Prunar FV, Radac IA, Sahlean TC, Sitar C, Stanciu CR, Szekely L, Tausan I, Tomozii IB, Torok SC, Zaharia LG (2022) Raport final privind distributia speciilor de nevertebrate terestre alogene din hot-spot-uri si caile prioritare de patrundere (an 3 cartare). Raport intocmit in cadrul Proiectului POIM2014+120008 - Managementul adecvat al speciilor invazive din Romania, in conformitate cu Regulamentul UE 1143/2014 referitor la prevenirea si gestionarea introducerii si raspandirii speciilor alogene invazive. Ministerul Mediului, Apelor si Padurilor & Universitatea din Bucuresti, Bucuresti.",,Southern Europe (Balkans),TRUE,FALSE,FALSE,Aesculus,2025-11-26,Cristina Preda | Laurentiu Rozylowicz,Marius Skolka | Carla F. Gavrilescu
OSROUCKLXIXZR53YS2327Z,"Anacridium aegyptium (Linnaeus, 1764)",Animalia,Arthropoda,Insecta,Orthoptera,Acrididae,Anacridium ,species,ICZN,Romania,RO,present,introduced,colonising,transportStowaway,naturalDispersal,,1996,2024,"Iorgu I-S, Lobiuc A, Ungurean E-A, Tausan I, Cazacu A, Iorgu EI (2026) New Guests in the Romanian Fauna and Pathways for the Introduction of Alien Bush-Crickets and Grasshoppers (Insecta: Orthoptera). Diversity 18: 167. https://doi.org/10.3390/d18030167",,Southern Europe | Northern Africa | Western Asia,TRUE,FALSE,FALSE,,2025-11-26,Cristina Preda | Laurentiu Rozylowicz,Marius Skolka | Carla F. Gavrilescu
OSROUCKLKIJQZZ56ON9Z1W,"Frankliniella occidentalis (Pergande, 1895)",Animalia,Arthropoda,Insecta,Thysanoptera,Thripidae,Frankliniella,species,ICZN,Romania,RO,present,introduced,colonising,transportContaminant,naturalDispersal,,1996,2016,Reynaud P (2010) Thrips (Thysanoptera). Chapter 13.1. BioRisk 4: 767-791. https://doi.org/10.3897/biorisk.4.59,,Northern America,TRUE,FALSE,FALSE,Plantae,2025-11-26,Cristina Preda | Laurentiu Rozylowicz,Marius Skolka | Carla F. Gavrilescu
OSROUCKLJ50FR0P01SWUI6,"Eriocheir sinensis H. Milne Edwards, 1853",Animalia,Arthropoda,Malacostraca,Decapoda,Varunidae,Eriocheir,species,ICZN,Romania,RO,present,introduced,colonising,ballastWater,releaseInNature,transportStowaway,1996,2022,"Preda C, Adam C, Constantinescu IC, Popa OP, Popa LO, Balcu M-J, Brezeanu AM, Dascalu MM, Draghici A-C, Gavrilescu CF, Gavrilidis AA, Gheoca V, Iorgu EI, Iorgu IS, Krapal AM, Maican S, Manci C-O, Manta N, Manu M, Motoc RM, Niculae IM, Petrescu A-M, Pintilioaie A-M, Popa AF, Radac IA, Rozylowicz L, Ruicanescu A, Sahlean TC, Surugiu V, Serban C, Stefan A, Szekely L, Tausan I, Skolka M (2026) From soil to stream and sea: species richness and distribution of alien invertebrates in Romania. NeoBiota. | Bancila R, Skolka M, Ivanova P, Surugiu V, Stefanova K, Todorova V, Zenetos A (2022) Alien species of the Romanian and Bulgarian Black Sea coast: state of knowledge, uncertainties, and needs for future research. Aquatic Invasions 17: 253-273. https://doi.org/10.3391/ai.2022.17.3.02",species of Union Concern (Regulation 1143/2014),"Eastern Asia (NW Pacific: Yellow Sea, Bohai Sea) | Pacific Ocean",FALSE,TRUE,TRUE,,2025-11-26,Cristina Preda | Laurentiu Rozylowicz,Oana P. Popa
OSROUCKL9ZC7C01995F7PB,"Amphibalanus amphitrite (Darwin, 1854)",Animalia,Arthropoda,Thecostraca,Balanomorpha,Balanidae,Amphibalanus,species,ICZN,Romania,RO,present,introduced,colonising,transportStowaway,hullFouling,naturalDispersal,1996,2022,"Preda C, Adam C, Constantinescu IC, Popa OP, Popa LO, Balcu M-J, Brezeanu AM, Dascalu MM, Draghici A-C, Gavrilescu CF, Gavrilidis AA, Gheoca V, Iorgu EI, Iorgu IS, Krapal AM, Maican S, Manci C-O, Manta N, Manu M, Motoc RM, Niculae IM, Petrescu A-M, Pintilioaie A-M, Popa AF, Radac IA, Rozylowicz L, Ruicanescu A, Sahlean TC, Surugiu V, Serban C, Stefan A, Szekely L, Tausan I, Skolka M (2026) From soil to stream and sea: species richness and distribution of alien invertebrates in Romania. NeoBiota.",,Indian Ocean | Pacific Ocean (Indo-West Pacific: SE Africa to Southern China),FALSE,TRUE,FALSE,,2025-11-26,Cristina Preda | Laurentiu Rozylowicz,Marius Skolka | Carla F. Gavrilescu
OSROUCKLSZGNO5L1LW06FR,"Corambe obscura (A. E. Verrill, 1870)",Animalia,Mollusca,Gastropoda,Nudibranchia,Corambidae,Corambe,species,ICZN,Romania,RO,present,introduced,invasive,ballastWater,hullFouling,,1996,2022,"Preda C, Adam C, Constantinescu IC, Popa OP, Popa LO, Balcu M-J, Brezeanu AM, Dascalu MM, Draghici A-C, Gavrilescu CF, Gavrilidis AA, Gheoca V, Iorgu EI, Iorgu IS, Krapal AM, Maican S, Manci C-O, Manta N, Manu M, Motoc RM, Niculae IM, Petrescu A-M, Pintilioaie A-M, Popa AF, Radac IA, Rozylowicz L, Ruicanescu A, Sahlean TC, Surugiu V, Serban C, Stefan A, Szekely L, Tausan I, Skolka M (2026) From soil to stream and sea: species richness and distribution of alien invertebrates in Romania. NeoBiota.",,Northern America (NW Atlantic coast & Gulf of Mexico),FALSE,TRUE,FALSE,,2025-11-26,Cristina Preda | Laurentiu Rozylowicz,Oana P. Popa
OSROUCKLU0MMXCAIPZ0DLQ,Amaranthus palmeri S.Watson,Plantae,Tracheophyta,Magnoliopsida,Caryophyllales,Amaranthaceae,Amaranthus,species,ICN,Romania,RO,present,introduced,casual,seedContaminant,,,1996,2022,"Anastasiu P, Miu I, Gavrilidis A, Preda C, Rozylowicz L, Sirbu C, Oprea A, Urziceanu M, Camen-Comanescu P, Nagoda E, Memedemin D, Barbos M, Boruz V, Cislariu A, Don I, Fagaras M, Frink J, Georgescu I, Haruta O, Hurdu B-I, Matis A, Milanovici S, Muncaciu S, Neacsu A, Neblea M, Nicolin A, Niculescu M, Oroian S, Pop O, Radutoiu D, Samarghitan M, Simion I, Soare L, Steiu C, Stoianov E, Strat D, Szabo A, Szatmari P, Tanase C, Mirea M, Manta N, Sirbu I (2024) Alien plant species distribution in Romania: a nationwide survey following the implementation of the EU Regulation on Invasive Alien Species. Biodiversity Data Journal 12. https://doi.org/10.3897/BDJ.12.e119539 | Anastasiu P, Sarbu I, Negrean G (2009) Verbesina encelioides-A new alien plant in Romania. Annals of the University of Craiova-Agriculture, Montanology, Cadastre Series, 39(2), 15-18",,Mexico | South-Central U.S.A. | Southwestern U.S.A.,TRUE,FALSE,FALSE,,2025-11-26,Cristina Preda | Laurentiu Rozylowicz,Daniyar Memedemin
OSROIL1JEBX91LGBID,Solanum rostratum Dunal,Plantae,Tracheophyta,Magnoliopsida,Solanales,Solanaceae,Solanum,species,ICN,Romania,RO,present,introduced,casual,transportContaminant,contaminantNursery,,1996,2021,"Anastasiu P, Miu I, Gavrilidis A, Preda C, Rozylowicz L, Sirbu C, Oprea A, Urziceanu M, Camen-Comanescu P, Nagoda E, Memedemin D, Barbos M, Boruz V, Cislariu A, Don I, Fagaras M, Frink J, Georgescu I, Haruta O, Hurdu B-I, Matis A, Milanovici S, Muncaciu S, Neacsu A, Neblea M, Nicolin A, Niculescu M, Oroian S, Pop O, Radutoiu D, Samarghitan M, Simion I, Soare L, Steiu C, Stoianov E, Strat D, Szabo A, Szatmari P, Tanase C, Mirea M, Manta N, Sirbu I (2024) Alien plant species distribution in Romania: a nationwide survey following the implementation of the EU Regulation on Invasive Alien Species. Biodiversity Data Journal 12. https://doi.org/10.3897/BDJ.12.e119539 | Sirbu C, Oprea A (2011) Plante adventive in flora Romaniei. Editura Ion Ionescu de la Brad, Iasi | Costea M (1996) The recording of some new adventive taxa for Romania in the harbor of Constanta. Rev. Roum. Biol., ser. Biol. veget. 41(2): 91-96 | Blackburn TM, Pysek P, Bacher S, Carlton JT, Duncan RP, Jarosik V, Wilson JRU, Richardson DM (2011) A proposed unified framework for biological invasions. Trends in Ecology and Evolution 26: 333–339. https://doi.org/10.1016/j.tree.2011.03.023 | Plants of the World Online (2026) https://powo.science.kew.org/",,Mexico | North-Central U.S.A. | Northeastern U.S.A. | Northwestern U.S.A. | South-Central U.S.A. | Southeastern U.S.A. | Southwestern U.S.A.,TRUE,FALSE,FALSE,,2025-11-26,Cristina Preda | Laurentiu Rozylowicz,Mihaela Urziceanu
OSROUCKLCXPO37R14UT8IJ,"Polydora websteri Hartman in Loosanoff & Engle, 1943",Animalia,Annelida,Polychaeta,Spionida,Spionidae,Polydora,species,ICZN,Romania,RO,present,introduced,colonising,transportContaminant,,,1997,2022,"Preda C, Adam C, Constantinescu IC, Popa OP, Popa LO, Balcu M-J, Brezeanu AM, Dascalu MM, Draghici A-C, Gavrilescu CF, Gavrilidis AA, Gheoca V, Iorgu EI, Iorgu IS, Krapal AM, Maican S, Manci C-O, Manta N, Manu M, Motoc RM, Niculae IM, Petrescu A-M, Pintilioaie A-M, Popa AF, Radac IA, Rozylowicz L, Ruicanescu A, Sahlean TC, Surugiu V, Serban C, Stefan A, Szekely L, Tausan I, Skolka M (2026) From soil to stream and sea: species richness and distribution of alien invertebrates in Romania. NeoBiota.",,Eastern Asia | Pacific Ocean (NW),FALSE,TRUE,FALSE,,2025-11-26,Cristina Preda | Laurentiu Rozylowicz,Marius Skolka | Carla F. Gavrilescu
OSROUCKLQTUY505LJY23E2,"Rhodobium porosum (Sanderson, 1900)",Animalia,Arthropoda,Insecta,Hemiptera,Aphididae,Rhodobium,species,ICZN,Romania,RO,present,introduced,colonising,transportContaminant,,,1997,2022,"Preda C, Adam C, Constantinescu IC, Popa OP, Popa LO, Balcu M-J, Brezeanu AM, Dascalu MM, Draghici A-C, Gavrilescu CF, Gavrilidis AA, Gheoca V, Iorgu EI, Iorgu IS, Krapal AM, Maican S, Manci C-O, Manta N, Manu M, Motoc RM, Niculae IM, Petrescu A-M, Pintilioaie A-M, Popa AF, Radac IA, Rozylowicz L, Ruicanescu A, Sahlean TC, Surugiu V, Serban C, Stefan A, Szekely L, Tausan I, Skolka M (2026) From soil to stream and sea: species richness and distribution of alien invertebrates in Romania. NeoBiota.",,Sub-Saharan Africa | Asia | Central America | Oceania | South America,TRUE,FALSE,FALSE,Rosa,2025-11-26,Cristina Preda | Laurentiu Rozylowicz,Costica Adam
OSROUCKLEAX4YU0V8XCP4M,"Pulvinariella mesembryanthemi (Vallot, 1829)",Animalia,Arthropoda,Insecta,Hemiptera,Coccidae,Pulvinariella,species,ICZN,Romania,RO,present,introduced,colonising,transportStowaway,,,1997,2012,"Preda C, Adam C, Constantinescu IC, Popa OP, Popa LO, Balcu M-J, Brezeanu AM, Dascalu MM, Draghici A-C, Gavrilescu CF, Gavrilidis AA, Gheoca V, Iorgu EI, Iorgu IS, Krapal AM, Maican S, Manci C-O, Manta N, Manu M, Motoc RM, Niculae IM, Petrescu A-M, Pintilioaie A-M, Popa AF, Radac IA, Rozylowicz L, Ruicanescu A, Sahlean TC, Surugiu V, Serban C, Stefan A, Szekely L, Tausan I, Skolka M (2026) From soil to stream and sea: species richness and distribution of alien invertebrates in Romania. NeoBiota.",,Southern Africa,TRUE,FALSE,FALSE,Mesembryanthemum,2025-11-26,Cristina Preda | Laurentiu Rozylowicz,Costica Adam
OSROUCKLYQIOFOP2UWJEJD,"Ameiurus melas (Rafinesque, 1820)",Animalia,Chordata,Actinopterygii,Siluriformes,Ictaluridae,Ameiurus,species,ICZN,Romania,RO,present,introduced,widespreadInvasive,unaided,releaseInNature,,1997,2025,"Cogalniceanu D, Cobzaru I, Dragan O, Fanaru G, Iftime A, Stanescu F, Telea E, Topliceanu S, Ureche D, Chisamera G, Petrescu A, Iftime O (2021) Raport tehnic privind sursele bibliografice referitoare la speciile de vertebrate terestre alogene invazive si potential invazive. Zenodo. https://doi.org/10.5281/zenodo.5593956 | Iftime A, Iftime O (2021) Alien fish, amphibian and reptile species in Romania and their invasive status: a review with new data. Travaux du Museum National d'Histoire Naturelle ""Grigore Antipa"" 64: 131-186. https://doi.org/10.3897/travaux.64.e67558 | Dragan O, Rozylowicz L, Ureche D, Falka I, Cogalniceanu D (2024) Invasive fish species in Romanian freshwater. A review of over 100 years of occurrence reports. NeoBiota 94: 15-30. https://doi.org/10.3897/neobiota.94.117313 | Nagy AA, Eros N, Imecs I, Bone G, Fulop A, Pap PL (2023) Distribution and diversity of fishes and lampreys in Transylvania (Romania): a complete survey and suggestions for new protected areas. ZooKeys 1166: 351-373. https://doi.org/10.3897/zookeys.1166.102854 | https://www.inaturalist.org/observations/313585626",species of Union Concern (Regulation 1143/2014),Northern America,FALSE,FALSE,TRUE,,2025-11-26,Cristina Preda | Laurentiu Rozylowicz,Florina Stanescu
OSROUCKLLL8UQXT6S3PUW9,"Corbicula fluminea (O. F. Müller, 1774)",Animalia,Mollusca,Bivalvia,Venerida,Cyrenidae,Corbicula,species,ICZN,Romania,RO,present,introduced,invasive,corridor,transportContaminant,transportStowaway,1997,2023,"Preda C, Adam C, Constantinescu IC, Popa OP, Popa LO, Balcu M-J, Brezeanu AM, Dascalu MM, Draghici A-C, Gavrilescu CF, Gavrilidis AA, Gheoca V, Iorgu EI, Iorgu IS, Krapal AM, Maican S, Manci C-O, Manta N, Manu M, Motoc RM, Niculae IM, Petrescu A-M, Pintilioaie A-M, Popa AF, Radac IA, Rozylowicz L, Ruicanescu A, Sahlean TC, Surugiu V, Serban C, Stefan A, Szekely L, Tausan I, Skolka M (2026) From soil to stream and sea: species richness and distribution of alien invertebrates in Romania. NeoBiota.",,"Eastern Asia (China, Korea, Amur basin) | South-eastern Asia | Australia and New Zealand",FALSE,FALSE,TRUE,,2025-11-26,Cristina Preda | Laurentiu Rozylowicz,Oana P. Popa
OSROH9300UG9TP9RD1,Euphorbia davidii Subils,Plantae,Tracheophyta,Magnoliopsida,Malpighiales,Euphorbiaceae,Euphorbia,species,ICN,Romania,RO,present,introduced,invasive,unaided,,,1997,2022,"Oprea A (1997) A new species for the Romanian Flora: Euphorbia dentata Michx. Stud. Cerc. Biol., Ser. Biol. Veg., 49(1-2): 97-98. | Oprea A, Barina Z, Sirbu C (2012) Euphorbia davidii Subils (Euphorbiaceae) - a new alien species to the Romanian flora. Contrib. Bot. Cluj-Napoca, 47: 7-12.",,Mexico | South-Central U.S.A. | Southern South America | Southwestern U.S.A.,TRUE,FALSE,FALSE,,2025-11-26,Cristina Preda | Laurentiu Rozylowicz,Culita Sirbu
OSROAYGD1QEYON5PVC,Ipomoea tricolor Cav.,Plantae,Tracheophyta,Magnoliopsida,Solanales,Convolvulaceae,Ipomoea,species,ICN,Romania,RO,present,introduced,casual,ornamentalNonHorticulture,,,1997,2022,"Anastasiu P, Miu I, Gavrilidis A, Preda C, Rozylowicz L, Sirbu C, Oprea A, Urziceanu M, Camen-Comanescu P, Nagoda E, Memedemin D, Barbos M, Boruz V, Cislariu A, Don I, Fagaras M, Frink J, Georgescu I, Haruta O, Hurdu B-I, Matis A, Milanovici S, Muncaciu S, Neacsu A, Neblea M, Nicolin A, Niculescu M, Oroian S, Pop O, Radutoiu D, Samarghitan M, Simion I, Soare L, Steiu C, Stoianov E, Strat D, Szabo A, Szatmari P, Tanase C, Mirea M, Manta N, Sirbu I (2024) Alien plant species distribution in Romania: a nationwide survey following the implementation of the EU Regulation on Invasive Alien Species. Biodiversity Data Journal 12. https://doi.org/10.3897/BDJ.12.e119539 | Sirbu C, Oprea A (2011) Plante adventive in flora Romaniei. Editura Ion Ionescu de la Brad, Iasi, Romania, 734 pp | Blackburn TM, Pysek P, Bacher S, Carlton JT, Duncan RP, Jarosik V, Wilson JR, Richardson DM (2011) A proposed unified framework for biological invasions. Trends in Ecology and Evolution 26: 333-339. https://doi.org/10.1016/j.tree.2011.03.023",,Mexico,TRUE,FALSE,FALSE,,2025-11-26,Cristina Preda | Laurentiu Rozylowicz,Ioana-Minodora Sirbu
OSROUCKLZL82RHFGHJXYXX,"Lepidosaphes beckii (Newman, 1869)",Animalia,Arthropoda,Insecta,Hemiptera,Diaspididae,Lepidosaphes,species,ICZN,Romania,RO,doubtful,uncertain,released,transportContaminant,,,1998,1998,"Adam C, Constantinescu IC, Draghici AC, Fusu L, Fusu MM, Gheoca V, Iorgu IS, Irimia AG, Maican S, Manci CO, Manu M, Mitroiu MD, Olosutean HG, Perju M, Petrescu AM, Pintilioaie AM, Popa AF, Popescu IE, Popovici OA, Prunar FV, Radac IA, Sahlean TC, Sitar C, Stanciu CR, Szekely L, Tausan I, Tomozii IB, Torok SC, Zaharia LG (2022) Raport final privind distributia speciilor de nevertebrate terestre alogene din hot-spot-uri si caile prioritare de patrundere (an 3 cartare). Raport intocmit in cadrul Proiectului POIM2014+120008 - Managementul adecvat al speciilor invazive din Romania, in conformitate cu Regulamentul UE 1143/2014 referitor la prevenirea si gestionarea introducerii si raspandirii speciilor alogene invazive. Ministerul Mediului, Apelor si Padurilor & Universitatea din Bucuresti, Bucuresti.",,South-eastern Asia | Eastern Asia,TRUE,FALSE,FALSE,Citrus,2025-11-26,Cristina Preda | Laurentiu Rozylowicz,Ioana Cristina Constantinescu
OSROUCKLT87EXFNY21TKYK,"Cadra figulilella (Gregson, 1871)",Animalia,Arthropoda,Insecta,Lepidoptera,Pyralidae,Cadra,species,ICZN,Romania,RO,present,introduced,colonising,transportContaminant,transportStowaway,,1998,2003,"Rakosy L, Goia I, Kovacs Z (2003) Catalogul Lepidopterelor Romaniei, Soc. Lep. Rom, Cluj Napoca",,Southern Asia | South-eastern Asia | South America,TRUE,FALSE,FALSE,Plantae,2025-11-26,Cristina Preda | Laurentiu Rozylowicz,Marius Skolka | Carla F. Gavrilescu
OSROUCKL2UU7MN0R3XNBL4,"Beroe ovata Bruguière, 1789",Animalia,Ctenophora,Nuda,Beroida,Beroidae,Beroe,species,ICZN,Romania,RO,present,introduced,invasive,ballastWater,naturalDispersal,,1998,1998,"Preda C, Adam C, Constantinescu IC, Popa OP, Popa LO, Balcu M-J, Brezeanu AM, Dascalu MM, Draghici A-C, Gavrilescu CF, Gavrilidis AA, Gheoca V, Iorgu EI, Iorgu IS, Krapal AM, Maican S, Manci C-O, Manta N, Manu M, Motoc RM, Niculae IM, Petrescu A-M, Pintilioaie A-M, Popa AF, Radac IA, Rozylowicz L, Ruicanescu A, Sahlean TC, Surugiu V, Serban C, Stefan A, Szekely L, Tausan I, Skolka M (2026) From soil to stream and sea: species richness and distribution of alien invertebrates in Romania. NeoBiota.",,Northern America (Atlantic coast) | South America (Atlantic coast) | Atlantic Ocean (W),FALSE,TRUE,FALSE,,2025-11-26,Cristina Preda | Laurentiu Rozylowicz,Marius Skolka | Carla F. Gavrilescu
OSROUCKL9ANSG3LDTNWHN5,"Anadara kagoshimensis (Tokunaga, 1906)",Animalia,Mollusca,Bivalvia,Arcida,Arcidae,Anadara,species,ICZN,Romania,RO,present,introduced,invasive,ballastWater,aquacultureMariculture,naturalDispersal,1998,2023,"Preda C, Adam C, Constantinescu IC, Popa OP, Popa LO, Balcu M-J, Brezeanu AM, Dascalu MM, Draghici A-C, Gavrilescu CF, Gavrilidis AA, Gheoca V, Iorgu EI, Iorgu IS, Krapal AM, Maican S, Manci C-O, Manta N, Manu M, Motoc RM, Niculae IM, Petrescu A-M, Pintilioaie A-M, Popa AF, Radac IA, Rozylowicz L, Ruicanescu A, Sahlean TC, Surugiu V, Serban C, Stefan A, Szekely L, Tausan I, Skolka M (2026) From soil to stream and sea: species richness and distribution of alien invertebrates in Romania. NeoBiota.",,Southern Asia | South-eastern Asia | Eastern Asia | Australia and New Zealand (Indo-West Pacific Ocean),FALSE,TRUE,FALSE,,2025-11-26,Cristina Preda | Laurentiu Rozylowicz,Oana P. Popa
OSROT1XMU2DRABFW9F,Lemna minuta Kunth,Plantae,Tracheophyta,Liliopsida,Alismatales,Araceae,Lemna,species,ICN,Romania,RO,present,introduced,established,waterwaysBasinsSeas,,,1998,2021,"Anastasiu P, Miu I, Gavrilidis A, Preda C, Rozylowicz L, Sirbu C, Oprea A, Urziceanu M, Camen-Comanescu P, Nagoda E, Memedemin D, Barbos M, Boruz V, Cislariu A, Don I, Fagaras M, Frink J, Georgescu I, Haruta O, Hurdu B-I, Matis A, Milanovici S, Muncaciu S, Neacsu A, Neblea M, Nicolin A, Niculescu M, Oroian S, Pop O, Radutoiu D, Samarghitan M, Simion I, Soare L, Steiu C, Stoianov E, Strat D, Szabo A, Szatmari P, Tanase C, Mirea M, Manta N, Sirbu I (2024) Alien plant species distribution in Romania: a nationwide survey following the implementation of the EU Regulation on Invasive Alien Species. Biodiversity Data Journal 12. https://doi.org/10.3897/BDJ.12.e119539",,Brazil | Caribbean | Central America | Mexico | North-Central U.S.A. | Northeastern U.S.A. | Northern South America | Northwestern U.S.A. | South-Central U.S.A. | Southeastern U.S.A. | Southern South America | Southwestern U.S.A. | Western South America,FALSE,FALSE,TRUE,,2025-11-26,Cristina Preda | Laurentiu Rozylowicz,Paulina Anastasiu
OSROYBXMF53F2JONM8,Grindelia squarrosa (Pursh) Dunal,Plantae,Tracheophyta,Magnoliopsida,Asterales,Asteraceae,Grindelia,species,ICN,Romania,RO,present,introduced,casual,vehicles,,,1998,2022,"Anastasiu P, Miu I, Gavrilidis A, Preda C, Rozylowicz L, Sirbu C, Oprea A, Urziceanu M, Camen-Comanescu P, Nagoda E, Memedemin D, Barbos M, Boruz V, Cislariu A, Don I, Fagaras M, Frink J, Georgescu I, Haruta O, Hurdu B-I, Matis A, Milanovici S, Muncaciu S, Neacsu A, Neblea M, Nicolin A, Niculescu M, Oroian S, Pop O, Radutoiu D, Samarghitan M, Simion I, Soare L, Steiu C, Stoianov E, Strat D, Szabo A, Szatmari P, Tanase C, Mirea M, Manta N, Sirbu I (2024) Alien plant species distribution in Romania: a nationwide survey following the implementation of the EU Regulation on Invasive Alien Species. Biodiversity Data Journal 12. https://doi.org/10.3897/BDJ.12.e119539",,Eastern Canada | Mexico | North-Central U.S.A. | Northeastern U.S.A. | Northwestern U.S.A. | South-Central U.S.A. | Southeastern U.S.A. | Southwestern U.S.A. | Western Canada,TRUE,FALSE,FALSE,,2025-11-26,Cristina Preda | Laurentiu Rozylowicz,Paulina Anastasiu
OSROGDW4KB0KWOAEKI,Tragopogon graminifolius DC.,Plantae,Tracheophyta,Magnoliopsida,Asterales,Asteraceae,Tragopogon,species,ICN,Romania,RO,present,introduced,established,seedContaminant,naturalDispersal,,1998,2021,"Anastasiu P, Miu I, Gavrilidis A, Preda C, Rozylowicz L, Sirbu C, Oprea A, Urziceanu M, Camen-Comanescu P, Nagoda E, Memedemin D, Barbos M, Boruz V, Cislariu A, Don I, Fagaras M, Frink J, Georgescu I, Haruta O, Hurdu B-I, Matis A, Milanovici S, Muncaciu S, Neacsu A, Neblea M, Nicolin A, Niculescu M, Oroian S, Pop O, Radutoiu D, Samarghitan M, Simion I, Soare L, Steiu C, Stoianov E, Strat D, Szabo A, Szatmari P, Tanase C, Mirea M, Manta N, Sirbu I (2024) Alien plant species distribution in Romania: a nationwide survey following the implementation of the EU Regulation on Invasive Alien Species. Biodiversity Data Journal 12. https://doi.org/10.3897/BDJ.12.e119539 | Radutoiu D, Stan I (2013) Preliminary Data on Alien Flora from Oltenia - Romania. Acta Horti Botanici Bucurestiensis 40: 33-42. https://doi.org/10.2478/ahbb-2013-0004 | Anastasiu P, Negrean G (2009) Neophytes in Romania. Neobiota din Romania, 66-97",,Caucasus | Central Asia | Southeastern Europe | Western Asia,TRUE,FALSE,FALSE,,2025-11-26,Cristina Preda | Laurentiu Rozylowicz,Daniyar Memedemin
OSROUCKLJIYOFJLTRPG3Y7,Amaranthus × soproniensis Priszter & Kárpáti,Plantae,Tracheophyta,Magnoliopsida,Caryophyllales,Amaranthaceae,Amaranthus,species,ICN,Romania,RO,present,introduced,casual,transportContaminant,,,1998,2021,"Anastasiu P, Miu I, Gavrilidis A, Preda C, Rozylowicz L, Sirbu C, Oprea A, Urziceanu M, Camen-Comanescu P, Nagoda E, Memedemin D, Barbos M, Boruz V, Cislariu A, Don I, Fagaras M, Frink J, Georgescu I, Haruta O, Hurdu B-I, Matis A, Milanovici S, Muncaciu S, Neacsu A, Neblea M, Nicolin A, Niculescu M, Oroian S, Pop O, Radutoiu D, Samarghitan M, Simion I, Soare L, Steiu C, Stoianov E, Strat D, Szabo A, Szatmari P, Tanase C, Mirea M, Manta N, Sirbu I (2024) Alien plant species distribution in Romania: a nationwide survey following the implementation of the EU Regulation on Invasive Alien Species. Biodiversity Data Journal 12. https://doi.org/10.3897/BDJ.12.e119539 | Sirbu C, Oprea A (2011) Plante adventive in flora Romaniei. Editura Ion Ionescu de la Brad, Iasi | Costea M (1998) Cercetari monografice asupra genului Amaranthus L. din Romania. Teza de doctorat, Universitatea din Bucuresti | Blackburn TM, Pysek P, Bacher S, Carlton JT, Duncan RP, Jarosik V, Wilson JRU, Richardson DM (2011) A proposed unified framework for biological invasions. Trends in Ecology and Evolution 26: 333–339. https://doi.org/10.1016/j.tree.2011.03.023 | Plants of the World Online (2026) https://powo.science.kew.org/",,Mexico,TRUE,FALSE,FALSE,,2025-11-26,Cristina Preda | Laurentiu Rozylowicz,Mihaela Urziceanu
OSROUCKLKCMMG145PY5U4R,"Ostearius melanopygius (O. Pickard-Cambridge, 1880)",Animalia,Arthropoda,Arachnida,Araneae,Linyphiidae,Ostearius,species,ICZN,Romania,RO,present,introduced,colonising,contaminantOnPlants,transportStowaway,,1999,1999,"Preda C, Adam C, Constantinescu IC, Popa OP, Popa LO, Balcu M-J, Brezeanu AM, Dascalu MM, Draghici A-C, Gavrilescu CF, Gavrilidis AA, Gheoca V, Iorgu EI, Iorgu IS, Krapal AM, Maican S, Manci C-O, Manta N, Manu M, Motoc RM, Niculae IM, Petrescu A-M, Pintilioaie A-M, Popa AF, Radac IA, Rozylowicz L, Ruicanescu A, Sahlean TC, Surugiu V, Serban C, Stefan A, Szekely L, Tausan I, Skolka M (2026) From soil to stream and sea: species richness and distribution of alien invertebrates in Romania. NeoBiota.",,South America,TRUE,FALSE,FALSE,,2025-11-26,Cristina Preda | Laurentiu Rozylowicz,Costica Adam
OSROUCKLISY7B5Q316WDA1,"Tetragnatha shoshone Levi, 1981",Animalia,Arthropoda,Arachnida,Araneae,Tetragnathidae,Tetragnatha,species,ICZN,Romania,RO,present,introduced,colonising,transportContaminant,naturalDispersal,,1999,1999,"Preda C, Adam C, Constantinescu IC, Popa OP, Popa LO, Balcu M-J, Brezeanu AM, Dascalu MM, Draghici A-C, Gavrilescu CF, Gavrilidis AA, Gheoca V, Iorgu EI, Iorgu IS, Krapal AM, Maican S, Manci C-O, Manta N, Manu M, Motoc RM, Niculae IM, Petrescu A-M, Pintilioaie A-M, Popa AF, Radac IA, Rozylowicz L, Ruicanescu A, Sahlean TC, Surugiu V, Serban C, Stefan A, Szekely L, Tausan I, Skolka M (2026) From soil to stream and sea: species richness and distribution of alien invertebrates in Romania. NeoBiota.",,Northern America,TRUE,FALSE,FALSE,,2025-11-26,Cristina Preda | Laurentiu Rozylowicz,Marius Skolka | Carla F. Gavrilescu
OSROUCKLQVSTK2ZJS9WR17,"Euchaeta marina (Prestandrea, 1833)",Animalia,Arthropoda,Copepoda,Calanoida,Euchaetidae,Euchaeta,species,ICZN,Romania,RO,doubtful,uncertain,established,naturalDispersal,ballastWater,naturalDispersal,1999,2022,"Palero F, Ferrer-Mateu I, Wray B, Hughes R, Morritt D, Lepage M, Kotterman M, van der Meer M, Tate M, Kamanli S, Smith L, Llewellyn-Hughes J, Clark P (2022) Presence of a second Eriocheir species in Europe as confirmed by molecular and morphological data. Aquatic Invasions 17: 374-392. https://doi.org/10.3391/ai.2022.17.3.03 | Duggan I, Knox M (2022) The origins of Melanoides tuberculata (Muller, 1774) in New Zealand's aquarium trade and non-indigenous population. Aquatic Invasions 17: 393-401. https://doi.org/10.3391/ai.2022.17.3.04",,Cosmopolitan,FALSE,TRUE,FALSE,,2026-03-19,Cristina Preda | Laurentiu Rozylowicz,Marius Skolka | Carla F. Gavrilescu
OSROUCKLJEA2RB4RYDZ95S,"Pleuromamma gracilis gracilis Claus, 1863",Animalia,Arthropoda,Copepoda,Calanoida,Metridinidae,Pleuromamma,species,ICZN,Romania,RO,present,introduced,colonising,transportStowaway,ballastWater,naturalDispersal,1999,2022,"Palero F, Ferrer-Mateu I, Wray B, Hughes R, Morritt D, Lepage M, Kotterman M, van der Meer M, Tate M, Kamanli S, Smith L, Llewellyn-Hughes J, Clark P (2022) Presence of a second Eriocheir species in Europe as confirmed by molecular and morphological data. Aquatic Invasions 17: 374-392. https://doi.org/10.3391/ai.2022.17.3.03 | Gomoiu MT, Alexandrov B, Shadrin N, Zaitsev Y (2002) The Black Sea-a recipient, donor and transit area for alien species. In: Leppa koski E, Gollasch S, Olenin S (ed) Invasive aquatic species of Europe. Distribution, impacts and management. Kluwer, Dordrecht, pp 341-350.",,Cosmopolitan,FALSE,TRUE,FALSE,,2026-03-19,Cristina Preda | Laurentiu Rozylowicz,Marius Skolka | Carla F. Gavrilescu
OSROUCKLC0OI0EUTWIEWZS,"Rhincalanus nasutus Giesbrecht, 1888",Animalia,Arthropoda,Copepoda,Calanoida,Rhincalanidae,Rhincalanus,species,ICZN,Romania,RO,present,introduced,colonising,transportStowaway,ballastWater,naturalDispersal,1999,2022,"Palero F, Ferrer-Mateu I, Wray B, Hughes R, Morritt D, Lepage M, Kotterman M, van der Meer M, Tate M, Kamanli S, Smith L, Llewellyn-Hughes J, Clark P (2022) Presence of a second Eriocheir species in Europe as confirmed by molecular and morphological data. Aquatic Invasions 17: 374-392. https://doi.org/10.3391/ai.2022.17.3.03",,Cosmopolitan,FALSE,TRUE,FALSE,,2026-03-19,Cristina Preda | Laurentiu Rozylowicz,Marius Skolka | Carla F. Gavrilescu
OSROUCKLTI2RKN5L72CTNM,"Scolecithrix danae (Lubbock, 1856)",Animalia,Arthropoda,Copepoda,Calanoida,Scolecitrichidae,Scolecithrix,species,ICZN,Romania,RO,present,introduced,colonising,transportStowaway,ballastWater,naturalDispersal,1999,2022,"Palero F, Ferrer-Mateu I, Wray B, Hughes R, Morritt D, Lepage M, Kotterman M, van der Meer M, Tate M, Kamanli S, Smith L, Llewellyn-Hughes J, Clark P (2022) Presence of a second Eriocheir species in Europe as confirmed by molecular and morphological data. Aquatic Invasions 17: 374-392. https://doi.org/10.3391/ai.2022.17.3.03",,Cosmopolitan,FALSE,TRUE,FALSE,,2026-03-19,Cristina Preda | Laurentiu Rozylowicz,Marius Skolka | Carla F. Gavrilescu
OSROUCKLH2GDH8R2R7RKOJ,"Pseudosuccinea columella (Say, 1817)",Animalia,Mollusca,Gastropoda,Pulmonata,Lymnaeidae,Pseudosuccinea,species,ICZN,Romania,RO,present,introduced,colonising,transportationHabitatMaterial,PublicGardenZooAquaria,aquacultureMariculture,1999,1999,"Preda C, Adam C, Constantinescu IC, Popa OP, Popa LO, Balcu M-J, Brezeanu AM, Dascalu MM, Draghici A-C, Gavrilescu CF, Gavrilidis AA, Gheoca V, Iorgu EI, Iorgu IS, Krapal AM, Maican S, Manci C-O, Manta N, Manu M, Motoc RM, Niculae IM, Petrescu A-M, Pintilioaie A-M, Popa AF, Radac IA, Rozylowicz L, Ruicanescu A, Sahlean TC, Surugiu V, Serban C, Stefan A, Szekely L, Tausan I, Skolka M (2026) From soil to stream and sea: species richness and distribution of alien invertebrates in Romania. NeoBiota.",,Northern America,FALSE,FALSE,TRUE,Fasciola hepatica,2025-11-26,Cristina Preda | Laurentiu Rozylowicz,Oana P. Popa
OSROUCKLZBDGQAONRA5Y9T,"Helisoma anceps (Menke, 1830)",Animalia,Mollusca,Gastropoda,Pulmonata,Planorbidae,Helisoma,species,ICZN,Romania,RO,present,introduced,reproducing,transportStowaway,PublicGardenZooAquaria,releaseInNature,1999,1999,"Preda C, Adam C, Constantinescu IC, Popa OP, Popa LO, Balcu M-J, Brezeanu AM, Dascalu MM, Draghici A-C, Gavrilescu CF, Gavrilidis AA, Gheoca V, Iorgu EI, Iorgu IS, Krapal AM, Maican S, Manci C-O, Manta N, Manu M, Motoc RM, Niculae IM, Petrescu A-M, Pintilioaie A-M, Popa AF, Radac IA, Rozylowicz L, Ruicanescu A, Sahlean TC, Surugiu V, Serban C, Stefan A, Szekely L, Tausan I, Skolka M (2026) From soil to stream and sea: species richness and distribution of alien invertebrates in Romania. NeoBiota.",,Northern America,FALSE,FALSE,TRUE,,2025-11-26,Cristina Preda | Laurentiu Rozylowicz,Oana P. Popa
OSROUCKLIF9TG4H3DO14E9,"Rhopalosiphum rufiabdominale (Sasaki, 1899)",Animalia,Arthropoda,Insecta,Hemiptera,Aphididae,Rhopalosiphum,species,ICZN,Romania,RO,doubtful,uncertain,established,transportContaminant,parasitesOnPlants,naturalDispersal,2000,2018,Teodorescu I (2018) Contribution to database of alien/invasive Homoptera insects in Romania. Romanian Journal of Biology - Zoology 63(1-2): 29-68.,,Eastern Asia,TRUE,FALSE,FALSE,Prunus | Poaceae,2026-03-18,Cristina Preda | Laurentiu Rozylowicz,Marius Skolka | Carla F. Gavrilescu
OSROUCKLZ6GXHH1Q0LX3KH,"Callinectes sapidus Rathbun, 1896",Animalia,Arthropoda,Malacostraca,Decapoda,Portunidae,Callinectes,species,ICZN,Romania,RO,present,introduced,invasive,ballastWater,naturalDispersal,,2000,2002,"Preda C, Adam C, Constantinescu IC, Popa OP, Popa LO, Balcu M-J, Brezeanu AM, Dascalu MM, Draghici A-C, Gavrilescu CF, Gavrilidis AA, Gheoca V, Iorgu EI, Iorgu IS, Krapal AM, Maican S, Manci C-O, Manta N, Manu M, Motoc RM, Niculae IM, Petrescu A-M, Pintilioaie A-M, Popa AF, Radac IA, Rozylowicz L, Ruicanescu A, Sahlean TC, Surugiu V, Serban C, Stefan A, Szekely L, Tausan I, Skolka M (2026) From soil to stream and sea: species richness and distribution of alien invertebrates in Romania. NeoBiota.",,Northern America (Atlantic coast) | Atlantic Ocean (W),FALSE,TRUE,FALSE,,2025-11-26,Cristina Preda | Laurentiu Rozylowicz,Marius Skolka | Carla F. Gavrilescu
OSROUCKLRQE11GLNYHJV53,"Acipenser baerii Brandt, 1869",Animalia,Chordata,Actinopterygii,Acipenseriformes,Acipenseridae,Acipenser,species,ICZN,Romania,RO,present,introduced,cultivated,aquacultureMariculture,escapeFromConfinement,,2000,2000,"Cogalniceanu D, Cobzaru I, Dragan O, Fanaru G, Iftime A, Stanescu F, Telea E, Topliceanu S, Ureche D, Chisamera G, Petrescu A, Iftime O (2021) Raport tehnic privind sursele bibliografice referitoare la speciile de vertebrate terestre alogene invazive si potential invazive. Zenodo. https://doi.org/10.5281/zenodo.5593956 | Pintilioaie A-M, Spaseni P, Jurjescu A, Radac IA (2021) First record of the alien mantid Hierodula tenuidentata (Insecta: Mantodea) in Romania. Travaux du Museum National d'Histoire Naturelle Grigore Antipa 64(1): 37-49. https://doi.org/10.3897/travaux.64.e6755 | Dragan O, Rozylowicz L, Ureche D, Falka I, Cogalniceanu D (2024) Invasive fish species in Romanian freshwater. A review of over 100 years of occurrence reports. NeoBiota 94: 15-30. https://doi.org/10.3897/neobiota.94.117313",,North Asia | Central Asia | Eastern Asia,FALSE,FALSE,TRUE,,2025-11-26,Cristina Preda | Laurentiu Rozylowicz,Florina Stanescu
OSROUCKLV1VUDD0KUTZ6OK,"Trachemys scripta (Thunberg, 1792)",Animalia,Chordata,Reptilia,Testudines,Emydidae,Trachemys,species,ICZN,Romania,RO,present,introduced,reproducing,releaseInNature,PublicGardenZooAquaria,pet,2000,2026,"Cogalniceanu D, Cobzaru I, Dragan O, Fanaru G, Iftime A, Stanescu F, Telea E, Topliceanu S, Ureche D, Chisamera G, Petrescu A, Iftime O (2021) Raport tehnic privind sursele bibliografice referitoare la speciile de vertebrate terestre alogene invazive si potential invazive. Zenodo. https://doi.org/10.5281/zenodo.5593956 | Fanaru G, Petrovan S, Bancila RI, Vizireanu MG, Dragan O, Vlad SE, Rozylowicz L, Cogalniceanu D (2024) Nesting ecology and confirmed breeding of the invasive pond slider Trachemys scripta in an urban environment, Romania. European Journal of Wildlife Research 70. https://doi.org/10.1007/s10344-024-01815-1 | https://www.inaturalist.org/observations/342732440",species of Union Concern (Regulation 1143/2014),Northern America | Central America | South America,FALSE,FALSE,TRUE,,2025-11-26,Cristina Preda | Laurentiu Rozylowicz,Florina Stanescu
OSROUCKLBAW4D4W8N28LGV,"Harmonia axyridis (Pallas, 1773)",Animalia,Arthropoda,Insecta,Coleoptera,Coccinellidae,Harmonia,species,ICZN,Romania,RO,present,introduced,invasive,biologicalControl,releaseInNature,naturalDispersal,2001,2023,"Roy H, Migeon A (2010) Ladybeetles (Coccinellidae). Chapter 8.4. BioRisk 4: 293-313. https://doi.org/10.3897/biorisk.4.49",,Eastern Asia,TRUE,FALSE,FALSE,,2025-11-26,Cristina Preda | Laurentiu Rozylowicz,Marius Skolka | Carla F. Gavrilescu
OSROUCKL3E32XEAP9N32K1,"Perccottus glenii Dybowski, 1877",Animalia,Chordata,Actinopterygii,Gobiiformes,Odontobutidae,Perccottus,species,ICZN,Romania,RO,present,introduced,invasive,corridor,naturalDispersal,,2001,2025,"Cogalniceanu D, Cobzaru I, Dragan O, Fanaru G, Iftime A, Stanescu F, Telea E, Topliceanu S, Ureche D, Chisamera G, Petrescu A, Iftime O (2021) Raport tehnic privind sursele bibliografice referitoare la speciile de vertebrate terestre alogene invazive si potential invazive. Zenodo. https://doi.org/10.5281/zenodo.5593956 | Dragan O, Rozylowicz L, Ureche D, Falka I, Cogalniceanu D (2024) Invasive fish species in Romanian freshwater. A review of over 100 years of occurrence reports. NeoBiota 94: 15-30. https://doi.org/10.3897/neobiota.94.117313 | Nagy AA, Eros N, Imecs I, Bone G, Fulop A, Pap PL (2023) Distribution and diversity of fishes and lampreys in Transylvania (Romania): a complete survey and suggestions for new protected areas. ZooKeys 1166: 351-373. https://doi.org/10.3897/zookeys.1166.102854",species of Union Concern (Regulation 1143/2014),Eastern Asia (North Asia) | North Asia,FALSE,FALSE,TRUE,,2025-11-26,Cristina Preda | Laurentiu Rozylowicz,Marian Tudor
OSROUCKL1SVJ2DZ2LZW0S9,"Corbicula fluminalis (O. F. Müller, 1774)",Animalia,Mollusca,Bivalvia,Venerida,Cyrenidae,Corbicula,species,ICZN,Romania,RO,present,introduced,colonising,corridor,transportContaminant,transportStowaway,2001,2010,"Preda C, Adam C, Constantinescu IC, Popa OP, Popa LO, Balcu M-J, Brezeanu AM, Dascalu MM, Draghici A-C, Gavrilescu CF, Gavrilidis AA, Gheoca V, Iorgu EI, Iorgu IS, Krapal AM, Maican S, Manci C-O, Manta N, Manu M, Motoc RM, Niculae IM, Petrescu A-M, Pintilioaie A-M, Popa AF, Radac IA, Rozylowicz L, Ruicanescu A, Sahlean TC, Surugiu V, Serban C, Stefan A, Szekely L, Tausan I, Skolka M (2026) From soil to stream and sea: species richness and distribution of alien invertebrates in Romania. NeoBiota.",,"Western Asia (Tigris-Euphrates, Levant) | Southern Asia (Iran, Indus) | Northern Africa (Nile)",FALSE,FALSE,TRUE,,2025-11-26,Cristina Preda | Laurentiu Rozylowicz,Oana P. Popa
OSRO7DASEZO321WIXS,Heracleum sosnowskyi Manden.,Plantae,Tracheophyta,Magnoliopsida,Apiales,Apiaceae,Heracleum,species,ICN,Romania,RO,present,introduced,established,research,,,2001,2021,"Anastasiu P, Miu I, Gavrilidis A, Preda C, Rozylowicz L, Sirbu C, Oprea A, Urziceanu M, Camen-Comanescu P, Nagoda E, Memedemin D, Barbos M, Boruz V, Cislariu A, Don I, Fagaras M, Frink J, Georgescu I, Haruta O, Hurdu B-I, Matis A, Milanovici S, Muncaciu S, Neacsu A, Neblea M, Nicolin A, Niculescu M, Oroian S, Pop O, Radutoiu D, Samarghitan M, Simion I, Soare L, Steiu C, Stoianov E, Strat D, Szabo A, Szatmari P, Tanase C, Mirea M, Manta N, Sirbu I (2024) Alien plant species distribution in Romania: a nationwide survey following the implementation of the EU Regulation on Invasive Alien Species. Biodiversity Data Journal 12. https://doi.org/10.3897/BDJ.12.e119539 | Marusca T, Pop O (2001) Heracleum sosnowskyi from Prejmer-Brasov, a new adventive species for Romanian flora. Acta Horti Bot. Bucurest., 29: 149-153",species of Union Concern (Regulation 1143/2014),Caucasus | Western Asia,TRUE,FALSE,FALSE,,2025-11-26,Cristina Preda | Laurentiu Rozylowicz,Paulina Anastasiu
OSROUCKLDWBDKD16DECDUD,"Panaphis juglandis (Goeze, 1778)",Animalia,Arthropoda,Insecta,Hemiptera,Aphididae,Panaphis,species,ICZN,Romania,RO,present,introduced,invasive,transportContaminant,,,2002,2023,"Preda C, Adam C, Constantinescu IC, Popa OP, Popa LO, Balcu M-J, Brezeanu AM, Dascalu MM, Draghici A-C, Gavrilescu CF, Gavrilidis AA, Gheoca V, Iorgu EI, Iorgu IS, Krapal AM, Maican S, Manci C-O, Manta N, Manu M, Motoc RM, Niculae IM, Petrescu A-M, Pintilioaie A-M, Popa AF, Radac IA, Rozylowicz L, Ruicanescu A, Sahlean TC, Surugiu V, Serban C, Stefan A, Szekely L, Tausan I, Skolka M (2026) From soil to stream and sea: species richness and distribution of alien invertebrates in Romania. NeoBiota.",,Asia,TRUE,FALSE,FALSE,Juglans,2025-11-26,Cristina Preda | Laurentiu Rozylowicz,Costica Adam
OSROUCKLXETLYH2V781Z7C,"Parthenolecanium fletcheri (Cockerell, 1893)",Animalia,Arthropoda,Insecta,Hemiptera,Coccidae,Parthenolecanium,species,ICZN,Romania,RO,present,introduced,invasive,transportContaminant,parasitesOnPlants,,2002,2022,"Preda C, Adam C, Constantinescu IC, Popa OP, Popa LO, Balcu M-J, Brezeanu AM, Dascalu MM, Draghici A-C, Gavrilescu CF, Gavrilidis AA, Gheoca V, Iorgu EI, Iorgu IS, Krapal AM, Maican S, Manci C-O, Manta N, Manu M, Motoc RM, Niculae IM, Petrescu A-M, Pintilioaie A-M, Popa AF, Radac IA, Rozylowicz L, Ruicanescu A, Sahlean TC, Surugiu V, Serban C, Stefan A, Szekely L, Tausan I, Skolka M (2026) From soil to stream and sea: species richness and distribution of alien invertebrates in Romania. NeoBiota.",,Northern America,TRUE,FALSE,FALSE,Plantae,2025-11-26,Cristina Preda | Laurentiu Rozylowicz,Costica Adam
OSROUCKL6LNCWHBUEHXGTU,"Halyomorpha halys (Stål, 1855)",Animalia,Arthropoda,Insecta,Hemiptera,Pentatomidae,Halyomorpha,species,ICZN,Romania,RO,present,introduced,invasive,naturalDispersal,contaminantOnPlants,,2002,2026,"Preda C, Adam C, Constantinescu IC, Popa OP, Popa LO, Balcu M-J, Brezeanu AM, Dascalu MM, Draghici A-C, Gavrilescu CF, Gavrilidis AA, Gheoca V, Iorgu EI, Iorgu IS, Krapal AM, Maican S, Manci C-O, Manta N, Manu M, Motoc RM, Niculae IM, Petrescu A-M, Pintilioaie A-M, Popa AF, Radac IA, Rozylowicz L, Ruicanescu A, Sahlean TC, Surugiu V, Serban C, Stefan A, Szekely L, Tausan I, Skolka M (2026) From soil to stream and sea: species richness and distribution of alien invertebrates in Romania. NeoBiota. | Macavei LI, Baetan R, Oltean I, Florian T, Varga M, Costi E, Maistrello L (2015) First detection of Halyomorpha halys Stal, a new invasive species with a high potential of damage on agricultural crops in Romania, Lucrari Stiintifice - vol. 58 (1) 2015, seria Agronomie, 105-108. | https://www.inaturalist.org/photos/628452570",,Eastern Asia,TRUE,FALSE,FALSE,Plantae,2025-11-26,Cristina Preda | Laurentiu Rozylowicz,Ioana Cristina Constantinescu
OSROUCKLO92643ZLM0CPNR,"Blastothrix hedqvisti Sugonjaev, 1964",Animalia,Arthropoda,Insecta,Hymenoptera,Encyrtidae,Blastothrix,species,ICZN,Romania,RO,present,introduced,colonising,transportContaminant,naturalDispersal,,2002,2002,"Preda C, Adam C, Constantinescu IC, Popa OP, Popa LO, Balcu M-J, Brezeanu AM, Dascalu MM, Draghici A-C, Gavrilescu CF, Gavrilidis AA, Gheoca V, Iorgu EI, Iorgu IS, Krapal AM, Maican S, Manci C-O, Manta N, Manu M, Motoc RM, Niculae IM, Petrescu A-M, Pintilioaie A-M, Popa AF, Radac IA, Rozylowicz L, Ruicanescu A, Sahlean TC, Surugiu V, Serban C, Stefan A, Szekely L, Tausan I, Skolka M (2026) From soil to stream and sea: species richness and distribution of alien invertebrates in Romania. NeoBiota. | Rasplus J-Y, Villemant C, Rosa Paiva M, Delvare G, Roques A (2010) Hymenoptera. Chapter 12. BioRisk 4: 669-776. https://doi.org/10.3897/biorisk.4.55",,Northern America,TRUE,FALSE,FALSE,Coccoidea,2025-11-26,Cristina Preda | Laurentiu Rozylowicz,Marius Skolka | Carla F. Gavrilescu
OSROUCKL2FFKWYKBQDVJRQ,"Phyllonorycter issikii (Kumata, 1963)",Animalia,Arthropoda,Insecta,Lepidoptera,Gracillariidae,Phyllonorycter,species,ICZN,Romania,RO,present,introduced,colonising,transportContaminant,naturalDispersal,,2002,2022,"Adam C, Constantinescu IC, Draghici AC, Fusu L, Fusu MM, Gheoca V, Iorgu IS, Irimia AG, Maican S, Manci CO, Manu M, Mitroiu MD, Olosutean HG, Perju M, Petrescu AM, Pintilioaie AM, Popa AF, Popescu IE, Popovici OA, Prunar FV, Radac IA, Sahlean TC, Sitar C, Stanciu CR, Szekely L, Tausan I, Tomozii IB, Torok SC, Zaharia LG (2022) Raport final privind distributia speciilor de nevertebrate terestre alogene din hot-spot-uri si caile prioritare de patrundere (an 3 cartare). Raport intocmit in cadrul Proiectului POIM2014+120008 - Managementul adecvat al speciilor invazive din Romania, in conformitate cu Regulamentul UE 1143/2014 referitor la prevenirea si gestionarea introducerii si raspandirii speciilor alogene invazive. Ministerul Mediului, Apelor si Padurilor & Universitatea din Bucuresti, Bucuresti.",,Eastern Asia,TRUE,FALSE,FALSE,Tilia,2025-11-26,Cristina Preda | Laurentiu Rozylowicz,Marius Skolka | Carla F. Gavrilescu
OSROUCKLPNKVKLTC4GILJ7,"Clarias gariepinus (Burchell, 1822)",Animalia,Chordata,Actinopterygii,Siluriformes,Clariidae,Clarias,species,ICZN,Romania,RO,present,introduced,casual,aquacultureMariculture,escapeFromConfinement,,2002,2021,"Cogalniceanu D, Cobzaru I, Dragan O, Fanaru G, Iftime A, Stanescu F, Telea E, Topliceanu S, Ureche D, Chisamera G, Petrescu A, Iftime O (2021) Raport tehnic privind sursele bibliografice referitoare la speciile de vertebrate terestre alogene invazive si potential invazive. Zenodo. https://doi.org/10.5281/zenodo.5593956 | Iftime A, Iftime O (2021) Alien fish, amphibian and reptile species in Romania and their invasive status: a review with new data. Travaux du Museum National d'Histoire Naturelle ""Grigore Antipa"" 64: 131-186. https://doi.org/10.3897/travaux.64.e67558 | Dragan O, Rozylowicz L, Ureche D, Falka I, Cogalniceanu D (2024) Invasive fish species in Romanian freshwater. A review of over 100 years of occurrence reports. NeoBiota 94: 15-30. https://doi.org/10.3897/neobiota.94.117313 | Otel V, Nastase A, Fomici I (2025) Alien Siluriformes (Pisces) recently reported in the freshwaters of the Danube Delta Biosphere Reserve. Scientific Annals of the Danube Delta Institute 30: 43-53. https://doi.org/10.3897/saddi.30.160476",,Northern Africa | Eastern Africa | Middle Africa | Southern Africa | Western Africa | Western Asia,FALSE,FALSE,TRUE,,2025-11-26,Cristina Preda | Laurentiu Rozylowicz,Florina Stanescu
OSROUCKLFTFPQLBYJ8NPST,"Molgula manhattensis (De Kay, 1843)",Animalia,Chordata,Ascidiacea,Stolidobranchia,Molgulidae,Molgula,species,ICZN,Romania,RO,present,introduced,colonising,ballastWater,naturalDispersal,,2002,2002,"Preda C, Adam C, Constantinescu IC, Popa OP, Popa LO, Balcu M-J, Brezeanu AM, Dascalu MM, Draghici A-C, Gavrilescu CF, Gavrilidis AA, Gheoca V, Iorgu EI, Iorgu IS, Krapal AM, Maican S, Manci C-O, Manta N, Manu M, Motoc RM, Niculae IM, Petrescu A-M, Pintilioaie A-M, Popa AF, Radac IA, Rozylowicz L, Ruicanescu A, Sahlean TC, Surugiu V, Serban C, Stefan A, Szekely L, Tausan I, Skolka M (2026) From soil to stream and sea: species richness and distribution of alien invertebrates in Romania. NeoBiota.",,Northern America (Atlantic coast) | Atlantic Ocean (NW),FALSE,TRUE,FALSE,,2025-11-26,Cristina Preda | Laurentiu Rozylowicz,Marius Skolka | Carla F. Gavrilescu
OSROUCKLHO0R7ZMM95J8HH,"Styela clava Herdman, 1881",Animalia,Chordata,Ascidiacea,Stolidobranchia,Styelidae,Styela,species,ICZN,Romania,RO,present,introduced,colonising,ballastWater,naturalDispersal,,2002,2002,"Preda C, Adam C, Constantinescu IC, Popa OP, Popa LO, Balcu M-J, Brezeanu AM, Dascalu MM, Draghici A-C, Gavrilescu CF, Gavrilidis AA, Gheoca V, Iorgu EI, Iorgu IS, Krapal AM, Maican S, Manci C-O, Manta N, Manu M, Motoc RM, Niculae IM, Petrescu A-M, Pintilioaie A-M, Popa AF, Radac IA, Rozylowicz L, Ruicanescu A, Sahlean TC, Surugiu V, Serban C, Stefan A, Szekely L, Tausan I, Skolka M (2026) From soil to stream and sea: species richness and distribution of alien invertebrates in Romania. NeoBiota.",,Eastern Asia | Pacific Ocean (NW),FALSE,TRUE,FALSE,,2025-11-26,Cristina Preda | Laurentiu Rozylowicz,Marius Skolka | Carla F. Gavrilescu
OSROUCKLX1F9D5IYOF4M81,"Arcuatula senhousia (W. H. Benson, 1842)",Animalia,Mollusca,Bivalvia,Mytilida,Mytilidae,Arcuatula,species,ICZN,Romania,RO,present,introduced,invasive,ballastWater,aquacultureMariculture,corridor,2002,2024,"Preda C, Adam C, Constantinescu IC, Popa OP, Popa LO, Balcu M-J, Brezeanu AM, Dascalu MM, Draghici A-C, Gavrilescu CF, Gavrilidis AA, Gheoca V, Iorgu EI, Iorgu IS, Krapal AM, Maican S, Manci C-O, Manta N, Manu M, Motoc RM, Niculae IM, Petrescu A-M, Pintilioaie A-M, Popa AF, Radac IA, Rozylowicz L, Ruicanescu A, Sahlean TC, Surugiu V, Serban C, Stefan A, Szekely L, Tausan I, Skolka M (2026) From soil to stream and sea: species richness and distribution of alien invertebrates in Romania. NeoBiota. | Dumitrache C, Tanase MC, Filimon A, Marin O, Abaza V (2024) Current status of zoobenthic fauna associated with macroalgae fields from the southern Romanian Black Sea coast. Cercetari Marine - Recherches Marines 54: 56.",,Eastern Asia | South-eastern Asia (Indo-West Pacific Ocean),FALSE,TRUE,FALSE,,2025-11-26,Cristina Preda | Laurentiu Rozylowicz,Oana P. Popa
OSROUCKL2UBUY4Y6ZUDHIH,"Dipolydora quadrilobata (Jacobi, 1883)",Animalia,Annelida,Polychaeta,Spionida,Spionidae,Dipolydora,species,ICZN,Romania,RO,present,introduced,colonising,transportStowaway,,,2003,2011,"Preda C, Adam C, Constantinescu IC, Popa OP, Popa LO, Balcu M-J, Brezeanu AM, Dascalu MM, Draghici A-C, Gavrilescu CF, Gavrilidis AA, Gheoca V, Iorgu EI, Iorgu IS, Krapal AM, Maican S, Manci C-O, Manta N, Manu M, Motoc RM, Niculae IM, Petrescu A-M, Pintilioaie A-M, Popa AF, Radac IA, Rozylowicz L, Ruicanescu A, Sahlean TC, Surugiu V, Serban C, Stefan A, Szekely L, Tausan I, Skolka M (2026) From soil to stream and sea: species richness and distribution of alien invertebrates in Romania. NeoBiota.",,Atlantic Ocean,FALSE,TRUE,FALSE,,2025-11-26,Cristina Preda | Laurentiu Rozylowicz,Marius Skolka | Carla F. Gavrilescu
OSROUCKLHE1TXY890B7KGH,"Trichoferus campestris (Faldermann, 1835)",Animalia,Arthropoda,Insecta,Coleoptera,Cerambycidae,Trichoferus,species,ICZN,Romania,RO,present,introduced,colonising,transportContaminant,naturalDispersal,,2003,2023,"Dascalu M-M, Serafim R, Lindelow A (2013) Range expansion of <i>Trichoferus campestris</i> (Faldermann) (Coleoptera: Cerambycidae) in Europe with the confirmation of its presence in Romania. Entomologica Fennica 24: 142-146. https://doi.org/10.33338/ef.8981",,Eastern Asia | Central Asia,TRUE,FALSE,FALSE,Plantae,2025-11-26,Cristina Preda | Laurentiu Rozylowicz,Marius Skolka | Carla F. Gavrilescu
OSROUCKLEWZXE1G26OH5F1,"Leptoglossus occidentalis Heidemann, 1910",Animalia,Arthropoda,Insecta,Hemiptera,Coreidae,Leptoglossus,species,ICZN,Romania,RO,present,introduced,invasive,naturalDispersal,timberTrade,,2003,2026,"Preda C, Adam C, Constantinescu IC, Popa OP, Popa LO, Balcu M-J, Brezeanu AM, Dascalu MM, Draghici A-C, Gavrilescu CF, Gavrilidis AA, Gheoca V, Iorgu EI, Iorgu IS, Krapal AM, Maican S, Manci C-O, Manta N, Manu M, Motoc RM, Niculae IM, Petrescu A-M, Pintilioaie A-M, Popa AF, Radac IA, Rozylowicz L, Ruicanescu A, Sahlean TC, Surugiu V, Serban C, Stefan A, Szekely L, Tausan I, Skolka M (2026) From soil to stream and sea: species richness and distribution of alien invertebrates in Romania. NeoBiota. | Ruicanescu A (2009) Leptoglosus occidentalis Heidemann, 1910 (Heteroptera: Coreidae) in Romania. Neobiota in Romania: 153-154. | https://www.inaturalist.org/photos/617144649",,Northern America,TRUE,FALSE,FALSE,Pinaceae | Cupressaceae,2025-11-26,Cristina Preda | Laurentiu Rozylowicz,Ioana Cristina Constantinescu
OSROUCKL6M2IACEX3Q8AAO,"Diaspis echinocacti (Bouché, 1833)",Animalia,Arthropoda,Insecta,Hemiptera,Diaspididae,Diaspis,species,ICZN,Romania,RO,present,introduced,colonising,transportContaminant,,,2003,2003,"Preda C, Adam C, Constantinescu IC, Popa OP, Popa LO, Balcu M-J, Brezeanu AM, Dascalu MM, Draghici A-C, Gavrilescu CF, Gavrilidis AA, Gheoca V, Iorgu EI, Iorgu IS, Krapal AM, Maican S, Manci C-O, Manta N, Manu M, Motoc RM, Niculae IM, Petrescu A-M, Pintilioaie A-M, Popa AF, Radac IA, Rozylowicz L, Ruicanescu A, Sahlean TC, Surugiu V, Serban C, Stefan A, Szekely L, Tausan I, Skolka M (2026) From soil to stream and sea: species richness and distribution of alien invertebrates in Romania. NeoBiota.",,Central America (Mexico),TRUE,FALSE,FALSE,Cactaceae,2025-11-26,Cristina Preda | Laurentiu Rozylowicz,Ioana Cristina Constantinescu
OSROUCKLN0GZ9ZUQRW3R91,"Philachyra maderae (Walker, 1849)",Animalia,Arthropoda,Insecta,Hymenoptera,Eurytomidae,Tetramesa,species,ICZN,Romania,RO,present,introduced,colonising,transportContaminant,naturalDispersal,,2003,2022,"Preda C, Adam C, Constantinescu IC, Popa OP, Popa LO, Balcu M-J, Brezeanu AM, Dascalu MM, Draghici A-C, Gavrilescu CF, Gavrilidis AA, Gheoca V, Iorgu EI, Iorgu IS, Krapal AM, Maican S, Manci C-O, Manta N, Manu M, Motoc RM, Niculae IM, Petrescu A-M, Pintilioaie A-M, Popa AF, Radac IA, Rozylowicz L, Ruicanescu A, Sahlean TC, Surugiu V, Serban C, Stefan A, Szekely L, Tausan I, Skolka M (2026) From soil to stream and sea: species richness and distribution of alien invertebrates in Romania. NeoBiota. | Rasplus J-Y, Villemant C, Rosa Paiva M, Delvare G, Roques A (2010) Hymenoptera. Chapter 12. BioRisk 4: 669-776. https://doi.org/10.3897/biorisk.4.55",,Europe (Macaronesia: type locality Madeira) | Northern Africa | Western Asia,TRUE,FALSE,FALSE,Poaceae,2025-11-26,Cristina Preda | Laurentiu Rozylowicz,Marius Skolka | Carla F. Gavrilescu
OSROUCKLTPI2X54VSHGSIJ,"Macrosaccus robiniella (Clemens, 1859)",Animalia,Arthropoda,Insecta,Lepidoptera,Gracillariidae,Macrosaccus,species,ICZN,Romania,RO,present,introduced,colonising,transportContaminant,naturalDispersal,,2003,2023,"Olenici N, Balacenoiu F, Tomescu R, Netoiu C, Buzatu A, Alexandru A (2022) Invasive alien forest insect species in south-eastern Romania. Notulae Botanicae Horti Agrobotanici Cluj-Napoca 50: 12618. https://doi.org/10.15835/nbha50112618",,Northern America,TRUE,FALSE,FALSE,Robinia,2025-11-26,Cristina Preda | Laurentiu Rozylowicz,Marius Skolka | Carla F. Gavrilescu
OSROUCKLWAQD6KJU2CK4XW,"Cadra cautella (Walker, 1863)",Animalia,Arthropoda,Insecta,Lepidoptera,Pyralidae,Cadra,species,ICZN,Romania,RO,present,introduced,colonising,transportContaminant,transportStowaway,,2003,2022,"Adam C, Constantinescu IC, Draghici AC, Fusu L, Fusu MM, Gheoca V, Iorgu IS, Irimia AG, Maican S, Manci CO, Manu M, Mitroiu MD, Olosutean HG, Perju M, Petrescu AM, Pintilioaie AM, Popa AF, Popescu IE, Popovici OA, Prunar FV, Radac IA, Sahlean TC, Sitar C, Stanciu CR, Szekely L, Tausan I, Tomozii IB, Torok SC, Zaharia LG (2022) Raport final privind distributia speciilor de nevertebrate terestre alogene din hot-spot-uri si caile prioritare de patrundere (an 3 cartare). Raport intocmit in cadrul Proiectului POIM2014+120008 - Managementul adecvat al speciilor invazive din Romania, in conformitate cu Regulamentul UE 1143/2014 referitor la prevenirea si gestionarea introducerii si raspandirii speciilor alogene invazive. Ministerul Mediului, Apelor si Padurilor & Universitatea din Bucuresti, Bucuresti.",,Cryptogenic,TRUE,FALSE,FALSE,Plantae,2025-11-26,Cristina Preda | Laurentiu Rozylowicz,Marius Skolka | Carla F. Gavrilescu
OSROUCKLXBDF6D2CZ0GO36,"Hercinothrips femoralis (Reuter, 1891)",Animalia,Arthropoda,Insecta,Thysanoptera,Heliothripidae,Hercinothrips,species,ICZN,Romania,RO,present,introduced,colonising,transportStowaway,naturalDispersal,,2003,2015,Reynaud P (2010) Thrips (Thysanoptera). Chapter 13.1. BioRisk 4: 767-791. https://doi.org/10.3897/biorisk.4.59,,Central America | South America,TRUE,FALSE,FALSE,Orchidaceae,2025-11-26,Cristina Preda | Laurentiu Rozylowicz,Marius Skolka | Carla F. Gavrilescu
OSROUCKLYXF4Y38X3VAUM2,"Parthenothrips dracaenae (Heeger, 1854)",Animalia,Arthropoda,Insecta,Thysanoptera,Parthenothripidae,Parthenothrips,species,ICZN,Romania,RO,present,introduced,colonising,transportStowaway,naturalDispersal,,2003,2022,Reynaud P (2010) Thrips (Thysanoptera). Chapter 13.1. BioRisk 4: 767-791. https://doi.org/10.3897/biorisk.4.59,,Sub-Saharan Africa,TRUE,FALSE,FALSE,Dracaena,2025-11-26,Cristina Preda | Laurentiu Rozylowicz,Marius Skolka | Carla F. Gavrilescu
OSROUCKLX4KYDC1MUSCFHJ,"Schyzocotyle acheilognathi (Yamaguti, 1934) Brabec, Waeschenbach, Scholz, Littlewood & Kuchta, 2015",Animalia,Platyhelminthes,Cestoda,Bothriocephalidea,Bothriocephalidae,Schyzocotyle,species,ICZN,Romania,RO,present,introduced,reproducing,transportContaminant,,,2003,2016,"Preda C, Adam C, Constantinescu IC, Popa OP, Popa LO, Balcu M-J, Brezeanu AM, Dascalu MM, Draghici A-C, Gavrilescu CF, Gavrilidis AA, Gheoca V, Iorgu EI, Iorgu IS, Krapal AM, Maican S, Manci C-O, Manta N, Manu M, Motoc RM, Niculae IM, Petrescu A-M, Pintilioaie A-M, Popa AF, Radac IA, Rozylowicz L, Ruicanescu A, Sahlean TC, Surugiu V, Serban C, Stefan A, Szekely L, Tausan I, Skolka M (2026) From soil to stream and sea: species richness and distribution of alien invertebrates in Romania. NeoBiota.",,"Eastern Asia (Amur basin, China, Japan)",FALSE,FALSE,TRUE,Cypriniformes,2025-11-26,Cristina Preda | Laurentiu Rozylowicz,Oana P. Popa
OSROUCKLP1LTYUEA9TYAC1,"Eudiplozoon nipponicum (Goto, 1891) Khotenovsky, 1984",Animalia,Platyhelminthes,Monogenea,Mazocraeidea,Diplozoidae,Eudiplozoon,species,ICZN,Romania,RO,present,introduced,colonising,transportContaminant,,,2003,2003,"Preda C, Adam C, Constantinescu IC, Popa OP, Popa LO, Balcu M-J, Brezeanu AM, Dascalu MM, Draghici A-C, Gavrilescu CF, Gavrilidis AA, Gheoca V, Iorgu EI, Iorgu IS, Krapal AM, Maican S, Manci C-O, Manta N, Manu M, Motoc RM, Niculae IM, Petrescu A-M, Pintilioaie A-M, Popa AF, Radac IA, Rozylowicz L, Ruicanescu A, Sahlean TC, Surugiu V, Serban C, Stefan A, Szekely L, Tausan I, Skolka M (2026) From soil to stream and sea: species richness and distribution of alien invertebrates in Romania. NeoBiota.",,Eastern Asia,FALSE,FALSE,TRUE,Cyprinus carpio,2025-11-26,Cristina Preda | Laurentiu Rozylowicz,Oana P. Popa
OSROPCQW3DOJHLO6Y4,Cenchrus longispinus (Hack.) Fernald,Plantae,Tracheophyta,Liliopsida,Poales,Poaceae,Cenchrus,species,ICN,Romania,RO,present,introduced,established,ballastWater,naturalDispersal,,2003,2022,"Anastasiu P, Miu I, Gavrilidis A, Preda C, Rozylowicz L, Sirbu C, Oprea A, Urziceanu M, Camen-Comanescu P, Nagoda E, Memedemin D, Barbos M, Boruz V, Cislariu A, Don I, Fagaras M, Frink J, Georgescu I, Haruta O, Hurdu B-I, Matis A, Milanovici S, Muncaciu S, Neacsu A, Neblea M, Nicolin A, Niculescu M, Oroian S, Pop O, Radutoiu D, Samarghitan M, Simion I, Soare L, Steiu C, Stoianov E, Strat D, Szabo A, Szatmari P, Tanase C, Mirea M, Manta N, Sirbu I (2024) Alien plant species distribution in Romania: a nationwide survey following the implementation of the EU Regulation on Invasive Alien Species. Biodiversity Data Journal 12. https://doi.org/10.3897/BDJ.12.e119539",,Eastern Canada | Mexico | North-Central U.S.A. | Northeastern U.S.A. | Northwestern U.S.A. | South-Central U.S.A. | Southeastern U.S.A. | Southwestern U.S.A. | Western Canada,TRUE,FALSE,FALSE,,2025-11-26,Cristina Preda | Laurentiu Rozylowicz,Paulina Anastasiu
OSROUCKLY92P4JOA0VNRV3,"Sphaeroma walkeri Stebbing, 1905",Animalia,Arthropoda,Malacostraca,Isopoda,Sphaeromatidae,Sphaeroma,species,ICZN,Romania,RO,present,introduced,colonising,ballastWater,naturalDispersal,,2004,2004,"Preda C, Adam C, Constantinescu IC, Popa OP, Popa LO, Balcu M-J, Brezeanu AM, Dascalu MM, Draghici A-C, Gavrilescu CF, Gavrilidis AA, Gheoca V, Iorgu EI, Iorgu IS, Krapal AM, Maican S, Manci C-O, Manta N, Manu M, Motoc RM, Niculae IM, Petrescu A-M, Pintilioaie A-M, Popa AF, Radac IA, Rozylowicz L, Ruicanescu A, Sahlean TC, Surugiu V, Serban C, Stefan A, Szekely L, Tausan I, Skolka M (2026) From soil to stream and sea: species richness and distribution of alien invertebrates in Romania. NeoBiota.",,Indian Ocean (N),FALSE,TRUE,FALSE,,2025-11-26,Cristina Preda | Laurentiu Rozylowicz,Marius Skolka | Carla F. Gavrilescu
OSROUCKLECSN41WYXUY7TS,"Dreissena bugensis Andrusov, 1897",Animalia,Mollusca,Bivalvia,Myida,Dreissenidae,Dreissena,species,ICZN,Romania,RO,present,introduced,invasive,ballastWater,waterwaysBasinsSeas,naturalDispersal,2004,2022,"Preda C, Adam C, Constantinescu IC, Popa OP, Popa LO, Balcu M-J, Brezeanu AM, Dascalu MM, Draghici A-C, Gavrilescu CF, Gavrilidis AA, Gheoca V, Iorgu EI, Iorgu IS, Krapal AM, Maican S, Manci C-O, Manta N, Manu M, Motoc RM, Niculae IM, Petrescu A-M, Pintilioaie A-M, Popa AF, Radac IA, Rozylowicz L, Ruicanescu A, Sahlean TC, Surugiu V, Serban C, Stefan A, Szekely L, Tausan I, Skolka M (2026) From soil to stream and sea: species richness and distribution of alien invertebrates in Romania. NeoBiota.",,Eastern Europe (Ponto-Caspian: Dnieper and Southern Bug limans) | Black Sea,FALSE,FALSE,TRUE,,2025-11-26,Cristina Preda | Laurentiu Rozylowicz,Oana P. Popa
OSROUCKLCW2DWRACSTWUUF,"Heteronchocleidus buschkieli Bychowsky, 1957",Animalia,Platyhelminthes,Monogenea,Dactylogyridea,Ancyrocephalidae,Heteronchocleidus,species,ICZN,Romania,RO,doubtful,uncertain,captive,parasitesOnAnimals,parasitesOnAnimals,,2004,2004,"Skolka M, Gomoiu M-T (2004) Specii invazive in Marea Neagra. Impactul ecologic al patrunderii de noi specii in ecosistemele acvatice. Constanta: Ovidius University Press.",,South-eastern Asia,FALSE,FALSE,TRUE,Cyprinidae,2025-11-26,Cristina Preda | Laurentiu Rozylowicz,Oana P. Popa
OSRODY2QZLIXE5AV7T,Sorghum × sudanense (Piper) Stapf,Plantae,Tracheophyta,Liliopsida,Poales,Poaceae,Sorghum,species,ICN,Romania,RO,present,introduced,casual,agriculture,escapeFromConfinement,,2004,2020,"Anastasiu P, Miu I, Gavrilidis A, Preda C, Rozylowicz L, Sirbu C, Oprea A, Urziceanu M, Camen-Comanescu P, Nagoda E, Memedemin D, Barbos M, Boruz V, Cislariu A, Don I, Fagaras M, Frink J, Georgescu I, Haruta O, Hurdu B-I, Matis A, Milanovici S, Muncaciu S, Neacsu A, Neblea M, Nicolin A, Niculescu M, Oroian S, Pop O, Radutoiu D, Samarghitan M, Simion I, Soare L, Steiu C, Stoianov E, Strat D, Szabo A, Szatmari P, Tanase C, Mirea M, Manta N, Sirbu I (2024) Alien plant species distribution in Romania: a nationwide survey following the implementation of the EU Regulation on Invasive Alien Species. Biodiversity Data Journal 12. https://doi.org/10.3897/BDJ.12.e119539 | Sirbu C, Oprea A (2011) Plante adventive in flora Romaniei. Editura Ion Ionescu de la Brad, Iasi | Sirbu C (2004) The alien (nonnative) flora of Moldavia (Romania). Lucrari Stiintifice Univ. Agr. Iasi, Seria Agricultura 47 | Blackburn TM, Pysek P, Bacher S, Carlton JT, Duncan RP, Jarosik V, Wilson JRU, Richardson DM (2011) A proposed unified framework for biological invasions. Trends in Ecology and Evolution 26: 333–339. https://doi.org/10.1016/j.tree.2011.03.023 | Plants of the World Online (2026) https://powo.science.kew.org/",,Northeast Tropical Africa | Northern Africa | West Tropical Africa,TRUE,FALSE,FALSE,,2025-11-26,Cristina Preda | Laurentiu Rozylowicz,Mihaela Urziceanu
OSRO9I9G273SG52HNK,Rudbeckia triloba L.,Plantae,Tracheophyta,Magnoliopsida,Asterales,Asteraceae,Rudbeckia,species,ICN,Romania,RO,present,introduced,casual,ornamentalNonHorticulture,,,2004,2022,"Anastasiu P, Miu I, Gavrilidis A, Preda C, Rozylowicz L, Sirbu C, Oprea A, Urziceanu M, Camen-Comanescu P, Nagoda E, Memedemin D, Barbos M, Boruz V, Cislariu A, Don I, Fagaras M, Frink J, Georgescu I, Haruta O, Hurdu B-I, Matis A, Milanovici S, Muncaciu S, Neacsu A, Neblea M, Nicolin A, Niculescu M, Oroian S, Pop O, Radutoiu D, Samarghitan M, Simion I, Soare L, Steiu C, Stoianov E, Strat D, Szabo A, Szatmari P, Tanase C, Mirea M, Manta N, Sirbu I (2024) Alien plant species distribution in Romania: a nationwide survey following the implementation of the EU Regulation on Invasive Alien Species. Biodiversity Data Journal 12. https://doi.org/10.3897/BDJ.12.e119539",,Eastern Canada | North-Central U.S.A. | Northeastern U.S.A. | Northwestern U.S.A. | South-Central U.S.A. | Southeastern U.S.A. | Southwestern U.S.A.,TRUE,FALSE,FALSE,,2025-11-26,Cristina Preda | Laurentiu Rozylowicz,Daniyar Memedemin
OSROQZUQM4OS101P1T,Fraxinus americana L.,Plantae,Tracheophyta,Magnoliopsida,Lamiales,Oleaceae,Fraxinus,species,ICN,Romania,RO,present,introduced,reproducing,landscapeImprovement,OtherIntentionalRelease,forestry,2004,2022,"Anastasiu P, Miu I, Gavrilidis A, Preda C, Rozylowicz L, Sirbu C, Oprea A, Urziceanu M, Camen-Comanescu P, Nagoda E, Memedemin D, Barbos M, Boruz V, Cislariu A, Don I, Fagaras M, Frink J, Georgescu I, Haruta O, Hurdu B-I, Matis A, Milanovici S, Muncaciu S, Neacsu A, Neblea M, Nicolin A, Niculescu M, Oroian S, Pop O, Radutoiu D, Samarghitan M, Simion I, Soare L, Steiu C, Stoianov E, Strat D, Szabo A, Szatmari P, Tanase C, Mirea M, Manta N, Sirbu I (2024) Alien plant species distribution in Romania: a nationwide survey following the implementation of the EU Regulation on Invasive Alien Species. Biodiversity Data Journal 12. https://doi.org/10.3897/BDJ.12.e119539",,Eastern Canada | Mexico | North-Central U.S.A. | Northeastern U.S.A. | South-Central U.S.A. | Southeastern U.S.A.,TRUE,FALSE,FALSE,,2025-11-26,Cristina Preda | Laurentiu Rozylowicz,Culita Sirbu
OSROGK5PNXM8BUI5PE,Cabomba caroliniana A.Gray,Plantae,Tracheophyta,Magnoliopsida,Nymphaeales,Cabombaceae,Cabomba,species,ICN,Romania,RO,absent,introduced,failing,landscapeImprovement,OtherIntentionalRelease,,2004,2004,"Anastasiu P, Miu I, Gavrilidis A, Preda C, Rozylowicz L, Sirbu C, Oprea A, Urziceanu M, Camen-Comanescu P, Nagoda E, Memedemin D, Barbos M, Boruz V, Cislariu A, Don I, Fagaras M, Frink J, Georgescu I, Haruta O, Hurdu B-I, Matis A, Milanovici S, Muncaciu S, Neacsu A, Neblea M, Nicolin A, Niculescu M, Oroian S, Pop O, Radutoiu D, Samarghitan M, Simion I, Soare L, Steiu C, Stoianov E, Strat D, Szabo A, Szatmari P, Tanase C, Mirea M, Manta N, Sirbu I (2024) Alien plant species distribution in Romania: a nationwide survey following the implementation of the EU Regulation on Invasive Alien Species. Biodiversity Data Journal 12. https://doi.org/10.3897/BDJ.12.e119539 | Blackburn TM, Pysek P, Bacher S, Carlton JT, Duncan RP, Jarosik V, Wilson JR, Richardson DM (2011) A proposed unified framework for biological invasions. Trends in Ecology and Evolution 26: 333-339. https://doi.org/10.1016/j.tree.2011.03.023",species of Union Concern (Regulation 1143/2014),Brazil | Mexico | North-Central U.S.A. | Northeastern U.S.A. | South-Central U.S.A. | Southeastern U.S.A. | Southern South America | Western South America,FALSE,FALSE,TRUE,,2025-11-26,Cristina Preda | Laurentiu Rozylowicz,Ioana-Minodora Sirbu
OSROUCKLN02NF4SE1IPRF2,"Hesionides arenaria Friedrich, 1937",Animalia,Annelida,Polychaeta,Phyllodocida,Microphthalmidae,Hesionides,species,ICZN,Romania,RO,present,introduced,colonising,transportContaminant,naturalDispersal,,2005,2005,"Surugiu V (2005) Inventory of inshore polychaetes from the romanian coast (Black Sea) Mediterranean Marine Science, Vol. 6/1, 2005, 51-73 | Bancila R, Skolka M, Ivanova P, Surugiu V, Stefanova K, Todorova V, Zenetos A (2022) Alien species of the Romanian and Bulgarian Black Sea coast: state of knowledge, uncertainties, and needs for future research. Aquatic Invasions 17: 253-273. https://doi.org/10.3391/ai.2022.17.3.02",,Atlantic Ocean,FALSE,TRUE,FALSE,,2026-03-08,Cristina Preda | Laurentiu Rozylowicz,Marius Skolka | Carla F. Gavrilescu
OSROUCKLPMRQABN9IF5IPN,"Neoclytus acuminatus (Fabricius, 1775)",Animalia,Arthropoda,Insecta,Coleoptera,Cerambycidae,Neoclytus,species,ICZN,Romania,RO,present,introduced,colonising,transportContaminant,naturalDispersal,,2005,2023,"Olenici N, Balacenoiu F, Tomescu R, Netoiu C, Buzatu A, Alexandru A (2022) Invasive alien forest insect species in south-eastern Romania. Notulae Botanicae Horti Agrobotanici Cluj-Napoca 50: 12618. https://doi.org/10.15835/nbha50112618 | Manci CO (2005) Neoclytus acuminatus (Fabricius, 1775) gen si specie noua pentru fauna Romaniei (Coleoptera: Cerambycidae: Cerambycinae), Bul.inf. Entomol., 16: 75-77, 2005",,Northern America,TRUE,FALSE,FALSE,Plantae,2025-11-26,Cristina Preda | Laurentiu Rozylowicz,Marius Skolka | Carla F. Gavrilescu
OSROUCKLPIXV684AJCBXX5,"Aphis (Aphis) spiraecola Patch, 1914",Animalia,Arthropoda,Insecta,Hemiptera,Aphididae,Aphis,species,ICZN,Romania,RO,doubtful,uncertain,established,transportContaminant,parasitesOnPlants,naturalDispersal,2005,2018,Teodorescu I (2018) Contribution to database of alien/invasive Homoptera insects in Romania. Romanian Journal of Biology - Zoology 63(1-2): 29-68.,,Eastern Asia,TRUE,FALSE,FALSE,Spiraea | Citrus,2026-03-17,Cristina Preda | Laurentiu Rozylowicz,Marius Skolka | Carla F. Gavrilescu
OSROUCKLGAUGHKZYEVSG6L,"Cinara cupressi (Buckton, 1881)",Animalia,Arthropoda,Insecta,Hemiptera,Aphididae,Cinara,species,ICZN,Romania,RO,doubtful,uncertain,established,transportContaminant,parasitesOnPlants,naturalDispersal,2005,2018,Teodorescu I (2018) Contribution to database of alien/invasive Homoptera insects in Romania. Romanian Journal of Biology - Zoology 63(1-2): 29-68.,,Western Asia,TRUE,FALSE,FALSE,Cupressus,2026-03-17,Cristina Preda | Laurentiu Rozylowicz,Marius Skolka | Carla F. Gavrilescu
OSROUCKL46IEB6QQ0BNS7B,"Myzus (Sciamyzus) ascalonicus Doncaster, 1946",Animalia,Arthropoda,Insecta,Hemiptera,Aphididae,Myzus,species,ICZN,Romania,RO,present,introduced,colonising,transportContaminant,naturalDispersal,,2005,2005,"Preda C, Adam C, Constantinescu IC, Popa OP, Popa LO, Balcu M-J, Brezeanu AM, Dascalu MM, Draghici A-C, Gavrilescu CF, Gavrilidis AA, Gheoca V, Iorgu EI, Iorgu IS, Krapal AM, Maican S, Manci C-O, Manta N, Manu M, Motoc RM, Niculae IM, Petrescu A-M, Pintilioaie A-M, Popa AF, Radac IA, Rozylowicz L, Ruicanescu A, Sahlean TC, Surugiu V, Serban C, Stefan A, Szekely L, Tausan I, Skolka M (2026) From soil to stream and sea: species richness and distribution of alien invertebrates in Romania. NeoBiota.",,Cryptogenic,TRUE,FALSE,FALSE,,2025-11-26,Cristina Preda | Laurentiu Rozylowicz,Marius Skolka | Carla F. Gavrilescu
OSROUCKLYBYPTGD1C1NKZH,"Craspedacusta sowerbii Lankester, 1880",Animalia,Cnidaria,Hydrozoa,Limnomedusae,Olindiidae,Craspedacusta,species,ICZN,Romania,RO,present,introduced,invasive,ornamentalNonHorticulture,ContaminantOnAnimals,,2005,2024,"Preda C, Adam C, Constantinescu IC, Popa OP, Popa LO, Balcu M-J, Brezeanu AM, Dascalu MM, Draghici A-C, Gavrilescu CF, Gavrilidis AA, Gheoca V, Iorgu EI, Iorgu IS, Krapal AM, Maican S, Manci C-O, Manta N, Manu M, Motoc RM, Niculae IM, Petrescu A-M, Pintilioaie A-M, Popa AF, Radac IA, Rozylowicz L, Ruicanescu A, Sahlean TC, Surugiu V, Serban C, Stefan A, Szekely L, Tausan I, Skolka M (2026) From soil to stream and sea: species richness and distribution of alien invertebrates in Romania. NeoBiota. | Mitrofan AC, Nitescu R, Iftime A (2024) New records of the freshwater jellyfish Craspedacusta sowerbii in Romania. Travaux du Museum National d'Histoire Naturelle ""Grigore Antipa"" 67: 7-12.",,Eastern Asia (Yangtze basin),FALSE,FALSE,TRUE,,2025-11-26,Cristina Preda | Laurentiu Rozylowicz,Oana P. Popa
OSROL6YTJ9ZQOM7N77,Zinnia elegans Jacq.,Plantae,Tracheophyta,Magnoliopsida,Asterales,Asteraceae,Zinnia,species,ICN,Romania,RO,present,introduced,casual,ornamentalNonHorticulture,,,2005,2022,"Anastasiu P, Miu I, Gavrilidis A, Preda C, Rozylowicz L, Sirbu C, Oprea A, Urziceanu M, Camen-Comanescu P, Nagoda E, Memedemin D, Barbos M, Boruz V, Cislariu A, Don I, Fagaras M, Frink J, Georgescu I, Haruta O, Hurdu B-I, Matis A, Milanovici S, Muncaciu S, Neacsu A, Neblea M, Nicolin A, Niculescu M, Oroian S, Pop O, Radutoiu D, Samarghitan M, Simion I, Soare L, Steiu C, Stoianov E, Strat D, Szabo A, Szatmari P, Tanase C, Mirea M, Manta N, Sirbu I (2024) Alien plant species distribution in Romania: a nationwide survey following the implementation of the EU Regulation on Invasive Alien Species. Biodiversity Data Journal 12. https://doi.org/10.3897/BDJ.12.e119539",,Central America | Mexico,TRUE,FALSE,FALSE,,2025-11-26,Cristina Preda | Laurentiu Rozylowicz,Daniyar Memedemin
OSROXOAS7KBG25N7Y6,Impatiens balsamina L.,Plantae,Tracheophyta,Magnoliopsida,Ericales,Balsaminaceae,Impatiens,species,ICN,Romania,RO,present,introduced,casual,horticulture,,,2005,2021,"Oprea A (2005) Lista critica a plantelor vasculare din Romania. Edit. Univ. Al. I. Cuza Iasi, 668 pp",,Indian Subcontinent,TRUE,FALSE,FALSE,,2025-11-26,Cristina Preda | Laurentiu Rozylowicz,Culita Sirbu
OSROXUJ8C3H0YSRFJL,Robinia viscosa Michx. ex Vent.,Plantae,Tracheophyta,Magnoliopsida,Fabales,Fabaceae,Robinia,species,ICN,Romania,RO,present,introduced,casual,horticulture,,,2005,2022,"Oprea A (2005) Lista critica a plantelor vasculare din Romania. Edit. Univ. Al. I. Cuza Iasi, 668 pp",,Southeastern U.S.A.,TRUE,FALSE,FALSE,,2025-11-26,Cristina Preda | Laurentiu Rozylowicz,Culita Sirbu
OSROY7DMS5LOMKKC34,Wisteria sinensis (Sims) DC.,Plantae,Tracheophyta,Magnoliopsida,Fabales,Fabaceae,Wisteria,species,ICN,Romania,RO,present,introduced,casual,horticulture,,,2005,2022,"Oprea A (2005) Lista critica a plantelor vasculare din Romania. Edit. Univ. Al. I. Cuza Iasi, 668 pp",,China,TRUE,FALSE,FALSE,,2025-11-26,Cristina Preda | Laurentiu Rozylowicz,Culita Sirbu
OSROD2IEI14J3QPSBK,Euphorbia glyptosperma Engelm.,Plantae,Tracheophyta,Magnoliopsida,Malpighiales,Euphorbiaceae,Euphorbia,species,ICN,Romania,RO,present,introduced,invasive,unaided,,,2005,2022,"Sirbu C, Susnia (Tone) I (2018) New records in the alien flora of Romania: Euphorbia serpens and E. glyptosperma. Journal of Plant Development, 25: 135-144",,Eastern Canada | Mexico | North-Central U.S.A. | Northeastern U.S.A. | Northwestern U.S.A. | South-Central U.S.A. | Southeastern U.S.A. | Southwestern U.S.A. | Western Canada,TRUE,FALSE,FALSE,,2025-11-26,Cristina Preda | Laurentiu Rozylowicz,Culita Sirbu
OSROUCKLF1ZP1X52HL17AF,"Myzus (Myzus) varians Davidson, 1912",Animalia,Arthropoda,Insecta,Hemiptera,Aphididae,Myzus,species,ICZN,Romania,RO,present,introduced,colonising,transportContaminant,,,2006,2022,"Preda C, Adam C, Constantinescu IC, Popa OP, Popa LO, Balcu M-J, Brezeanu AM, Dascalu MM, Draghici A-C, Gavrilescu CF, Gavrilidis AA, Gheoca V, Iorgu EI, Iorgu IS, Krapal AM, Maican S, Manci C-O, Manta N, Manu M, Motoc RM, Niculae IM, Petrescu A-M, Pintilioaie A-M, Popa AF, Radac IA, Rozylowicz L, Ruicanescu A, Sahlean TC, Surugiu V, Serban C, Stefan A, Szekely L, Tausan I, Skolka M (2026) From soil to stream and sea: species richness and distribution of alien invertebrates in Romania. NeoBiota.",,Asia,TRUE,FALSE,FALSE,Clematis,2025-11-26,Cristina Preda | Laurentiu Rozylowicz,Costica Adam
OSROUCKLUWWVOBBXBXI4D4,"Aproceros leucopoda Takeuchi, 1939",Animalia,Arthropoda,Insecta,Hymenoptera,Argidae,Aproceros,species,ICZN,Romania,RO,present,introduced,colonising,transportStowaway,naturalDispersal,,2006,2022,"Olenici N, Balacenoiu F, Tomescu R, Netoiu C, Buzatu A, Alexandru A (2022) Invasive alien forest insect species in south-eastern Romania. Notulae Botanicae Horti Agrobotanici Cluj-Napoca 50: 12618. https://doi.org/10.15835/nbha50112618 | Chumroenphat T, Saensouk S (2022) Taxonomy, phytochemical and bioactive compounds and potential use as material with different drying methods of Alpinia latilabris Ridl. new record from Thailand. Notulae Botanicae Horti Agrobotanici Cluj-Napoca 50: 12619. https://doi.org/10.15835/nbha50112619",,Eastern Asia,TRUE,FALSE,FALSE,Ulmus,2025-11-26,Cristina Preda | Laurentiu Rozylowicz,Marius Skolka | Carla F. Gavrilescu
OSROUCKLERBZIFXR7W24HE,"Acharia stimulea (Clemens, 1860)",Animalia,Arthropoda,Insecta,Lepidoptera,Limacodidae,Acharia,species,ICZN,Romania,RO,present,introduced,colonising,transportStowaway,PublicGardenZooAquaria,,2006,2006,"Lopez-Vaamonde C, Agassiz D, Augustin S, De Prins J, De Prins W, Gomboc S, Ivinskis P, Karsholt O, Koutroumpas A, Koutroumpa F, Lastuvka Z, Marabuto E, Olivella E, Przybylowicz L, Roques A, Ryrholm N, Sefrova H, Sima P, Sims I, Sinev S, Skulev B, Tomov R, Zilli A, Lees D (2010) Lepidoptera. Chapter 11. BioRisk 4: 603-668. https://doi.org/10.3897/biorisk.4.50",,Central America | South America,TRUE,FALSE,FALSE,Arecaceae,2025-11-26,Cristina Preda | Laurentiu Rozylowicz,Marius Skolka | Carla F. Gavrilescu
OSROUCKLF526TCE3CO0IDY,"Monema flavescens Walker, 1855",Animalia,Arthropoda,Insecta,Lepidoptera,Limacodidae,Monema,species,ICZN,Romania,RO,present,introduced,colonising,transportStowaway,,,2006,2006,"Preda C, Adam C, Constantinescu IC, Popa OP, Popa LO, Balcu M-J, Brezeanu AM, Dascalu MM, Draghici A-C, Gavrilescu CF, Gavrilidis AA, Gheoca V, Iorgu EI, Iorgu IS, Krapal AM, Maican S, Manci C-O, Manta N, Manu M, Motoc RM, Niculae IM, Petrescu A-M, Pintilioaie A-M, Popa AF, Radac IA, Rozylowicz L, Ruicanescu A, Sahlean TC, Surugiu V, Serban C, Stefan A, Szekely L, Tausan I, Skolka M (2026) From soil to stream and sea: species richness and distribution of alien invertebrates in Romania. NeoBiota.",,Eastern Asia,TRUE,FALSE,FALSE,Quercus | Fagus,2025-11-26,Cristina Preda | Laurentiu Rozylowicz,Marius Skolka | Carla F. Gavrilescu
OSROUCKL32WTUZ0ZKHNX8V,"Bagnalliella yuccae (Hinds, 1902)",Animalia,Arthropoda,Insecta,Thysanoptera,Phlaeothripidae,Bagnalliella,species,ICZN,Romania,RO,present,introduced,colonising,transportStowaway,naturalDispersal,,2006,2022,Reynaud P (2010) Thrips (Thysanoptera). Chapter 13.1. BioRisk 4: 767-791. https://doi.org/10.3897/biorisk.4.59,,Northern America,TRUE,FALSE,FALSE,Yucca,2025-11-26,Cristina Preda | Laurentiu Rozylowicz,Marius Skolka | Carla F. Gavrilescu
OSROZQ8LBZ56ZB4PPE,Eriochloa villosa (Thunb.) Kunth,Plantae,Tracheophyta,Liliopsida,Poales,Poaceae,Eriochloa,species,ICN,Romania,RO,present,introduced,established,seedContaminant,,,2006,2022,"Anastasiu P, Miu I, Gavrilidis A, Preda C, Rozylowicz L, Sirbu C, Oprea A, Urziceanu M, Camen-Comanescu P, Nagoda E, Memedemin D, Barbos M, Boruz V, Cislariu A, Don I, Fagaras M, Frink J, Georgescu I, Haruta O, Hurdu B-I, Matis A, Milanovici S, Muncaciu S, Neacsu A, Neblea M, Nicolin A, Niculescu M, Oroian S, Pop O, Radutoiu D, Samarghitan M, Simion I, Soare L, Steiu C, Stoianov E, Strat D, Szabo A, Szatmari P, Tanase C, Mirea M, Manta N, Sirbu I (2024) Alien plant species distribution in Romania: a nationwide survey following the implementation of the EU Regulation on Invasive Alien Species. Biodiversity Data Journal 12. https://doi.org/10.3897/BDJ.12.e119539",,China | Eastern Asia | Indo-China | Russian Far East,TRUE,FALSE,FALSE,,2025-11-26,Cristina Preda | Laurentiu Rozylowicz,Paulina Anastasiu
OSRORY3QI77QR4J92J,Impatiens balfourii Hook.fil.,Plantae,Tracheophyta,Magnoliopsida,Ericales,Balsaminaceae,Impatiens,species,ICN,Romania,RO,present,introduced,invasive,horticulture,,,2006,2022,"Negrean G (2011) Addenda to Flora Romaniae volumes 1-12. Newly published plants, nomenclature, taxonomy, chorology and commentaries (Part 1). Kanitzia, 18: 89-194",,Indian Subcontinent,TRUE,FALSE,FALSE,,2025-11-26,Cristina Preda | Laurentiu Rozylowicz,Culita Sirbu
OSROB7MIHOEP4AZLMI,Populus × canadensis Moench,Plantae,Tracheophyta,Magnoliopsida,Malpighiales,Salicaceae,Populus,species,ICN,Romania,RO,present,introduced,established,forestry,ornamentalNonHorticulture,,2006,2022,"Anastasiu P, Miu I, Gavrilidis A, Preda C, Rozylowicz L, Sirbu C, Oprea A, Urziceanu M, Camen-Comanescu P, Nagoda E, Memedemin D, Barbos M, Boruz V, Cislariu A, Don I, Fagaras M, Frink J, Georgescu I, Haruta O, Hurdu B-I, Matis A, Milanovici S, Muncaciu S, Neacsu A, Neblea M, Nicolin A, Niculescu M, Oroian S, Pop O, Radutoiu D, Samarghitan M, Simion I, Soare L, Steiu C, Stoianov E, Strat D, Szabo A, Szatmari P, Tanase C, Mirea M, Manta N, Sirbu I (2024) Alien plant species distribution in Romania: a nationwide survey following the implementation of the EU Regulation on Invasive Alien Species. Biodiversity Data Journal 12. https://doi.org/10.3897/BDJ.12.e119539 | Sirbu C, Oprea A (2011) Plante adventive in flora Romaniei. Editura Ion Ionescu de la Brad, Iasi | Popa D, Chifu T (2006) The vascular flora from the Covurlui Plateau and Plain. Anuarul Complexului Muzeal Bucovina 17-19: 115-136 | Blackburn TM, Pysek P, Bacher S, Carlton JT, Duncan RP, Jarosik V, Wilson JRU, Richardson DM (2011) A proposed unified framework for biological invasions. Trends in Ecology and Evolution 26: 333–339. https://doi.org/10.1016/j.tree.2011.03.023 | Plants of the World Online (2026) https://powo.science.kew.org/",,hybrid,TRUE,FALSE,FALSE,,2025-11-26,Cristina Preda | Laurentiu Rozylowicz,Mihaela Urziceanu
OSROWXFL48H1SGS91Q,Oenothera glazioviana Micheli,Plantae,Tracheophyta,Magnoliopsida,Myrtales,Onagraceae,Oenothera,species,ICN,Romania,RO,present,introduced,invasive,ornamentalNonHorticulture,,,2006,2025,"Anastasiu P, Miu I, Gavrilidis A, Preda C, Rozylowicz L, Sirbu C, Oprea A, Urziceanu M, Camen-Comanescu P, Nagoda E, Memedemin D, Barbos M, Boruz V, Cislariu A, Don I, Fagaras M, Frink J, Georgescu I, Haruta O, Hurdu B-I, Matis A, Milanovici S, Muncaciu S, Neacsu A, Neblea M, Nicolin A, Niculescu M, Oroian S, Pop O, Radutoiu D, Samarghitan M, Simion I, Soare L, Steiu C, Stoianov E, Strat D, Szabo A, Szatmari P, Tanase C, Mirea M, Manta N, Sirbu I (2024) Alien plant species distribution in Romania: a nationwide survey following the implementation of the EU Regulation on Invasive Alien Species. Biodiversity Data Journal 12. https://doi.org/10.3897/BDJ.12.e119539 | Sirbu C, Oprea A (2011) Plante adventive in flora Romaniei. Editura Ion Ionescu de la Brad, Iasi, Romania, 734 pp | https://www.inaturalist.org/observations/298737795 | Blackburn TM, Pysek P, Bacher S, Carlton JT, Duncan RP, Jarosik V, Wilson JR, Richardson DM (2011) A proposed unified framework for biological invasions. Trends in Ecology and Evolution 26: 333-339. https://doi.org/10.1016/j.tree.2011.03.023",,cultigen of hybrid origin,TRUE,FALSE,FALSE,,2025-11-26,Cristina Preda | Laurentiu Rozylowicz,Ioana-Minodora Sirbu
OSROUCKLB8RK9VLNINADCM,"Glischrochilus quadrisignatus (Say, 1835)",Animalia,Arthropoda,Insecta,Coleoptera,Nitidulidae,Glischrochilus,species,ICZN,Romania,RO,present,introduced,colonising,transportContaminant,naturalDispersal,,2007,2023,"Preda C, Adam C, Constantinescu IC, Popa OP, Popa LO, Balcu M-J, Brezeanu AM, Dascalu MM, Draghici A-C, Gavrilescu CF, Gavrilidis AA, Gheoca V, Iorgu EI, Iorgu IS, Krapal AM, Maican S, Manci C-O, Manta N, Manu M, Motoc RM, Niculae IM, Petrescu A-M, Pintilioaie A-M, Popa AF, Radac IA, Rozylowicz L, Ruicanescu A, Sahlean TC, Surugiu V, Serban C, Stefan A, Szekely L, Tausan I, Skolka M (2026) From soil to stream and sea: species richness and distribution of alien invertebrates in Romania. NeoBiota. | Adam C, Constantinescu IC, Draghici AC, Fusu L, Fusu MM, Gheoca V, Iorgu IS, Irimia AG, Maican S, Manci CO, Manu M, Mitroiu MD, Olosutean HG, Perju M, Petrescu AM, Pintilioaie AM, Popa AF, Popescu IE, Popovici OA, Prunar FV, Radac IA, Sahlean TC, Sitar C, Stanciu CR, Szekely L, Tausan I, Tomozii IB, Torok SC, Zaharia LG (2022) Raport final privind distributia speciilor de nevertebrate terestre alogene din hot-spot-uri si caile prioritare de patrundere (an 3 cartare). Raport intocmit in cadrul Proiectului POIM2014+120008 - Managementul adecvat al speciilor invazive din Romania, in conformitate cu Regulamentul UE 1143/2014 referitor la prevenirea si gestionarea introducerii si raspandirii speciilor alogene invazive. Ministerul Mediului, Apelor si Padurilor & Universitatea din Bucuresti, Bucuresti.",,Central America | Northern America,TRUE,FALSE,FALSE,Plantae,2025-11-26,Cristina Preda | Laurentiu Rozylowicz,Marius Skolka | Carla F. Gavrilescu
OSROUCKLZLTO642WJMRM2R,"Obolodiplosis robiniae (Haldeman, 1847)",Animalia,Arthropoda,Insecta,Diptera,Cecidomyiidae,Obolodiplosis,species,ICZN,Romania,RO,present,introduced,colonising,transportStowaway,naturalDispersal,,2007,2023,"Olenici N, Balacenoiu F, Tomescu R, Netoiu C, Buzatu A, Alexandru A (2022) Invasive alien forest insect species in south-eastern Romania. Notulae Botanicae Horti Agrobotanici Cluj-Napoca 50: 12618. https://doi.org/10.15835/nbha50112618 | Adam C, Constantinescu IC, Draghici AC, Fusu L, Fusu MM, Gheoca V, Iorgu IS, Irimia AG, Maican S, Manci CO, Manu M, Mitroiu MD, Olosutean HG, Perju M, Petrescu AM, Pintilioaie AM, Popa AF, Popescu IE, Popovici OA, Prunar FV, Radac IA, Sahlean TC, Sitar C, Stanciu CR, Szekely L, Tausan I, Tomozii IB, Torok SC, Zaharia LG (2022) Raport final privind distributia speciilor de nevertebrate terestre alogene din hot-spot-uri si caile prioritare de patrundere (an 3 cartare). Raport intocmit in cadrul Proiectului POIM2014+120008 - Managementul adecvat al speciilor invazive din Romania, in conformitate cu Regulamentul UE 1143/2014 referitor la prevenirea si gestionarea introducerii si raspandirii speciilor alogene invazive. Ministerul Mediului, Apelor si Padurilor & Universitatea din Bucuresti, Bucuresti.",,Northern America,TRUE,FALSE,FALSE,Robinia,2025-11-26,Cristina Preda | Laurentiu Rozylowicz,Marius Skolka | Carla F. Gavrilescu
OSROUCKLFWYSUJWR1Z306X,"Dysaphis tulipae (Fonscolombe, 1841)",Animalia,Arthropoda,Insecta,Hemiptera,Aphididae,Dysaphis,species,ICZN,Romania,RO,doubtful,uncertain,established,transportContaminant,parasitesOnPlants,naturalDispersal,2007,2018,Teodorescu I (2018) Contribution to database of alien/invasive Homoptera insects in Romania. Romanian Journal of Biology - Zoology 63(1-2): 29-68. | DAISIE (2011) Datamining - Invasive Species Databases. www.europe-aliens.org,,Cosmopolitan,TRUE,FALSE,FALSE,Tulipa,2026-03-17,Cristina Preda | Laurentiu Rozylowicz,Marius Skolka | Carla F. Gavrilescu
OSROUCKLRJ15L0466RAJH2,Aphis (Aphis) spiraephaga,Animalia,Arthropoda,Insecta,Hemiptera,Aphididae,Aphis,species,ICZN,Romania,RO,present,introduced,colonising,transportStowaway,parasitesOnPlants,naturalDispersal,2008,2022,"Preda C, Adam C, Constantinescu IC, Popa OP, Popa LO, Balcu M-J, Brezeanu AM, Dascalu MM, Draghici A-C, Gavrilescu CF, Gavrilidis AA, Gheoca V, Iorgu EI, Iorgu IS, Krapal AM, Maican S, Manci C-O, Manta N, Manu M, Motoc RM, Niculae IM, Petrescu A-M, Pintilioaie A-M, Popa AF, Radac IA, Rozylowicz L, Ruicanescu A, Sahlean TC, Surugiu V, Serban C, Stefan A, Szekely L, Tausan I, Skolka M (2026) From soil to stream and sea: species richness and distribution of alien invertebrates in Romania. NeoBiota.",,Central Asia,TRUE,FALSE,FALSE,Spiraea,2025-11-26,Cristina Preda | Laurentiu Rozylowicz,Costica Adam
OSROUCKLN5IXMJ25H896Y2,"Illinoia azalea (Mason, 1925)",Animalia,Arthropoda,Insecta,Hemiptera,Aphididae,Illinoia,species,ICZN,Romania,RO,doubtful,uncertain,established,transportContaminant,parasitesOnPlants,naturalDispersal,2008,2018,Teodorescu I (2018) Contribution to database of alien/invasive Homoptera insects in Romania. Romanian Journal of Biology - Zoology 63(1-2): 29-68.,,Northern America,TRUE,FALSE,FALSE,Rhododendron,2026-03-17,Cristina Preda | Laurentiu Rozylowicz,Marius Skolka | Carla F. Gavrilescu
OSROUCKLIACIL0VRBY0JTC,"Impatientinum asiaticum Nevsky, 1929",Animalia,Arthropoda,Insecta,Hemiptera,Aphididae,Impatientinum,species,ICZN,Romania,RO,doubtful,uncertain,established,transportContaminant,parasitesOnPlants,naturalDispersal,2008,2018,Teodorescu I (2018) Contribution to database of alien/invasive Homoptera insects in Romania. Romanian Journal of Biology - Zoology 63(1-2): 29-68.,,Central Asia,TRUE,FALSE,FALSE,Impatiens parviflora | Impatiens glandulifera,2026-03-17,Cristina Preda | Laurentiu Rozylowicz,Marius Skolka | Carla F. Gavrilescu
OSROUCKL78L4BS18IWMTOK,"Rhopalosiphoninus (Rhopalosiphoninus) latysiphon (Davidson, 1912)",Animalia,Arthropoda,Insecta,Hemiptera,Aphididae,Rhopalosiphoninus,species,ICZN,Romania,RO,present,introduced,colonising,transportContaminant,parasitesOnPlants,naturalDispersal,2008,2018,"Adam C, Constantinescu IC, Draghici AC, Fusu L, Fusu MM, Gheoca V, Iorgu IS, Irimia AG, Maican S, Manci CO, Manu M, Mitroiu MD, Olosutean HG, Perju M, Petrescu AM, Pintilioaie AM, Popa AF, Popescu IE, Popovici OA, Prunar FV, Radac IA, Sahlean TC, Sitar C, Stanciu CR, Szekely L, Tausan I, Tomozii IB, Torok SC, Zaharia LG (2022) Raport final privind distributia speciilor de nevertebrate terestre alogene din hot-spot-uri si caile prioritare de patrundere (an 3 cartare). Raport intocmit in cadrul Proiectului POIM2014+120008 - Managementul adecvat al speciilor invazive din Romania, in conformitate cu Regulamentul UE 1143/2014 referitor la prevenirea si gestionarea introducerii si raspandirii speciilor alogene invazive. Ministerul Mediului, Apelor si Padurilor & Universitatea din Bucuresti, Bucuresti.",,Northern America,TRUE,FALSE,FALSE,Iris,2025-11-26,Cristina Preda | Laurentiu Rozylowicz,Costica Adam
OSROUCKLB7VPHJBQ1MSBN9,"Toxoptera aurantii Boyer de Fonscolombe, 1841",Animalia,Arthropoda,Insecta,Hemiptera,Aphididae,Toxoptera,species,ICZN,Romania,RO,doubtful,uncertain,established,transportContaminant,parasitesOnPlants,naturalDispersal,2008,2018,Teodorescu I (2018) Contribution to database of alien/invasive Homoptera insects in Romania. Romanian Journal of Biology - Zoology 63(1-2): 29-68.,,Southern Asia | South-eastern Asia,TRUE,FALSE,FALSE,Citrus,2026-03-18,Cristina Preda | Laurentiu Rozylowicz,Marius Skolka | Carla F. Gavrilescu
OSROUCKLSGAYY7JXRS83S1,"Uroleucon erigeronense (Thomas C., 1878)",Animalia,Arthropoda,Insecta,Hemiptera,Aphididae,Uroleucon,species,ICZN,Romania,RO,doubtful,uncertain,established,transportContaminant,parasitesOnPlants,naturalDispersal,2008,2018,Teodorescu I (2018) Contribution to database of alien/invasive Homoptera insects in Romania. Romanian Journal of Biology - Zoology 63(1-2): 29-68.,,Northern America,TRUE,FALSE,FALSE,Erigeron,2026-03-18,Cristina Preda | Laurentiu Rozylowicz,Marius Skolka | Carla F. Gavrilescu
OSROUCKLAJIZG4XT7NSW6J,"Pulvinaria floccifera (Westwood, 1870)",Animalia,Arthropoda,Insecta,Hemiptera,Coccidae,Pulvinaria,species,ICZN,Romania,RO,present,introduced,colonising,transportContaminant,,,2008,2008,"Preda C, Adam C, Constantinescu IC, Popa OP, Popa LO, Balcu M-J, Brezeanu AM, Dascalu MM, Draghici A-C, Gavrilescu CF, Gavrilidis AA, Gheoca V, Iorgu EI, Iorgu IS, Krapal AM, Maican S, Manci C-O, Manta N, Manu M, Motoc RM, Niculae IM, Petrescu A-M, Pintilioaie A-M, Popa AF, Radac IA, Rozylowicz L, Ruicanescu A, Sahlean TC, Surugiu V, Serban C, Stefan A, Szekely L, Tausan I, Skolka M (2026) From soil to stream and sea: species richness and distribution of alien invertebrates in Romania. NeoBiota.",,Asia,TRUE,FALSE,FALSE,Plantae,2025-11-26,Cristina Preda | Laurentiu Rozylowicz,Costica Adam
OSROUCKLMZRBVFMU99K0QA,"Oxycarenus (Oxycarenus) lavaterae (Fabricius, 1787)",Animalia,Arthropoda,Insecta,Hemiptera,Oxycarenidae,Oxycarenus,species,ICZN,Romania,RO,present,introduced,colonising,naturalDispersal,contaminantOnPlants,,2008,2026,"Preda C, Adam C, Constantinescu IC, Popa OP, Popa LO, Balcu M-J, Brezeanu AM, Dascalu MM, Draghici A-C, Gavrilescu CF, Gavrilidis AA, Gheoca V, Iorgu EI, Iorgu IS, Krapal AM, Maican S, Manci C-O, Manta N, Manu M, Motoc RM, Niculae IM, Petrescu A-M, Pintilioaie A-M, Popa AF, Radac IA, Rozylowicz L, Ruicanescu A, Sahlean TC, Surugiu V, Serban C, Stefan A, Szekely L, Tausan I, Skolka M (2026) From soil to stream and sea: species richness and distribution of alien invertebrates in Romania. NeoBiota. | https://www.inaturalist.org/photos/605051148",,Southern Europe | Northern Africa,TRUE,FALSE,FALSE,Malvaceae,2025-11-26,Cristina Preda | Laurentiu Rozylowicz,Ioana Cristina Constantinescu
OSROUCKLDB2X6I4BF6NAUO,"Ponometia candefacta (Hübner, 1831)",Animalia,Arthropoda,Insecta,Lepidoptera,Noctuidae,Ponometia,species,ICZN,Romania,RO,present,introduced,colonising,biologicalControl,naturalDispersal,,2008,2022,"Preda C, Adam C, Constantinescu IC, Popa OP, Popa LO, Balcu M-J, Brezeanu AM, Dascalu MM, Draghici A-C, Gavrilescu CF, Gavrilidis AA, Gheoca V, Iorgu EI, Iorgu IS, Krapal AM, Maican S, Manci C-O, Manta N, Manu M, Motoc RM, Niculae IM, Petrescu A-M, Pintilioaie A-M, Popa AF, Radac IA, Rozylowicz L, Ruicanescu A, Sahlean TC, Surugiu V, Serban C, Stefan A, Szekely L, Tausan I, Skolka M (2026) From soil to stream and sea: species richness and distribution of alien invertebrates in Romania. NeoBiota.",,Northern America,TRUE,FALSE,FALSE,Plantae,2025-11-26,Cristina Preda | Laurentiu Rozylowicz,Marius Skolka | Carla F. Gavrilescu
OSROUCKLVJDR05K2BVSZKC,"Faxonius limosus (Rafinesque, 1817)",Animalia,Arthropoda,Malacostraca,Decapoda,Cambaridae,Faxonius,species,ICZN,Romania,RO,present,introduced,invasive,PublicGardenZooAquaria,naturalDispersal,releaseInNature,2008,2023,"Preda C, Adam C, Constantinescu IC, Popa OP, Popa LO, Balcu M-J, Brezeanu AM, Dascalu MM, Draghici A-C, Gavrilescu CF, Gavrilidis AA, Gheoca V, Iorgu EI, Iorgu IS, Krapal AM, Maican S, Manci C-O, Manta N, Manu M, Motoc RM, Niculae IM, Petrescu A-M, Pintilioaie A-M, Popa AF, Radac IA, Rozylowicz L, Ruicanescu A, Sahlean TC, Surugiu V, Serban C, Stefan A, Szekely L, Tausan I, Skolka M (2026) From soil to stream and sea: species richness and distribution of alien invertebrates in Romania. NeoBiota.",species of Union Concern (Regulation 1143/2014),Northern America (Atlantic coast),FALSE,FALSE,TRUE,,2025-11-26,Cristina Preda | Laurentiu Rozylowicz,Oana P. Popa
OSROUCKLEFQZLBX857182U,"Hemigrapsus sanguineus (De Haan, 1835)",Animalia,Arthropoda,Malacostraca,Decapoda,Varunidae,Hemigrapsus,species,ICZN,Romania,RO,present,introduced,colonising,ballastWater,naturalDispersal,,2008,2008,"Preda C, Adam C, Constantinescu IC, Popa OP, Popa LO, Balcu M-J, Brezeanu AM, Dascalu MM, Draghici A-C, Gavrilescu CF, Gavrilidis AA, Gheoca V, Iorgu EI, Iorgu IS, Krapal AM, Maican S, Manci C-O, Manta N, Manu M, Motoc RM, Niculae IM, Petrescu A-M, Pintilioaie A-M, Popa AF, Radac IA, Rozylowicz L, Ruicanescu A, Sahlean TC, Surugiu V, Serban C, Stefan A, Szekely L, Tausan I, Skolka M (2026) From soil to stream and sea: species richness and distribution of alien invertebrates in Romania. NeoBiota.",,Eastern Asia | Pacific Ocean (NW),FALSE,TRUE,FALSE,,2025-11-26,Cristina Preda | Laurentiu Rozylowicz,Marius Skolka | Carla F. Gavrilescu
OSROUCKLJ93PE3U2AKSHRI,"Diadumene lineata (Verrill, 1869)",Animalia,Cnidaria,Anthozoa,Actiniaria,Diadumenidae,Diadumene,species,ICZN,Romania,RO,present,introduced,colonising,ballastWater,naturalDispersal,,2008,2008,"Preda C, Adam C, Constantinescu IC, Popa OP, Popa LO, Balcu M-J, Brezeanu AM, Dascalu MM, Draghici A-C, Gavrilescu CF, Gavrilidis AA, Gheoca V, Iorgu EI, Iorgu IS, Krapal AM, Maican S, Manci C-O, Manta N, Manu M, Motoc RM, Niculae IM, Petrescu A-M, Pintilioaie A-M, Popa AF, Radac IA, Rozylowicz L, Ruicanescu A, Sahlean TC, Surugiu V, Serban C, Stefan A, Szekely L, Tausan I, Skolka M (2026) From soil to stream and sea: species richness and distribution of alien invertebrates in Romania. NeoBiota.",,Eastern Asia | Pacific Ocean (NW),FALSE,TRUE,FALSE,,2025-11-26,Cristina Preda | Laurentiu Rozylowicz,Marius Skolka | Carla F. Gavrilescu
OSRO042MZXSXTSV9RG,Senecio inaequidens DC.,Plantae,Tracheophyta,Magnoliopsida,Asterales,Asteraceae,Senecio,species,ICN,Romania,RO,present,introduced,established,naturalDispersal,otherTransport,,2008,2025,"Anastasiu P, Miu I, Gavrilidis A, Preda C, Rozylowicz L, Sirbu C, Oprea A, Urziceanu M, Camen-Comanescu P, Nagoda E, Memedemin D, Barbos M, Boruz V, Cislariu A, Don I, Fagaras M, Frink J, Georgescu I, Haruta O, Hurdu B-I, Matis A, Milanovici S, Muncaciu S, Neacsu A, Neblea M, Nicolin A, Niculescu M, Oroian S, Pop O, Radutoiu D, Samarghitan M, Simion I, Soare L, Steiu C, Stoianov E, Strat D, Szabo A, Szatmari P, Tanase C, Mirea M, Manta N, Sirbu I (2024) Alien plant species distribution in Romania: a nationwide survey following the implementation of the EU Regulation on Invasive Alien Species. Biodiversity Data Journal 12. https://doi.org/10.3897/BDJ.12.e119539 | GBIF.org (2026) Occurrence Download. The Global Biodiversity Information Facility. https://doi.org/10.15468/dl.8p8xtp | Sirbu C, Oprea A (2011) Plante adventive in flora Romaniei. Editura Ion Ionescu de la Brad, Iasi | Anastasiu P, Negrean G (2008) New alien plants to Romania. Analele Univ. Craiova, Ser. Agric., Mont., Cadastru 38/B: 1-10 | Blackburn TM, Pysek P, Bacher S, Carlton JT, Duncan RP, Jarosik V, Wilson JRU, Richardson DM (2011) A proposed unified framework for biological invasions. Trends in Ecology and Evolution 26: 333–339. https://doi.org/10.1016/j.tree.2011.03.023 | Plants of the World Online (2026) https://powo.science.kew.org/",,South Tropical Africa | Southern Africa,TRUE,FALSE,FALSE,,2025-11-26,Cristina Preda | Laurentiu Rozylowicz,Mihaela Urziceanu | Lucian Patrascu
OSRO57KH11YUFTDORM,Euphorbia prostrata Aiton,Plantae,Tracheophyta,Magnoliopsida,Malpighiales,Euphorbiaceae,Euphorbia,species,ICN,Romania,RO,present,introduced,invasive,contaminantNursery,,,2008,2022,"Anastasiu P, Negrean G (2008) New alien plants to Romania. Analele Univ. Craiova. Ser. Agricult., Mont., Cadastru, 38/B: 1-10",,Brazil | Caribbean | Central America | Mexico | North-Central U.S.A. | Northern South America | Northwestern U.S.A. | South-Central U.S.A. | Southeastern U.S.A. | Southern South America | Southwestern U.S.A. | Western South America,TRUE,FALSE,FALSE,,2025-11-26,Cristina Preda | Laurentiu Rozylowicz,Culita Sirbu
OSRO06HBKE7IICC0Y8,Parthenocissus tricuspidata (Siebold & Zucc.) Planch.,Plantae,Tracheophyta,Magnoliopsida,Vitales,Vitaceae,Parthenocissus,species,ICN,Romania,RO,present,introduced,established,horticulture,containerBulk,naturalDispersal,2008,2025,"Anastasiu P, Miu I, Gavrilidis A, Preda C, Rozylowicz L, Sirbu C, Oprea A, Urziceanu M, Camen-Comanescu P, Nagoda E, Memedemin D, Barbos M, Boruz V, Cislariu A, Don I, Fagaras M, Frink J, Georgescu I, Haruta O, Hurdu B-I, Matis A, Milanovici S, Muncaciu S, Neacsu A, Neblea M, Nicolin A, Niculescu M, Oroian S, Pop O, Radutoiu D, Samarghitan M, Simion I, Soare L, Steiu C, Stoianov E, Strat D, Szabo A, Szatmari P, Tanase C, Mirea M, Manta N, Sirbu I (2024) Alien plant species distribution in Romania: a nationwide survey following the implementation of the EU Regulation on Invasive Alien Species. Biodiversity Data Journal 12. https://doi.org/10.3897/BDJ.12.e119539 | Anastasiu P, Camen-Comanescu P, Sirbu I-M, Urziceanu M (2024) Urban flora: new reports for Bucharest's flora. Acta Horti Botanici Bucurestiensis 50(1): 41-58. https://doi.org/10.62229/ahbb.2024.50/3 | Sirbu C, Oprea A (2011) Plante adventive in flora Romaniei. Editura Ion Ionescu de la Brad, Iasi | Fagaras M, Skolka M, Anastasiu P, Cogalniceanu P, Negrean G, Banica G, Tudor M, Samoila C (2008) Biodiversitatea zonei costiere a Dobrogei dintre Capul Midia si Capul Kaliacra. Editura Ex Ponto, Constanta | Blackburn TM, Pysek P, Bacher S, Carlton JT, Duncan RP, Jarosik V, Wilson JRU, Richardson DM (2011) A proposed unified framework for biological invasions. Trends in Ecology and Evolution 26: 333–339. https://doi.org/10.1016/j.tree.2011.03.023 | Plants of the World Online (2026) https://powo.science.kew.org/",,China | Eastern Asia | Indo-China | Russian Far East,TRUE,FALSE,FALSE,,2025-11-26,Cristina Preda | Laurentiu Rozylowicz,Mihaela Urziceanu
OSROUCKLZWCJP76RKTIVG9,"Bruchus rufimanus Boheman, 1833",Animalia,Arthropoda,Insecta,Coleoptera,Chrysomelidae,Bruchus,species,ICZN,Romania,RO,present,introduced,invasive,transportContaminant,naturalDispersal,,2009,2021,"Preda C, Adam C, Constantinescu IC, Popa OP, Popa LO, Balcu M-J, Brezeanu AM, Dascalu MM, Draghici A-C, Gavrilescu CF, Gavrilidis AA, Gheoca V, Iorgu EI, Iorgu IS, Krapal AM, Maican S, Manci C-O, Manta N, Manu M, Motoc RM, Niculae IM, Petrescu A-M, Pintilioaie A-M, Popa AF, Radac IA, Rozylowicz L, Ruicanescu A, Sahlean TC, Surugiu V, Serban C, Stefan A, Szekely L, Tausan I, Skolka M (2026) From soil to stream and sea: species richness and distribution of alien invertebrates in Romania. NeoBiota.",,Northern Africa | Southern Europe | Western Asia (Mediterranean basin),TRUE,FALSE,FALSE,Vicia faba,2025-11-26,Cristina Preda | Laurentiu Rozylowicz,Marius Skolka
OSROUCKLWR7T7CZG8MXPWR,"Xylosandrus germanus Hoffmann, C.H., 1941",Animalia,Arthropoda,Insecta,Coleoptera,Curculionidae,Xylosandrus,species,ICZN,Romania,RO,present,introduced,colonising,transportContaminant,naturalDispersal,,2009,2022,"Olenici N, Balacenoiu F, Tomescu R, Netoiu C, Buzatu A, Alexandru A (2022) Invasive alien forest insect species in south-eastern Romania. Notulae Botanicae Horti Agrobotanici Cluj-Napoca 50: 12618. https://doi.org/10.15835/nbha50112618",,Eastern Asia,TRUE,FALSE,FALSE,Plantae,2025-11-26,Cristina Preda | Laurentiu Rozylowicz,Marius Skolka | Carla F. Gavrilescu
OSROUCKLAXNPBNLE6CLGL3,"Scaphoideus (Scaphoideus) titanus Ball, 1932",Animalia,Arthropoda,Insecta,Hemiptera,Cicadellidae,Scaphoideus,species,ICZN,Romania,RO,present,introduced,colonising,transportContaminant,contaminantOnPlants,,2009,2021,"Chireceanu C, Ploaie P, Gutue M, Nicolae I, Stan C, Comsa M (2011) Detection of the auchenorrhyncha fauna associated with grapevine displaying yellows symptoms in Romania. Acta Phytopathologica et Entomologica Hungarica 46: 253-260. https://doi.org/10.1556/APhyt.46.2011.2.9",,Northern America,TRUE,FALSE,FALSE,Vitis,2025-11-26,Cristina Preda | Laurentiu Rozylowicz,Ioana Cristina Constantinescu
OSROUCKLNCLFBALA8E24QL,"Metcalfa pruinosa (Say, 1830)",Animalia,Arthropoda,Insecta,Hemiptera,Flatidae,Metcalfa,species,ICZN,Romania,RO,present,introduced,invasive,transportStowaway,contaminantOnPlants,,2009,2025,"Preda C, Adam C, Constantinescu IC, Popa OP, Popa LO, Balcu M-J, Brezeanu AM, Dascalu MM, Draghici A-C, Gavrilescu CF, Gavrilidis AA, Gheoca V, Iorgu EI, Iorgu IS, Krapal AM, Maican S, Manci C-O, Manta N, Manu M, Motoc RM, Niculae IM, Petrescu A-M, Pintilioaie A-M, Popa AF, Radac IA, Rozylowicz L, Ruicanescu A, Sahlean TC, Surugiu V, Serban C, Stefan A, Szekely L, Tausan I, Skolka M (2026) From soil to stream and sea: species richness and distribution of alien invertebrates in Romania. NeoBiota. | https://www.inaturalist.org/photos/607143826",,Northern America,TRUE,FALSE,FALSE,Plantae,2025-11-26,Cristina Preda | Laurentiu Rozylowicz,Ioana Cristina Constantinescu
OSROUCKLWIXOTWGLZKV5GB,"Caloptilia azaleella (Brants, 1913)",Animalia,Arthropoda,Insecta,Lepidoptera,Gracillariidae,Caloptilia,species,ICZN,Romania,RO,present,introduced,colonising,ornamentalNonHorticulture,transportStowaway,naturalDispersal,2009,2009,"Adam C, Constantinescu IC, Draghici AC, Fusu L, Fusu MM, Gheoca V, Iorgu IS, Irimia AG, Maican S, Manci CO, Manu M, Mitroiu MD, Olosutean HG, Perju M, Petrescu AM, Pintilioaie AM, Popa AF, Popescu IE, Popovici OA, Prunar FV, Radac IA, Sahlean TC, Sitar C, Stanciu CR, Szekely L, Tausan I, Tomozii IB, Torok SC, Zaharia LG (2022) Raport final privind distributia speciilor de nevertebrate terestre alogene din hot-spot-uri si caile prioritare de patrundere (an 3 cartare). Raport intocmit in cadrul Proiectului POIM2014+120008 - Managementul adecvat al speciilor invazive din Romania, in conformitate cu Regulamentul UE 1143/2014 referitor la prevenirea si gestionarea introducerii si raspandirii speciilor alogene invazive. Ministerul Mediului, Apelor si Padurilor & Universitatea din Bucuresti, Bucuresti.",,Eastern Asia,TRUE,FALSE,FALSE,Rhododendron,2025-11-26,Cristina Preda | Laurentiu Rozylowicz,Marius Skolka | Carla F. Gavrilescu
OSROUCKL83HR9IOEY5IIZ2,"Cadra calidella Guenée, 1845",Animalia,Arthropoda,Insecta,Lepidoptera,Pyralidae,Cadra,species,ICZN,Romania,RO,present,introduced,colonising,transportContaminant,transportStowaway,,2009,2022,"Adam C, Constantinescu IC, Draghici AC, Fusu L, Fusu MM, Gheoca V, Iorgu IS, Irimia AG, Maican S, Manci CO, Manu M, Mitroiu MD, Olosutean HG, Perju M, Petrescu AM, Pintilioaie AM, Popa AF, Popescu IE, Popovici OA, Prunar FV, Radac IA, Sahlean TC, Sitar C, Stanciu CR, Szekely L, Tausan I, Tomozii IB, Torok SC, Zaharia LG (2022) Raport final privind distributia speciilor de nevertebrate terestre alogene din hot-spot-uri si caile prioritare de patrundere (an 3 cartare). Raport intocmit in cadrul Proiectului POIM2014+120008 - Managementul adecvat al speciilor invazive din Romania, in conformitate cu Regulamentul UE 1143/2014 referitor la prevenirea si gestionarea introducerii si raspandirii speciilor alogene invazive. Ministerul Mediului, Apelor si Padurilor & Universitatea din Bucuresti, Bucuresti.",,Southern Europe | Northern Africa | Western Asia,TRUE,FALSE,FALSE,Plantae,2025-11-26,Cristina Preda | Laurentiu Rozylowicz,Marius Skolka | Carla F. Gavrilescu
OSROUCKLOIX5YPDDR15VTH,"Eurypanopeus depressus (Smith, 1869)",Animalia,Arthropoda,Malacostraca,Decapoda,Panopeidae,Eurypanopeus,species,ICZN,Romania,RO,present,introduced,colonising,ballastWater,naturalDispersal,,2009,2009,"Preda C, Adam C, Constantinescu IC, Popa OP, Popa LO, Balcu M-J, Brezeanu AM, Dascalu MM, Draghici A-C, Gavrilescu CF, Gavrilidis AA, Gheoca V, Iorgu EI, Iorgu IS, Krapal AM, Maican S, Manci C-O, Manta N, Manu M, Motoc RM, Niculae IM, Petrescu A-M, Pintilioaie A-M, Popa AF, Radac IA, Rozylowicz L, Ruicanescu A, Sahlean TC, Surugiu V, Serban C, Stefan A, Szekely L, Tausan I, Skolka M (2026) From soil to stream and sea: species richness and distribution of alien invertebrates in Romania. NeoBiota.",,Northern America (Atlantic coast) | Atlantic Ocean (W),FALSE,TRUE,FALSE,,2025-11-26,Cristina Preda | Laurentiu Rozylowicz,Marius Skolka | Carla F. Gavrilescu
OSROUCKLK57LVZS7XB3NWG,Artemisia argyi H.Lév. & Vaniot,Plantae,Tracheophyta,Magnoliopsida,Asterales,Asteraceae,Artemisia,species,ICN,Romania,RO,present,introduced,established,transportContaminant,,,2009,2022,"Anastasiu P, Miu I, Gavrilidis A, Preda C, Rozylowicz L, Sirbu C, Oprea A, Urziceanu M, Camen-Comanescu P, Nagoda E, Memedemin D, Barbos M, Boruz V, Cislariu A, Don I, Fagaras M, Frink J, Georgescu I, Haruta O, Hurdu B-I, Matis A, Milanovici S, Muncaciu S, Neacsu A, Neblea M, Nicolin A, Niculescu M, Oroian S, Pop O, Radutoiu D, Samarghitan M, Simion I, Soare L, Steiu C, Stoianov E, Strat D, Szabo A, Szatmari P, Tanase C, Mirea M, Manta N, Sirbu I (2024) Alien plant species distribution in Romania: a nationwide survey following the implementation of the EU Regulation on Invasive Alien Species. Biodiversity Data Journal 12. https://doi.org/10.3897/BDJ.12.e119539",,China | Eastern Asia | Russian Far East,TRUE,FALSE,FALSE,,2025-11-26,Cristina Preda | Laurentiu Rozylowicz,Paulina Anastasiu
OSROUCKLAYOR2EQ1BZ5JNS,Artemisia umbrosa Turcz. ex DC.,Plantae,Tracheophyta,Magnoliopsida,Asterales,Asteraceae,Artemisia,species,ICN,Romania,RO,present,introduced,established,transportContaminant,,,2009,2022,"Anastasiu P, Miu I, Gavrilidis A, Preda C, Rozylowicz L, Sirbu C, Oprea A, Urziceanu M, Camen-Comanescu P, Nagoda E, Memedemin D, Barbos M, Boruz V, Cislariu A, Don I, Fagaras M, Frink J, Georgescu I, Haruta O, Hurdu B-I, Matis A, Milanovici S, Muncaciu S, Neacsu A, Neblea M, Nicolin A, Niculescu M, Oroian S, Pop O, Radutoiu D, Samarghitan M, Simion I, Soare L, Steiu C, Stoianov E, Strat D, Szabo A, Szatmari P, Tanase C, Mirea M, Manta N, Sirbu I (2024) Alien plant species distribution in Romania: a nationwide survey following the implementation of the EU Regulation on Invasive Alien Species. Biodiversity Data Journal 12. https://doi.org/10.3897/BDJ.12.e119539 | Sirbu C, Oprea A (2011) New records in the alien flora of Romania (Artemisia argyi, A. lavandulaefolia) and Europe (A. lancea). Turk. J. Bot., 35: 717-728",,China | Eastern Asia | Eastern Europe | Indian Subcontinent | Mongolia | Russian Far East | Siberia,TRUE,FALSE,FALSE,,2025-11-26,Cristina Preda | Laurentiu Rozylowicz,Paulina Anastasiu
OSRO9CPXAE9BK4Y6KS,Erigeron sumatrensis Retz.,Plantae,Tracheophyta,Magnoliopsida,Asterales,Asteraceae,Erigeron,species,ICN,Romania,RO,present,introduced,invasive,transportContaminant,naturalDispersal,,2009,2022,"Anastasiu P, Miu I, Gavrilidis A, Preda C, Rozylowicz L, Sirbu C, Oprea A, Urziceanu M, Camen-Comanescu P, Nagoda E, Memedemin D, Barbos M, Boruz V, Cislariu A, Don I, Fagaras M, Frink J, Georgescu I, Haruta O, Hurdu B-I, Matis A, Milanovici S, Muncaciu S, Neacsu A, Neblea M, Nicolin A, Niculescu M, Oroian S, Pop O, Radutoiu D, Samarghitan M, Simion I, Soare L, Steiu C, Stoianov E, Strat D, Szabo A, Szatmari P, Tanase C, Mirea M, Manta N, Sirbu I (2024) Alien plant species distribution in Romania: a nationwide survey following the implementation of the EU Regulation on Invasive Alien Species. Biodiversity Data Journal 12. https://doi.org/10.3897/BDJ.12.e119539 | Anastasiu P, Memedemin D (2012) Conyza sumatrensis: a new alien plant in Romania. Botanica Serbica, 36(1): 37-40",,Brazil | Central America | Mexico | Northern South America | Southern South America | Western South America,TRUE,FALSE,FALSE,,2025-11-26,Cristina Preda | Laurentiu Rozylowicz,Paulina Anastasiu
OSRODCU1KMEAGL0DPG,Verbesina encelioides (Cav.) Benth. & Hook.fil. ex A.Gray,Plantae,Tracheophyta,Magnoliopsida,Asterales,Asteraceae,Verbesina,species,ICN,Romania,RO,present,introduced,casual,seedContaminant,,,2009,2022,"Anastasiu P, Miu I, Gavrilidis A, Preda C, Rozylowicz L, Sirbu C, Oprea A, Urziceanu M, Camen-Comanescu P, Nagoda E, Memedemin D, Barbos M, Boruz V, Cislariu A, Don I, Fagaras M, Frink J, Georgescu I, Haruta O, Hurdu B-I, Matis A, Milanovici S, Muncaciu S, Neacsu A, Neblea M, Nicolin A, Niculescu M, Oroian S, Pop O, Radutoiu D, Samarghitan M, Simion I, Soare L, Steiu C, Stoianov E, Strat D, Szabo A, Szatmari P, Tanase C, Mirea M, Manta N, Sirbu I (2024) Alien plant species distribution in Romania: a nationwide survey following the implementation of the EU Regulation on Invasive Alien Species. Biodiversity Data Journal 12. https://doi.org/10.3897/BDJ.12.e119539",,Caribbean | Mexico | North-Central U.S.A. | Northeastern U.S.A. | Northwestern U.S.A. | South-Central U.S.A. | Southeastern U.S.A. | Southern South America | Southwestern U.S.A. | Western South America,TRUE,FALSE,FALSE,,2025-11-26,Cristina Preda | Laurentiu Rozylowicz,Daniyar Memedemin
OSRO5ZLLYF6LOYBNN7,Sisymbrium volgense M.Bieb. ex E.Fourn.,Plantae,Tracheophyta,Magnoliopsida,Brassicales,Brassicaceae,Sisymbrium,species,ICN,Romania,RO,present,introduced,established,transportContaminant,,,2009,2022,"Anastasiu P, Miu I, Gavrilidis A, Preda C, Rozylowicz L, Sirbu C, Oprea A, Urziceanu M, Camen-Comanescu P, Nagoda E, Memedemin D, Barbos M, Boruz V, Cislariu A, Don I, Fagaras M, Frink J, Georgescu I, Haruta O, Hurdu B-I, Matis A, Milanovici S, Muncaciu S, Neacsu A, Neblea M, Nicolin A, Niculescu M, Oroian S, Pop O, Radutoiu D, Samarghitan M, Simion I, Soare L, Steiu C, Stoianov E, Strat D, Szabo A, Szatmari P, Tanase C, Mirea M, Manta N, Sirbu I (2024) Alien plant species distribution in Romania: a nationwide survey following the implementation of the EU Regulation on Invasive Alien Species. Biodiversity Data Journal 12. https://doi.org/10.3897/BDJ.12.e119539 | Oprea A, Sirbu C (2010) Sisymbrium volgense (Brassicaceae) in the flora of Romania. The Annals of Oradea University Biology Fascicle, 17, 296-299",,Caucasus | Central Asia | Eastern Europe,TRUE,FALSE,FALSE,,2025-11-26,Cristina Preda | Laurentiu Rozylowicz,Daniyar Memedemin
OSROKW34TBR372NSHL,Campsis radicans (L.) Bureau,Plantae,Tracheophyta,Magnoliopsida,Lamiales,Bignoniaceae,Campsis,species,ICN,Romania,RO,present,introduced,casual,horticulture,ornamentalNonHorticulture,,2009,2022,"Anastasiu P, Negrean G, Fagaras M, Samoila C, Cogalniceanu D (2009) Constanta harbour (Romania) as a major gateway and reservoir for alien plant species. Acta Horti Bot. Bucurest., 36: 41-60",,North-Central U.S.A. | Northeastern U.S.A. | South-Central U.S.A. | Southeastern U.S.A. | Southwestern U.S.A.,TRUE,FALSE,FALSE,,2025-11-26,Cristina Preda | Laurentiu Rozylowicz,Culita Sirbu
OSROZDVDB0VV6VDE8E,Viola × wittrockiana Gams,Plantae,Tracheophyta,Magnoliopsida,Malpighiales,Violaceae,Viola,species,ICN,Romania,RO,present,introduced,casual,ornamentalNonHorticulture,escapeFromConfinement,,2009,2023,"Anastasiu P, Miu I, Gavrilidis A, Preda C, Rozylowicz L, Sirbu C, Oprea A, Urziceanu M, Camen-Comanescu P, Nagoda E, Memedemin D, Barbos M, Boruz V, Cislariu A, Don I, Fagaras M, Frink J, Georgescu I, Haruta O, Hurdu B-I, Matis A, Milanovici S, Muncaciu S, Neacsu A, Neblea M, Nicolin A, Niculescu M, Oroian S, Pop O, Radutoiu D, Samarghitan M, Simion I, Soare L, Steiu C, Stoianov E, Strat D, Szabo A, Szatmari P, Tanase C, Mirea M, Manta N, Sirbu I (2024) Alien plant species distribution in Romania: a nationwide survey following the implementation of the EU Regulation on Invasive Alien Species. Biodiversity Data Journal 12. https://doi.org/10.3897/BDJ.12.e119539 | Anastasiu P, Camen-Comanescu P, Sirbu I-M, Urziceanu M (2024) Urban flora: new reports for Bucharest's flora. Acta Horti Botanici Bucurestiensis 50(1): 41-58. https://doi.org/10.62229/ahbb.2024.50/3 | Sirbu C, Oprea A (2011) Plante adventive in flora Romaniei. Editura Ion Ionescu de la Brad, Iasi | Anastasiu P, Negrean G, Fagaras M, Samoila C, Cogalniceanu D (2009) Constanta harbour (Romania) as a major gateway and reservoir for alien plant species. Acta Horti Botanica Bucuresti 36: 41-60 | Blackburn TM, Pysek P, Bacher S, Carlton JT, Duncan RP, Jarosik V, Wilson JRU, Richardson DM (2011) A proposed unified framework for biological invasions. Trends in Ecology and Evolution 26: 333–339. https://doi.org/10.1016/j.tree.2011.03.023 | Plants of the World Online (2026) https://powo.science.kew.org/",,hybrid,TRUE,FALSE,FALSE,,2025-11-26,Cristina Preda | Laurentiu Rozylowicz,Mihaela Urziceanu
OSROUCKLG5LA8FB946GPQH,"Panonychus citri (McGregor, 1916)",Animalia,Arthropoda,Arachnida,Trombidiformes,Tetranychidae,Panonychus,species,ICZN,Romania,RO,present,introduced,colonising,transportStowaway,contaminantOnPlants,,2010,2010,"Preda C, Adam C, Constantinescu IC, Popa OP, Popa LO, Balcu M-J, Brezeanu AM, Dascalu MM, Draghici A-C, Gavrilescu CF, Gavrilidis AA, Gheoca V, Iorgu EI, Iorgu IS, Krapal AM, Maican S, Manci C-O, Manta N, Manu M, Motoc RM, Niculae IM, Petrescu A-M, Pintilioaie A-M, Popa AF, Radac IA, Rozylowicz L, Ruicanescu A, Sahlean TC, Surugiu V, Serban C, Stefan A, Szekely L, Tausan I, Skolka M (2026) From soil to stream and sea: species richness and distribution of alien invertebrates in Romania. NeoBiota.",,Eastern Asia,TRUE,FALSE,FALSE,Citrus,2025-11-26,Cristina Preda | Laurentiu Rozylowicz,Ioana Cristina Constantinescu
OSROUCKLI5E3HT4X8NTWXT,"Choneiulus palmatus (Nĕmec, 1895)",Animalia,Arthropoda,Diplopoda,Julida,Blaniulidae,Choneiulus,species,ICZN,Romania,RO,present,introduced,colonising,transportStowaway,ornamentalNonHorticulture,,2010,2010,"Giurginca A (2021) Diplopoda of Romania,Targoviste : Ed. Transversal ISBN 978-606-605-212-1 | Giurginca A (2021) Diplopoda of Romania,Targoviste : Ed. Transversal ISBN 978-606-605-212-2",,Western Europe | Northern Europe,TRUE,FALSE,FALSE,,2026-03-15,Cristina Preda | Laurentiu Rozylowicz,Marius Skolka | Carla F. Gavrilescu
OSROUCKLMXPJAFWA3YR3XJ,"Cylindroiulus truncorum (Silvestri, 1896)",Animalia,Arthropoda,Diplopoda,Julida,Julidae,Cylindroiulus,species,ICZN,Romania,RO,present,introduced,colonising,transportStowaway,ornamentalNonHorticulture,,2010,2010,"Lopez-Vaamonde C, Agassiz D, Augustin S, De Prins J, De Prins W, Gomboc S, Ivinskis P, Karsholt O, Koutroumpas A, Koutroumpa F, Lastuvka Z, Marabuto E, Olivella E, Przybylowicz L, Roques A, Ryrholm N, Sefrova H, Sima P, Sims I, Sinev S, Skulev B, Tomov R, Zilli A, Lees D (2010) Lepidoptera. Chapter 11. BioRisk 4: 603-668. https://doi.org/10.3897/biorisk.4.50 | Giurginca A (2021) Diplopoda of Romania,Targoviste : Ed. Transversal ISBN 978-606-605-212-2",,Northern Africa,TRUE,FALSE,FALSE,,2026-03-15,Cristina Preda | Laurentiu Rozylowicz,Marius Skolka | Carla F. Gavrilescu
OSROUCKLEGP6B00T2PO6N7,"Oxidus gracilis (C. L. Koch, 1847)",Animalia,Arthropoda,Diplopoda,Polydesmida,Paradoxosomatidae,Oxydus,species,ICZN,Romania,RO,present,introduced,colonising,transportStowaway,naturalDispersal,,2010,2010,"Lopez-Vaamonde C, Agassiz D, Augustin S, De Prins J, De Prins W, Gomboc S, Ivinskis P, Karsholt O, Koutroumpas A, Koutroumpa F, Lastuvka Z, Marabuto E, Olivella E, Przybylowicz L, Roques A, Ryrholm N, Sefrova H, Sima P, Sims I, Sinev S, Skulev B, Tomov R, Zilli A, Lees D (2010) Lepidoptera. Chapter 11. BioRisk 4: 603-668. https://doi.org/10.3897/biorisk.4.50 | Stoev P, Zapparoli M, Golovatch S, Enghoff H, Akkari N, Barber A (2010) Myriapods (Myriapoda). Chapter 7.2. BioRisk 4: 97-130. https://doi.org/10.3897/biorisk.4.51",,Eastern Asia (Japan),TRUE,FALSE,FALSE,,2026-03-15,Cristina Preda | Laurentiu Rozylowicz,Marius Skolka | Carla F. Gavrilescu
OSROUCKL5W0JJMGL0QC946,"Supella longipalpa (Fabricius, 1798)",Animalia,Arthropoda,Insecta,Blattodea,Blattelidae,Supella,species,ICZN,Romania,RO,present,introduced,colonising,transportStowaway,naturalDispersal,,2010,,"Rasplus J-Y, Roques A (2010) Dictyoptera (Blattodea, Isoptera), Orthoptera, Phasmatodea and Dermaptera. Chapter 13.3. BioRisk 4: 807-831. https://doi.org/10.3897/biorisk.4.68 | Rasplus J-Y, Roques A (2010) Dictyoptera (Blattodea, Isoptera), Orthoptera, Phasmatodea and Dermaptera. Chapter 13.3. In: Roques A et al. (Eds) Alien terrestrial arthropods of Europe. BioRisk 4(2): 807-831.",,Southern Asia (India),TRUE,FALSE,FALSE,,2026-03-14,Cristina Preda | Laurentiu Rozylowicz,Marius Skolka | Carla F. Gavrilescu
OSROUCKLIOXKMWPSN1GIO9,"Nicobium castaneum (Olivier, 1790)",Animalia,Arthropoda,Insecta,Coleoptera,Anobiidae,Nicobium,species,ICZN,Romania,RO,doubtful,uncertain,established,transportContaminant,naturalDispersal,,2010,2010,"Rabitsch W (2010) Pathways and vectors of alien arthropods in Europe. Chapter 3. BioRisk 4: 27-43. https://doi.org/10.3897/biorisk.4.60 | Roques A, Kenis M, Lees D, Lopez-Vaamonde C, Rabitsch W, Rasplus J-Y, Roy DB (Eds) (2010) Alien Terrestrial Arthropods of Europe. Pensoft, Sofia, 1038 pp. https://doi.org/10.3897/biorisk.4.62",,Cryptogenic,TRUE,FALSE,FALSE,,2026-03-15,Cristina Preda | Laurentiu Rozylowicz,Marius Skolka | Carla F. Gavrilescu
OSROUCKLAVP5DHIS9187Y0,"Rhyzopertha dominica (Fabricius, 1792)",Animalia,Arthropoda,Insecta,Coleoptera,Bostrichidae,Rhyzopertha,species,ICZN,Romania,RO,present,introduced,colonising,transportContaminant,naturalDispersal,,2010,2021,"Preda C, Adam C, Constantinescu IC, Popa OP, Popa LO, Balcu M-J, Brezeanu AM, Dascalu MM, Draghici A-C, Gavrilescu CF, Gavrilidis AA, Gheoca V, Iorgu EI, Iorgu IS, Krapal AM, Maican S, Manci C-O, Manta N, Manu M, Motoc RM, Niculae IM, Petrescu A-M, Pintilioaie A-M, Popa AF, Radac IA, Rozylowicz L, Ruicanescu A, Sahlean TC, Surugiu V, Serban C, Stefan A, Szekely L, Tausan I, Skolka M (2026) From soil to stream and sea: species richness and distribution of alien invertebrates in Romania. NeoBiota. | Adam C, Constantinescu IC, Draghici AC, Fusu L, Fusu MM, Gheoca V, Iorgu IS, Irimia AG, Maican S, Manci CO, Manu M, Mitroiu MD, Olosutean HG, Perju M, Petrescu AM, Pintilioaie AM, Popa AF, Popescu IE, Popovici OA, Prunar FV, Radac IA, Sahlean TC, Sitar C, Stanciu CR, Szekely L, Tausan I, Tomozii IB, Torok SC, Zaharia LG (2022) Raport final privind distributia speciilor de nevertebrate terestre alogene din hot-spot-uri si caile prioritare de patrundere (an 3 cartare). Raport intocmit in cadrul Proiectului POIM2014+120008 - Managementul adecvat al speciilor invazive din Romania, in conformitate cu Regulamentul UE 1143/2014 referitor la prevenirea si gestionarea introducerii si raspandirii speciilor alogene invazive. Ministerul Mediului, Apelor si Padurilor & Universitatea din Bucuresti, Bucuresti.",,Southern Asia,TRUE,FALSE,FALSE,Poaceae,2025-11-26,Cristina Preda | Laurentiu Rozylowicz,Marius Skolka | Carla F. Gavrilescu
OSROUCKL64XJI6SSARTCNT,"Bruchus ervi Frölich, 1799",Animalia,Arthropoda,Insecta,Coleoptera,Chrysomelidae,Bruchus,species,ICZN,Romania,RO,present,introduced,casual,transportContaminant,naturalDispersal,,2010,,"Cochard P-O, Vilisics F, Sechet E (2010) Alien terrestrial crustaceans (Isopods and Amphipods). Chapter 7.1. BioRisk 4: 81-96. https://doi.org/10.3897/biorisk.4.54",,Southern Europe | Northern Africa | Western Asia,TRUE,FALSE,FALSE,"Vicia, Lathyrus",2025-11-26,Cristina Preda | Laurentiu Rozylowicz,Marius Skolka | Carla F. Gavrilescu
OSROUCKLU0P9AK9ZTFUXJ7,"Callosobruchus chinensis (Linnaeus, 1758)",Animalia,Arthropoda,Insecta,Coleoptera,Chrysomelidae,Callosobruchus,species,ICZN,Romania,RO,present,introduced,colonising,transportContaminant,naturalDispersal,,2010,,"Cochard P-O, Vilisics F, Sechet E (2010) Alien terrestrial crustaceans (Isopods and Amphipods). Chapter 7.1. BioRisk 4: 81-96. https://doi.org/10.3897/biorisk.4.54 | Radac IA (2022) Expansiunea unor specii native sau alogene de bruchine si heteroptere in Romania (Insecta: Coleoptera, Heteroptera). Teza de doctorat, Universitatea Babes-Bolyai, Cluj-Napoca. https://teze.doctorat.ubbcluj.ro",,Eastern Asia,TRUE,FALSE,FALSE,Fabaceae,2025-11-26,Cristina Preda | Laurentiu Rozylowicz,Marius Skolka | Carla F. Gavrilescu
OSROUCKL7LJL7Y56XKFT6O,"Xylographus bostrichoides (Dufour, 1843)",Animalia,Arthropoda,Insecta,Coleoptera,Ciidae,Xylographus,species,ICZN,Romania,RO,doubtful,uncertain,established,transportContaminant,naturalDispersal,,2010,2010,"Rabitsch W (2010) Pathways and vectors of alien arthropods in Europe. Chapter 3. BioRisk 4: 27-43. https://doi.org/10.3897/biorisk.4.60 | Sauvard D, Branco M, Lakatos F, Faccoli M, Kirkendall L (2010) Weevils and Bark Beetles (Coleoptera, Curculionoidea). Chapter 8.2. BioRisk 4: 219-266. https://doi.org/10.3897/biorisk.4.64",,Asia,TRUE,FALSE,FALSE,,2026-03-15,Cristina Preda | Laurentiu Rozylowicz,Marius Skolka | Carla F. Gavrilescu
OSROUCKLVUYOWD4T1F8AGK,"Epauloecus unicolor (Piller & Mitterpacher, 1783)",Animalia,Arthropoda,Insecta,Coleoptera,Ptinidae,Epauloecus,species,ICZN,Romania,RO,present,introduced,colonising,transportContaminant,naturalDispersal,,2010,2010,"Rabitsch W (2010) Pathways and vectors of alien arthropods in Europe. Chapter 3. BioRisk 4: 27-43. https://doi.org/10.3897/biorisk.4.60 | Denux O, Zagatti P (2010) Coleoptera families other than Cerambycidae, Curculionidae sensu lato, Chrysomelidae sensu lato and Coccinelidae. Chapter 8.5. BioRisk 4: 315-406. https://doi.org/10.3897/biorisk.4.61",,Cryptogenic,TRUE,FALSE,FALSE,,2026-03-15,Cristina Preda | Laurentiu Rozylowicz,Marius Skolka | Carla F. Gavrilescu
OSROUCKLO0A79C681CP2NV,"Ozognathus cornutus (LeConte, 1859)",Animalia,Arthropoda,Insecta,Coleoptera,Ptinidae,Ozognathus,species,ICZN,Romania,RO,doubtful,uncertain,established,transportContaminant,naturalDispersal,,2010,2010,"Rabitsch W (2010) Pathways and vectors of alien arthropods in Europe. Chapter 3. BioRisk 4: 27-43. https://doi.org/10.3897/biorisk.4.60 | Mifsud D, Cocquempot C, Muhlethaler R, Wilson M, Streito J-C (2010) Other Hemiptera Sternorrhyncha (Aleyrodidae, Phylloxeroidea, and Psylloidea) and Hemiptera Auchenorrhyncha. Chapter 9.4. BioRisk 4: 511-552. https://doi.org/10.3897/biorisk.4.63",,Cryptogenic,TRUE,FALSE,FALSE,,2026-03-15,Cristina Preda | Laurentiu Rozylowicz,Marius Skolka | Carla F. Gavrilescu
OSROUCKLVG8IKBV7RJCQDI,"Thecturota marchii (Dodero, 1922)",Animalia,Arthropoda,Insecta,Coleoptera,Staphilinidae,Thecturota,species,ICZN,Romania,RO,present,introduced,colonising,transportContaminant,naturalDispersal,,2010,2010,"Rabitsch W (2010) Pathways and vectors of alien arthropods in Europe. Chapter 3. BioRisk 4: 27-43. https://doi.org/10.3897/biorisk.4.60 | Kenis M, Roques A (2010) Lice and Fleas (Phthiraptera and Siphonaptera). Chapter 13.4. BioRisk 4: 833-849. https://doi.org/10.3897/biorisk.4.65",,Southern Europe,TRUE,FALSE,FALSE,,2026-03-15,Cristina Preda | Laurentiu Rozylowicz,Marius Skolka | Carla F. Gavrilescu
OSROUCKLKM6GMM95ZHGE2K,"Liriomyza trifolii (Burgess, 1880)",Animalia,Arthropoda,Insecta,Diptera,Agromyzidae,Liriomyza,species,ICZN,Romania,RO,present,introduced,invasive,seedContaminant,naturalDispersal,,2010,2010,"Skuhrava M, Martinez M, Roques A (2010) Diptera. Chapter 10. BioRisk 4: 553-602. https://doi.org/10.3897/biorisk.4.53",,Northern America,TRUE,FALSE,FALSE,Plantae,2026-03-15,Cristina Preda | Laurentiu Rozylowicz,Marius Skolka
OSROUCKLX7SNHZEVKBQ41A,"Contarinia pisi (Winnertz, 1854)",Animalia,Arthropoda,Insecta,Diptera,Cecidomyiidae,Contarinia,species,ICZN,Romania,RO,present,introduced,colonising,transportContaminant,naturalDispersal,,2010,2022,"Skuhrava M, Martinez M, Roques A (2010) Diptera. Chapter 10. BioRisk 4: 553-602. https://doi.org/10.3897/biorisk.4.53 | Adam C, Constantinescu IC, Draghici AC, Fusu L, Fusu MM, Gheoca V, Iorgu IS, Irimia AG, Maican S, Manci CO, Manu M, Mitroiu MD, Olosutean HG, Perju M, Petrescu AM, Pintilioaie AM, Popa AF, Popescu IE, Popovici OA, Prunar FV, Radac IA, Sahlean TC, Sitar C, Stanciu CR, Szekely L, Tausan I, Tomozii IB, Torok SC, Zaharia LG (2022) Raport final privind distributia speciilor de nevertebrate terestre alogene din hot-spot-uri si caile prioritare de patrundere (an 3 cartare). Raport intocmit in cadrul Proiectului POIM2014+120008 - Managementul adecvat al speciilor invazive din Romania, in conformitate cu Regulamentul UE 1143/2014 referitor la prevenirea si gestionarea introducerii si raspandirii speciilor alogene invazive. Ministerul Mediului, Apelor si Padurilor & Universitatea din Bucuresti, Bucuresti.",,Southern Europe | Northern Africa | Western Asia,TRUE,FALSE,FALSE,Pisum,2025-11-26,Cristina Preda | Laurentiu Rozylowicz,Marius Skolka | Carla F. Gavrilescu
OSROUCKLMUJD0KQXEKW2YW,"Aonidiella aurantii (Maskell, 1879)",Animalia,Arthropoda,Insecta,Hemiptera,Diaspididae,Aonidiella,species,ICZN,Romania,RO,present,introduced,colonising,transportContaminant,,,2010,2010,"Preda C, Adam C, Constantinescu IC, Popa OP, Popa LO, Balcu M-J, Brezeanu AM, Dascalu MM, Draghici A-C, Gavrilescu CF, Gavrilidis AA, Gheoca V, Iorgu EI, Iorgu IS, Krapal AM, Maican S, Manci C-O, Manta N, Manu M, Motoc RM, Niculae IM, Petrescu A-M, Pintilioaie A-M, Popa AF, Radac IA, Rozylowicz L, Ruicanescu A, Sahlean TC, Surugiu V, Serban C, Stefan A, Szekely L, Tausan I, Skolka M (2026) From soil to stream and sea: species richness and distribution of alien invertebrates in Romania. NeoBiota.",,Eastern Asia,TRUE,FALSE,FALSE,Citrus,2025-11-26,Cristina Preda | Laurentiu Rozylowicz,Ioana Cristina Constantinescu
OSROUCKL3WYHSHK0J748NQ,"Chionaspis wistariae Cooley, 1897",Animalia,Arthropoda,Insecta,Hemiptera,Diaspididae,Chionaspis,species,ICZN,Romania,RO,doubtful,uncertain,established,transportContaminant,parasitesOnPlants,naturalDispersal,2010,2018,Teodorescu I (2018) Contribution to database of alien/invasive Homoptera insects in Romania. Romanian Journal of Biology - Zoology 63(1-2): 29-68.,,Eastern Asia,TRUE,FALSE,FALSE,Wisteria sinensis,2026-03-18,Cristina Preda | Laurentiu Rozylowicz,Marius Skolka | Carla F. Gavrilescu
OSROUCKLTACJSA743EBMFO,"Diaspis boisduvalii Signoret, 1869",Animalia,Arthropoda,Insecta,Hemiptera,Diaspididae,Diaspis,species,ICZN,Romania,RO,present,introduced,colonising,transportContaminant,,,2010,2010,"Preda C, Adam C, Constantinescu IC, Popa OP, Popa LO, Balcu M-J, Brezeanu AM, Dascalu MM, Draghici A-C, Gavrilescu CF, Gavrilidis AA, Gheoca V, Iorgu EI, Iorgu IS, Krapal AM, Maican S, Manci C-O, Manta N, Manu M, Motoc RM, Niculae IM, Petrescu A-M, Pintilioaie A-M, Popa AF, Radac IA, Rozylowicz L, Ruicanescu A, Sahlean TC, Surugiu V, Serban C, Stefan A, Szekely L, Tausan I, Skolka M (2026) From soil to stream and sea: species richness and distribution of alien invertebrates in Romania. NeoBiota.",,Central America | South America,TRUE,FALSE,FALSE,Orchidaceae,2025-11-26,Cristina Preda | Laurentiu Rozylowicz,Ioana Cristina Constantinescu
OSROUCKL6NQ8WEKQRMYYB5,"Lepidosaphes gloverii (Packard, 1869)",Animalia,Arthropoda,Insecta,Hemiptera,Diaspididae,Lepidosaphes,species,ICZN,Romania,RO,present,introduced,colonising,transportStowaway,contaminantOnPlants,,2010,2021,"Preda C, Adam C, Constantinescu IC, Popa OP, Popa LO, Balcu M-J, Brezeanu AM, Dascalu MM, Draghici A-C, Gavrilescu CF, Gavrilidis AA, Gheoca V, Iorgu EI, Iorgu IS, Krapal AM, Maican S, Manci C-O, Manta N, Manu M, Motoc RM, Niculae IM, Petrescu A-M, Pintilioaie A-M, Popa AF, Radac IA, Rozylowicz L, Ruicanescu A, Sahlean TC, Surugiu V, Serban C, Stefan A, Szekely L, Tausan I, Skolka M (2026) From soil to stream and sea: species richness and distribution of alien invertebrates in Romania. NeoBiota. | Powell EC, Zenoble M, Miller DR, Normark BB, Gregory EA (2024) A New Invasive Lepidosaphes Armored Scale (Hemiptera: Coccomorpha: Diaspididae) for Florida: First Records, Natural Enemies, and an Identification Key. Insecta Mundi, 1574: 1-24. | Teodorescu I (2018) Contribution to database of alien/invasive Homoptera insects in Romania. Romanian Journal of Biology - Zoology 63(1-2): 29-68.",,Eastern Asia,TRUE,FALSE,FALSE,Citrus | Euonymus japonicus | Tamala borbonia | Psidium guajava | Coccoloba diversifolia | Aeglopsis chevalieri | Casimiroa edulis | Citrofortunella | Clausena lansium | Clausena excavata | Zanthoxylum fagara,2025-11-26,Cristina Preda | Laurentiu Rozylowicz,Ioana Cristina Constantinescu
OSROUCKLSAGIOQT2J5CB93,"Lepidosaphes pinnaeformis (Bouche, 1851)",Animalia,Arthropoda,Insecta,Hemiptera,Diaspididae,Lepidosaphes,species,ICZN,Romania,RO,doubtful,uncertain,established,transportContaminant,parasitesOnPlants,naturalDispersal,2010,2018,Teodorescu I (2018) Contribution to database of alien/invasive Homoptera insects in Romania. Romanian Journal of Biology - Zoology 63(1-2): 29-68.,,Asia,TRUE,FALSE,FALSE,Orchidaceae,2026-03-18,Cristina Preda | Laurentiu Rozylowicz,Marius Skolka | Carla F. Gavrilescu
OSROUCKLAZTI9DNRDWAKP3,"Eriococcus glyceriae Green, 1921",Animalia,Arthropoda,Insecta,Hemiptera,Eriococcidae,Kaweckia,species,ICZN,Romania,RO,doubtful,uncertain,established,transportContaminant,parasitesOnPlants,naturalDispersal,2010,2018,Teodorescu I (2018) Contribution to database of alien/invasive Homoptera insects in Romania. Romanian Journal of Biology - Zoology 63(1-2): 29-68.,,Eastern Asia,TRUE,FALSE,FALSE,Poaceae,2026-03-18,Cristina Preda | Laurentiu Rozylowicz,Marius Skolka | Carla F. Gavrilescu
OSROUCKLJSZJ1971AV4JUT,"Eriococcus zygophylli Archangelskaya, 1931",Animalia,Arthropoda,Insecta,Hemiptera,Eriococcidae,Rhizococcus,species,ICZN,Romania,RO,doubtful,uncertain,established,transportContaminant,parasitesOnPlants,naturalDispersal,2010,2018,Teodorescu I (2018) Contribution to database of alien/invasive Homoptera insects in Romania. Romanian Journal of Biology - Zoology 63(1-2): 29-68.,,Eastern Asia,TRUE,FALSE,FALSE,Zygophyllum,2026-03-18,Cristina Preda | Laurentiu Rozylowicz,Marius Skolka | Carla F. Gavrilescu
OSROUCKLB3H53VGDAAXR0T,"Nezara viridula (Linnaeus, 1758)",Animalia,Arthropoda,Insecta,Hemiptera,Pentatomidae,Nezara,species,ICZN,Romania,RO,present,introduced,invasive,naturalDispersal,contaminantOnPlants,,2010,2025,"Preda C, Adam C, Constantinescu IC, Popa OP, Popa LO, Balcu M-J, Brezeanu AM, Dascalu MM, Draghici A-C, Gavrilescu CF, Gavrilidis AA, Gheoca V, Iorgu EI, Iorgu IS, Krapal AM, Maican S, Manci C-O, Manta N, Manu M, Motoc RM, Niculae IM, Petrescu A-M, Pintilioaie A-M, Popa AF, Radac IA, Rozylowicz L, Ruicanescu A, Sahlean TC, Surugiu V, Serban C, Stefan A, Szekely L, Tausan I, Skolka M (2026) From soil to stream and sea: species richness and distribution of alien invertebrates in Romania. NeoBiota. | https://www.inaturalist.org/photos/607143826",,Eastern Africa,TRUE,FALSE,FALSE,Plantae,2025-11-26,Cristina Preda | Laurentiu Rozylowicz,Ioana Cristina Constantinescu
OSROUCKLQI6CEVB45M3PL4,"Aphytis mytilaspidis (Le Baron, 1870)",Animalia,Arthropoda,Insecta,Hymenoptera,Aphelinidae,Aphytis,species,ICZN,Romania,RO,doubtful,uncertain,released,biologicalControl,,,2010,2010,"Rasplus J-Y, Villemant C, Rosa Paiva M, Delvare G, Roques A (2010) Hymenoptera. Chapter 12. BioRisk 4: 669-776. https://doi.org/10.3897/biorisk.4.55 | Cocquempot C, Lindelow A (2010) Longhorn beetles (Coleoptera, Cerambycidae). Chapter 8.1. BioRisk 4: 193-218. https://doi.org/10.3897/biorisk.4.56",,Northern America,TRUE,FALSE,FALSE,Diaspididae,2026-03-15,Cristina Preda | Laurentiu Rozylowicz,Marius Skolka | Carla F. Gavrilescu
OSROUCKLQYXQQHVZS2P9BY,"Encarsia formosa (Gahan, 1924)",Animalia,Arthropoda,Insecta,Hymenoptera,Aphelinidae,Encarsia,species,ICZN,Romania,RO,doubtful,uncertain,released,biologicalControl,,,2010,2010,"Rasplus J-Y, Villemant C, Rosa Paiva M, Delvare G, Roques A (2010) Hymenoptera. Chapter 12. BioRisk 4: 669-776. https://doi.org/10.3897/biorisk.4.55 | Coeur d'Acier A, Perez-Hidalgo N, Petrovic-Obradovic O (2010) Aphids (Hemiptera, Aphididae) Chapter 9.2. BioRisk 4: 435-474. https://doi.org/10.3897/biorisk.4.57",,Central America | South America,TRUE,FALSE,FALSE,Aleyrodidae,2026-03-15,Cristina Preda | Laurentiu Rozylowicz,Marius Skolka | Carla F. Gavrilescu
OSROUCKL0C9231FHCXZ3G3,"Encarsia perniciosi (Tower, 1913)",Animalia,Arthropoda,Insecta,Hymenoptera,Aphelinidae,Encarsia,species,ICZN,Romania,RO,doubtful,uncertain,released,biologicalControl,,,2010,2010,"Rasplus J-Y, Villemant C, Rosa Paiva M, Delvare G, Roques A (2010) Hymenoptera. Chapter 12. BioRisk 4: 669-776. https://doi.org/10.3897/biorisk.4.55 | Navajas M, Migeon A, Estrada-Pena A, Mailleux A-C, Servigne P, Petanovic R (2010) Mites and ticks (Acari). Chapter 7.4. BioRisk 4: 149-192. https://doi.org/10.3897/biorisk.4.58",,Eastern Asia,TRUE,FALSE,FALSE,Quadraspidiotus perniciosus,2026-03-15,Cristina Preda | Laurentiu Rozylowicz,Marius Skolka | Carla F. Gavrilescu
OSROUCKLN6APL71DJD69WG,"Ageniaspis fuscicollis (Dalman, 1820)",Animalia,Arthropoda,Insecta,Hymenoptera,Encyrtidae,Ageniaspis,species,ICZN,Romania,RO,doubtful,uncertain,released,biologicalControl,,,2010,2010,"Rasplus J-Y, Villemant C, Rosa Paiva M, Delvare G, Roques A (2010) Hymenoptera. Chapter 12. BioRisk 4: 669-776. https://doi.org/10.3897/biorisk.4.55 | Mifsud D, Cocquempot C, Muhlethaler R, Wilson M, Streito J-C (2010) Other Hemiptera Sternorrhyncha (Aleyrodidae, Phylloxeroidea, and Psylloidea) and Hemiptera Auchenorrhyncha. Chapter 9.4. BioRisk 4: 511-552. https://doi.org/10.3897/biorisk.4.63",,Southern Europe | Northern Africa | Western Asia,TRUE,FALSE,FALSE,Yponomeuta | Prays oleae,2026-03-15,Cristina Preda | Laurentiu Rozylowicz,Marius Skolka | Carla F. Gavrilescu
OSROUCKLGP1JMIQ325ESFY,Ooencyrtus kuwanai (Howard),Animalia,Arthropoda,Insecta,Hymenoptera,Encyrtidae,Ooencyrtus,species,ICZN,Romania,RO,doubtful,uncertain,released,biologicalControl,,,2010,2010,"Rasplus J-Y, Villemant C, Rosa Paiva M, Delvare G, Roques A (2010) Hymenoptera. Chapter 12. BioRisk 4: 669-776. https://doi.org/10.3897/biorisk.4.55 | Reynaud P (2010) Thrips (Thysanoptera). Chapter 13.1. BioRisk 4: 767-791. https://doi.org/10.3897/biorisk.4.59",,Eastern Asia,TRUE,FALSE,FALSE,Lymantria dispar,2026-03-15,Cristina Preda | Laurentiu Rozylowicz,Marius Skolka | Carla F. Gavrilescu
OSROUCKLZYHO7PI2EP23OO,"Pheidole megacephala (Fabricius, 1793)",Animalia,Arthropoda,Insecta,Hymenoptera,Formicidae,Pheidole,species,ICZN,Romania,RO,doubtful,uncertain,established,transportStowaway,naturalDispersal,,2010,2010,"Rasplus J-Y, Villemant C, Rosa Paiva M, Delvare G, Roques A (2010) Hymenoptera. Chapter 12. BioRisk 4: 669-776. https://doi.org/10.3897/biorisk.4.55",,Sub-Saharan Africa,TRUE,FALSE,FALSE,,2026-03-15,Cristina Preda | Laurentiu Rozylowicz,Marius Skolka | Carla F. Gavrilescu
OSROUCKL759HW84STSFDA9,"Megastigmus wachtli Steiner, 1916",Animalia,Arthropoda,Insecta,Hymenoptera,Megastigmidae,Megastigmus,species,ICZN,Romania,RO,doubtful,uncertain,established,parasitesOnPlants,transportContaminant,naturalDispersal,2010,,"Rasplus J-Y, Villemant C, Rosa Paiva M, Delvare G, Roques A (2010) Hymenoptera. Chapter 12. BioRisk 4: 669-776. https://doi.org/10.3897/biorisk.4.55 | Cocquempot C, Lindelow A (2010) Longhorn beetles (Coleoptera, Cerambycidae). Chapter 8.1. BioRisk 4: 193-218. https://doi.org/10.3897/biorisk.4.56",,Eastern Asia,TRUE,FALSE,FALSE,Cupressus,2026-03-08,Cristina Preda | Laurentiu Rozylowicz,Marius Skolka | Carla F. Gavrilescu
OSROUCKLCAH7AKUQGVKPYI,"Anisopteromalus calandrae (Howard, 1881)",Animalia,Arthropoda,Insecta,Hymenoptera,Pteromalidae,Anisopteromalus,species,ICZN,Romania,RO,doubtful,uncertain,released,biologicalControl,,,2010,2010,"Rasplus J-Y, Villemant C, Rosa Paiva M, Delvare G, Roques A (2010) Hymenoptera. Chapter 12. BioRisk 4: 669-776. https://doi.org/10.3897/biorisk.4.55 | Rabitsch W (2010) Pathways and vectors of alien arthropods in Europe. Chapter 3. BioRisk 4: 27-43. https://doi.org/10.3897/biorisk.4.60",,Cryptogenic,TRUE,FALSE,FALSE,Sitophilus | Callosobruchus,2026-03-15,Cristina Preda | Laurentiu Rozylowicz,Marius Skolka | Carla F. Gavrilescu
OSROUCKL7A5XTJEPJ26PBH,Spalangia cameroni Perkins 1910,Animalia,Arthropoda,Insecta,Hymenoptera,Spalangiidae,Spalangia,species,ICZN,Romania,RO,doubtful,uncertain,released,biologicalControl,,,2010,2010,"Rasplus J-Y, Villemant C, Rosa Paiva M, Delvare G, Roques A (2010) Hymenoptera. Chapter 12. BioRisk 4: 669-776. https://doi.org/10.3897/biorisk.4.55 | Denux O, Zagatti P (2010) Coleoptera families other than Cerambycidae, Curculionidae sensu lato, Chrysomelidae sensu lato and Coccinelidae. Chapter 8.5. BioRisk 4: 315-406. https://doi.org/10.3897/biorisk.4.61",,Northern America,TRUE,FALSE,FALSE,Musca domestica | Stomoxys calcitrans,2026-03-15,Cristina Preda | Laurentiu Rozylowicz,Marius Skolka | Carla F. Gavrilescu
OSROUCKLHKL8C08K0WSXGE,"Sceliphron curvatum (F. Smith, 1870)",Animalia,Arthropoda,Insecta,Hymenoptera,Sphecidae,Sceliphron,species,ICZN,Romania,RO,present,introduced,colonising,naturalDispersal,transportStowaway,,2010,2023,"Preda C, Adam C, Constantinescu IC, Popa OP, Popa LO, Balcu M-J, Brezeanu AM, Dascalu MM, Draghici A-C, Gavrilescu CF, Gavrilidis AA, Gheoca V, Iorgu EI, Iorgu IS, Krapal AM, Maican S, Manci C-O, Manta N, Manu M, Motoc RM, Niculae IM, Petrescu A-M, Pintilioaie A-M, Popa AF, Radac IA, Rozylowicz L, Ruicanescu A, Sahlean TC, Surugiu V, Serban C, Stefan A, Szekely L, Tausan I, Skolka M (2026) From soil to stream and sea: species richness and distribution of alien invertebrates in Romania. NeoBiota. | Adam C, Constantinescu IC, Draghici AC, Fusu L, Fusu MM, Gheoca V, Iorgu IS, Irimia AG, Maican S, Manci CO, Manu M, Mitroiu MD, Olosutean HG, Perju M, Petrescu AM, Pintilioaie AM, Popa AF, Popescu IE, Popovici OA, Prunar FV, Radac IA, Sahlean TC, Sitar C, Stanciu CR, Szekely L, Tausan I, Tomozii IB, Torok SC, Zaharia LG (2022) Raport final privind distributia speciilor de nevertebrate terestre alogene din hot-spot-uri si caile prioritare de patrundere (an 3 cartare). Raport intocmit in cadrul Proiectului POIM2014+120008 - Managementul adecvat al speciilor invazive din Romania, in conformitate cu Regulamentul UE 1143/2014 referitor la prevenirea si gestionarea introducerii si raspandirii speciilor alogene invazive. Ministerul Mediului, Apelor si Padurilor & Universitatea din Bucuresti, Bucuresti.",,Asia,TRUE,FALSE,FALSE,,2025-11-26,Cristina Preda | Laurentiu Rozylowicz,Marius Skolka | Carla F. Gavrilescu
OSROUCKLVI53M19IJ72UEX,"Trichogramma dendrolimi Matsumura, 1926",Animalia,Arthropoda,Insecta,Hymenoptera,Trichogrammatidae,Trichogramma,species,ICZN,Romania,RO,present,introduced,released,biologicalControl,,,2010,2010,"Rasplus J-Y, Villemant C, Rosa Paiva M, Delvare G, Roques A (2010) Hymenoptera. Chapter 12. BioRisk 4: 669-776. https://doi.org/10.3897/biorisk.4.55 | Roques A, Kenis M, Lees D, Lopez-Vaamonde C, Rabitsch W, Rasplus J-Y, Roy DB (Eds) (2010) Alien Terrestrial Arthropods of Europe. Pensoft, Sofia, 1038 pp. https://doi.org/10.3897/biorisk.4.62",,Asia,TRUE,FALSE,FALSE,Lepidoptera,2026-03-15,Cristina Preda | Laurentiu Rozylowicz,Marius Skolka | Carla F. Gavrilescu
OSROUCKLHNH15AE3ABCDQW,"Cryptographis perspectalis Walker, 1859",Animalia,Arthropoda,Insecta,Lepidoptera,Crambidae,Cydalima,species,ICZN,Romania,RO,present,introduced,colonising,transportStowaway,naturalDispersal,,2010,2023,"Adam C, Constantinescu IC, Draghici AC, Fusu L, Fusu MM, Gheoca V, Iorgu IS, Irimia AG, Maican S, Manci CO, Manu M, Mitroiu MD, Olosutean HG, Perju M, Petrescu AM, Pintilioaie AM, Popa AF, Popescu IE, Popovici OA, Prunar FV, Radac IA, Sahlean TC, Sitar C, Stanciu CR, Szekely L, Tausan I, Tomozii IB, Torok SC, Zaharia LG (2022) Raport final privind distributia speciilor de nevertebrate terestre alogene din hot-spot-uri si caile prioritare de patrundere (an 3 cartare). Raport intocmit in cadrul Proiectului POIM2014+120008 - Managementul adecvat al speciilor invazive din Romania, in conformitate cu Regulamentul UE 1143/2014 referitor la prevenirea si gestionarea introducerii si raspandirii speciilor alogene invazive. Ministerul Mediului, Apelor si Padurilor & Universitatea din Bucuresti, Bucuresti.",,Eastern Asia,TRUE,FALSE,FALSE,Buxus,2025-11-26,Cristina Preda | Laurentiu Rozylowicz,Marius Skolka | Carla F. Gavrilescu
OSROUCKL5GMPHGQ7QYF3JE,"Gravitarmata margarotana (Heinemann, 1863)",Animalia,Arthropoda,Insecta,Lepidoptera,Tortricidae,Gravitarmata,species,ICZN,Romania,RO,present,introduced,colonising,transportContaminant,transportStowaway,,2010,2016,"Adam C, Constantinescu IC, Draghici AC, Fusu L, Fusu MM, Gheoca V, Iorgu IS, Irimia AG, Maican S, Manci CO, Manu M, Mitroiu MD, Olosutean HG, Perju M, Petrescu AM, Pintilioaie AM, Popa AF, Popescu IE, Popovici OA, Prunar FV, Radac IA, Sahlean TC, Sitar C, Stanciu CR, Szekely L, Tausan I, Tomozii IB, Torok SC, Zaharia LG (2022) Raport final privind distributia speciilor de nevertebrate terestre alogene din hot-spot-uri si caile prioritare de patrundere (an 3 cartare). Raport intocmit in cadrul Proiectului POIM2014+120008 - Managementul adecvat al speciilor invazive din Romania, in conformitate cu Regulamentul UE 1143/2014 referitor la prevenirea si gestionarea introducerii si raspandirii speciilor alogene invazive. Ministerul Mediului, Apelor si Padurilor & Universitatea din Bucuresti, Bucuresti.",,Asia,TRUE,FALSE,FALSE,Picea,2025-11-26,Cristina Preda | Laurentiu Rozylowicz,Marius Skolka | Carla F. Gavrilescu
OSROUCKLXJ7O1LV8FZWE50,"Branta canadensis (Linnaeus, 1758)",Animalia,Chordata,Aves,Anseriformes,Anatidae,Branta,species,ICZN,Romania,RO,present,introduced,casual,PublicGardenZooAquaria,OtherEscape,escapeFromConfinement,2010,2026,"Cogalniceanu D, Cobzaru I, Dragan O, Fanaru G, Iftime A, Stanescu F, Telea E, Topliceanu S, Ureche D, Chisamera G, Petrescu A, Iftime O (2021) Raport tehnic privind sursele bibliografice referitoare la speciile de vertebrate terestre alogene invazive si potential invazive. Zenodo. https://doi.org/10.5281/zenodo.5593956 | https://www.inaturalist.org/observations/335634216",last observation: Marian Tudor personal observations,Northern America,TRUE,FALSE,FALSE,,2025-11-26,Cristina Preda | Laurentiu Rozylowicz,Marian Tudor
OSROUCKLOSKADISSFPIGEZ,"Psittacula krameri (Scopoli, 1769)",Animalia,Chordata,Aves,Psittaciformes,Psittaculidae,Psittacula,species,ICZN,Romania,RO,present,introduced,reproducing,releaseInNature,PublicGardenZooAquaria,pet,2010,2026,"Cogalniceanu D, Cobzaru I, Dragan O, Fanaru G, Iftime A, Stanescu F, Telea E, Topliceanu S, Ureche D, Chisamera G, Petrescu A, Iftime O (2021) Raport tehnic privind sursele bibliografice referitoare la speciile de vertebrate terestre alogene invazive si potential invazive. Zenodo. https://doi.org/10.5281/zenodo.5593956 | https://www.inaturalist.org/observations/339729997",last observation: Marian Tudor personal observations,Northern Africa | Western Africa | Middle Africa | Eastern Africa | Southern Asia | South-eastern Asia,TRUE,FALSE,FALSE,,2025-11-26,Cristina Preda | Laurentiu Rozylowicz,Marian Tudor
OSROXQ2E97NJKX989K,Erigeron bonariensis L.,Plantae,Tracheophyta,Magnoliopsida,Asterales,Asteraceae,Erigeron,species,ICN,Romania,RO,present,introduced,invasive,naturalDispersal,,,2010,2021,"Anastasiu P, Miu I, Gavrilidis A, Preda C, Rozylowicz L, Sirbu C, Oprea A, Urziceanu M, Camen-Comanescu P, Nagoda E, Memedemin D, Barbos M, Boruz V, Cislariu A, Don I, Fagaras M, Frink J, Georgescu I, Haruta O, Hurdu B-I, Matis A, Milanovici S, Muncaciu S, Neacsu A, Neblea M, Nicolin A, Niculescu M, Oroian S, Pop O, Radutoiu D, Samarghitan M, Simion I, Soare L, Steiu C, Stoianov E, Strat D, Szabo A, Szatmari P, Tanase C, Mirea M, Manta N, Sirbu I (2024) Alien plant species distribution in Romania: a nationwide survey following the implementation of the EU Regulation on Invasive Alien Species. Biodiversity Data Journal 12. https://doi.org/10.3897/BDJ.12.e119539 | Negrean G, Ciortan I (2014) Alien and potentially invasive plants from Geopark Plateau Mehedinti. Journal of Horticulture, Forestry and Biotechnology 18(1): 84-95",,Brazil | Caribbean | Central America | Mexico | Northern South America | Southern South America | Western South America,TRUE,FALSE,FALSE,,2025-11-26,Cristina Preda | Laurentiu Rozylowicz,Paulina Anastasiu
OSROUXERDZSYZQNOTJ,Philadelphus pubescens Loisel.,Plantae,Tracheophyta,Magnoliopsida,Cornales,Hydrangeaceae,Philadelphus,species,ICN,Romania,RO,present,introduced,casual,ornamentalNonHorticulture,transportContaminant,,2010,2021,"Anastasiu P, Miu I, Gavrilidis A, Preda C, Rozylowicz L, Sirbu C, Oprea A, Urziceanu M, Camen-Comanescu P, Nagoda E, Memedemin D, Barbos M, Boruz V, Cislariu A, Don I, Fagaras M, Frink J, Georgescu I, Haruta O, Hurdu B-I, Matis A, Milanovici S, Muncaciu S, Neacsu A, Neblea M, Nicolin A, Niculescu M, Oroian S, Pop O, Radutoiu D, Samarghitan M, Simion I, Soare L, Steiu C, Stoianov E, Strat D, Szabo A, Szatmari P, Tanase C, Mirea M, Manta N, Sirbu I (2024) Alien plant species distribution in Romania: a nationwide survey following the implementation of the EU Regulation on Invasive Alien Species. Biodiversity Data Journal 12. https://doi.org/10.3897/BDJ.12.e119539",,North-Central U.S.A. | South-Central U.S.A. | Southeastern U.S.A.,TRUE,FALSE,FALSE,,2025-11-26,Cristina Preda | Laurentiu Rozylowicz,Daniyar Memedemin
OSROUCKLQL286BQ9EVL0FT,"Streblospio gynobranchiata Rice & Levin, 1998",Animalia,Annelida,Polychaeta,Spionida,Spionidae,Streblospio,species,ICZN,Romania,RO,present,introduced,colonising,transportStowaway,,,2011,2016,"Preda C, Adam C, Constantinescu IC, Popa OP, Popa LO, Balcu M-J, Brezeanu AM, Dascalu MM, Draghici A-C, Gavrilescu CF, Gavrilidis AA, Gheoca V, Iorgu EI, Iorgu IS, Krapal AM, Maican S, Manci C-O, Manta N, Manu M, Motoc RM, Niculae IM, Petrescu A-M, Pintilioaie A-M, Popa AF, Radac IA, Rozylowicz L, Ruicanescu A, Sahlean TC, Surugiu V, Serban C, Stefan A, Szekely L, Tausan I, Skolka M (2026) From soil to stream and sea: species richness and distribution of alien invertebrates in Romania. NeoBiota.",,"Northern America (Florida, Gulf of Mexico) | Atlantic Ocean (W)",FALSE,TRUE,FALSE,,2025-11-26,Cristina Preda | Laurentiu Rozylowicz,Marius Skolka | Carla F. Gavrilescu
OSROUCKLPVQRCOXGY7BBSF,"Pemphigus populitransversus Riley ex Riley & Monell, 1879",Animalia,Arthropoda,Insecta,Hemiptera,Aphididae,Pemphigus,species,ICZN,Romania,RO,doubtful,uncertain,established,transportContaminant,parasitesOnPlants,naturalDispersal,2011,2018,Teodorescu I (2018) Contribution to database of alien/invasive Homoptera insects in Romania. Romanian Journal of Biology - Zoology 63(1-2): 29-68.,,Northern America,TRUE,FALSE,FALSE,Populus,2026-03-18,Cristina Preda | Laurentiu Rozylowicz,Marius Skolka | Carla F. Gavrilescu
OSROUCKLQ9L34PCYSF6XSM,"Oceanaspidiotus spinosus (Comstock, 1883)",Animalia,Arthropoda,Insecta,Hemiptera,Diaspididae,Oceanaspidiotus,species,ICZN,Romania,RO,doubtful,uncertain,established,transportContaminant,parasitesOnPlants,naturalDispersal,2011,2018,Teodorescu I (2018) Contribution to database of alien/invasive Homoptera insects in Romania. Romanian Journal of Biology - Zoology 63(1-2): 29-68. | DAISIE (2011) Datamining - Invasive Species Databases. www.europe-aliens.org,,Eastern Asia,TRUE,FALSE,FALSE,Actinidia | Persea americana | Citrus | Malus | Vitis | Plantae,2026-03-18,Cristina Preda | Laurentiu Rozylowicz,Marius Skolka | Carla F. Gavrilescu
OSROUCKLZJF3K0K94NN5EF,"Stictocephala alta (Walker, 1851)",Animalia,Arthropoda,Insecta,Hemiptera,Membracidae,Stictocephala,species,ICZN,Romania,RO,doubtful,uncertain,established,transportStowaway,naturalDispersal,,2011,2018,"Adam C, Constantinescu IC, Draghici AC, Fusu L, Fusu MM, Gheoca V, Iorgu IS, Irimia AG, Maican S, Manci CO, Manu M, Mitroiu MD, Olosutean HG, Perju M, Petrescu AM, Pintilioaie AM, Popa AF, Popescu IE, Popovici OA, Prunar FV, Radac IA, Sahlean TC, Sitar C, Stanciu CR, Szekely L, Tausan I, Tomozii IB, Torok SC, Zaharia LG (2022) Raport final privind distributia speciilor de nevertebrate terestre alogene din hot-spot-uri si caile prioritare de patrundere (an 3 cartare). Raport intocmit in cadrul Proiectului POIM2014+120008 - Managementul adecvat al speciilor invazive din Romania, in conformitate cu Regulamentul UE 1143/2014 referitor la prevenirea si gestionarea introducerii si raspandirii speciilor alogene invazive. Ministerul Mediului, Apelor si Padurilor & Universitatea din Bucuresti, Bucuresti.",,Northern America,TRUE,FALSE,FALSE,Plantae,2026-03-18,Cristina Preda | Laurentiu Rozylowicz,Marius Skolka | Carla F. Gavrilescu
OSROBWYPLZ91M70GM0,Yucca filamentosa L.,Plantae,Tracheophyta,Liliopsida,Asparagales,Asparagaceae,Yucca,species,ICN,Romania,RO,present,introduced,casual,ornamentalNonHorticulture,,,2011,2022,"Anastasiu P, Miu I, Gavrilidis A, Preda C, Rozylowicz L, Sirbu C, Oprea A, Urziceanu M, Camen-Comanescu P, Nagoda E, Memedemin D, Barbos M, Boruz V, Cislariu A, Don I, Fagaras M, Frink J, Georgescu I, Haruta O, Hurdu B-I, Matis A, Milanovici S, Muncaciu S, Neacsu A, Neblea M, Nicolin A, Niculescu M, Oroian S, Pop O, Radutoiu D, Samarghitan M, Simion I, Soare L, Steiu C, Stoianov E, Strat D, Szabo A, Szatmari P, Tanase C, Mirea M, Manta N, Sirbu I (2024) Alien plant species distribution in Romania: a nationwide survey following the implementation of the EU Regulation on Invasive Alien Species. Biodiversity Data Journal 12. https://doi.org/10.3897/BDJ.12.e119539 | Karacsonyi C (2011) Flora si vegetatia dealurilor Tasnadului si a colinelor marginale. Arad: Vasile Goldis University Pres",,Northeastern U.S.A. | Southeastern U.S.A.,TRUE,FALSE,FALSE,,2025-11-26,Cristina Preda | Laurentiu Rozylowicz,Paulina Anastasiu
OSRONZE3NMZD3BC049,Coix lacryma-jobi L.,Plantae,Tracheophyta,Liliopsida,Poales,Poaceae,Coix,species,ICN,Romania,RO,present,introduced,casual,ornamentalNonHorticulture,,,2011,2020,"Anastasiu P, Miu I, Gavrilidis A, Preda C, Rozylowicz L, Sirbu C, Oprea A, Urziceanu M, Camen-Comanescu P, Nagoda E, Memedemin D, Barbos M, Boruz V, Cislariu A, Don I, Fagaras M, Frink J, Georgescu I, Haruta O, Hurdu B-I, Matis A, Milanovici S, Muncaciu S, Neacsu A, Neblea M, Nicolin A, Niculescu M, Oroian S, Pop O, Radutoiu D, Samarghitan M, Simion I, Soare L, Steiu C, Stoianov E, Strat D, Szabo A, Szatmari P, Tanase C, Mirea M, Manta N, Sirbu I (2024) Alien plant species distribution in Romania: a nationwide survey following the implementation of the EU Regulation on Invasive Alien Species. Biodiversity Data Journal 12. https://doi.org/10.3897/BDJ.12.e119539 | Doroftei M, Oprea A, Stefan N Sirbu I (2011) Vascular wild flora of Danube Delta. Biosphere Reserve. Scientific Annals of the Danube Delta Institute 17: 16-52",,China | Eastern Asia | Indian Subcontinent | Indo-China | Malesia,TRUE,FALSE,FALSE,,2025-11-26,Cristina Preda | Laurentiu Rozylowicz,Paulina Anastasiu
OSRO1RQQOU7R8UW4JR,Gaillardia pulchella Foug.,Plantae,Tracheophyta,Magnoliopsida,Asterales,Asteraceae,Gaillardia,species,ICN,Romania,RO,present,introduced,casual,ornamentalNonHorticulture,,,2011,2022,"Anastasiu P, Miu I, Gavrilidis A, Preda C, Rozylowicz L, Sirbu C, Oprea A, Urziceanu M, Camen-Comanescu P, Nagoda E, Memedemin D, Barbos M, Boruz V, Cislariu A, Don I, Fagaras M, Frink J, Georgescu I, Haruta O, Hurdu B-I, Matis A, Milanovici S, Muncaciu S, Neacsu A, Neblea M, Nicolin A, Niculescu M, Oroian S, Pop O, Radutoiu D, Samarghitan M, Simion I, Soare L, Steiu C, Stoianov E, Strat D, Szabo A, Szatmari P, Tanase C, Mirea M, Manta N, Sirbu I (2024) Alien plant species distribution in Romania: a nationwide survey following the implementation of the EU Regulation on Invasive Alien Species. Biodiversity Data Journal 12. https://doi.org/10.3897/BDJ.12.e119539 | Sirbu C, Oprea A (2011) Plante adventive in flora Romaniei. Iasi: Edit. Ion Ionescu de la Brad",,Mexico | North-Central U.S.A. | Northwestern U.S.A. | South-Central U.S.A. | Southwestern U.S.A.,TRUE,FALSE,FALSE,,2025-11-26,Cristina Preda | Laurentiu Rozylowicz,Paulina Anastasiu
OSROLWGRZ6G7YTLF5Y,Lepidium oblongum Small,Plantae,Tracheophyta,Magnoliopsida,Brassicales,Brassicaceae,Lepidium,species,ICN,Romania,RO,present,introduced,casual,transportContaminant,,,2011,2022,"Anastasiu P, Miu I, Gavrilidis A, Preda C, Rozylowicz L, Sirbu C, Oprea A, Urziceanu M, Camen-Comanescu P, Nagoda E, Memedemin D, Barbos M, Boruz V, Cislariu A, Don I, Fagaras M, Frink J, Georgescu I, Haruta O, Hurdu B-I, Matis A, Milanovici S, Muncaciu S, Neacsu A, Neblea M, Nicolin A, Niculescu M, Oroian S, Pop O, Radutoiu D, Samarghitan M, Simion I, Soare L, Steiu C, Stoianov E, Strat D, Szabo A, Szatmari P, Tanase C, Mirea M, Manta N, Sirbu I (2024) Alien plant species distribution in Romania: a nationwide survey following the implementation of the EU Regulation on Invasive Alien Species. Biodiversity Data Journal 12. https://doi.org/10.3897/BDJ.12.e119539 | Sirbu C, Oprea A, Patriche CV, Samuil C, Vintu V (2014) Alien species of Lepidium in the Flora of Romania: Invasion history and habitat preference. Notulae Botanicae Horti Agrobotanici Cluj-Napoca, 42(1), 239-247 | Sirbu C, Oprea A (2011) Plante adventive in flora Romaniei. Iasi: Edit. Ion Ionescu de la Brad",,Central America | Mexico | North-Central U.S.A. | Northwestern U.S.A. | South-Central U.S.A. | Southeastern U.S.A. | Southwestern U.S.A.,TRUE,FALSE,FALSE,,2025-11-26,Cristina Preda | Laurentiu Rozylowicz,Daniyar Memedemin | Paulina Anastasiu
OSRO7MPUSNQX6M1ZVA,Hibiscus moscheutos L.,Plantae,Tracheophyta,Magnoliopsida,Malvales,Malvaceae,Hibiscus,species,ICN,Romania,RO,present,introduced,casual,horticulture,,,2011,2022,"Sirbu C, Oprea A (2011) Plante adventive in flora Romaniei. Iasi: Edit. Ion Ionescu de la Brad, 731 pp",,Eastern Canada | Mexico | North-Central U.S.A. | Northeastern U.S.A. | South-Central U.S.A. | Southeastern U.S.A. | Southwestern U.S.A.,TRUE,FALSE,FALSE,,2025-11-26,Cristina Preda | Laurentiu Rozylowicz,Culita Sirbu
OSRO3TYQZQ9M33EIRH,Sedum sarmentosum Bunge,Plantae,Tracheophyta,Magnoliopsida,Saxifragales,Crassulaceae,Sedum,species,ICN,Romania,RO,present,introduced,established,ornamentalNonHorticulture,,,2011,2025,"Anastasiu P, Miu I, Gavrilidis A, Preda C, Rozylowicz L, Sirbu C, Oprea A, Urziceanu M, Camen-Comanescu P, Nagoda E, Memedemin D, Barbos M, Boruz V, Cislariu A, Don I, Fagaras M, Frink J, Georgescu I, Haruta O, Hurdu B-I, Matis A, Milanovici S, Muncaciu S, Neacsu A, Neblea M, Nicolin A, Niculescu M, Oroian S, Pop O, Radutoiu D, Samarghitan M, Simion I, Soare L, Steiu C, Stoianov E, Strat D, Szabo A, Szatmari P, Tanase C, Mirea M, Manta N, Sirbu I (2024) Alien plant species distribution in Romania: a nationwide survey following the implementation of the EU Regulation on Invasive Alien Species. Biodiversity Data Journal 12. https://doi.org/10.3897/BDJ.12.e119539 | Sirbu C, Oprea A (2011) Plante adventive in flora Romaniei. Editura Ion Ionescu de la Brad, Iasi, Romania, 734 pp | https://www.inaturalist.org/observations/300091270 | Blackburn TM, Pysek P, Bacher S, Carlton JT, Duncan RP, Jarosik V, Wilson JR, Richardson DM (2011) A proposed unified framework for biological invasions. Trends in Ecology and Evolution 26: 333-339. https://doi.org/10.1016/j.tree.2011.03.023",,China | Eastern Asia | Indo-China,TRUE,FALSE,FALSE,,2025-11-26,Cristina Preda | Laurentiu Rozylowicz,Ioana-Minodora Sirbu
OSROKAPRDPTKVURMOP,Datura wrightii Regel,Plantae,Tracheophyta,Magnoliopsida,Solanales,Solanaceae,Datura,species,ICN,Romania,RO,present,introduced,casual,ornamentalNonHorticulture,,,2011,2025,"Anastasiu P, Miu I, Gavrilidis A, Preda C, Rozylowicz L, Sirbu C, Oprea A, Urziceanu M, Camen-Comanescu P, Nagoda E, Memedemin D, Barbos M, Boruz V, Cislariu A, Don I, Fagaras M, Frink J, Georgescu I, Haruta O, Hurdu B-I, Matis A, Milanovici S, Muncaciu S, Neacsu A, Neblea M, Nicolin A, Niculescu M, Oroian S, Pop O, Radutoiu D, Samarghitan M, Simion I, Soare L, Steiu C, Stoianov E, Strat D, Szabo A, Szatmari P, Tanase C, Mirea M, Manta N, Sirbu I (2024) Alien plant species distribution in Romania: a nationwide survey following the implementation of the EU Regulation on Invasive Alien Species. Biodiversity Data Journal 12. https://doi.org/10.3897/BDJ.12.e119539 | Sirbu C, Oprea A (2011) Plante adventive in flora Romaniei. Editura Ion Ionescu de la Brad, Iasi, Romania, 734 pp | https://www.inaturalist.org/observations/325702114 | Blackburn TM, Pysek P, Bacher S, Carlton JT, Duncan RP, Jarosik V, Wilson JR, Richardson DM (2011) A proposed unified framework for biological invasions. Trends in Ecology and Evolution 26: 333-339. https://doi.org/10.1016/j.tree.2011.03.023",,Mexico | South-Central U.S.A.,TRUE,FALSE,FALSE,,2025-11-26,Cristina Preda | Laurentiu Rozylowicz,Ioana-Minodora Sirbu
OSROUCKLZO4OGDPU74XSEZ,Solanum elaeagnifolium Cav.,Plantae,Tracheophyta,Magnoliopsida,Solanales,Solanaceae,Solanum,species,ICN,Romania,RO,present,introduced,established,transportContaminant,transportStowaway,,2011,2024,"Urziceanu M, Nagoda E, Dumitrascu M, Nicoara A, Nicoara R (2025) First records of the alien species Solanum elaeagnifolium Cav. in Romania with updated insights into European distribution. BioInvasions Records 14: 789-806. https://doi.org/10.3391/bir.2025.14.4.04",,Mexico | North-Central U.S.A. | Northwestern U.S.A. | South-Central U.S.A. | Southern South America | Southwestern U.S.A.,TRUE,FALSE,FALSE,,2026-03-09,Mihaela Urziceanu,Paulina Anastasiu
OSROUCKL76MHABQ0OMZ2B3,"Oithona davisae Ferrari F.D. & Orsi, 1984",Animalia,Arthropoda,Copepoda,Cyclopoida,Oithonidae,Oithona,species,ICZN,Romania,RO,present,introduced,colonising,transportStowaway,ballastWater,naturalDispersal,2012,2012,"Timofte F, Tabarcea C (2012) Oithona brevicornis Giesbrecht, 1892 (Copepoda: Cyclopoida) - first record in the Romanian Black Sea waters. J Environ Prot Ecol 13:1683-1686 | Palero F, Ferrer-Mateu I, Wray B, Hughes R, Morritt D, Lepage M, Kotterman M, van der Meer M, Tate M, Kamanli S, Smith L, Llewellyn-Hughes J, Clark P (2022) Presence of a second Eriocheir species in Europe as confirmed by molecular and morphological data. Aquatic Invasions 17: 374-392. https://doi.org/10.3391/ai.2022.17.3.03 | Gubanova A, Altukhov D, Stefanova K, Arashkevich E, Kamburska L, Prusova I, Svetlichny L, Timofte F, Uysal Z (2014) Species composition of Black Sea marine planktonic copepods. Journal of Marine Systems 135: 44-52. https://doi.org/10.1016/j.jmarsys.2013.12.004",,Eastern Asia | Pacific Ocean,FALSE,TRUE,FALSE,,2025-11-26,Cristina Preda | Laurentiu Rozylowicz,Marius Skolka | Carla F. Gavrilescu
OSROUCKL0R6V7IBKCW46KD,"Aedes (Stegomyia) albopictus (Skuse, 1894)",Animalia,Arthropoda,Insecta,Diptera,Culicidae,Aedes,species,ICZN,Romania,RO,present,introduced,colonising,transportContaminant,contaminantOnPlants,naturalDispersal,2012,2023,"Preda C, Adam C, Constantinescu IC, Popa OP, Popa LO, Balcu M-J, Brezeanu AM, Dascalu MM, Draghici A-C, Gavrilescu CF, Gavrilidis AA, Gheoca V, Iorgu EI, Iorgu IS, Krapal AM, Maican S, Manci C-O, Manta N, Manu M, Motoc RM, Niculae IM, Petrescu A-M, Pintilioaie A-M, Popa AF, Radac IA, Rozylowicz L, Ruicanescu A, Sahlean TC, Surugiu V, Serban C, Stefan A, Szekely L, Tausan I, Skolka M (2026) From soil to stream and sea: species richness and distribution of alien invertebrates in Romania. NeoBiota. | Adam C, Constantinescu IC, Draghici AC, Fusu L, Fusu MM, Gheoca V, Iorgu IS, Irimia AG, Maican S, Manci CO, Manu M, Mitroiu MD, Olosutean HG, Perju M, Petrescu AM, Pintilioaie AM, Popa AF, Popescu IE, Popovici OA, Prunar FV, Radac IA, Sahlean TC, Sitar C, Stanciu CR, Szekely L, Tausan I, Tomozii IB, Torok SC, Zaharia LG (2022) Raport final privind distributia speciilor de nevertebrate terestre alogene din hot-spot-uri si caile prioritare de patrundere (an 3 cartare). Raport intocmit in cadrul Proiectului POIM2014+120008 - Managementul adecvat al speciilor invazive din Romania, in conformitate cu Regulamentul UE 1143/2014 referitor la prevenirea si gestionarea introducerii si raspandirii speciilor alogene invazive. Ministerul Mediului, Apelor si Padurilor & Universitatea din Bucuresti, Bucuresti.",,South-eastern Asia | Eastern Asia,TRUE,FALSE,TRUE,Mammalia,2025-11-26,Cristina Preda | Laurentiu Rozylowicz,Oana P. Popa
OSROUCKLYUNBGB2NI8851H,"Parasaissetia nigra (Nietner, 1861)",Animalia,Arthropoda,Insecta,Hemiptera,Coccidae,Parasaissetia,species,ICZN,Romania,RO,doubtful,uncertain,established,transportContaminant,parasitesOnPlants,naturalDispersal,2012,2018,Teodorescu I (2018) Contribution to database of alien/invasive Homoptera insects in Romania. Romanian Journal of Biology - Zoology 63(1-2): 29-68.,,Sub-Saharan Africa,TRUE,FALSE,FALSE,Citrus | Ficus | Hibiscus,2026-03-18,Cristina Preda | Laurentiu Rozylowicz,Marius Skolka | Carla F. Gavrilescu
OSROUCKL76JMDHTO34DSIF,"Dryocosmus kuriphilus Yasumatsu, 1951",Animalia,Arthropoda,Insecta,Hymenoptera,Cynipidae,Dryocosmus,species,ICZN,Romania,RO,present,introduced,colonising,transportStowaway,naturalDispersal,,2012,2012,"Preda C, Adam C, Constantinescu IC, Popa OP, Popa LO, Balcu M-J, Brezeanu AM, Dascalu MM, Draghici A-C, Gavrilescu CF, Gavrilidis AA, Gheoca V, Iorgu EI, Iorgu IS, Krapal AM, Maican S, Manci C-O, Manta N, Manu M, Motoc RM, Niculae IM, Petrescu A-M, Pintilioaie A-M, Popa AF, Radac IA, Rozylowicz L, Ruicanescu A, Sahlean TC, Surugiu V, Serban C, Stefan A, Szekely L, Tausan I, Skolka M (2026) From soil to stream and sea: species richness and distribution of alien invertebrates in Romania. NeoBiota.",,Eastern Asia (China),TRUE,FALSE,FALSE,Castanea,2025-11-26,Cristina Preda | Laurentiu Rozylowicz,Marius Skolka | Carla F. Gavrilescu
OSROUCKLL6RJ0NFEHMQWB0,"Sceliphron caementarium (Drury, 1773)",Animalia,Arthropoda,Insecta,Hymenoptera,Sphecidae,Sceliphron,species,ICZN,Romania,RO,present,introduced,colonising,transportStowaway,naturalDispersal,,2012,2023,"Preda C, Adam C, Constantinescu IC, Popa OP, Popa LO, Balcu M-J, Brezeanu AM, Dascalu MM, Draghici A-C, Gavrilescu CF, Gavrilidis AA, Gheoca V, Iorgu EI, Iorgu IS, Krapal AM, Maican S, Manci C-O, Manta N, Manu M, Motoc RM, Niculae IM, Petrescu A-M, Pintilioaie A-M, Popa AF, Radac IA, Rozylowicz L, Ruicanescu A, Sahlean TC, Surugiu V, Serban C, Stefan A, Szekely L, Tausan I, Skolka M (2026) From soil to stream and sea: species richness and distribution of alien invertebrates in Romania. NeoBiota. | Adam C, Constantinescu IC, Draghici AC, Fusu L, Fusu MM, Gheoca V, Iorgu IS, Irimia AG, Maican S, Manci CO, Manu M, Mitroiu MD, Olosutean HG, Perju M, Petrescu AM, Pintilioaie AM, Popa AF, Popescu IE, Popovici OA, Prunar FV, Radac IA, Sahlean TC, Sitar C, Stanciu CR, Szekely L, Tausan I, Tomozii IB, Torok SC, Zaharia LG (2022) Raport final privind distributia speciilor de nevertebrate terestre alogene din hot-spot-uri si caile prioritare de patrundere (an 3 cartare). Raport intocmit in cadrul Proiectului POIM2014+120008 - Managementul adecvat al speciilor invazive din Romania, in conformitate cu Regulamentul UE 1143/2014 referitor la prevenirea si gestionarea introducerii si raspandirii speciilor alogene invazive. Ministerul Mediului, Apelor si Padurilor & Universitatea din Bucuresti, Bucuresti.",,Central America | Northern America,TRUE,FALSE,FALSE,,2025-11-26,Cristina Preda | Laurentiu Rozylowicz,Marius Skolka | Carla F. Gavrilescu
OSROUCKLPXAZK09A09QMZO,"Microeuraphia depressa (Poli, 1791)",Animalia,Arthropoda,Thecostraca,Balanomorpha,Chthamalidae,Microeuraphia,species,ICZN,Romania,RO,present,introduced,colonising,transportStowaway,hullFouling,naturalDispersal,2012,2021,"Filimon A, Abaza V (2021) On the presence of the invasive cirriped Amphibalanus improvisus Darwin, 1854 in the Romanian sector of the Black Sea. Cercetari Marine - Recherches Marines 51: 188-201. https://doi.org/10.55268/CM.2021.51.188 | Skolka M, Teaca A, Begun T, Muresan M, Surugiu V (2021) Overview of Barnacle Species From The Romanian Black Sea Coast - Historical Records And Recent Changes, Odessa, 27-29 October 2021, International scientific conference ""Marine Ecosystems: Research And Innovations"" Abstract Book, p.62",,Mediterranean Sea | Atlantic Ocean (E),FALSE,TRUE,FALSE,,2026-03-10,Cristina Preda | Laurentiu Rozylowicz,Marius Skolka | Carla F. Gavrilescu
OSROUCKL5R0K2T0VJC5DTG,"Phasianus colchicus Linnaeus, 1758",Animalia,Chordata,Aves,Galliformes,Phasianidae,Phasianus,species,ICZN,Romania,RO,present,introduced,widespreadInvasive,releaseInNature,naturalDispersal,pet,2012,2026,"Cogalniceanu D, Cobzaru I, Dragan O, Fanaru G, Iftime A, Stanescu F, Telea E, Topliceanu S, Ureche D, Chisamera G, Petrescu A, Iftime O (2021) Raport tehnic privind sursele bibliografice referitoare la speciile de vertebrate terestre alogene invazive si potential invazive. Zenodo. https://doi.org/10.5281/zenodo.5593956 | https://www.inaturalist.org/observations/345049761",last observation: Marian Tudor personal observations,Western Asia | Central Asia | Eastern Asia | North Asia | South-eastern Asia,TRUE,FALSE,FALSE,,2025-11-26,Cristina Preda | Laurentiu Rozylowicz,Marian Tudor
OSROUCKLA0JVXHUAJ0IXW2,"Arion vulgaris Moquin-Tandon, 1855",Animalia,Mollusca,Gastropoda,Stylommatophora,Arionidae,Arion,species,ICZN,Romania,RO,present,introduced,invasive,horticulture,PublicGardenZooAquaria,,2012,2023,"Preda C, Adam C, Constantinescu IC, Popa OP, Popa LO, Balcu M-J, Brezeanu AM, Dascalu MM, Draghici A-C, Gavrilescu CF, Gavrilidis AA, Gheoca V, Iorgu EI, Iorgu IS, Krapal AM, Maican S, Manci C-O, Manta N, Manu M, Motoc RM, Niculae IM, Petrescu A-M, Pintilioaie A-M, Popa AF, Radac IA, Rozylowicz L, Ruicanescu A, Sahlean TC, Surugiu V, Serban C, Stefan A, Szekely L, Tausan I, Skolka M (2026) From soil to stream and sea: species richness and distribution of alien invertebrates in Romania. NeoBiota.",,Western Europe (SW France) | Southern Europe (Iberia),TRUE,FALSE,FALSE,,2025-11-26,Cristina Preda | Laurentiu Rozylowicz,Oana P. Popa
OSROXIEC4JMZ0QSDW3,Robinia neomexicana A.Gray,Plantae,Tracheophyta,Magnoliopsida,Fabales,Fabaceae,Robinia,species,ICN,Romania,RO,present,introduced,casual,horticulture,,,2012,2020,"Oprea A, Sirbu C, Elias P jun, Ferus P (2012) New data addition to the Romanian alien flora. J. Plant Develop., 19: 141-156",,Mexico | Northwestern U.S.A. | South-Central U.S.A. | Southwestern U.S.A.,TRUE,FALSE,FALSE,,2025-11-26,Cristina Preda | Laurentiu Rozylowicz,Culita Sirbu
OSROUCKL2HNHC188JJC3J8,"Ceratitis (Ceratitis) capitata (Wiedemann, 1824)",Animalia,Arthropoda,Insecta,Diptera,Tephritidae,Ceratitis,species,ICZN,Romania,RO,present,introduced,colonising,transportContaminant,naturalDispersal,,2013,2016,"Preda C, Adam C, Constantinescu IC, Popa OP, Popa LO, Balcu M-J, Brezeanu AM, Dascalu MM, Draghici A-C, Gavrilescu CF, Gavrilidis AA, Gheoca V, Iorgu EI, Iorgu IS, Krapal AM, Maican S, Manci C-O, Manta N, Manu M, Motoc RM, Niculae IM, Petrescu A-M, Pintilioaie A-M, Popa AF, Radac IA, Rozylowicz L, Ruicanescu A, Sahlean TC, Surugiu V, Serban C, Stefan A, Szekely L, Tausan I, Skolka M (2026) From soil to stream and sea: species richness and distribution of alien invertebrates in Romania. NeoBiota. | Adam C, Constantinescu IC, Draghici AC, Fusu L, Fusu MM, Gheoca V, Iorgu IS, Irimia AG, Maican S, Manci CO, Manu M, Mitroiu MD, Olosutean HG, Perju M, Petrescu AM, Pintilioaie AM, Popa AF, Popescu IE, Popovici OA, Prunar FV, Radac IA, Sahlean TC, Sitar C, Stanciu CR, Szekely L, Tausan I, Tomozii IB, Torok SC, Zaharia LG (2022) Raport final privind distributia speciilor de nevertebrate terestre alogene din hot-spot-uri si caile prioritare de patrundere (an 3 cartare). Raport intocmit in cadrul Proiectului POIM2014+120008 - Managementul adecvat al speciilor invazive din Romania, in conformitate cu Regulamentul UE 1143/2014 referitor la prevenirea si gestionarea introducerii si raspandirii speciilor alogene invazive. Ministerul Mediului, Apelor si Padurilor & Universitatea din Bucuresti, Bucuresti.",,Eastern Africa,TRUE,FALSE,FALSE,Plantae,2025-11-26,Cristina Preda | Laurentiu Rozylowicz,Marius Skolka | Carla F. Gavrilescu
OSROUCKL9WKIT9LT0H2H3Z,"Graptemys ouachitensis Cagle, 1953",Animalia,Chordata,Reptilia,Testudines,Emydidae,Graptemys,species,ICZN,Romania,RO,present,introduced,casual,releaseInNature,pet,,2013,2021,"Cogalniceanu D, Cobzaru I, Dragan O, Fanaru G, Iftime A, Stanescu F, Telea E, Topliceanu S, Ureche D, Chisamera G, Petrescu A, Iftime O (2021) Raport tehnic privind sursele bibliografice referitoare la speciile de vertebrate terestre alogene invazive si potential invazive. Zenodo. https://doi.org/10.5281/zenodo.5593956 | Iftime A, Iftime O (2021) Alien fish, amphibian and reptile species in Romania and their invasive status: a review with new data. Travaux du Museum National d'Histoire Naturelle ""Grigore Antipa"" 64: 131-186. https://doi.org/10.3897/travaux.64.e67558 | https://www.inaturalist.org/observations/144363300",,Northern America,FALSE,FALSE,TRUE,,2025-11-26,Cristina Preda | Laurentiu Rozylowicz,Florina Stanescu
OSROUCKLS0QKW24X0J09J9,"Graptemys pseudogeographica (Gray, 1831)",Animalia,Chordata,Reptilia,Testudines,Emydidae,Graptemys,species,ICZN,Romania,RO,present,introduced,casual,releaseInNature,pet,,2013,2025,"Cogalniceanu D, Cobzaru I, Dragan O, Fanaru G, Iftime A, Stanescu F, Telea E, Topliceanu S, Ureche D, Chisamera G, Petrescu A, Iftime O (2021) Raport tehnic privind sursele bibliografice referitoare la speciile de vertebrate terestre alogene invazive si potential invazive. Zenodo. https://doi.org/10.5281/zenodo.5593956 | Iftime A, Iftime O (2021) Alien fish, amphibian and reptile species in Romania and their invasive status: a review with new data. Travaux du Museum National d'Histoire Naturelle ""Grigore Antipa"" 64: 131-186. https://doi.org/10.3897/travaux.64.e67558 | Iftime O, Iftime A (2025) Turtles and ice: winter activity in non-native turtles in Romania. Herpetozoa 38: 1-5. https://doi.org/10.3897/herpetozoa.38.e137934 | https://www.inaturalist.org/observations/297546748",,Northern America,FALSE,FALSE,TRUE,,2025-11-26,Cristina Preda | Laurentiu Rozylowicz,Florina Stanescu
OSROUCKLOHJ6AW159AKV7Z,"Clathrocaspia knipowitschii (Makarov, 1938)",Animalia,Mollusca,Gastropoda,Littorinimorpha,Hydrobiidae,Clathrocaspia,species,ICZN,Romania,RO,present,introduced,colonising,transportStowaway,corridor,,2013,2020,"Szekeres J, Beermann A, Neubauer T, Ocadlik M, Paunovic M, Rakovic M, Feher Z (2022) Rapid spread of a new alien and potentially invasive species, Clathrocaspia knipowitschii (Makarov, 1938) (Gastropoda: Hydrobiidae), in the Danube River. Archives of Biological Sciences 74: 81-89.",,Eastern Europe (Ponto-Caspian: Dnieper River) | Black Sea,FALSE,FALSE,TRUE,,2026-03-23,Cristina Preda | Laurentiu Rozylowicz,Oana P. Popa
OSROUCKL3R9MYP65PNGJDU,"Cepaea nemoralis (Linnaeus, 1758)",Animalia,Mollusca,Gastropoda,Stylommatophora,Helicidae,Cepaea,species,ICZN,Romania,RO,present,introduced,invasive,transportStowaway,,,2013,2022,"Preda C, Adam C, Constantinescu IC, Popa OP, Popa LO, Balcu M-J, Brezeanu AM, Dascalu MM, Draghici A-C, Gavrilescu CF, Gavrilidis AA, Gheoca V, Iorgu EI, Iorgu IS, Krapal AM, Maican S, Manci C-O, Manta N, Manu M, Motoc RM, Niculae IM, Petrescu A-M, Pintilioaie A-M, Popa AF, Radac IA, Rozylowicz L, Ruicanescu A, Sahlean TC, Surugiu V, Serban C, Stefan A, Szekely L, Tausan I, Skolka M (2026) From soil to stream and sea: species richness and distribution of alien invertebrates in Romania. NeoBiota.",,Western Europe | Northern Europe | Southern Europe,TRUE,FALSE,FALSE,,2025-11-26,Cristina Preda | Laurentiu Rozylowicz,Oana P. Popa
OSROUCKLM24Z9RPHL4BQCF,"Spilococcus mamillariae (Bouche, 1844)",Animalia,Arthropoda,Insecta,Hemiptera,Pseudococcidae,Spilococcus,species,ICZN,Romania,RO,present,introduced,colonising,transportContaminant,parasitesOnPlants,,2014,2014,"Preda C, Adam C, Constantinescu IC, Popa OP, Popa LO, Balcu M-J, Brezeanu AM, Dascalu MM, Draghici A-C, Gavrilescu CF, Gavrilidis AA, Gheoca V, Iorgu EI, Iorgu IS, Krapal AM, Maican S, Manci C-O, Manta N, Manu M, Motoc RM, Niculae IM, Petrescu A-M, Pintilioaie A-M, Popa AF, Radac IA, Rozylowicz L, Ruicanescu A, Sahlean TC, Surugiu V, Serban C, Stefan A, Szekely L, Tausan I, Skolka M (2026) From soil to stream and sea: species richness and distribution of alien invertebrates in Romania. NeoBiota.",,Northern America,TRUE,FALSE,FALSE,Cactaceae,2025-11-26,Cristina Preda | Laurentiu Rozylowicz,Costica Adam
OSROBJFKVJ1NZZBYAK,Cleome spinosa Sw.,Plantae,Tracheophyta,Magnoliopsida,Brassicales,Cleomaceae,Cleome,species,ICN,Romania,RO,present,introduced,casual,ornamentalNonHorticulture,,,2014,2021,"Anastasiu P, Miu I, Gavrilidis A, Preda C, Rozylowicz L, Sirbu C, Oprea A, Urziceanu M, Camen-Comanescu P, Nagoda E, Memedemin D, Barbos M, Boruz V, Cislariu A, Don I, Fagaras M, Frink J, Georgescu I, Haruta O, Hurdu B-I, Matis A, Milanovici S, Muncaciu S, Neacsu A, Neblea M, Nicolin A, Niculescu M, Oroian S, Pop O, Radutoiu D, Samarghitan M, Simion I, Soare L, Steiu C, Stoianov E, Strat D, Szabo A, Szatmari P, Tanase C, Mirea M, Manta N, Sirbu I (2024) Alien plant species distribution in Romania: a nationwide survey following the implementation of the EU Regulation on Invasive Alien Species. Biodiversity Data Journal 12. https://doi.org/10.3897/BDJ.12.e119539 | Sirbu C, Oprea A (2011) Plante adventive in flora Romaniei. Editura Ion Ionescu de la Brad, Iasi | Anastasiu P, Negrean G, Smarandache D, Litescu S, Basnou C (2014) Neophytes in protected areas. Acta Horti Botanica Bucuresti 41: 41-68 | Blackburn TM, Pysek P, Bacher S, Carlton JT, Duncan RP, Jarosik V, Wilson JRU, Richardson DM (2011) A proposed unified framework for biological invasions. Trends in Ecology and Evolution 26: 333–339. https://doi.org/10.1016/j.tree.2011.03.023 | Plants of the World Online (2026) https://powo.science.kew.org/",,Brazil | Caribbean | Central America | Mexico | Northern South America | Western South America,TRUE,FALSE,FALSE,,2025-11-26,Cristina Preda | Laurentiu Rozylowicz,Mihaela Urziceanu
OSROUCKLWXXG6N76SAAEZX,Albizia julibrissin Durazz.,Plantae,Tracheophyta,Magnoliopsida,Fabales,Fabaceae,Albizia,species,ICN,Romania,RO,present,introduced,casual,horticulture,,,2014,2022,"Nagoda E, Comanescu P, Anastasiu P (2014) Gradina botanica D. Brandza, potential centru de disperssie pentru plantele invazive? Acta Horti Bot. Bucurest. 2014, 41: 13-40",,Caucasus | China | Eastern Asia | Indian Subcontinent | Indo-China | Western Asia,TRUE,FALSE,FALSE,,2025-11-26,Cristina Preda | Laurentiu Rozylowicz,Culita Sirbu
OSROG378UHH2LTGMGW,Maclura tricuspidata Carrière,Plantae,Tracheophyta,Magnoliopsida,Rosales,Moraceae,Maclura,species,ICN,Romania,RO,present,introduced,casual,horticulture,,,2014,2021,"Anastasiu P, Miu I, Gavrilidis A, Preda C, Rozylowicz L, Sirbu C, Oprea A, Urziceanu M, Camen-Comanescu P, Nagoda E, Memedemin D, Barbos M, Boruz V, Cislariu A, Don I, Fagaras M, Frink J, Georgescu I, Haruta O, Hurdu B-I, Matis A, Milanovici S, Muncaciu S, Neacsu A, Neblea M, Nicolin A, Niculescu M, Oroian S, Pop O, Radutoiu D, Samarghitan M, Simion I, Soare L, Steiu C, Stoianov E, Strat D, Szabo A, Szatmari P, Tanase C, Mirea M, Manta N, Sirbu I (2024) Alien plant species distribution in Romania: a nationwide survey following the implementation of the EU Regulation on Invasive Alien Species. Biodiversity Data Journal 12. https://doi.org/10.3897/BDJ.12.e119539 | Sirbu C, Oprea A (2011) Plante adventive in flora Romaniei. Editura Ion Ionescu de la Brad, Iasi | Nagoda E, Comanescu P, Anastasiu P (2014) Gradina botanica D. Brandza, potential centru de dispersie pentru plantele invazive? Acta Horti Botanica Bucuresti 41: 13-40 | Blackburn TM, Pysek P, Bacher S, Carlton JT, Duncan RP, Jarosik V, Wilson JRU, Richardson DM (2011) A proposed unified framework for biological invasions. Trends in Ecology and Evolution 26: 333–339. https://doi.org/10.1016/j.tree.2011.03.023 | Plants of the World Online (2026) https://powo.science.kew.org/",,China | Eastern Asia | Indo-China,TRUE,FALSE,FALSE,,2025-11-26,Cristina Preda | Laurentiu Rozylowicz,Mihaela Urziceanu
OSROUCKL3Q9N36OPT9UCZP,"Bruchidius siliquastri Delobel, A., 2007",Animalia,Arthropoda,Insecta,Coleoptera,Chrysomelidae,Bruchidius,species,ICZN,Romania,RO,present,introduced,colonising,transportContaminant,naturalDispersal,,2015,2022,"Preda C, Adam C, Constantinescu IC, Popa OP, Popa LO, Balcu M-J, Brezeanu AM, Dascalu MM, Draghici A-C, Gavrilescu CF, Gavrilidis AA, Gheoca V, Iorgu EI, Iorgu IS, Krapal AM, Maican S, Manci C-O, Manta N, Manu M, Motoc RM, Niculae IM, Petrescu A-M, Pintilioaie A-M, Popa AF, Radac IA, Rozylowicz L, Ruicanescu A, Sahlean TC, Surugiu V, Serban C, Stefan A, Szekely L, Tausan I, Skolka M (2026) From soil to stream and sea: species richness and distribution of alien invertebrates in Romania. NeoBiota. | Radac IA (2022) Expansiunea unor specii native sau alogene de bruchine si heteroptere in Romania (Insecta: Coleoptera, Heteroptera). Teza de doctorat, Universitatea Babes-Bolyai, Cluj-Napoca. https://teze.doctorat.ubbcluj.ro",,Cryptogenic,TRUE,FALSE,FALSE,Cercis,2025-11-26,Cristina Preda | Laurentiu Rozylowicz,Marius Skolka | Carla F. Gavrilescu
OSROUCKL9LLMJNGTNXLHOQ,"Bruchidius terrenus (Sharp, 1886)",Animalia,Arthropoda,Insecta,Coleoptera,Chrysomelidae,Bruchidius,species,ICZN,Romania,RO,present,introduced,colonising,transportContaminant,naturalDispersal,,2015,2022,"Preda C, Adam C, Constantinescu IC, Popa OP, Popa LO, Balcu M-J, Brezeanu AM, Dascalu MM, Draghici A-C, Gavrilescu CF, Gavrilidis AA, Gheoca V, Iorgu EI, Iorgu IS, Krapal AM, Maican S, Manci C-O, Manta N, Manu M, Motoc RM, Niculae IM, Petrescu A-M, Pintilioaie A-M, Popa AF, Radac IA, Rozylowicz L, Ruicanescu A, Sahlean TC, Surugiu V, Serban C, Stefan A, Szekely L, Tausan I, Skolka M (2026) From soil to stream and sea: species richness and distribution of alien invertebrates in Romania. NeoBiota. | Radac IA (2022) Expansiunea unor specii native sau alogene de bruchine si heteroptere in Romania (Insecta: Coleoptera, Heteroptera). Teza de doctorat, Universitatea Babes-Bolyai, Cluj-Napoca. https://teze.doctorat.ubbcluj.ro",,Eastern Asia,TRUE,FALSE,FALSE,Albizia julibrissin | Albizia kalkora | Medicago,2025-11-26,Cristina Preda | Laurentiu Rozylowicz,Marius Skolka | Carla F. Gavrilescu
OSROUCKLVAFPNT9MMLEIYT,"Megabruchidius dorsalis (Fåhraeus, 1839)",Animalia,Arthropoda,Insecta,Coleoptera,Chrysomelidae,Megabruchidius,species,ICZN,Romania,RO,present,introduced,colonising,transportContaminant,naturalDispersal,,2015,2022,"Preda C, Adam C, Constantinescu IC, Popa OP, Popa LO, Balcu M-J, Brezeanu AM, Dascalu MM, Draghici A-C, Gavrilescu CF, Gavrilidis AA, Gheoca V, Iorgu EI, Iorgu IS, Krapal AM, Maican S, Manci C-O, Manta N, Manu M, Motoc RM, Niculae IM, Petrescu A-M, Pintilioaie A-M, Popa AF, Radac IA, Rozylowicz L, Ruicanescu A, Sahlean TC, Surugiu V, Serban C, Stefan A, Szekely L, Tausan I, Skolka M (2026) From soil to stream and sea: species richness and distribution of alien invertebrates in Romania. NeoBiota. | Radac IA (2022) Expansiunea unor specii native sau alogene de bruchine si heteroptere in Romania (Insecta: Coleoptera, Heteroptera). Teza de doctorat, Universitatea Babes-Bolyai, Cluj-Napoca. https://teze.doctorat.ubbcluj.ro",,Eastern Asia,TRUE,FALSE,FALSE,Gleditsia,2025-11-26,Cristina Preda | Laurentiu Rozylowicz,Marius Skolka | Carla F. Gavrilescu
OSROUCKLP5M14OOMPDAHU7,"Megabruchidius tonkineus (Pic, 1904)",Animalia,Arthropoda,Insecta,Coleoptera,Chrysomelidae,Megabruchidius,species,ICZN,Romania,RO,present,introduced,colonising,transportContaminant,naturalDispersal,,2015,2021,"Preda C, Adam C, Constantinescu IC, Popa OP, Popa LO, Balcu M-J, Brezeanu AM, Dascalu MM, Draghici A-C, Gavrilescu CF, Gavrilidis AA, Gheoca V, Iorgu EI, Iorgu IS, Krapal AM, Maican S, Manci C-O, Manta N, Manu M, Motoc RM, Niculae IM, Petrescu A-M, Pintilioaie A-M, Popa AF, Radac IA, Rozylowicz L, Ruicanescu A, Sahlean TC, Surugiu V, Serban C, Stefan A, Szekely L, Tausan I, Skolka M (2026) From soil to stream and sea: species richness and distribution of alien invertebrates in Romania. NeoBiota. | Radac IA (2022) Expansiunea unor specii native sau alogene de bruchine si heteroptere in Romania (Insecta: Coleoptera, Heteroptera). Teza de doctorat, Universitatea Babes-Bolyai, Cluj-Napoca. https://teze.doctorat.ubbcluj.ro",,Eastern Asia | South-eastern Asia,TRUE,FALSE,FALSE,Gleditsia,2025-11-26,Cristina Preda | Laurentiu Rozylowicz,Marius Skolka | Carla F. Gavrilescu
OSROUCKLIM4LQTMVWQ25RE,"Erasmoneura vulnerata (Fitch, 1851)",Animalia,Arthropoda,Insecta,Hemiptera,Cicadellidae,Erasmoneura,species,ICZN,Romania,RO,present,introduced,colonising,transportContaminant,contaminantOnPlants,,2015,2025,"Preda C, Adam C, Constantinescu IC, Popa OP, Popa LO, Balcu M-J, Brezeanu AM, Dascalu MM, Draghici A-C, Gavrilescu CF, Gavrilidis AA, Gheoca V, Iorgu EI, Iorgu IS, Krapal AM, Maican S, Manci C-O, Manta N, Manu M, Motoc RM, Niculae IM, Petrescu A-M, Pintilioaie A-M, Popa AF, Radac IA, Rozylowicz L, Ruicanescu A, Sahlean TC, Surugiu V, Serban C, Stefan A, Szekely L, Tausan I, Skolka M (2026) From soil to stream and sea: species richness and distribution of alien invertebrates in Romania. NeoBiota. | Chireceanu C, Bosoi M, Podrumar T, Ghica M, Teodoru A, Chiriloaie-Palade A, Zaharia R (2000) Invasive insect species detected on grapevines in Romania during 2016-2019 and First Record of Erasmoneura vulnerata (Fitch, 1851) (Hemiptera: Cicadellidae), Acta Zoologica Bulgarica 72(4): 649-659. | https://www.inaturalist.org/photos/607138097",,Northern America,TRUE,FALSE,FALSE,Vitis,2025-11-26,Cristina Preda | Laurentiu Rozylowicz,Ioana Cristina Constantinescu
OSROUCKL62P1ZJL836DBK4,"Chrysomphalus dictyospermi (Morgan, 1889)",Animalia,Arthropoda,Insecta,Hemiptera,Diaspididae,Chrysomphalus,species,ICZN,Romania,RO,present,introduced,colonising,transportContaminant,,,2015,2015,"Preda C, Adam C, Constantinescu IC, Popa OP, Popa LO, Balcu M-J, Brezeanu AM, Dascalu MM, Draghici A-C, Gavrilescu CF, Gavrilidis AA, Gheoca V, Iorgu EI, Iorgu IS, Krapal AM, Maican S, Manci C-O, Manta N, Manu M, Motoc RM, Niculae IM, Petrescu A-M, Pintilioaie A-M, Popa AF, Radac IA, Rozylowicz L, Ruicanescu A, Sahlean TC, Surugiu V, Serban C, Stefan A, Szekely L, Tausan I, Skolka M (2026) From soil to stream and sea: species richness and distribution of alien invertebrates in Romania. NeoBiota.",,Sub-Saharan Africa,TRUE,FALSE,FALSE,Plantae,2025-11-26,Cristina Preda | Laurentiu Rozylowicz,Ioana Cristina Constantinescu
OSROUCKLPSL1QLV66AWWYX,"Corythucha arcuata (Say, 1832)",Animalia,Arthropoda,Insecta,Hemiptera,Tingidae,Corythucha,species,ICZN,Romania,RO,present,introduced,invasive,naturalDispersal,naturalDispersal,,2015,2023,"Preda C, Adam C, Constantinescu IC, Popa OP, Popa LO, Balcu M-J, Brezeanu AM, Dascalu MM, Draghici A-C, Gavrilescu CF, Gavrilidis AA, Gheoca V, Iorgu EI, Iorgu IS, Krapal AM, Maican S, Manci C-O, Manta N, Manu M, Motoc RM, Niculae IM, Petrescu A-M, Pintilioaie A-M, Popa AF, Radac IA, Rozylowicz L, Ruicanescu A, Sahlean TC, Surugiu V, Serban C, Stefan A, Szekely L, Tausan I, Skolka M (2026) From soil to stream and sea: species richness and distribution of alien invertebrates in Romania. NeoBiota.",,Northern America,TRUE,FALSE,FALSE,Quercus,2025-11-26,Cristina Preda | Laurentiu Rozylowicz,Costica Adam
OSROUCKLZEZXXYB3GIE60M,"Echinothrips americanus Morgan, 1913",Animalia,Arthropoda,Insecta,Thysanoptera,Thripidae,Echinothrips,species,ICZN,Romania,RO,present,introduced,colonising,transportStowaway,naturalDispersal,,2015,2015,"Preda C, Adam C, Constantinescu IC, Popa OP, Popa LO, Balcu M-J, Brezeanu AM, Dascalu MM, Draghici A-C, Gavrilescu CF, Gavrilidis AA, Gheoca V, Iorgu EI, Iorgu IS, Krapal AM, Maican S, Manci C-O, Manta N, Manu M, Motoc RM, Niculae IM, Petrescu A-M, Pintilioaie A-M, Popa AF, Radac IA, Rozylowicz L, Ruicanescu A, Sahlean TC, Surugiu V, Serban C, Stefan A, Szekely L, Tausan I, Skolka M (2026) From soil to stream and sea: species richness and distribution of alien invertebrates in Romania. NeoBiota.",,Northern America,TRUE,FALSE,FALSE,Plantae,2025-11-26,Cristina Preda | Laurentiu Rozylowicz,Marius Skolka | Carla F. Gavrilescu
OSROE5E82ESX53FV5N,Symphyotrichum squamatum (Spreng.) G.L.Nesom,Plantae,Tracheophyta,Magnoliopsida,Asterales,Asteraceae,Symphyotrichum,species,ICN,Romania,RO,present,introduced,casual,transportContaminant,naturalDispersal,,2015,2022,"Anastasiu P, Miu I, Gavrilidis A, Preda C, Rozylowicz L, Sirbu C, Oprea A, Urziceanu M, Camen-Comanescu P, Nagoda E, Memedemin D, Barbos M, Boruz V, Cislariu A, Don I, Fagaras M, Frink J, Georgescu I, Haruta O, Hurdu B-I, Matis A, Milanovici S, Muncaciu S, Neacsu A, Neblea M, Nicolin A, Niculescu M, Oroian S, Pop O, Radutoiu D, Samarghitan M, Simion I, Soare L, Steiu C, Stoianov E, Strat D, Szabo A, Szatmari P, Tanase C, Mirea M, Manta N, Sirbu I (2024) Alien plant species distribution in Romania: a nationwide survey following the implementation of the EU Regulation on Invasive Alien Species. Biodiversity Data Journal 12. https://doi.org/10.3897/BDJ.12.e119539",,Brazil | Northern South America | Southern South America | Western South America,TRUE,FALSE,FALSE,,2025-11-26,Cristina Preda | Laurentiu Rozylowicz,Daniyar Memedemin
OSROYJ94ILDSD5TLIW,Cerastium tomentosum L.,Plantae,Tracheophyta,Magnoliopsida,Caryophyllales,Caryophyllaceae,Cerastium,species,ICN,Romania,RO,present,introduced,casual,ornamentalNonHorticulture,,,2015,2020,"Anastasiu P, Miu I, Gavrilidis A, Preda C, Rozylowicz L, Sirbu C, Oprea A, Urziceanu M, Camen-Comanescu P, Nagoda E, Memedemin D, Barbos M, Boruz V, Cislariu A, Don I, Fagaras M, Frink J, Georgescu I, Haruta O, Hurdu B-I, Matis A, Milanovici S, Muncaciu S, Neacsu A, Neblea M, Nicolin A, Niculescu M, Oroian S, Pop O, Radutoiu D, Samarghitan M, Simion I, Soare L, Steiu C, Stoianov E, Strat D, Szabo A, Szatmari P, Tanase C, Mirea M, Manta N, Sirbu I (2024) Alien plant species distribution in Romania: a nationwide survey following the implementation of the EU Regulation on Invasive Alien Species. Biodiversity Data Journal 12. https://doi.org/10.3897/BDJ.12.e119539 | Urziceanu M, Camen-Comanescu P, Nagoda E, Raicu M, Sirbu I-M, Anastasiu P (2021) Updated list of non-native ornamental plants in romania. Contributii Botanice 55: 59-82. https://doi.org/10.24193/Contrib.Bot.55.4",,Southeastern Europe,TRUE,FALSE,FALSE,,2025-11-26,Cristina Preda | Laurentiu Rozylowicz,Daniyar Memedemin
OSRO6K6KQD2OAMVH3B,Forsythia suspensa (Thunb.) Vahl,Plantae,Tracheophyta,Magnoliopsida,Lamiales,Oleaceae,Forsythia,species,ICN,Romania,RO,present,introduced,casual,horticulture,,,2015,2020,"Szatmari PM, Caprar M (2015) Research on spontaneous and subspontaneous flora of Botanical Garden Vasile Fati Jibou. Journal of Horticulture, Forestry and Biotechnology, 19(2): 176-189",,China,TRUE,FALSE,FALSE,,2025-11-26,Cristina Preda | Laurentiu Rozylowicz,Culita Sirbu
OSROZ7WFQC9YHFOWBS,Chaenomeles speciosa (Sweet) Nakai,Plantae,Tracheophyta,Magnoliopsida,Rosales,Rosaceae,Chaenomeles,species,ICN,Romania,RO,present,introduced,casual,ornamentalNonHorticulture,,,2015,2020,"Anastasiu P, Miu I, Gavrilidis A, Preda C, Rozylowicz L, Sirbu C, Oprea A, Urziceanu M, Camen-Comanescu P, Nagoda E, Memedemin D, Barbos M, Boruz V, Cislariu A, Don I, Fagaras M, Frink J, Georgescu I, Haruta O, Hurdu B-I, Matis A, Milanovici S, Muncaciu S, Neacsu A, Neblea M, Nicolin A, Niculescu M, Oroian S, Pop O, Radutoiu D, Samarghitan M, Simion I, Soare L, Steiu C, Stoianov E, Strat D, Szabo A, Szatmari P, Tanase C, Mirea M, Manta N, Sirbu I (2024) Alien plant species distribution in Romania: a nationwide survey following the implementation of the EU Regulation on Invasive Alien Species. Biodiversity Data Journal 12. https://doi.org/10.3897/BDJ.12.e119539 | Szatmari PM, Caprar M (2015) Research on spontaneous and subspontaneous flora of Botanical Garden 'Vasile Fati Jibou. Journal of Horticulture, Forestry and Biotechnology, 9(2): 176 - 189 | Blackburn TM, Pysek P, Bacher S, Carlton JT, Duncan RP, Jarosik V, Wilson JRU, Richardson DM (2011) A proposed unified framework for biological invasions. Trends in Ecology and Evolution 26: 333–339. https://doi.org/10.1016/j.tree.2011.03.023",,China,TRUE,FALSE,FALSE,,2025-11-26,Cristina Preda | Laurentiu Rozylowicz,Ioana-Minodora Sirbu
OSROUCKLDWWXJSUL7KBC7L,"Acanalonia conica (Say, 1830)",Animalia,Arthropoda,Insecta,Hemiptera,Acanaloniidae,Acanalonia,species,ICZN,Romania,RO,present,introduced,colonising,transportContaminant,contaminantOnPlants,naturalDispersal,2016,2023,"Preda C, Adam C, Constantinescu IC, Popa OP, Popa LO, Balcu M-J, Brezeanu AM, Dascalu MM, Draghici A-C, Gavrilescu CF, Gavrilidis AA, Gheoca V, Iorgu EI, Iorgu IS, Krapal AM, Maican S, Manci C-O, Manta N, Manu M, Motoc RM, Niculae IM, Petrescu A-M, Pintilioaie A-M, Popa AF, Radac IA, Rozylowicz L, Ruicanescu A, Sahlean TC, Surugiu V, Serban C, Stefan A, Szekely L, Tausan I, Skolka M (2026) From soil to stream and sea: species richness and distribution of alien invertebrates in Romania. NeoBiota.",,Northern America,TRUE,FALSE,FALSE,Plantae,2025-11-26,Cristina Preda | Laurentiu Rozylowicz,Ioana Cristina Constantinescu
OSROUCKLVN6Q4PNG05KMMV,"Arboridia (Arboridia) kakogawana (Matsumura, 1932)",Animalia,Arthropoda,Insecta,Hemiptera,Cicadellidae,Arboridia,species,ICZN,Romania,RO,present,introduced,colonising,transportContaminant,contaminantOnPlants,,2016,2022,"Preda C, Adam C, Constantinescu IC, Popa OP, Popa LO, Balcu M-J, Brezeanu AM, Dascalu MM, Draghici A-C, Gavrilescu CF, Gavrilidis AA, Gheoca V, Iorgu EI, Iorgu IS, Krapal AM, Maican S, Manci C-O, Manta N, Manu M, Motoc RM, Niculae IM, Petrescu A-M, Pintilioaie A-M, Popa AF, Radac IA, Rozylowicz L, Ruicanescu A, Sahlean TC, Surugiu V, Serban C, Stefan A, Szekely L, Tausan I, Skolka M (2026) From soil to stream and sea: species richness and distribution of alien invertebrates in Romania. NeoBiota. | Chireceanu C, Nedelcea D, Seljak G (2019) First record of the Japanese grape leafhopper <i>Arboridia kakogawana</i> (Matsumura, 1932) (Hemiptera: Cicadellidae) from Romania. EPPO Bulletin 49: 391-397. https://doi.org/10.1111/epp.12585",,Eastern Asia,TRUE,FALSE,FALSE,Vitis | Parthenocissus quinquefolia,2025-11-26,Cristina Preda | Laurentiu Rozylowicz,Ioana Cristina Constantinescu
OSROUCKL060LK5KLDV68VM,"Orientus ishidae (Matsumura, 1902)",Animalia,Arthropoda,Insecta,Hemiptera,Cicadellidae,Orientus,species,ICZN,Romania,RO,present,introduced,colonising,transportStowaway,contaminantOnPlants,,2016,2025,"Preda C, Adam C, Constantinescu IC, Popa OP, Popa LO, Balcu M-J, Brezeanu AM, Dascalu MM, Draghici A-C, Gavrilescu CF, Gavrilidis AA, Gheoca V, Iorgu EI, Iorgu IS, Krapal AM, Maican S, Manci C-O, Manta N, Manu M, Motoc RM, Niculae IM, Petrescu A-M, Pintilioaie A-M, Popa AF, Radac IA, Rozylowicz L, Ruicanescu A, Sahlean TC, Surugiu V, Serban C, Stefan A, Szekely L, Tausan I, Skolka M (2026) From soil to stream and sea: species richness and distribution of alien invertebrates in Romania. NeoBiota. | Teodorescu I (2018) Contribution to database of alien/invasive Homoptera insects in Romania. Romanian Journal of Biology - Zoology 63(1-2): 29-68. | https://www.inaturalist.org/photos/552847235",,Eastern Asia,TRUE,FALSE,FALSE,Plantae,2025-11-26,Cristina Preda | Laurentiu Rozylowicz,Ioana Cristina Constantinescu
OSROUCKLXD9ZWRMI4CP6WU,"Arocatus longiceps Stål, 1872",Animalia,Arthropoda,Insecta,Hemiptera,Lygaeidae,Arocatus,species,ICZN,Romania,RO,doubtful,uncertain,established,naturalDispersal,,,2016,2022,"Radac IA (2022) Expansiunea unor specii native sau alogene de bruchine si heteroptere in Romania (Insecta: Coleoptera, Heteroptera). Teza de doctorat, Universitatea Babes-Bolyai, Cluj-Napoca. https://teze.doctorat.ubbcluj.ro",,Southern Europe,TRUE,FALSE,FALSE,Platanus,2026-03-15,Cristina Preda | Laurentiu Rozylowicz,Marius Skolka | Carla F. Gavrilescu
OSROUCKLF2DG93LEP92KVS,"Belonochilus numenius (Say, 1832)",Animalia,Arthropoda,Insecta,Hemiptera,Lygaeidae,Belonochilus,species,ICZN,Romania,RO,doubtful,uncertain,established,naturalDispersal,,,2016,2022,"Radac IA (2022) Expansiunea unor specii native sau alogene de bruchine si heteroptere in Romania (Insecta: Coleoptera, Heteroptera). Teza de doctorat, Universitatea Babes-Bolyai, Cluj-Napoca. https://teze.doctorat.ubbcluj.ro",,Northern America,TRUE,FALSE,FALSE,,2026-03-15,Cristina Preda | Laurentiu Rozylowicz,Marius Skolka | Carla F. Gavrilescu
OSROUCKL7CVEYUOUZ6DW7X,"Isodontia mexicana (de Saussure, 1867)",Animalia,Arthropoda,Insecta,Hymenoptera,Sphecidae,Isodontia,species,ICZN,Romania,RO,present,introduced,colonising,transportStowaway,naturalDispersal,,2016,2023,"Preda C, Adam C, Constantinescu IC, Popa OP, Popa LO, Balcu M-J, Brezeanu AM, Dascalu MM, Draghici A-C, Gavrilescu CF, Gavrilidis AA, Gheoca V, Iorgu EI, Iorgu IS, Krapal AM, Maican S, Manci C-O, Manta N, Manu M, Motoc RM, Niculae IM, Petrescu A-M, Pintilioaie A-M, Popa AF, Radac IA, Rozylowicz L, Ruicanescu A, Sahlean TC, Surugiu V, Serban C, Stefan A, Szekely L, Tausan I, Skolka M (2026) From soil to stream and sea: species richness and distribution of alien invertebrates in Romania. NeoBiota. | Adam C, Constantinescu IC, Draghici AC, Fusu L, Fusu MM, Gheoca V, Iorgu IS, Irimia AG, Maican S, Manci CO, Manu M, Mitroiu MD, Olosutean HG, Perju M, Petrescu AM, Pintilioaie AM, Popa AF, Popescu IE, Popovici OA, Prunar FV, Radac IA, Sahlean TC, Sitar C, Stanciu CR, Szekely L, Tausan I, Tomozii IB, Torok SC, Zaharia LG (2022) Raport final privind distributia speciilor de nevertebrate terestre alogene din hot-spot-uri si caile prioritare de patrundere (an 3 cartare). Raport intocmit in cadrul Proiectului POIM2014+120008 - Managementul adecvat al speciilor invazive din Romania, in conformitate cu Regulamentul UE 1143/2014 referitor la prevenirea si gestionarea introducerii si raspandirii speciilor alogene invazive. Ministerul Mediului, Apelor si Padurilor & Universitatea din Bucuresti, Bucuresti.",,Northern America,TRUE,FALSE,FALSE,,2025-11-26,Cristina Preda | Laurentiu Rozylowicz,Marius Skolka | Carla F. Gavrilescu
OSROUCKLT7HCNFILGN2PSS,"Pseudemys concinna (Le Conte, 1830)",Animalia,Chordata,Reptilia,Testudines,Emydidae,Pseudemys,species,ICZN,Romania,RO,present,introduced,casual,releaseInNature,pet,,2016,2023,"Cogalniceanu D, Cobzaru I, Dragan O, Fanaru G, Iftime A, Stanescu F, Telea E, Topliceanu S, Ureche D, Chisamera G, Petrescu A, Iftime O (2021) Raport tehnic privind sursele bibliografice referitoare la speciile de vertebrate terestre alogene invazive si potential invazive. Zenodo. https://doi.org/10.5281/zenodo.5593956 | Iftime A, Iftime O (2021) Alien fish, amphibian and reptile species in Romania and their invasive status: a review with new data. Travaux du Museum National d'Histoire Naturelle ""Grigore Antipa"" 64: 131-186. https://doi.org/10.3897/travaux.64.e67558 | https://www.inaturalist.org/observations/170627393",,Northern America,FALSE,FALSE,TRUE,,2025-11-26,Cristina Preda | Laurentiu Rozylowicz,Florina Stanescu
OSROUCKLYGU3AUYIQF78VQ,"Pseudemys peninsularis Carr, 1938",Animalia,Chordata,Reptilia,Testudines,Emydidae,Pseudemys,species,ICZN,Romania,RO,present,introduced,casual,releaseInNature,pet,,2016,2021,"Cogalniceanu D, Cobzaru I, Dragan O, Fanaru G, Iftime A, Stanescu F, Telea E, Topliceanu S, Ureche D, Chisamera G, Petrescu A, Iftime O (2021) Raport tehnic privind sursele bibliografice referitoare la speciile de vertebrate terestre alogene invazive si potential invazive. Zenodo. https://doi.org/10.5281/zenodo.5593956 | Iftime A, Iftime O (2021) Alien fish, amphibian and reptile species in Romania and their invasive status: a review with new data. Travaux du Museum National d'Histoire Naturelle ""Grigore Antipa"" 64: 131-186. https://doi.org/10.3897/travaux.64.e67558",,Northern America,FALSE,FALSE,TRUE,,2025-11-26,Cristina Preda | Laurentiu Rozylowicz,Florina Stanescu
OSRO0ZZO54RBZHH1OM,Oenothera parviflora L.,Plantae,Tracheophyta,Magnoliopsida,Myrtales,Onagraceae,Oenothera,species,ICN,Romania,RO,present,introduced,established,ornamentalNonHorticulture,,,2016,2021,"Anastasiu P, Miu I, Gavrilidis A, Preda C, Rozylowicz L, Sirbu C, Oprea A, Urziceanu M, Camen-Comanescu P, Nagoda E, Memedemin D, Barbos M, Boruz V, Cislariu A, Don I, Fagaras M, Frink J, Georgescu I, Haruta O, Hurdu B-I, Matis A, Milanovici S, Muncaciu S, Neacsu A, Neblea M, Nicolin A, Niculescu M, Oroian S, Pop O, Radutoiu D, Samarghitan M, Simion I, Soare L, Steiu C, Stoianov E, Strat D, Szabo A, Szatmari P, Tanase C, Mirea M, Manta N, Sirbu I (2024) Alien plant species distribution in Romania: a nationwide survey following the implementation of the EU Regulation on Invasive Alien Species. Biodiversity Data Journal 12. https://doi.org/10.3897/BDJ.12.e119539 | Sirbu C, Oprea A (2017) Notes on the genus Oenothera, section Oenothera, subsection Oenothera in Romania. Acta Horti Botanici Bucurestiensis 44: 33-56. https://doi.org/10.1515/ahbb-2017-0003 | Blackburn TM, Pysek P, Bacher S, Carlton JT, Duncan RP, Jarosik V, Wilson JRU, Richardson DM (2011) A proposed unified framework for biological invasions. Trends in Ecology and Evolution 26: 333–339. https://doi.org/10.1016/j.tree.2011.03.023",,Eastern Canada | North-Central U.S.A. | Northeastern U.S.A. | Southeastern U.S.A. | Western Canada,TRUE,FALSE,FALSE,,2025-11-26,Cristina Preda | Laurentiu Rozylowicz,Ioana-Minodora Sirbu
OSROXXMLOYD6OU44XT,Thuja occidentalis L.,Plantae,Tracheophyta,Pinopsida,Pinales,Cupressaceae,Thuja,species,ICN,Romania,RO,present,introduced,casual,horticulture,,,2016,2025,"Anastasiu P, Miu I, Gavrilidis A, Preda C, Rozylowicz L, Sirbu C, Oprea A, Urziceanu M, Camen-Comanescu P, Nagoda E, Memedemin D, Barbos M, Boruz V, Cislariu A, Don I, Fagaras M, Frink J, Georgescu I, Haruta O, Hurdu B-I, Matis A, Milanovici S, Muncaciu S, Neacsu A, Neblea M, Nicolin A, Niculescu M, Oroian S, Pop O, Radutoiu D, Samarghitan M, Simion I, Soare L, Steiu C, Stoianov E, Strat D, Szabo A, Szatmari P, Tanase C, Mirea M, Manta N, Sirbu I (2024) Alien plant species distribution in Romania: a nationwide survey following the implementation of the EU Regulation on Invasive Alien Species. Biodiversity Data Journal 12. https://doi.org/10.3897/BDJ.12.e119539 | Anastasiu P, Camen-Comanescu P, Sirbu I-M, Urziceanu M (2024) Urban flora: new reports for Bucharest's flora. Acta Horti Botanici Bucurestiensis 50(1): 41-58. https://doi.org/10.62229/ahbb.2024.50/3 | Sirbu C, Oprea A (2011) Plante adventive in flora Romaniei. Editura Ion Ionescu de la Brad, Iasi | Memedemin D, Anastasiu P, Preda C, Negrean G, Cogalniceanu D (2016) Alien plant species turnover in Constanta harbor (Romania) in the last decade. Acta Horti Botanica Bucuresti 43: 5-18 | Blackburn TM, Pysek P, Bacher S, Carlton JT, Duncan RP, Jarosik V, Wilson JRU, Richardson DM (2011) A proposed unified framework for biological invasions. Trends in Ecology and Evolution 26: 333–339. https://doi.org/10.1016/j.tree.2011.03.023 | Plants of the World Online (2026) https://powo.science.kew.org/",,Eastern Canada | North-Central U.S.A. | Northeastern U.S.A. | Southeastern U.S.A. | Western Canada,TRUE,FALSE,FALSE,,2025-11-26,Cristina Preda | Laurentiu Rozylowicz,Mihaela Urziceanu
OSROUCKL6K58JYJALN9HJA,"Varroa destructor Anderson & Trueman, 2000",Animalia,Arthropoda,Arachnida,Mesostigmata,Varroidae,Varroa,species,ICZN,Romania,RO,present,introduced,widespreadInvasive,transportStowaway,parasitesOnAnimals,,2017,2026,"Preda C, Adam C, Constantinescu IC, Popa OP, Popa LO, Balcu M-J, Brezeanu AM, Dascalu MM, Draghici A-C, Gavrilescu CF, Gavrilidis AA, Gheoca V, Iorgu EI, Iorgu IS, Krapal AM, Maican S, Manci C-O, Manta N, Manu M, Motoc RM, Niculae IM, Petrescu A-M, Pintilioaie A-M, Popa AF, Radac IA, Rozylowicz L, Ruicanescu A, Sahlean TC, Surugiu V, Serban C, Stefan A, Szekely L, Tausan I, Skolka M (2026) From soil to stream and sea: species richness and distribution of alien invertebrates in Romania. NeoBiota.",,Eastern Asia,TRUE,FALSE,FALSE,Apis mellifera,2025-11-26,Cristina Preda | Laurentiu Rozylowicz,Ioana Cristina Constantinescu
OSROUCKL0QA9DCIDCQR3US,"Adelges (Aphrastasia) tsugae Annand, 1924",Animalia,Arthropoda,Insecta,Hemiptera,Adelgidae,Adelges,species,ICZN,Romania,RO,doubtful,uncertain,established,transportContaminant,parasitesOnPlants,naturalDispersal,2017,2018,Teodorescu I (2018) Contribution to database of alien/invasive Homoptera insects in Romania. Romanian Journal of Biology - Zoology 63(1-2): 29-68.,,Eastern Asia,TRUE,FALSE,FALSE,Tsuga | Picea | Pseudotsuga,2026-03-17,Cristina Preda | Laurentiu Rozylowicz,Marius Skolka | Carla F. Gavrilescu
OSROUCKL58DXVL6BBDTJ0U,"Prociphilus (Meliarhizophagus) fraxinifolii (Riley, 1879)",Animalia,Arthropoda,Insecta,Hemiptera,Aphididae,Prociphilus,species,ICZN,Romania,RO,present,introduced,colonising,transportContaminant,,,2017,2022,"Preda C, Adam C, Constantinescu IC, Popa OP, Popa LO, Balcu M-J, Brezeanu AM, Dascalu MM, Draghici A-C, Gavrilescu CF, Gavrilidis AA, Gheoca V, Iorgu EI, Iorgu IS, Krapal AM, Maican S, Manci C-O, Manta N, Manu M, Motoc RM, Niculae IM, Petrescu A-M, Pintilioaie A-M, Popa AF, Radac IA, Rozylowicz L, Ruicanescu A, Sahlean TC, Surugiu V, Serban C, Stefan A, Szekely L, Tausan I, Skolka M (2026) From soil to stream and sea: species richness and distribution of alien invertebrates in Romania. NeoBiota.",,Northern America,TRUE,FALSE,FALSE,Fraxinus,2025-11-26,Cristina Preda | Laurentiu Rozylowicz,Costica Adam
OSROUCKL8E35D3XENU0DVN,"Perillus bioculatus (Fabricius, 1775)",Animalia,Arthropoda,Insecta,Hemiptera,Pentatomidae,Perillus,species,ICZN,Romania,RO,present,introduced,colonising,escapeFromConfinement,contaminantOnPlants,,2017,2026,"Preda C, Adam C, Constantinescu IC, Popa OP, Popa LO, Balcu M-J, Brezeanu AM, Dascalu MM, Draghici A-C, Gavrilescu CF, Gavrilidis AA, Gheoca V, Iorgu EI, Iorgu IS, Krapal AM, Maican S, Manci C-O, Manta N, Manu M, Motoc RM, Niculae IM, Petrescu A-M, Pintilioaie A-M, Popa AF, Radac IA, Rozylowicz L, Ruicanescu A, Sahlean TC, Surugiu V, Serban C, Stefan A, Szekely L, Tausan I, Skolka M (2026) From soil to stream and sea: species richness and distribution of alien invertebrates in Romania. NeoBiota. | https://www.inaturalist.org/photos/633257931",,Northern America,TRUE,FALSE,FALSE,,2025-11-26,Cristina Preda | Laurentiu Rozylowicz,Ioana Cristina Constantinescu
OSROUCKLG2V0FW1WAPET74,"Iris oratoria Linné, 1758",Animalia,Arthropoda,Insecta,Mantodea,Eremiaphilidae,Iris,species,ICZN,Romania,RO,present,introduced,casual,transportStowaway,naturalDispersal,,2017,2017,"Gaponova L (2019) The Catalogue of Cyclopoid copepods (Crustacea: Copepoda: Cyclopidae) from Andriana Damian-Georgescu's Collection (""Grigore Antipa"" National Museum of Natural History, Bucharest, Romania). Travaux du Museum National d'Histoire Naturelle ""Grigore Antipa"" 62: 7-26. https://doi.org/10.3897/travaux.62.e38597 | Cazacu A (2019) First record of Iris oratoria (Dictyoptera: Mantodea: Tarachodidae) in Romania. Travaux du Museum National d'Histoire Naturelle ""Grigore Antipa"" 62: 27-30. https://doi.org/10.3897/travaux.62.e38596",,Southern Europe | Northern Africa | Western Asia,TRUE,FALSE,FALSE,,2025-11-26,Cristina Preda | Laurentiu Rozylowicz,Marius Skolka | Carla F. Gavrilescu
OSROUCKLZ0Q4OMXEL93XPH,"Procambarus virginalis Lyko, 2017",Animalia,Arthropoda,Malacostraca,Decapoda,Cambaridae,Procambarus,species,ICZN,Romania,RO,present,introduced,casual,PublicGardenZooAquaria,releaseInNature,naturalDispersal,2017,2017,"Preda C, Adam C, Constantinescu IC, Popa OP, Popa LO, Balcu M-J, Brezeanu AM, Dascalu MM, Draghici A-C, Gavrilescu CF, Gavrilidis AA, Gheoca V, Iorgu EI, Iorgu IS, Krapal AM, Maican S, Manci C-O, Manta N, Manu M, Motoc RM, Niculae IM, Petrescu A-M, Pintilioaie A-M, Popa AF, Radac IA, Rozylowicz L, Ruicanescu A, Sahlean TC, Surugiu V, Serban C, Stefan A, Szekely L, Tausan I, Skolka M (2026) From soil to stream and sea: species richness and distribution of alien invertebrates in Romania. NeoBiota.",species of Union Concern (Regulation 1143/2014),"Northern America (Florida, Georgia)",FALSE,FALSE,TRUE,,2025-11-26,Cristina Preda | Laurentiu Rozylowicz,Oana P. Popa
OSROUCKL7A5P5U2OH58XOQ,"Piaractus brachypomus (Cuvier, 1818)",Animalia,Chordata,Actinopterygii,Characiformes,Serrasalmidae,Piaractus,species,ICZN,Romania,RO,present,introduced,released,releaseInNature,pet,,2017,2021,"Cogalniceanu D, Cobzaru I, Dragan O, Fanaru G, Iftime A, Stanescu F, Telea E, Topliceanu S, Ureche D, Chisamera G, Petrescu A, Iftime O (2021) Raport tehnic privind sursele bibliografice referitoare la speciile de vertebrate terestre alogene invazive si potential invazive. Zenodo. https://doi.org/10.5281/zenodo.5593956 | Iftime A, Iftime O (2021) Alien fish, amphibian and reptile species in Romania and their invasive status: a review with new data. Travaux du Museum National d'Histoire Naturelle ""Grigore Antipa"" 64: 131-186. https://doi.org/10.3897/travaux.64.e67558 | Dragan O, Rozylowicz L, Ureche D, Falka I, Cogalniceanu D (2024) Invasive fish species in Romanian freshwater. A review of over 100 years of occurrence reports. NeoBiota 94: 15-30. https://doi.org/10.3897/neobiota.94.117313 | Nagy AA, Eros N, Imecs I, Bone G, Fulop A, Pap PL (2023) Distribution and diversity of fishes and lampreys in Transylvania (Romania): a complete survey and suggestions for new protected areas. ZooKeys 1166: 351-373. https://doi.org/10.3897/zookeys.1166.102854",| identified by Otel and Iftime (10.3897/travaux.64.e67558); contradicts identification by Dragan et al. (10.3897/neobiota.94.117313),South America,FALSE,FALSE,TRUE,,2025-11-26,Cristina Preda | Laurentiu Rozylowicz,Florina Stanescu
OSROUCKLITV09YERSBJCZ6,"Mauremys reevesii (Gray, 1831)",Animalia,Chordata,Reptilia,Testudines,Geoemydidae,Mauremys,species,ICZN,Romania,RO,present,introduced,casual,releaseInNature,pet,,2017,2021,"Cogalniceanu D, Cobzaru I, Dragan O, Fanaru G, Iftime A, Stanescu F, Telea E, Topliceanu S, Ureche D, Chisamera G, Petrescu A, Iftime O (2021) Raport tehnic privind sursele bibliografice referitoare la speciile de vertebrate terestre alogene invazive si potential invazive. Zenodo. https://doi.org/10.5281/zenodo.5593956 | https://www.inaturalist.org/observations/144362051 | Iftime A, Iftime O (2021) Alien fish, amphibian and reptile species in Romania and their invasive status: a review with new data. Travaux du Museum National d'Histoire Naturelle ""Grigore Antipa"" 64: 131-186. https://doi.org/10.3897/travaux.64.e67558",,Eastern Asia,FALSE,FALSE,TRUE,,2025-11-26,Cristina Preda | Laurentiu Rozylowicz,Florina Stanescu
OSROUCKLVO2B8M28ZIDS2Y,"Mauremys sinensis (Gray, 1834)",Animalia,Chordata,Reptilia,Testudines,Geoemydidae,Mauremys,species,ICZN,Romania,RO,present,introduced,casual,releaseInNature,pet,,2017,2021,"Cogalniceanu D, Cobzaru I, Dragan O, Fanaru G, Iftime A, Stanescu F, Telea E, Topliceanu S, Ureche D, Chisamera G, Petrescu A, Iftime O (2021) Raport tehnic privind sursele bibliografice referitoare la speciile de vertebrate terestre alogene invazive si potential invazive. Zenodo. https://doi.org/10.5281/zenodo.5593956 | https://www.inaturalist.org/observations/144362051 | Iftime A, Iftime O (2021) Alien fish, amphibian and reptile species in Romania and their invasive status: a review with new data. Travaux du Museum National d'Histoire Naturelle ""Grigore Antipa"" 64: 131-186. https://doi.org/10.3897/travaux.64.e67558",,Eastern Asia | South-eastern Asia,FALSE,FALSE,TRUE,,2025-11-26,Cristina Preda | Laurentiu Rozylowicz,Florina Stanescu
OSROUCKLZ2OULSATA17K5D,"Pelodiscus sinensis (Wiegmann, 1835)",Animalia,Chordata,Reptilia,Testudines,Trionychidae,Pelodiscus,species,ICZN,Romania,RO,present,introduced,casual,releaseInNature,pet,,2017,2024,"Cogalniceanu D, Cobzaru I, Dragan O, Fanaru G, Iftime A, Stanescu F, Telea E, Topliceanu S, Ureche D, Chisamera G, Petrescu A, Iftime O (2021) Raport tehnic privind sursele bibliografice referitoare la speciile de vertebrate terestre alogene invazive si potential invazive. Zenodo. https://doi.org/10.5281/zenodo.5593956 | Iftime A, Iftime O (2021) Alien fish, amphibian and reptile species in Romania and their invasive status: a review with new data. Travaux du Museum National d'Histoire Naturelle ""Grigore Antipa"" 64: 131-186. https://doi.org/10.3897/travaux.64.e67558",,Eastern Asia | South-eastern Asia,FALSE,FALSE,TRUE,,2025-11-26,Cristina Preda | Laurentiu Rozylowicz,Florina Stanescu
OSROUCKLTP19JAEK9DEIZ4,"Magallana gigas (Thunberg, 1793)",Animalia,Mollusca,Bivalvia,Ostreida,Ostreidae,Magallana,species,ICZN,Romania,RO,present,introduced,colonising,aquacultureMariculture,ballastWater,hullFouling,2017,2017,"Preda C, Adam C, Constantinescu IC, Popa OP, Popa LO, Balcu M-J, Brezeanu AM, Dascalu MM, Draghici A-C, Gavrilescu CF, Gavrilidis AA, Gheoca V, Iorgu EI, Iorgu IS, Krapal AM, Maican S, Manci C-O, Manta N, Manu M, Motoc RM, Niculae IM, Petrescu A-M, Pintilioaie A-M, Popa AF, Radac IA, Rozylowicz L, Ruicanescu A, Sahlean TC, Surugiu V, Serban C, Stefan A, Szekely L, Tausan I, Skolka M (2026) From soil to stream and sea: species richness and distribution of alien invertebrates in Romania. NeoBiota.",,Eastern Asia (NW Pacific) | Pacific Ocean,FALSE,TRUE,FALSE,,2025-11-26,Cristina Preda | Laurentiu Rozylowicz,Oana P. Popa
OSROM15DYAZWY6B2IH,Symphoricarpos orbiculatus Moench,Plantae,Tracheophyta,Magnoliopsida,Dipsacales,Caprifoliaceae,Symphoricarpos,species,ICN,Romania,RO,present,introduced,casual,ornamentalNonHorticulture,,,2017,2020,"Anastasiu P, Miu I, Gavrilidis A, Preda C, Rozylowicz L, Sirbu C, Oprea A, Urziceanu M, Camen-Comanescu P, Nagoda E, Memedemin D, Barbos M, Boruz V, Cislariu A, Don I, Fagaras M, Frink J, Georgescu I, Haruta O, Hurdu B-I, Matis A, Milanovici S, Muncaciu S, Neacsu A, Neblea M, Nicolin A, Niculescu M, Oroian S, Pop O, Radutoiu D, Samarghitan M, Simion I, Soare L, Steiu C, Stoianov E, Strat D, Szabo A, Szatmari P, Tanase C, Mirea M, Manta N, Sirbu I (2024) Alien plant species distribution in Romania: a nationwide survey following the implementation of the EU Regulation on Invasive Alien Species. Biodiversity Data Journal 12. https://doi.org/10.3897/BDJ.12.e119539 | Negrean G, Karacsonyi C, Szatmari PM (2017) Patrimoniul natural al Salajului. Vol. I., Flora, micobionta si vegetatia. Satu Mare: Edit. Somesul, 1319 pp",,Mexico | North-Central U.S.A. | Northeastern U.S.A. | South-Central U.S.A. | Southeastern U.S.A.,TRUE,FALSE,FALSE,,2025-11-26,Cristina Preda | Laurentiu Rozylowicz,Daniyar Memedemin | Culita Sirbu
OSROUCKL9J3ZPJYMX080QA,Berberis thunbergii DC.,Plantae,Tracheophyta,Magnoliopsida,Ranunculales,Berberidaceae,Berberis,species,ICN,Romania,RO,present,introduced,casual,ornamentalNonHorticulture,,,2017,2021,"Anastasiu P, Miu I, Gavrilidis A, Preda C, Rozylowicz L, Sirbu C, Oprea A, Urziceanu M, Camen-Comanescu P, Nagoda E, Memedemin D, Barbos M, Boruz V, Cislariu A, Don I, Fagaras M, Frink J, Georgescu I, Haruta O, Hurdu B-I, Matis A, Milanovici S, Muncaciu S, Neacsu A, Neblea M, Nicolin A, Niculescu M, Oroian S, Pop O, Radutoiu D, Samarghitan M, Simion I, Soare L, Steiu C, Stoianov E, Strat D, Szabo A, Szatmari P, Tanase C, Mirea M, Manta N, Sirbu I (2024) Alien plant species distribution in Romania: a nationwide survey following the implementation of the EU Regulation on Invasive Alien Species. Biodiversity Data Journal 12. https://doi.org/10.3897/BDJ.12.e119539 | Blackburn TM, Pysek P, Bacher S, Carlton JT, Duncan RP, Jarosik V, Wilson JRU, Richardson DM (2011) A proposed unified framework for biological invasions. Trends in Ecology and Evolution 26: 333–339. https://doi.org/10.1016/j.tree.2011.03.023",,Eastern Asia,TRUE,FALSE,FALSE,,2025-11-26,Cristina Preda | Laurentiu Rozylowicz,Ioana-Minodora Sirbu
OSROUCKLV4N42GRGQ6729R,"Laonome xeprovala Bick & Bastrop, in Bick et al., 2018",Animalia,Annelida,Polychaeta,Sabellida,Sabellidae,Laonome,species,ICZN,Romania,RO,present,introduced,colonising,transportStowaway,,,2018,2018,"Bancila R, Skolka M, Ivanova P, Surugiu V, Stefanova K, Todorova V, Zenetos A (2022) Alien species of the Romanian and Bulgarian Black Sea coast: state of knowledge, uncertainties, and needs for future research. Aquatic Invasions 17: 253-273. https://doi.org/10.3391/ai.2022.17.3.02 | Teaca A, Begun T, Muresan M (2021) Annelid invaders in the Black Sea region: The distribution of Streblospio gynobranchiata and first occurrence of Laonome xeprovala. Global Ecology and Conservation 32: e01920. https://doi.org/10.1016/j.gecco.2021.e01920",,Cryptogenic,FALSE,TRUE,FALSE,,2026-03-08,Cristina Preda | Laurentiu Rozylowicz,Marius Skolka | Carla F. Gavrilescu
OSROUCKLMEKGCXS6PMGAJ3,"Amblycerus robiniae (Fabricius, 1781)",Animalia,Arthropoda,Insecta,Coleoptera,Chrysomelidae,Amblycerus,species,ICZN,Romania,RO,present,introduced,colonising,transportContaminant,naturalDispersal,,2018,2022,"Preda C, Adam C, Constantinescu IC, Popa OP, Popa LO, Balcu M-J, Brezeanu AM, Dascalu MM, Draghici A-C, Gavrilescu CF, Gavrilidis AA, Gheoca V, Iorgu EI, Iorgu IS, Krapal AM, Maican S, Manci C-O, Manta N, Manu M, Motoc RM, Niculae IM, Petrescu A-M, Pintilioaie A-M, Popa AF, Radac IA, Rozylowicz L, Ruicanescu A, Sahlean TC, Surugiu V, Serban C, Stefan A, Szekely L, Tausan I, Skolka M (2026) From soil to stream and sea: species richness and distribution of alien invertebrates in Romania. NeoBiota. | Radac IA (2022) Expansiunea unor specii native sau alogene de bruchine si heteroptere in Romania (Insecta: Coleoptera, Heteroptera). Teza de doctorat, Universitatea Babes-Bolyai, Cluj-Napoca. https://teze.doctorat.ubbcluj.ro",,Northern America,TRUE,FALSE,FALSE,Robinia,2025-11-26,Cristina Preda | Laurentiu Rozylowicz,Marius Skolka | Carla F. Gavrilescu
OSROUCKL64HCUE7X2I3JH0,"Parlatoria ziziphi (Lucas, 1853)",Animalia,Arthropoda,Insecta,Hemiptera,Diaspididae,Parlatoria,species,ICZN,Romania,RO,doubtful,uncertain,released,transportContaminant,,,2018,2018,Teodorescu I (2018) Contribution to database of alien/invasive Homoptera insects in Romania. Romanian Journal of Biology - Zoology 63(1-2): 29-68.,,Eastern Asia,TRUE,FALSE,FALSE,Ziziphus,2025-11-26,Cristina Preda | Laurentiu Rozylowicz,Ioana Cristina Constantinescu
OSROUCKL7MU64IBTUVS1FJ,"Pinnaspis aspidistrae (Signoret, 1869)",Animalia,Arthropoda,Insecta,Hemiptera,Diaspididae,Pinnaspis,species,ICZN,Romania,RO,doubtful,uncertain,released,transportContaminant,,,2018,2018,Teodorescu I (2018) Contribution to database of alien/invasive Homoptera insects in Romania. Romanian Journal of Biology - Zoology 63(1-2): 29-68.,,Eastern Asia | South-eastern Asia,TRUE,FALSE,FALSE,Plantae,2025-11-26,Cristina Preda | Laurentiu Rozylowicz,Ioana Cristina Constantinescu
OSROUCKLQGOKOHS5A217Z8,"Podisus maculiventris (Say, 1832)",Animalia,Arthropoda,Insecta,Hemiptera,Pentatomidae,Podisus,species,ICZN,Romania,RO,doubtful,uncertain,released,transportContaminant,,,2018,2018,Teodorescu I (2018) Contribution to database of alien/invasive Homoptera insects in Romania. Romanian Journal of Biology - Zoology 63(1-2): 29-68.,,Northern America,TRUE,FALSE,FALSE,,2025-11-26,Cristina Preda | Laurentiu Rozylowicz,Ioana Cristina Constantinescu
OSROUCKLZ50MQEYC2O1IP8,"Grapholita molesta (Busck, 1916)",Animalia,Arthropoda,Insecta,Lepidoptera,Tortricidae,Grapholita,species,ICZN,Romania,RO,present,introduced,colonising,transportContaminant,transportStowaway,,2018,2022,"Adam C, Constantinescu IC, Draghici AC, Fusu L, Fusu MM, Gheoca V, Iorgu IS, Irimia AG, Maican S, Manci CO, Manu M, Mitroiu MD, Olosutean HG, Perju M, Petrescu AM, Pintilioaie AM, Popa AF, Popescu IE, Popovici OA, Prunar FV, Radac IA, Sahlean TC, Sitar C, Stanciu CR, Szekely L, Tausan I, Tomozii IB, Torok SC, Zaharia LG (2022) Raport final privind distributia speciilor de nevertebrate terestre alogene din hot-spot-uri si caile prioritare de patrundere (an 3 cartare). Raport intocmit in cadrul Proiectului POIM2014+120008 - Managementul adecvat al speciilor invazive din Romania, in conformitate cu Regulamentul UE 1143/2014 referitor la prevenirea si gestionarea introducerii si raspandirii speciilor alogene invazive. Ministerul Mediului, Apelor si Padurilor & Universitatea din Bucuresti, Bucuresti.",,Eastern Asia,TRUE,FALSE,FALSE,Prunus,2025-11-26,Cristina Preda | Laurentiu Rozylowicz,Marius Skolka | Carla F. Gavrilescu
OSROUCKL6N2D1T7A5NMALH,"Mediodactylus kotschyi (Steindachner, 1870)",Animalia,Chordata,Reptilia,Squamata,Gekkonidae,Mediodactylus,species,ICZN,Romania,RO,doubtful,introduced,casual,transportStowaway,,,2018,2021,"Cogalniceanu D, Cobzaru I, Dragan O, Fanaru G, Iftime A, Stanescu F, Telea E, Topliceanu S, Ureche D, Chisamera G, Petrescu A, Iftime O (2021) Raport tehnic privind sursele bibliografice referitoare la speciile de vertebrate terestre alogene invazive si potential invazive. Zenodo. https://doi.org/10.5281/zenodo.5593956 | Iftime A, Iftime O (2021) Alien fish, amphibian and reptile species in Romania and their invasive status: a review with new data. Travaux du Museum National d'Histoire Naturelle ""Grigore Antipa"" 64: 131-186. https://doi.org/10.3897/travaux.64.e67558 | https://www.inaturalist.org/observations/318027059",probabbly misidentified in 10.5281/zenodo.5593956. The record is likely Mediodactylus danilewskii,Southern Europe | Western Asia,TRUE,FALSE,FALSE,,2025-11-26,Cristina Preda | Laurentiu Rozylowicz,Marian Tudor
OSROUCKLNHVTD8V9NZ287A,"Podarcis siculus (Rafinesque-Schmaltz, 1810)",Animalia,Chordata,Reptilia,Squamata,Lacertidae,Podarcis,species,ICZN,Romania,RO,present,introduced,established,transportStowaway,,,2018,2025,"Cogalniceanu D, Cobzaru I, Dragan O, Fanaru G, Iftime A, Stanescu F, Telea E, Topliceanu S, Ureche D, Chisamera G, Petrescu A, Iftime O (2021) Raport tehnic privind sursele bibliografice referitoare la speciile de vertebrate terestre alogene invazive si potential invazive. Zenodo. https://doi.org/10.5281/zenodo.5593956 | Iftime A, Iftime O (2021) Alien fish, amphibian and reptile species in Romania and their invasive status: a review with new data. Travaux du Museum National d'Histoire Naturelle ""Grigore Antipa"" 64: 131-186. https://doi.org/10.3897/travaux.64.e67558 | https://www.inaturalist.org/observations/285071642",,Southern Europe | Western Europe,TRUE,FALSE,FALSE,,2025-11-26,Cristina Preda | Laurentiu Rozylowicz,Marian Tudor
OSROLV6OTYTX8GVBC8,Euphorbia serpens Kunth,Plantae,Tracheophyta,Magnoliopsida,Malpighiales,Euphorbiaceae,Euphorbia,species,ICN,Romania,RO,present,introduced,invasive,contaminantNursery,,,2018,2022,"Sirbu C, Susnia (Tone) I (2018) New records in the alien flora of Romania: Euphorbia serpens and E. glyptosperma. Journal of Plant Development, 25: 135-144",,Brazil | Caribbean | Central America | Mexico | North-Central U.S.A. | Northern South America | Northwestern U.S.A. | South-Central Pacific | South-Central U.S.A. | Southeastern U.S.A. | Southern South America | Western South America,TRUE,FALSE,FALSE,,2025-11-26,Cristina Preda | Laurentiu Rozylowicz,Culita Sirbu
OSROUCKLILDY6B6MHF5NXY,Aesculus × carnea Hayne,Plantae,Tracheophyta,Magnoliopsida,Sapindales,Sapindaceae,Aesculus,species,ICN,Romania,RO,present,introduced,casual,ornamentalNonHorticulture,,,2018,2025,"Anastasiu P, Miu I, Gavrilidis A, Preda C, Rozylowicz L, Sirbu C, Oprea A, Urziceanu M, Camen-Comanescu P, Nagoda E, Memedemin D, Barbos M, Boruz V, Cislariu A, Don I, Fagaras M, Frink J, Georgescu I, Haruta O, Hurdu B-I, Matis A, Milanovici S, Muncaciu S, Neacsu A, Neblea M, Nicolin A, Niculescu M, Oroian S, Pop O, Radutoiu D, Samarghitan M, Simion I, Soare L, Steiu C, Stoianov E, Strat D, Szabo A, Szatmari P, Tanase C, Mirea M, Manta N, Sirbu I (2024) Alien plant species distribution in Romania: a nationwide survey following the implementation of the EU Regulation on Invasive Alien Species. Biodiversity Data Journal 12. https://doi.org/10.3897/BDJ.12.e119539 | Anastasiu P, Camen-Comanescu P, Sirbu I-M, Urziceanu M (2024) Urban flora: new reports for Bucharest's flora. Acta Horti Botanici Bucurestiensis 50(1): 41-58. https://doi.org/10.62229/ahbb.2024.50/3 | Sirbu C, Oprea A (2011) Plante adventive in flora Romaniei. Editura Ion Ionescu de la Brad, Iasi | Ardelean A, Rosu I, Don I (2018) Flora si vegetatia Banatului. I, Flora. Editura Academiei Romane, Bucuresti | Blackburn TM, Pysek P, Bacher S, Carlton JT, Duncan RP, Jarosik V, Wilson JRU, Richardson DM (2011) A proposed unified framework for biological invasions. Trends in Ecology and Evolution 26: 333–339. https://doi.org/10.1016/j.tree.2011.03.023 | Plants of the World Online (2026) https://powo.science.kew.org/",,hybrid,TRUE,FALSE,FALSE,,2025-11-26,Cristina Preda | Laurentiu Rozylowicz,Mihaela Urziceanu
OSROUCKLJ13YLJB2PVH0EQ,"Blattella germanica Linnaeus, 1767",Animalia,Arthropoda,Insecta,Blattodea,Ectobiidae,Blattella,species,ICZN,Romania,RO,present,introduced,invasive,transportStowaway,naturalDispersal,,2019,2023,"Preda C, Adam C, Constantinescu IC, Popa OP, Popa LO, Balcu M-J, Brezeanu AM, Dascalu MM, Draghici A-C, Gavrilescu CF, Gavrilidis AA, Gheoca V, Iorgu EI, Iorgu IS, Krapal AM, Maican S, Manci C-O, Manta N, Manu M, Motoc RM, Niculae IM, Petrescu A-M, Pintilioaie A-M, Popa AF, Radac IA, Rozylowicz L, Ruicanescu A, Sahlean TC, Surugiu V, Serban C, Stefan A, Szekely L, Tausan I, Skolka M (2026) From soil to stream and sea: species richness and distribution of alien invertebrates in Romania. NeoBiota. | Rasplus J-Y, Roques A (2010) Dictyoptera (Blattodea, Isoptera), Orthoptera, Phasmatodea and Dermaptera. Chapter 13.3. BioRisk 4: 807-831. https://doi.org/10.3897/biorisk.4.68",,"Southern Asia (India, Myanmar)",TRUE,FALSE,FALSE,,2025-11-26,Cristina Preda | Laurentiu Rozylowicz,Marius Skolka | Carla F. Gavrilescu
OSROUCKL5SDDU59XZ6YQMH,"Ophraella communa LeSage, 1986",Animalia,Arthropoda,Insecta,Coleoptera,Chrysomelidae,Ophraella,species,ICZN,Romania,RO,present,introduced,colonising,transportContaminant,naturalDispersal,,2019,2019,"Preda C, Adam C, Constantinescu IC, Popa OP, Popa LO, Balcu M-J, Brezeanu AM, Dascalu MM, Draghici A-C, Gavrilescu CF, Gavrilidis AA, Gheoca V, Iorgu EI, Iorgu IS, Krapal AM, Maican S, Manci C-O, Manta N, Manu M, Motoc RM, Niculae IM, Petrescu A-M, Pintilioaie A-M, Popa AF, Radac IA, Rozylowicz L, Ruicanescu A, Sahlean TC, Surugiu V, Serban C, Stefan A, Szekely L, Tausan I, Skolka M (2026) From soil to stream and sea: species richness and distribution of alien invertebrates in Romania. NeoBiota.",,Northern America,TRUE,FALSE,FALSE,,2025-11-26,Cristina Preda | Laurentiu Rozylowicz,Marius Skolka | Carla F. Gavrilescu
OSROUCKL6A21D57EF7GLCV,"Callopistromyia annulipes (Macquart, 1855)",Animalia,Arthropoda,Insecta,Diptera,Ulidiidae,Callopistromyia,species,ICZN,Romania,RO,present,introduced,colonising,transportContaminant,naturalDispersal,,2019,2023,"Preda C, Adam C, Constantinescu IC, Popa OP, Popa LO, Balcu M-J, Brezeanu AM, Dascalu MM, Draghici A-C, Gavrilescu CF, Gavrilidis AA, Gheoca V, Iorgu EI, Iorgu IS, Krapal AM, Maican S, Manci C-O, Manta N, Manu M, Motoc RM, Niculae IM, Petrescu A-M, Pintilioaie A-M, Popa AF, Radac IA, Rozylowicz L, Ruicanescu A, Sahlean TC, Surugiu V, Serban C, Stefan A, Szekely L, Tausan I, Skolka M (2026) From soil to stream and sea: species richness and distribution of alien invertebrates in Romania. NeoBiota. | Adam C, Constantinescu IC, Draghici AC, Fusu L, Fusu MM, Gheoca V, Iorgu IS, Irimia AG, Maican S, Manci CO, Manu M, Mitroiu MD, Olosutean HG, Perju M, Petrescu AM, Pintilioaie AM, Popa AF, Popescu IE, Popovici OA, Prunar FV, Radac IA, Sahlean TC, Sitar C, Stanciu CR, Szekely L, Tausan I, Tomozii IB, Torok SC, Zaharia LG (2022) Raport final privind distributia speciilor de nevertebrate terestre alogene din hot-spot-uri si caile prioritare de patrundere (an 3 cartare). Raport intocmit in cadrul Proiectului POIM2014+120008 - Managementul adecvat al speciilor invazive din Romania, in conformitate cu Regulamentul UE 1143/2014 referitor la prevenirea si gestionarea introducerii si raspandirii speciilor alogene invazive. Ministerul Mediului, Apelor si Padurilor & Universitatea din Bucuresti, Bucuresti.",,Northern America,TRUE,FALSE,FALSE,Plantae,2025-11-26,Cristina Preda | Laurentiu Rozylowicz,Marius Skolka | Carla F. Gavrilescu
OSROUCKLIO1QMA1DWD6OPC,"Hierodula tenuidentata Saussure, 1869",Animalia,Arthropoda,Insecta,Mantodea,Mantidae,Hierodula,species,ICZN,Romania,RO,present,introduced,colonising,transportContaminant,transportStowaway,,2019,2026,"Pintilioaie A-M, Spaseni P, Jurjescu A, Radac IA (2021) First record of the alien mantid Hierodula tenuidentata (Insecta: Mantodea) in Romania. Travaux du Museum National d'Histoire Naturelle ""Grigore Antipa"" 64: 37-49. https://doi.org/10.3897/travaux.64.e65489",,Southern Asia | Western Asia,TRUE,FALSE,FALSE,,2025-11-26,Cristina Preda | Laurentiu Rozylowicz,Marius Skolka | Carla F. Gavrilescu
OSROUCKLGK3AFGKP396289,"Hierodula transcaucasica Brunner von Wattenwyl, 1878",Animalia,Arthropoda,Insecta,Mantodea,Mantidae,Hierodula,species,ICZN,Romania,RO,present,introduced,invasive,transportContaminant,naturalDispersal,,2019,2023,"Preda C, Adam C, Constantinescu IC, Popa OP, Popa LO, Balcu M-J, Brezeanu AM, Dascalu MM, Draghici A-C, Gavrilescu CF, Gavrilidis AA, Gheoca V, Iorgu EI, Iorgu IS, Krapal AM, Maican S, Manci C-O, Manta N, Manu M, Motoc RM, Niculae IM, Petrescu A-M, Pintilioaie A-M, Popa AF, Radac IA, Rozylowicz L, Ruicanescu A, Sahlean TC, Surugiu V, Serban C, Stefan A, Szekely L, Tausan I, Skolka M (2026) From soil to stream and sea: species richness and distribution of alien invertebrates in Romania. NeoBiota.",,Southern Asia | Western Asia,TRUE,FALSE,FALSE,,2025-11-26,Cristina Preda | Laurentiu Rozylowicz,Marius Skolka | Carla F. Gavrilescu
OSROUCKLKV6XQ0YZX12TJ7,"Yersinella raymondii (Yersin, 1860)",Animalia,Arthropoda,Insecta,Orthoptera,Tettigoniidae,Yersinella,species,ICZN,Romania,RO,present,introduced,colonising,transportStowaway,naturalDispersal,,2019,2025,"Sanchez J, Gil AF, Calderon-Guerrero C (2026) Behavioural Patterns and Responses of White-Faced Capuchins (Cebus imitator) Under Contrasting Ecotourism Pressures in Tortuguero National Park: Preliminary Findings and Management Implications. Diversity 18: 169. https://doi.org/10.3390/d18030169 | Iorgu I-S, Lobiuc A, Ungurean E-A, Tausan I, Cazacu A, Iorgu EI (2026) New Guests in the Romanian Fauna and Pathways for the Introduction of Alien Bush-Crickets and Grasshoppers (Insecta: Orthoptera). Diversity 18: 167. https://doi.org/10.3390/d18030167",,Southern Europe,TRUE,FALSE,FALSE,,2025-11-26,Cristina Preda | Laurentiu Rozylowicz,Marius Skolka | Carla F. Gavrilescu
OSROUCKLJQYCSNWECRU6UZ,"Threskiornis aethiopicus (Latham, 1790)",Animalia,Chordata,Aves,Pelecaniformes,Threskiornithidae,Threskiornis,species,ICZN,Romania,RO,present,introduced,casual,PublicGardenZooAquaria,,,2019,2020,"Cogalniceanu D, Cobzaru I, Dragan O, Fanaru G, Iftime A, Stanescu F, Telea E, Topliceanu S, Ureche D, Chisamera G, Petrescu A, Iftime O (2021) Raport tehnic privind sursele bibliografice referitoare la speciile de vertebrate terestre alogene invazive si potential invazive. Zenodo. https://doi.org/10.5281/zenodo.5593956 | https://rombird.ro/ro/obd/27747/",species of Union Concern (Regulation 1143/2014),Eastern Africa | Middle Africa | Southern Africa | Western Africa | Western Asia,TRUE,FALSE,FALSE,,2025-11-26,Cristina Preda | Laurentiu Rozylowicz,Marian Tudor
OSROUCKLJ6DPOYUAZIFWB1,"Mediodactylus danilewskii (Strauch, 1887)",Animalia,Chordata,Reptilia,Squamata,Gekkonidae,Mediodactylus,species,ICZN,Romania,RO,present,introduced,reproducing,transportStowaway,,,2019,2024,"Cogalniceanu D, Cobzaru I, Dragan O, Fanaru G, Iftime A, Stanescu F, Telea E, Topliceanu S, Ureche D, Chisamera G, Petrescu A, Iftime O (2021) Raport tehnic privind sursele bibliografice referitoare la speciile de vertebrate terestre alogene invazive si potential invazive. Zenodo. https://doi.org/10.5281/zenodo.5593956 | Iftime A, Iftime O (2021) Alien fish, amphibian and reptile species in Romania and their invasive status: a review with new data. Travaux du Museum National d'Histoire Naturelle ""Grigore Antipa"" 64: 131-186. https://doi.org/10.3897/travaux.64.e67558 | https://www.inaturalist.org/observations/318027059",last observation: Marian Tudor personal observations,Eastern Europe | Southern Europe | Western Asia,TRUE,FALSE,FALSE,,2025-11-26,Cristina Preda | Laurentiu Rozylowicz,Marian Tudor
OSRO3R9Z85V0NQ81IG,Miscanthus sinensis Andersson,Plantae,Tracheophyta,Liliopsida,Poales,Poaceae,Miscanthus,species,ICN,Romania,RO,present,introduced,casual,ornamentalNonHorticulture,,,2019,2021,"Anastasiu P, Miu I, Gavrilidis A, Preda C, Rozylowicz L, Sirbu C, Oprea A, Urziceanu M, Camen-Comanescu P, Nagoda E, Memedemin D, Barbos M, Boruz V, Cislariu A, Don I, Fagaras M, Frink J, Georgescu I, Haruta O, Hurdu B-I, Matis A, Milanovici S, Muncaciu S, Neacsu A, Neblea M, Nicolin A, Niculescu M, Oroian S, Pop O, Radutoiu D, Samarghitan M, Simion I, Soare L, Steiu C, Stoianov E, Strat D, Szabo A, Szatmari P, Tanase C, Mirea M, Manta N, Sirbu I (2024) Alien plant species distribution in Romania: a nationwide survey following the implementation of the EU Regulation on Invasive Alien Species. Biodiversity Data Journal 12. https://doi.org/10.3897/BDJ.12.e119539",,China | Eastern Asia | Indo-China | Malesia | Russian Far East,TRUE,FALSE,FALSE,,2025-11-26,Cristina Preda | Laurentiu Rozylowicz,Paulina Anastasiu
OSROK98K5Y5LGZD9OH,Canna indica L.,Plantae,Tracheophyta,Liliopsida,Zingiberales,Cannaceae,Canna,species,ICN,Romania,RO,present,introduced,casual,ornamentalNonHorticulture,,,2019,2021,"Anastasiu P, Miu I, Gavrilidis A, Preda C, Rozylowicz L, Sirbu C, Oprea A, Urziceanu M, Camen-Comanescu P, Nagoda E, Memedemin D, Barbos M, Boruz V, Cislariu A, Don I, Fagaras M, Frink J, Georgescu I, Haruta O, Hurdu B-I, Matis A, Milanovici S, Muncaciu S, Neacsu A, Neblea M, Nicolin A, Niculescu M, Oroian S, Pop O, Radutoiu D, Samarghitan M, Simion I, Soare L, Steiu C, Stoianov E, Strat D, Szabo A, Szatmari P, Tanase C, Mirea M, Manta N, Sirbu I (2024) Alien plant species distribution in Romania: a nationwide survey following the implementation of the EU Regulation on Invasive Alien Species. Biodiversity Data Journal 12. https://doi.org/10.3897/BDJ.12.e119539",,Brazil | Caribbean | Central America | Mexico | Northern South America | South-Central U.S.A. | Southeastern U.S.A. | Southern South America | Western South America,TRUE,FALSE,FALSE,,2025-11-26,Cristina Preda | Laurentiu Rozylowicz,Paulina Anastasiu
OSROUCKLDTE4LONMKRF2M9,"Amphiglena mediterranea (Leydig, 1851)",Animalia,Annelida,Polychaeta,Sabellida,Sabellidae,Amphiglena,species,ICZN,Romania,RO,absent,introduced,failing,transportStowaway,,,2020,2020,"Surugiu V, Capa M (2020) The Occurrence of Amphiglena mediterranea (Leydig, 1851) (Annelida: Sabellidae) at the Romanian Coast of the Black Sea: A Case on an Unsuccessful Invasion?. Russian Journal of Biological Invasions 11: 293-299. https://doi.org/10.1134/s207511172003011x",,Atlantic Ocean (NE) | Mediterranean Sea,FALSE,TRUE,FALSE,,2026-03-08,Cristina Preda | Laurentiu Rozylowicz,Marius Skolka | Carla F. Gavrilescu
OSROUCKLV9GNAMNWK0YPY3,"Aculops lycopersici (Tryon, 1917)",Animalia,Arthropoda,Arachnida,Sarcoptiformes,Eriophyidae,Aculops,species,ICZN,Romania,RO,present,introduced,colonising,transportStowaway,parasitesOnPlants,,2020,2021,"Preda C, Adam C, Constantinescu IC, Popa OP, Popa LO, Balcu M-J, Brezeanu AM, Dascalu MM, Draghici A-C, Gavrilescu CF, Gavrilidis AA, Gheoca V, Iorgu EI, Iorgu IS, Krapal AM, Maican S, Manci C-O, Manta N, Manu M, Motoc RM, Niculae IM, Petrescu A-M, Pintilioaie A-M, Popa AF, Radac IA, Rozylowicz L, Ruicanescu A, Sahlean TC, Surugiu V, Serban C, Stefan A, Szekely L, Tausan I, Skolka M (2026) From soil to stream and sea: species richness and distribution of alien invertebrates in Romania. NeoBiota.",,Cryptogenic,TRUE,FALSE,FALSE,Solanum lycopersicum,2025-11-26,Cristina Preda | Laurentiu Rozylowicz,Ioana Cristina Constantinescu
OSROUCKL5UL5IZY25FXAID,"Sitophilus zeamais Motschulsky, V. de, 1855",Animalia,Arthropoda,Insecta,Coleoptera,Curculionidae,Sitophilus,species,ICZN,Romania,RO,present,introduced,colonising,transportStowaway,naturalDispersal,,2020,2022,"Preda C, Adam C, Constantinescu IC, Popa OP, Popa LO, Balcu M-J, Brezeanu AM, Dascalu MM, Draghici A-C, Gavrilescu CF, Gavrilidis AA, Gheoca V, Iorgu EI, Iorgu IS, Krapal AM, Maican S, Manci C-O, Manta N, Manu M, Motoc RM, Niculae IM, Petrescu A-M, Pintilioaie A-M, Popa AF, Radac IA, Rozylowicz L, Ruicanescu A, Sahlean TC, Surugiu V, Serban C, Stefan A, Szekely L, Tausan I, Skolka M (2026) From soil to stream and sea: species richness and distribution of alien invertebrates in Romania. NeoBiota. | Adam C, Constantinescu IC, Draghici AC, Fusu L, Fusu MM, Gheoca V, Iorgu IS, Irimia AG, Maican S, Manci CO, Manu M, Mitroiu MD, Olosutean HG, Perju M, Petrescu AM, Pintilioaie AM, Popa AF, Popescu IE, Popovici OA, Prunar FV, Radac IA, Sahlean TC, Sitar C, Stanciu CR, Szekely L, Tausan I, Tomozii IB, Torok SC, Zaharia LG (2022) Raport final privind distributia speciilor de nevertebrate terestre alogene din hot-spot-uri si caile prioritare de patrundere (an 3 cartare). Raport intocmit in cadrul Proiectului POIM2014+120008 - Managementul adecvat al speciilor invazive din Romania, in conformitate cu Regulamentul UE 1143/2014 referitor la prevenirea si gestionarea introducerii si raspandirii speciilor alogene invazive. Ministerul Mediului, Apelor si Padurilor & Universitatea din Bucuresti, Bucuresti.",,Eastern Asia,TRUE,FALSE,FALSE,Poaceae,2025-11-26,Cristina Preda | Laurentiu Rozylowicz,Marius Skolka | Carla F. Gavrilescu
OSROUCKL8S0RORMVEHC3V2,"Stelidota geminata (Say, 1825)",Animalia,Arthropoda,Insecta,Coleoptera,Nitidulidae,Stelidota,species,ICZN,Romania,RO,present,introduced,invasive,transportContaminant,naturalDispersal,,2020,2022,"Preda C, Adam C, Constantinescu IC, Popa OP, Popa LO, Balcu M-J, Brezeanu AM, Dascalu MM, Draghici A-C, Gavrilescu CF, Gavrilidis AA, Gheoca V, Iorgu EI, Iorgu IS, Krapal AM, Maican S, Manci C-O, Manta N, Manu M, Motoc RM, Niculae IM, Petrescu A-M, Pintilioaie A-M, Popa AF, Radac IA, Rozylowicz L, Ruicanescu A, Sahlean TC, Surugiu V, Serban C, Stefan A, Szekely L, Tausan I, Skolka M (2026) From soil to stream and sea: species richness and distribution of alien invertebrates in Romania. NeoBiota.",,Northern America,TRUE,FALSE,FALSE,,2025-11-26,Cristina Preda | Laurentiu Rozylowicz,Marius Skolka | Carla F. Gavrilescu
OSROUCKL34FJNV7JDM23IA,"Oryzaephilus surinamensis (Linnaeus, 1758)",Animalia,Arthropoda,Insecta,Coleoptera,Silvanidae,Oryzaephilus,species,ICZN,Romania,RO,present,introduced,colonising,transportStowaway,naturalDispersal,,2020,2022,"Preda C, Adam C, Constantinescu IC, Popa OP, Popa LO, Balcu M-J, Brezeanu AM, Dascalu MM, Draghici A-C, Gavrilescu CF, Gavrilidis AA, Gheoca V, Iorgu EI, Iorgu IS, Krapal AM, Maican S, Manci C-O, Manta N, Manu M, Motoc RM, Niculae IM, Petrescu A-M, Pintilioaie A-M, Popa AF, Radac IA, Rozylowicz L, Ruicanescu A, Sahlean TC, Surugiu V, Serban C, Stefan A, Szekely L, Tausan I, Skolka M (2026) From soil to stream and sea: species richness and distribution of alien invertebrates in Romania. NeoBiota. | Adam C, Constantinescu IC, Draghici AC, Fusu L, Fusu MM, Gheoca V, Iorgu IS, Irimia AG, Maican S, Manci CO, Manu M, Mitroiu MD, Olosutean HG, Perju M, Petrescu AM, Pintilioaie AM, Popa AF, Popescu IE, Popovici OA, Prunar FV, Radac IA, Sahlean TC, Sitar C, Stanciu CR, Szekely L, Tausan I, Tomozii IB, Torok SC, Zaharia LG (2022) Raport final privind distributia speciilor de nevertebrate terestre alogene din hot-spot-uri si caile prioritare de patrundere (an 3 cartare). Raport intocmit in cadrul Proiectului POIM2014+120008 - Managementul adecvat al speciilor invazive din Romania, in conformitate cu Regulamentul UE 1143/2014 referitor la prevenirea si gestionarea introducerii si raspandirii speciilor alogene invazive. Ministerul Mediului, Apelor si Padurilor & Universitatea din Bucuresti, Bucuresti.",,Cryptogenic,TRUE,FALSE,FALSE,Plantae,2025-11-26,Cristina Preda | Laurentiu Rozylowicz,Marius Skolka | Carla F. Gavrilescu
OSROUCKLHDFM02FQDLZHLE,"Tribolium castaneum (Herbst, 1797)",Animalia,Arthropoda,Insecta,Coleoptera,Tenebrionidae,Tribolium,species,ICZN,Romania,RO,present,introduced,colonising,transportStowaway,naturalDispersal,,2020,2022,"Preda C, Adam C, Constantinescu IC, Popa OP, Popa LO, Balcu M-J, Brezeanu AM, Dascalu MM, Draghici A-C, Gavrilescu CF, Gavrilidis AA, Gheoca V, Iorgu EI, Iorgu IS, Krapal AM, Maican S, Manci C-O, Manta N, Manu M, Motoc RM, Niculae IM, Petrescu A-M, Pintilioaie A-M, Popa AF, Radac IA, Rozylowicz L, Ruicanescu A, Sahlean TC, Surugiu V, Serban C, Stefan A, Szekely L, Tausan I, Skolka M (2026) From soil to stream and sea: species richness and distribution of alien invertebrates in Romania. NeoBiota. | Adam C, Constantinescu IC, Draghici AC, Fusu L, Fusu MM, Gheoca V, Iorgu IS, Irimia AG, Maican S, Manci CO, Manu M, Mitroiu MD, Olosutean HG, Perju M, Petrescu AM, Pintilioaie AM, Popa AF, Popescu IE, Popovici OA, Prunar FV, Radac IA, Sahlean TC, Sitar C, Stanciu CR, Szekely L, Tausan I, Tomozii IB, Torok SC, Zaharia LG (2022) Raport final privind distributia speciilor de nevertebrate terestre alogene din hot-spot-uri si caile prioritare de patrundere (an 3 cartare). Raport intocmit in cadrul Proiectului POIM2014+120008 - Managementul adecvat al speciilor invazive din Romania, in conformitate cu Regulamentul UE 1143/2014 referitor la prevenirea si gestionarea introducerii si raspandirii speciilor alogene invazive. Ministerul Mediului, Apelor si Padurilor & Universitatea din Bucuresti, Bucuresti.",,Southern Asia | South-eastern Asia (Indo-Australian region),TRUE,FALSE,FALSE,Poaceae,2025-11-26,Cristina Preda | Laurentiu Rozylowicz,Marius Skolka | Carla F. Gavrilescu
OSROUCKL774NGUMUU3A1OH,"Tribolium confusum Jaquelin Du Val, 1868",Animalia,Arthropoda,Insecta,Coleoptera,Tenebrionidae,Tribolium,species,ICZN,Romania,RO,present,introduced,colonising,transportStowaway,naturalDispersal,,2020,2021,"Preda C, Adam C, Constantinescu IC, Popa OP, Popa LO, Balcu M-J, Brezeanu AM, Dascalu MM, Draghici A-C, Gavrilescu CF, Gavrilidis AA, Gheoca V, Iorgu EI, Iorgu IS, Krapal AM, Maican S, Manci C-O, Manta N, Manu M, Motoc RM, Niculae IM, Petrescu A-M, Pintilioaie A-M, Popa AF, Radac IA, Rozylowicz L, Ruicanescu A, Sahlean TC, Surugiu V, Serban C, Stefan A, Szekely L, Tausan I, Skolka M (2026) From soil to stream and sea: species richness and distribution of alien invertebrates in Romania. NeoBiota. | Adam C, Constantinescu IC, Draghici AC, Fusu L, Fusu MM, Gheoca V, Iorgu IS, Irimia AG, Maican S, Manci CO, Manu M, Mitroiu MD, Olosutean HG, Perju M, Petrescu AM, Pintilioaie AM, Popa AF, Popescu IE, Popovici OA, Prunar FV, Radac IA, Sahlean TC, Sitar C, Stanciu CR, Szekely L, Tausan I, Tomozii IB, Torok SC, Zaharia LG (2022) Raport final privind distributia speciilor de nevertebrate terestre alogene din hot-spot-uri si caile prioritare de patrundere (an 3 cartare). Raport intocmit in cadrul Proiectului POIM2014+120008 - Managementul adecvat al speciilor invazive din Romania, in conformitate cu Regulamentul UE 1143/2014 referitor la prevenirea si gestionarea introducerii si raspandirii speciilor alogene invazive. Ministerul Mediului, Apelor si Padurilor & Universitatea din Bucuresti, Bucuresti.",,Africa,TRUE,FALSE,FALSE,Poaceae,2025-11-26,Cristina Preda | Laurentiu Rozylowicz,Marius Skolka | Carla F. Gavrilescu
OSROUCKLHXPT5C3TJZ8PGK,"Lineomyzocallis ephemerata (Richards, 1965)",Animalia,Arthropoda,Insecta,Hemiptera,Aphididae,Lineomyzocallis,species,ICZN,Romania,RO,present,introduced,colonising,transportContaminant,parasitesOnPlants,,2020,2022,"Preda C, Adam C, Constantinescu IC, Popa OP, Popa LO, Balcu M-J, Brezeanu AM, Dascalu MM, Draghici A-C, Gavrilescu CF, Gavrilidis AA, Gheoca V, Iorgu EI, Iorgu IS, Krapal AM, Maican S, Manci C-O, Manta N, Manu M, Motoc RM, Niculae IM, Petrescu A-M, Pintilioaie A-M, Popa AF, Radac IA, Rozylowicz L, Ruicanescu A, Sahlean TC, Surugiu V, Serban C, Stefan A, Szekely L, Tausan I, Skolka M (2026) From soil to stream and sea: species richness and distribution of alien invertebrates in Romania. NeoBiota.",,Northern America,TRUE,FALSE,FALSE,Quercus,2025-11-26,Cristina Preda | Laurentiu Rozylowicz,Costica Adam
OSROUCKL6DYNFOKO1QN9J9,"Tinocallis (Sappocallis) saltans (Nevsky, 1929)",Animalia,Arthropoda,Insecta,Hemiptera,Aphididae,Tinocallis,species,ICZN,Romania,RO,present,introduced,colonising,transportContaminant,parasitesOnPlants,,2020,2021,"Preda C, Adam C, Constantinescu IC, Popa OP, Popa LO, Balcu M-J, Brezeanu AM, Dascalu MM, Draghici A-C, Gavrilescu CF, Gavrilidis AA, Gheoca V, Iorgu EI, Iorgu IS, Krapal AM, Maican S, Manci C-O, Manta N, Manu M, Motoc RM, Niculae IM, Petrescu A-M, Pintilioaie A-M, Popa AF, Radac IA, Rozylowicz L, Ruicanescu A, Sahlean TC, Surugiu V, Serban C, Stefan A, Szekely L, Tausan I, Skolka M (2026) From soil to stream and sea: species richness and distribution of alien invertebrates in Romania. NeoBiota.",,Asia,TRUE,FALSE,FALSE,Ulmus (elm),2025-11-26,Cristina Preda | Laurentiu Rozylowicz,Costica Adam
OSROUCKLBHCPFBCC6RQ7M9,"Tuta absoluta (Meyrick, 1917)",Animalia,Arthropoda,Insecta,Lepidoptera,Gelechiidae,Tuta,species,ICZN,Romania,RO,present,introduced,colonising,transportContaminant,transportStowaway,,2020,2022,"Adam C, Constantinescu IC, Draghici AC, Fusu L, Fusu MM, Gheoca V, Iorgu IS, Irimia AG, Maican S, Manci CO, Manu M, Mitroiu MD, Olosutean HG, Perju M, Petrescu AM, Pintilioaie AM, Popa AF, Popescu IE, Popovici OA, Prunar FV, Radac IA, Sahlean TC, Sitar C, Stanciu CR, Szekely L, Tausan I, Tomozii IB, Torok SC, Zaharia LG (2022) Raport final privind distributia speciilor de nevertebrate terestre alogene din hot-spot-uri si caile prioritare de patrundere (an 3 cartare). Raport intocmit in cadrul Proiectului POIM2014+120008 - Managementul adecvat al speciilor invazive din Romania, in conformitate cu Regulamentul UE 1143/2014 referitor la prevenirea si gestionarea introducerii si raspandirii speciilor alogene invazive. Ministerul Mediului, Apelor si Padurilor & Universitatea din Bucuresti, Bucuresti.",,South America,TRUE,FALSE,FALSE,Solanum lycopersicum,2025-11-26,Cristina Preda | Laurentiu Rozylowicz,Marius Skolka | Carla F. Gavrilescu
OSROUCKL8GT24IPWETB422,"Phyllocnistis vitegenella Clemens, 1859",Animalia,Arthropoda,Insecta,Lepidoptera,Gracillariidae,Phyllocnistis,species,ICZN,Romania,RO,present,introduced,colonising,transportContaminant,,,2020,2022,"Preda C, Adam C, Constantinescu IC, Popa OP, Popa LO, Balcu M-J, Brezeanu AM, Dascalu MM, Draghici A-C, Gavrilescu CF, Gavrilidis AA, Gheoca V, Iorgu EI, Iorgu IS, Krapal AM, Maican S, Manci C-O, Manta N, Manu M, Motoc RM, Niculae IM, Petrescu A-M, Pintilioaie A-M, Popa AF, Radac IA, Rozylowicz L, Ruicanescu A, Sahlean TC, Surugiu V, Serban C, Stefan A, Szekely L, Tausan I, Skolka M (2026) From soil to stream and sea: species richness and distribution of alien invertebrates in Romania. NeoBiota.",,Northern America,TRUE,FALSE,FALSE,Vitis,2025-11-26,Cristina Preda | Laurentiu Rozylowicz,Marius Skolka | Carla F. Gavrilescu
OSROUCKLND42YBMDYDPG32,"Tarentola mauritanica (Linnaeus, 1758)",Animalia,Chordata,Reptilia,Squamata,Phyllodactylidae,Tarentola,species,ICZN,Romania,RO,present,introduced,casual,transportStowaway,,,2020,2021,"Cogalniceanu D, Cobzaru I, Dragan O, Fanaru G, Iftime A, Stanescu F, Telea E, Topliceanu S, Ureche D, Chisamera G, Petrescu A, Iftime O (2021) Raport tehnic privind sursele bibliografice referitoare la speciile de vertebrate terestre alogene invazive si potential invazive. Zenodo. https://doi.org/10.5281/zenodo.5593956 | Iftime A, Iftime O (2021) Alien fish, amphibian and reptile species in Romania and their invasive status: a review with new data. Travaux du Museum National d'Histoire Naturelle ""Grigore Antipa"" 64: 131-186. https://doi.org/10.3897/travaux.64.e67558",,Southern Europe | Western Europe | Northern Africa,TRUE,FALSE,FALSE,,2025-11-26,Cristina Preda | Laurentiu Rozylowicz,Marian Tudor
OSRO4WE3U6XUINFUDX,Phyllostachys aureosulcata McClure,Plantae,Tracheophyta,Liliopsida,Poales,Poaceae,Phyllostachys,species,ICN,Romania,RO,present,introduced,casual,ornamentalNonHorticulture,,,2020,2020,"Anastasiu P, Miu I, Gavrilidis A, Preda C, Rozylowicz L, Sirbu C, Oprea A, Urziceanu M, Camen-Comanescu P, Nagoda E, Memedemin D, Barbos M, Boruz V, Cislariu A, Don I, Fagaras M, Frink J, Georgescu I, Haruta O, Hurdu B-I, Matis A, Milanovici S, Muncaciu S, Neacsu A, Neblea M, Nicolin A, Niculescu M, Oroian S, Pop O, Radutoiu D, Samarghitan M, Simion I, Soare L, Steiu C, Stoianov E, Strat D, Szabo A, Szatmari P, Tanase C, Mirea M, Manta N, Sirbu I (2024) Alien plant species distribution in Romania: a nationwide survey following the implementation of the EU Regulation on Invasive Alien Species. Biodiversity Data Journal 12. https://doi.org/10.3897/BDJ.12.e119539",,China,TRUE,FALSE,FALSE,,2025-11-26,Cristina Preda | Laurentiu Rozylowicz,Paulina Anastasiu
OSROEX6VI4L5ZY2ZV5,Musa acuminata Colla,Plantae,Tracheophyta,Liliopsida,Zingiberales,Musaceae,Musa,species,ICN,Romania,RO,present,introduced,casual,ornamentalNonHorticulture,,,2020,2021,"Anastasiu P, Miu I, Gavrilidis A, Preda C, Rozylowicz L, Sirbu C, Oprea A, Urziceanu M, Camen-Comanescu P, Nagoda E, Memedemin D, Barbos M, Boruz V, Cislariu A, Don I, Fagaras M, Frink J, Georgescu I, Haruta O, Hurdu B-I, Matis A, Milanovici S, Muncaciu S, Neacsu A, Neblea M, Nicolin A, Niculescu M, Oroian S, Pop O, Radutoiu D, Samarghitan M, Simion I, Soare L, Steiu C, Stoianov E, Strat D, Szabo A, Szatmari P, Tanase C, Mirea M, Manta N, Sirbu I (2024) Alien plant species distribution in Romania: a nationwide survey following the implementation of the EU Regulation on Invasive Alien Species. Biodiversity Data Journal 12. https://doi.org/10.3897/BDJ.12.e119539",,China | Indian Subcontinent | Indo-China | Malesia,TRUE,FALSE,FALSE,,2025-11-26,Cristina Preda | Laurentiu Rozylowicz,Paulina Anastasiu
OSROUCKL5SY3KAVTPTA9OG,Aster × frikartii Silva Tar. & C.K.Schneid.,Plantae,Tracheophyta,Magnoliopsida,Asterales,Asteraceae,Aster,species,ICN,Romania,RO,doubtful,introduced,released,horticulture,,,2020,2020,"Anastasiu P, Miu I, Gavrilidis A, Preda C, Rozylowicz L, Sirbu C, Oprea A, Urziceanu M, Camen-Comanescu P, Nagoda E, Memedemin D, Barbos M, Boruz V, Cislariu A, Don I, Fagaras M, Frink J, Georgescu I, Haruta O, Hurdu B-I, Matis A, Milanovici S, Muncaciu S, Neacsu A, Neblea M, Nicolin A, Niculescu M, Oroian S, Pop O, Radutoiu D, Samarghitan M, Simion I, Soare L, Steiu C, Stoianov E, Strat D, Szabo A, Szatmari P, Tanase C, Mirea M, Manta N, Sirbu I (2024) Alien plant species distribution in Romania: a nationwide survey following the implementation of the EU Regulation on Invasive Alien Species. Biodiversity Data Journal 12. https://doi.org/10.3897/BDJ.12.e119539","artificial hybrid; present based on a single record (POIM, Szatmari, Satu Mare; low sampling effort) | insufficient data on establishment means and degree of establishment (uncertain)",hybrid,TRUE,FALSE,FALSE,,2025-11-26,Cristina Preda | Laurentiu Rozylowicz,Mihaela Urziceanu
OSROXK4F82TDRDBTV3,Dittrichia graveolens (L.) Greuter,Plantae,Tracheophyta,Magnoliopsida,Asterales,Asteraceae,Dittrichia,species,ICN,Romania,RO,present,introduced,established,escapeFromConfinement,horticulture,,2020,2020,"Anastasiu P, Miu I, Gavrilidis A, Preda C, Rozylowicz L, Sirbu C, Oprea A, Urziceanu M, Camen-Comanescu P, Nagoda E, Memedemin D, Barbos M, Boruz V, Cislariu A, Don I, Fagaras M, Frink J, Georgescu I, Haruta O, Hurdu B-I, Matis A, Milanovici S, Muncaciu S, Neacsu A, Neblea M, Nicolin A, Niculescu M, Oroian S, Pop O, Radutoiu D, Samarghitan M, Simion I, Soare L, Steiu C, Stoianov E, Strat D, Szabo A, Szatmari P, Tanase C, Mirea M, Manta N, Sirbu I (2024) Alien plant species distribution in Romania: a nationwide survey following the implementation of the EU Regulation on Invasive Alien Species. Biodiversity Data Journal 12. https://doi.org/10.3897/BDJ.12.e119539",,Indian Subcontinent | Middle Europe | Northern Africa | Southeastern Europe | Southwestern Europe | Western Asia,TRUE,FALSE,FALSE,,2025-11-26,Cristina Preda | Laurentiu Rozylowicz,Paulina Anastasiu
OSRO4FEBG7OFRLIC06,Gaillardia aristata Pursh,Plantae,Tracheophyta,Magnoliopsida,Asterales,Asteraceae,Gaillardia,species,ICN,Romania,RO,present,introduced,casual,ornamentalNonHorticulture,,,2020,2022,"Anastasiu P, Miu I, Gavrilidis A, Preda C, Rozylowicz L, Sirbu C, Oprea A, Urziceanu M, Camen-Comanescu P, Nagoda E, Memedemin D, Barbos M, Boruz V, Cislariu A, Don I, Fagaras M, Frink J, Georgescu I, Haruta O, Hurdu B-I, Matis A, Milanovici S, Muncaciu S, Neacsu A, Neblea M, Nicolin A, Niculescu M, Oroian S, Pop O, Radutoiu D, Samarghitan M, Simion I, Soare L, Steiu C, Stoianov E, Strat D, Szabo A, Szatmari P, Tanase C, Mirea M, Manta N, Sirbu I (2024) Alien plant species distribution in Romania: a nationwide survey following the implementation of the EU Regulation on Invasive Alien Species. Biodiversity Data Journal 12. https://doi.org/10.3897/BDJ.12.e119539",,North-Central U.S.A. | Northeastern U.S.A. | Northwestern U.S.A. | Southwestern U.S.A. | Subarctic America | Western Canada,TRUE,FALSE,FALSE,,2025-11-26,Cristina Preda | Laurentiu Rozylowicz,Paulina Anastasiu
OSROY8ELV9S5GA2UW5,Heliopsis helianthoides (L.) Sweet,Plantae,Tracheophyta,Magnoliopsida,Asterales,Asteraceae,Heliopsis,species,ICN,Romania,RO,present,introduced,casual,ornamentalNonHorticulture,,,2020,2021,"Anastasiu P, Miu I, Gavrilidis A, Preda C, Rozylowicz L, Sirbu C, Oprea A, Urziceanu M, Camen-Comanescu P, Nagoda E, Memedemin D, Barbos M, Boruz V, Cislariu A, Don I, Fagaras M, Frink J, Georgescu I, Haruta O, Hurdu B-I, Matis A, Milanovici S, Muncaciu S, Neacsu A, Neblea M, Nicolin A, Niculescu M, Oroian S, Pop O, Radutoiu D, Samarghitan M, Simion I, Soare L, Steiu C, Stoianov E, Strat D, Szabo A, Szatmari P, Tanase C, Mirea M, Manta N, Sirbu I (2024) Alien plant species distribution in Romania: a nationwide survey following the implementation of the EU Regulation on Invasive Alien Species. Biodiversity Data Journal 12. https://doi.org/10.3897/BDJ.12.e119539",,Eastern Canada | North-Central U.S.A. | Northeastern U.S.A. | Northwestern U.S.A. | South-Central U.S.A. | Southeastern U.S.A. | Western Canada,TRUE,FALSE,FALSE,,2025-11-26,Cristina Preda | Laurentiu Rozylowicz,Daniyar Memedemin
OSRORQ96GSPRF8W440,Leucanthemum maximum (Ramond) DC.,Plantae,Tracheophyta,Magnoliopsida,Asterales,Asteraceae,Leucanthemum,species,ICN,Romania,RO,present,introduced,casual,ornamentalNonHorticulture,,,2020,2020,"Anastasiu P, Miu I, Gavrilidis A, Preda C, Rozylowicz L, Sirbu C, Oprea A, Urziceanu M, Camen-Comanescu P, Nagoda E, Memedemin D, Barbos M, Boruz V, Cislariu A, Don I, Fagaras M, Frink J, Georgescu I, Haruta O, Hurdu B-I, Matis A, Milanovici S, Muncaciu S, Neacsu A, Neblea M, Nicolin A, Niculescu M, Oroian S, Pop O, Radutoiu D, Samarghitan M, Simion I, Soare L, Steiu C, Stoianov E, Strat D, Szabo A, Szatmari P, Tanase C, Mirea M, Manta N, Sirbu I (2024) Alien plant species distribution in Romania: a nationwide survey following the implementation of the EU Regulation on Invasive Alien Species. Biodiversity Data Journal 12. https://doi.org/10.3897/BDJ.12.e119539",,Southwestern Europe,TRUE,FALSE,FALSE,,2025-11-26,Cristina Preda | Laurentiu Rozylowicz,Daniyar Memedemin
OSROYNBWONKPIWBDTT,Parthenium hysterophorus L.,Plantae,Tracheophyta,Magnoliopsida,Asterales,Asteraceae,Parthenium,species,ICN,Romania,RO,doubtful,introduced,released,seedContaminant,,,2020,2020,"Anastasiu P, Miu I, Gavrilidis A, Preda C, Rozylowicz L, Sirbu C, Oprea A, Urziceanu M, Camen-Comanescu P, Nagoda E, Memedemin D, Barbos M, Boruz V, Cislariu A, Don I, Fagaras M, Frink J, Georgescu I, Haruta O, Hurdu B-I, Matis A, Milanovici S, Muncaciu S, Neacsu A, Neblea M, Nicolin A, Niculescu M, Oroian S, Pop O, Radutoiu D, Samarghitan M, Simion I, Soare L, Steiu C, Stoianov E, Strat D, Szabo A, Szatmari P, Tanase C, Mirea M, Manta N, Sirbu I (2024) Alien plant species distribution in Romania: a nationwide survey following the implementation of the EU Regulation on Invasive Alien Species. Biodiversity Data Journal 12. https://doi.org/10.3897/BDJ.12.e119539",species of Union Concern (Regulation 1143/2014),Brazil | Caribbean | Central America | Mexico | Northern South America | Southern South America | Western South America,TRUE,FALSE,FALSE,,2025-11-26,Cristina Preda | Laurentiu Rozylowicz,Daniyar Memedemin
OSROIF5MCJTE5YJHHX,Symphyotrichum laeve (L.) Á.Löve & D.Löve,Plantae,Tracheophyta,Magnoliopsida,Asterales,Asteraceae,Symphyotrichum,species,ICN,Romania,RO,present,introduced,established,ornamentalNonHorticulture,,,2020,2020,"Anastasiu P, Miu I, Gavrilidis A, Preda C, Rozylowicz L, Sirbu C, Oprea A, Urziceanu M, Camen-Comanescu P, Nagoda E, Memedemin D, Barbos M, Boruz V, Cislariu A, Don I, Fagaras M, Frink J, Georgescu I, Haruta O, Hurdu B-I, Matis A, Milanovici S, Muncaciu S, Neacsu A, Neblea M, Nicolin A, Niculescu M, Oroian S, Pop O, Radutoiu D, Samarghitan M, Simion I, Soare L, Steiu C, Stoianov E, Strat D, Szabo A, Szatmari P, Tanase C, Mirea M, Manta N, Sirbu I (2024) Alien plant species distribution in Romania: a nationwide survey following the implementation of the EU Regulation on Invasive Alien Species. Biodiversity Data Journal 12. https://doi.org/10.3897/BDJ.12.e119539",,Eastern Canada | Mexico | North-Central U.S.A. | Northeastern U.S.A. | Northwestern U.S.A. | South-Central U.S.A. | Southeastern U.S.A. | Southwestern U.S.A. | Subarctic America | Western Canada,TRUE,FALSE,FALSE,,2025-11-26,Cristina Preda | Laurentiu Rozylowicz,Daniyar Memedemin
OSROLO3GBMG3B3THCW,Symphyotrichum novae-angliae (L.) G.L.Nesom,Plantae,Tracheophyta,Magnoliopsida,Asterales,Asteraceae,Symphyotrichum,species,ICN,Romania,RO,present,introduced,casual,ornamentalNonHorticulture,,,2020,2022,"Anastasiu P, Miu I, Gavrilidis A, Preda C, Rozylowicz L, Sirbu C, Oprea A, Urziceanu M, Camen-Comanescu P, Nagoda E, Memedemin D, Barbos M, Boruz V, Cislariu A, Don I, Fagaras M, Frink J, Georgescu I, Haruta O, Hurdu B-I, Matis A, Milanovici S, Muncaciu S, Neacsu A, Neblea M, Nicolin A, Niculescu M, Oroian S, Pop O, Radutoiu D, Samarghitan M, Simion I, Soare L, Steiu C, Stoianov E, Strat D, Szabo A, Szatmari P, Tanase C, Mirea M, Manta N, Sirbu I (2024) Alien plant species distribution in Romania: a nationwide survey following the implementation of the EU Regulation on Invasive Alien Species. Biodiversity Data Journal 12. https://doi.org/10.3897/BDJ.12.e119539",,Eastern Canada | North-Central U.S.A. | Northeastern U.S.A. | Northwestern U.S.A. | South-Central U.S.A. | Southeastern U.S.A. | Southwestern U.S.A. | Western Canada,TRUE,FALSE,FALSE,,2025-11-26,Cristina Preda | Laurentiu Rozylowicz,Daniyar Memedemin
OSROPLWNN1T0H3331U,Symphyotrichum novi-belgii (L.) G.L.Nesom,Plantae,Tracheophyta,Magnoliopsida,Asterales,Asteraceae,Symphyotrichum,species,ICN,Romania,RO,present,introduced,casual,ornamentalNonHorticulture,,,2020,2022,"Anastasiu P, Miu I, Gavrilidis A, Preda C, Rozylowicz L, Sirbu C, Oprea A, Urziceanu M, Camen-Comanescu P, Nagoda E, Memedemin D, Barbos M, Boruz V, Cislariu A, Don I, Fagaras M, Frink J, Georgescu I, Haruta O, Hurdu B-I, Matis A, Milanovici S, Muncaciu S, Neacsu A, Neblea M, Nicolin A, Niculescu M, Oroian S, Pop O, Radutoiu D, Samarghitan M, Simion I, Soare L, Steiu C, Stoianov E, Strat D, Szabo A, Szatmari P, Tanase C, Mirea M, Manta N, Sirbu I (2024) Alien plant species distribution in Romania: a nationwide survey following the implementation of the EU Regulation on Invasive Alien Species. Biodiversity Data Journal 12. https://doi.org/10.3897/BDJ.12.e119539",,Eastern Canada | Northeastern U.S.A. | Southeastern U.S.A.,TRUE,FALSE,FALSE,,2025-11-26,Cristina Preda | Laurentiu Rozylowicz,Daniyar Memedemin
OSROUCKLSY19TKTJPR6XW5,Aubrieta deltoidea (L.) DC.,Plantae,Tracheophyta,Magnoliopsida,Brassicales,Brassicaceae,Aubrieta,species,ICN,Romania,RO,present,introduced,casual,ornamentalNonHorticulture,,,2020,2020,"Anastasiu P, Miu I, Gavrilidis A, Preda C, Rozylowicz L, Sirbu C, Oprea A, Urziceanu M, Camen-Comanescu P, Nagoda E, Memedemin D, Barbos M, Boruz V, Cislariu A, Don I, Fagaras M, Frink J, Georgescu I, Haruta O, Hurdu B-I, Matis A, Milanovici S, Muncaciu S, Neacsu A, Neblea M, Nicolin A, Niculescu M, Oroian S, Pop O, Radutoiu D, Samarghitan M, Simion I, Soare L, Steiu C, Stoianov E, Strat D, Szabo A, Szatmari P, Tanase C, Mirea M, Manta N, Sirbu I (2024) Alien plant species distribution in Romania: a nationwide survey following the implementation of the EU Regulation on Invasive Alien Species. Biodiversity Data Journal 12. https://doi.org/10.3897/BDJ.12.e119539",,Southeastern Europe | Western Asia,TRUE,FALSE,FALSE,,2025-11-26,Cristina Preda | Laurentiu Rozylowicz,Daniyar Memedemin
OSRO7G7VCILDQ4R9AB,Brassica rapa L.,Plantae,Tracheophyta,Magnoliopsida,Brassicales,Brassicaceae,Brassica,species,ICN,Romania,RO,present,introduced,reproducing,agriculture,,,2020,2022,"Anastasiu P, Miu I, Gavrilidis A, Preda C, Rozylowicz L, Sirbu C, Oprea A, Urziceanu M, Camen-Comanescu P, Nagoda E, Memedemin D, Barbos M, Boruz V, Cislariu A, Don I, Fagaras M, Frink J, Georgescu I, Haruta O, Hurdu B-I, Matis A, Milanovici S, Muncaciu S, Neacsu A, Neblea M, Nicolin A, Niculescu M, Oroian S, Pop O, Radutoiu D, Samarghitan M, Simion I, Soare L, Steiu C, Stoianov E, Strat D, Szabo A, Szatmari P, Tanase C, Mirea M, Manta N, Sirbu I (2024) Alien plant species distribution in Romania: a nationwide survey following the implementation of the EU Regulation on Invasive Alien Species. Biodiversity Data Journal 12. https://doi.org/10.3897/BDJ.12.e119539",,Arabian Peninsula | Caucasus | Northeast Tropical Africa | Northern Africa | Southeastern Europe | Western Asia,TRUE,FALSE,FALSE,,2025-11-26,Cristina Preda | Laurentiu Rozylowicz,Daniyar Memedemin
OSROYTRA4SFEY0DFE4,Delosperma cooperi (Hook.fil.) L.Bolus,Plantae,Tracheophyta,Magnoliopsida,Caryophyllales,Aizoaceae,Delosperma,species,ICN,Romania,RO,present,introduced,casual,ornamentalNonHorticulture,,,2020,2020,"Anastasiu P, Miu I, Gavrilidis A, Preda C, Rozylowicz L, Sirbu C, Oprea A, Urziceanu M, Camen-Comanescu P, Nagoda E, Memedemin D, Barbos M, Boruz V, Cislariu A, Don I, Fagaras M, Frink J, Georgescu I, Haruta O, Hurdu B-I, Matis A, Milanovici S, Muncaciu S, Neacsu A, Neblea M, Nicolin A, Niculescu M, Oroian S, Pop O, Radutoiu D, Samarghitan M, Simion I, Soare L, Steiu C, Stoianov E, Strat D, Szabo A, Szatmari P, Tanase C, Mirea M, Manta N, Sirbu I (2024) Alien plant species distribution in Romania: a nationwide survey following the implementation of the EU Regulation on Invasive Alien Species. Biodiversity Data Journal 12. https://doi.org/10.3897/BDJ.12.e119539",,Southern Africa,TRUE,FALSE,FALSE,,2025-11-26,Cristina Preda | Laurentiu Rozylowicz,Daniyar Memedemin
OSROVCXD0L21R8G2AY,Deutzia scabra Thunb.,Plantae,Tracheophyta,Magnoliopsida,Cornales,Hydrangeaceae,Deutzia,species,ICN,Romania,RO,present,introduced,casual,ornamentalNonHorticulture,,,2020,2020,"Anastasiu P, Miu I, Gavrilidis A, Preda C, Rozylowicz L, Sirbu C, Oprea A, Urziceanu M, Camen-Comanescu P, Nagoda E, Memedemin D, Barbos M, Boruz V, Cislariu A, Don I, Fagaras M, Frink J, Georgescu I, Haruta O, Hurdu B-I, Matis A, Milanovici S, Muncaciu S, Neacsu A, Neblea M, Nicolin A, Niculescu M, Oroian S, Pop O, Radutoiu D, Samarghitan M, Simion I, Soare L, Steiu C, Stoianov E, Strat D, Szabo A, Szatmari P, Tanase C, Mirea M, Manta N, Sirbu I (2024) Alien plant species distribution in Romania: a nationwide survey following the implementation of the EU Regulation on Invasive Alien Species. Biodiversity Data Journal 12. https://doi.org/10.3897/BDJ.12.e119539",,Eastern Asia,TRUE,FALSE,FALSE,,2025-11-26,Cristina Preda | Laurentiu Rozylowicz,Daniyar Memedemin
OSROAGFY9OLC8RSEUA,Cucurbita maxima Duchesne,Plantae,Tracheophyta,Magnoliopsida,Cucurbitales,Cucurbitaceae,Cucurbita,species,ICN,Romania,RO,present,introduced,casual,agriculture,,,2020,2022,"Anastasiu P, Miu I, Gavrilidis A, Preda C, Rozylowicz L, Sirbu C, Oprea A, Urziceanu M, Camen-Comanescu P, Nagoda E, Memedemin D, Barbos M, Boruz V, Cislariu A, Don I, Fagaras M, Frink J, Georgescu I, Haruta O, Hurdu B-I, Matis A, Milanovici S, Muncaciu S, Neacsu A, Neblea M, Nicolin A, Niculescu M, Oroian S, Pop O, Radutoiu D, Samarghitan M, Simion I, Soare L, Steiu C, Stoianov E, Strat D, Szabo A, Szatmari P, Tanase C, Mirea M, Manta N, Sirbu I (2024) Alien plant species distribution in Romania: a nationwide survey following the implementation of the EU Regulation on Invasive Alien Species. Biodiversity Data Journal 12. https://doi.org/10.3897/BDJ.12.e119539",,Southern South America | Western South America,TRUE,FALSE,FALSE,,2025-11-26,Cristina Preda | Laurentiu Rozylowicz,Daniyar Memedemin
OSROW7165Y8MJ9RXF8,Satureja hortensis L.,Plantae,Tracheophyta,Magnoliopsida,Lamiales,Lamiaceae,Satureja,species,ICN,Romania,RO,present,introduced,casual,horticulture,,,2020,2022,"Baumgarten JChG (1816) Enumeratio Stirpium Magno Transsilvaniae Principatui, I-III, Vindobonae",,Central Asia | Eastern Europe | Southeastern Europe,TRUE,FALSE,FALSE,,2025-11-26,Cristina Preda | Laurentiu Rozylowicz,Culita Sirbu
OSRO8V8UWKNUFY2NTF,Hibiscus syriacus L.,Plantae,Tracheophyta,Magnoliopsida,Malvales,Malvaceae,Hibiscus,species,ICN,Romania,RO,present,introduced,reproducing,horticulture,,,2020,2022,"Anastasiu P, Miu I, Gavrilidis A, Preda C, Rozylowicz L, Sirbu C, Oprea A, Urziceanu M, Camen-Comanescu P, Nagoda E, Memedemin D, Barbos M, Boruz V, Cislariu A, Don I, Fagaras M, Frink J, Georgescu I, Haruta O, Hurdu B-I, Matis A, Milanovici S, Muncaciu S, Neacsu A, Neblea M, Nicolin A, Niculescu M, Oroian S, Pop O, Radutoiu D, Samarghitan M, Simion I, Soare L, Steiu C, Stoianov E, Strat D, Szabo A, Szatmari P, Tanase C, Mirea M, Manta N, Sirbu I (2024) Alien plant species distribution in Romania: a nationwide survey following the implementation of the EU Regulation on Invasive Alien Species. Biodiversity Data Journal 12. https://doi.org/10.3897/BDJ.12.e119539",,China | Eastern Asia,TRUE,FALSE,FALSE,,2025-11-26,Cristina Preda | Laurentiu Rozylowicz,Culita Sirbu
OSROJ7BSV29QS0SGDX,Ludwigia peploides (Kunth) P.H.Raven,Plantae,Tracheophyta,Magnoliopsida,Myrtales,Onagraceae,Ludwigia,species,ICN,Romania,RO,present,introduced,invasive,OtherIntentionalRelease,escapeFromConfinement,,2020,2021,"Anastasiu P, Miu I, Gavrilidis A, Preda C, Rozylowicz L, Sirbu C, Oprea A, Urziceanu M, Camen-Comanescu P, Nagoda E, Memedemin D, Barbos M, Boruz V, Cislariu A, Don I, Fagaras M, Frink J, Georgescu I, Haruta O, Hurdu B-I, Matis A, Milanovici S, Muncaciu S, Neacsu A, Neblea M, Nicolin A, Niculescu M, Oroian S, Pop O, Radutoiu D, Samarghitan M, Simion I, Soare L, Steiu C, Stoianov E, Strat D, Szabo A, Szatmari P, Tanase C, Mirea M, Manta N, Sirbu I (2024) Alien plant species distribution in Romania: a nationwide survey following the implementation of the EU Regulation on Invasive Alien Species. Biodiversity Data Journal 12. https://doi.org/10.3897/BDJ.12.e119539 | Blackburn TM, Pysek P, Bacher S, Carlton JT, Duncan RP, Jarosik V, Wilson JRU, Richardson DM (2011) A proposed unified framework for biological invasions. Trends in Ecology and Evolution 26: 333–339. https://doi.org/10.1016/j.tree.2011.03.023",species of Union Concern (Regulation 1143/2014),Australia | Brazil | Caribbean | Central America | China | Eastern Asia | Mexico | North-Central U.S.A. | Northeastern U.S.A. | Northern South America | Northwestern U.S.A. | South-Central U.S.A. | Southeastern U.S.A. | Southern South America | Southwestern U.S.A. | Western South America,TRUE,FALSE,TRUE,,2025-11-26,Cristina Preda | Laurentiu Rozylowicz,Ioana-Minodora Sirbu
OSROPGYAFQJD3CZU0J,Oenothera speciosa Nutt.,Plantae,Tracheophyta,Magnoliopsida,Myrtales,Onagraceae,Oenothera,species,ICN,Romania,RO,present,introduced,casual,ornamentalNonHorticulture,,,2020,2025,"Anastasiu P, Miu I, Gavrilidis A, Preda C, Rozylowicz L, Sirbu C, Oprea A, Urziceanu M, Camen-Comanescu P, Nagoda E, Memedemin D, Barbos M, Boruz V, Cislariu A, Don I, Fagaras M, Frink J, Georgescu I, Haruta O, Hurdu B-I, Matis A, Milanovici S, Muncaciu S, Neacsu A, Neblea M, Nicolin A, Niculescu M, Oroian S, Pop O, Radutoiu D, Samarghitan M, Simion I, Soare L, Steiu C, Stoianov E, Strat D, Szabo A, Szatmari P, Tanase C, Mirea M, Manta N, Sirbu I (2024) Alien plant species distribution in Romania: a nationwide survey following the implementation of the EU Regulation on Invasive Alien Species. Biodiversity Data Journal 12. https://doi.org/10.3897/BDJ.12.e119539 | https://www.inaturalist.org/observations/300481140 | Blackburn TM, Pysek P, Bacher S, Carlton JT, Duncan RP, Jarosik V, Wilson JRU, Richardson DM (2011) A proposed unified framework for biological invasions. Trends in Ecology and Evolution 26: 333–339. https://doi.org/10.1016/j.tree.2011.03.023",,Mexico | North-Central U.S.A. | Northeastern U.S.A. | South-Central U.S.A. | Southeastern U.S.A.,TRUE,FALSE,FALSE,,2025-11-26,Cristina Preda | Laurentiu Rozylowicz,Ioana-Minodora Sirbu
OSRO8H0XF1H4CQBN01,Pyracantha coccinea M.Roem.,Plantae,Tracheophyta,Magnoliopsida,Rosales,Rosaceae,Pyracantha,species,ICN,Romania,RO,present,introduced,casual,ornamentalNonHorticulture,,,2020,2021,"Anastasiu P, Miu I, Gavrilidis A, Preda C, Rozylowicz L, Sirbu C, Oprea A, Urziceanu M, Camen-Comanescu P, Nagoda E, Memedemin D, Barbos M, Boruz V, Cislariu A, Don I, Fagaras M, Frink J, Georgescu I, Haruta O, Hurdu B-I, Matis A, Milanovici S, Muncaciu S, Neacsu A, Neblea M, Nicolin A, Niculescu M, Oroian S, Pop O, Radutoiu D, Samarghitan M, Simion I, Soare L, Steiu C, Stoianov E, Strat D, Szabo A, Szatmari P, Tanase C, Mirea M, Manta N, Sirbu I (2024) Alien plant species distribution in Romania: a nationwide survey following the implementation of the EU Regulation on Invasive Alien Species. Biodiversity Data Journal 12. https://doi.org/10.3897/BDJ.12.e119539 | Blackburn TM, Pysek P, Bacher S, Carlton JT, Duncan RP, Jarosik V, Wilson JRU, Richardson DM (2011) A proposed unified framework for biological invasions. Trends in Ecology and Evolution 26: 333–339. https://doi.org/10.1016/j.tree.2011.03.023",,Caucasus | Eastern Europe | Middle Europe | Southeastern Europe | Southwestern Europe | Western Asia,TRUE,FALSE,FALSE,,2025-11-26,Cristina Preda | Laurentiu Rozylowicz,Ioana-Minodora Sirbu
OSROUCKLSSTWBO9X9WNQOV,Bergenia crassifolia (L.) Fritsch,Plantae,Tracheophyta,Magnoliopsida,Saxifragales,Saxifragaceae,Bergenia,species,ICN,Romania,RO,present,introduced,casual,ornamentalNonHorticulture,,,2020,2021,"Anastasiu P, Miu I, Gavrilidis A, Preda C, Rozylowicz L, Sirbu C, Oprea A, Urziceanu M, Camen-Comanescu P, Nagoda E, Memedemin D, Barbos M, Boruz V, Cislariu A, Don I, Fagaras M, Frink J, Georgescu I, Haruta O, Hurdu B-I, Matis A, Milanovici S, Muncaciu S, Neacsu A, Neblea M, Nicolin A, Niculescu M, Oroian S, Pop O, Radutoiu D, Samarghitan M, Simion I, Soare L, Steiu C, Stoianov E, Strat D, Szabo A, Szatmari P, Tanase C, Mirea M, Manta N, Sirbu I (2024) Alien plant species distribution in Romania: a nationwide survey following the implementation of the EU Regulation on Invasive Alien Species. Biodiversity Data Journal 12. https://doi.org/10.3897/BDJ.12.e119539 | Blackburn TM, Pysek P, Bacher S, Carlton JT, Duncan RP, Jarosik V, Wilson JRU, Richardson DM (2011) A proposed unified framework for biological invasions. Trends in Ecology and Evolution 26: 333–339. https://doi.org/10.1016/j.tree.2011.03.023",,Central Asia | China | Eastern Asia | Mongolia | Russian Far East | Siberia,TRUE,FALSE,FALSE,,2025-11-26,Cristina Preda | Laurentiu Rozylowicz,Ioana-Minodora Sirbu
OSROZ5UYPW5WYATZDD,"Petunia axillaris (Lam.) Britton, Sterns & Poggenb.",Plantae,Tracheophyta,Magnoliopsida,Solanales,Solanaceae,Petunia,species,ICN,Romania,RO,present,introduced,casual,ornamentalNonHorticulture,,,2020,2020,"Anastasiu P, Miu I, Gavrilidis A, Preda C, Rozylowicz L, Sirbu C, Oprea A, Urziceanu M, Camen-Comanescu P, Nagoda E, Memedemin D, Barbos M, Boruz V, Cislariu A, Don I, Fagaras M, Frink J, Georgescu I, Haruta O, Hurdu B-I, Matis A, Milanovici S, Muncaciu S, Neacsu A, Neblea M, Nicolin A, Niculescu M, Oroian S, Pop O, Radutoiu D, Samarghitan M, Simion I, Soare L, Steiu C, Stoianov E, Strat D, Szabo A, Szatmari P, Tanase C, Mirea M, Manta N, Sirbu I (2024) Alien plant species distribution in Romania: a nationwide survey following the implementation of the EU Regulation on Invasive Alien Species. Biodiversity Data Journal 12. https://doi.org/10.3897/BDJ.12.e119539 | Blackburn TM, Pysek P, Bacher S, Carlton JT, Duncan RP, Jarosik V, Wilson JRU, Richardson DM (2011) A proposed unified framework for biological invasions. Trends in Ecology and Evolution 26: 333–339. https://doi.org/10.1016/j.tree.2011.03.023",,Brazil | Southern South America | Western South America,TRUE,FALSE,FALSE,,2025-11-26,Cristina Preda | Laurentiu Rozylowicz,Ioana-Minodora Sirbu
OSROHTM5KC0AS464QV,Physalis peruviana L.,Plantae,Tracheophyta,Magnoliopsida,Solanales,Solanaceae,Physalis,species,ICN,Romania,RO,present,introduced,casual,escapeFromConfinement,,,2020,2020,"Anastasiu P, Miu I, Gavrilidis A, Preda C, Rozylowicz L, Sirbu C, Oprea A, Urziceanu M, Camen-Comanescu P, Nagoda E, Memedemin D, Barbos M, Boruz V, Cislariu A, Don I, Fagaras M, Frink J, Georgescu I, Haruta O, Hurdu B-I, Matis A, Milanovici S, Muncaciu S, Neacsu A, Neblea M, Nicolin A, Niculescu M, Oroian S, Pop O, Radutoiu D, Samarghitan M, Simion I, Soare L, Steiu C, Stoianov E, Strat D, Szabo A, Szatmari P, Tanase C, Mirea M, Manta N, Sirbu I (2024) Alien plant species distribution in Romania: a nationwide survey following the implementation of the EU Regulation on Invasive Alien Species. Biodiversity Data Journal 12. https://doi.org/10.3897/BDJ.12.e119539 | Blackburn TM, Pysek P, Bacher S, Carlton JT, Duncan RP, Jarosik V, Wilson JR, Richardson DM (2011) A proposed unified framework for biological invasions. Trends in Ecology and Evolution 26: 333-339. https://doi.org/10.1016/j.tree.2011.03.023",,Brazil | Western South America,TRUE,FALSE,FALSE,,2025-11-26,Cristina Preda | Laurentiu Rozylowicz,Ioana-Minodora Sirbu
OSROUCKL29RVUVP8OB35JW,"Marenzelleria neglecta Sikorski & Bick, 2004",Animalia,Annelida,Polychaeta,Spionida,Spionidae,Marenzelleria,species,ICZN,Romania,RO,present,introduced,colonising,transportStowaway,naturalDispersal,,2021,2021,"Teaca A, Begun T, Menabit S, Muresan M (2022) The First Record of Marenzelleria neglecta and the Spread of Laonome xeprovala in the Danube Delta-Black Sea Ecosystem. Diversity 14: 423. https://doi.org/10.3390/d14060423",,Northern America (Atlantic coast) | Atlantic Ocean,FALSE,TRUE,TRUE,,2026-03-08,Cristina Preda | Laurentiu Rozylowicz,Marius Skolka | Carla F. Gavrilescu
OSROUCKLXNTS2B4CH36IBE,"Shelfordella lateralis (Walker, 1868)",Animalia,Arthropoda,Insecta,Blattodea,Blattidae,Shelfordella,species,ICZN,Romania,RO,present,introduced,colonising,escapeFromConfinement,naturalDispersal,,2021,2021,"Preda C, Adam C, Constantinescu IC, Popa OP, Popa LO, Balcu M-J, Brezeanu AM, Dascalu MM, Draghici A-C, Gavrilescu CF, Gavrilidis AA, Gheoca V, Iorgu EI, Iorgu IS, Krapal AM, Maican S, Manci C-O, Manta N, Manu M, Motoc RM, Niculae IM, Petrescu A-M, Pintilioaie A-M, Popa AF, Radac IA, Rozylowicz L, Ruicanescu A, Sahlean TC, Surugiu V, Serban C, Stefan A, Szekely L, Tausan I, Skolka M (2026) From soil to stream and sea: species richness and distribution of alien invertebrates in Romania. NeoBiota. | Adam C, Constantinescu IC, Draghici AC, Fusu L, Fusu MM, Gheoca V, Iorgu IS, Irimia AG, Maican S, Manci CO, Manu M, Mitroiu MD, Olosutean HG, Perju M, Petrescu AM, Pintilioaie AM, Popa AF, Popescu IE, Popovici OA, Prunar FV, Radac IA, Sahlean TC, Sitar C, Stanciu CR, Szekely L, Tausan I, Tomozii IB, Torok SC, Zaharia LG (2022) Raport final privind distributia speciilor de nevertebrate terestre alogene din hot-spot-uri si caile prioritare de patrundere (an 3 cartare). Raport intocmit in cadrul Proiectului POIM2014+120008 - Managementul adecvat al speciilor invazive din Romania, in conformitate cu Regulamentul UE 1143/2014 referitor la prevenirea si gestionarea introducerii si raspandirii speciilor alogene invazive. Ministerul Mediului, Apelor si Padurilor & Universitatea din Bucuresti, Bucuresti.",,Western Asia | Central Asia,TRUE,FALSE,FALSE,,2025-11-26,Cristina Preda | Laurentiu Rozylowicz,Marius Skolka | Carla F. Gavrilescu
OSROUCKLORZ96FBW6LXA3E,"Lasioderma serricorne Fabricius, 1792",Animalia,Arthropoda,Insecta,Coleoptera,Ptinidae,Lasioderma,species,ICZN,Romania,RO,present,introduced,colonising,transportStowaway,naturalDispersal,,2021,2022,"Preda C, Adam C, Constantinescu IC, Popa OP, Popa LO, Balcu M-J, Brezeanu AM, Dascalu MM, Draghici A-C, Gavrilescu CF, Gavrilidis AA, Gheoca V, Iorgu EI, Iorgu IS, Krapal AM, Maican S, Manci C-O, Manta N, Manu M, Motoc RM, Niculae IM, Petrescu A-M, Pintilioaie A-M, Popa AF, Radac IA, Rozylowicz L, Ruicanescu A, Sahlean TC, Surugiu V, Serban C, Stefan A, Szekely L, Tausan I, Skolka M (2026) From soil to stream and sea: species richness and distribution of alien invertebrates in Romania. NeoBiota. | Adam C, Constantinescu IC, Draghici AC, Fusu L, Fusu MM, Gheoca V, Iorgu IS, Irimia AG, Maican S, Manci CO, Manu M, Mitroiu MD, Olosutean HG, Perju M, Petrescu AM, Pintilioaie AM, Popa AF, Popescu IE, Popovici OA, Prunar FV, Radac IA, Sahlean TC, Sitar C, Stanciu CR, Szekely L, Tausan I, Tomozii IB, Torok SC, Zaharia LG (2022) Raport final privind distributia speciilor de nevertebrate terestre alogene din hot-spot-uri si caile prioritare de patrundere (an 3 cartare). Raport intocmit in cadrul Proiectului POIM2014+120008 - Managementul adecvat al speciilor invazive din Romania, in conformitate cu Regulamentul UE 1143/2014 referitor la prevenirea si gestionarea introducerii si raspandirii speciilor alogene invazive. Ministerul Mediului, Apelor si Padurilor & Universitatea din Bucuresti, Bucuresti.",,Central America | South America,TRUE,FALSE,FALSE,Nicotiana tabacum | Plantae,2025-11-26,Cristina Preda | Laurentiu Rozylowicz,Marius Skolka | Carla F. Gavrilescu
OSROUCKL50Y85SDISXOUUU,Tenebroides mauritanicus (Linnaeus),Animalia,Arthropoda,Insecta,Coleoptera,Trogossitidae,Tenebroides,species,ICZN,Romania,RO,present,introduced,colonising,transportStowaway,naturalDispersal,,2021,2022,"Preda C, Adam C, Constantinescu IC, Popa OP, Popa LO, Balcu M-J, Brezeanu AM, Dascalu MM, Draghici A-C, Gavrilescu CF, Gavrilidis AA, Gheoca V, Iorgu EI, Iorgu IS, Krapal AM, Maican S, Manci C-O, Manta N, Manu M, Motoc RM, Niculae IM, Petrescu A-M, Pintilioaie A-M, Popa AF, Radac IA, Rozylowicz L, Ruicanescu A, Sahlean TC, Surugiu V, Serban C, Stefan A, Szekely L, Tausan I, Skolka M (2026) From soil to stream and sea: species richness and distribution of alien invertebrates in Romania. NeoBiota. | Adam C, Constantinescu IC, Draghici AC, Fusu L, Fusu MM, Gheoca V, Iorgu IS, Irimia AG, Maican S, Manci CO, Manu M, Mitroiu MD, Olosutean HG, Perju M, Petrescu AM, Pintilioaie AM, Popa AF, Popescu IE, Popovici OA, Prunar FV, Radac IA, Sahlean TC, Sitar C, Stanciu CR, Szekely L, Tausan I, Tomozii IB, Torok SC, Zaharia LG (2022) Raport final privind distributia speciilor de nevertebrate terestre alogene din hot-spot-uri si caile prioritare de patrundere (an 3 cartare). Raport intocmit in cadrul Proiectului POIM2014+120008 - Managementul adecvat al speciilor invazive din Romania, in conformitate cu Regulamentul UE 1143/2014 referitor la prevenirea si gestionarea introducerii si raspandirii speciilor alogene invazive. Ministerul Mediului, Apelor si Padurilor & Universitatea din Bucuresti, Bucuresti.",,Africa,TRUE,FALSE,FALSE,Poaceae,2025-11-26,Cristina Preda | Laurentiu Rozylowicz,Marius Skolka | Carla F. Gavrilescu
OSROUCKLDJYJYTLP2L5FGU,"Appendiseta robiniae (Gillette, 1907)",Animalia,Arthropoda,Insecta,Hemiptera,Aphididae,Appendiseta,species,ICZN,Romania,RO,present,introduced,invasive,transportContaminant,parasitesOnPlants,,2021,2022,"Preda C, Adam C, Constantinescu IC, Popa OP, Popa LO, Balcu M-J, Brezeanu AM, Dascalu MM, Draghici A-C, Gavrilescu CF, Gavrilidis AA, Gheoca V, Iorgu EI, Iorgu IS, Krapal AM, Maican S, Manci C-O, Manta N, Manu M, Motoc RM, Niculae IM, Petrescu A-M, Pintilioaie A-M, Popa AF, Radac IA, Rozylowicz L, Ruicanescu A, Sahlean TC, Surugiu V, Serban C, Stefan A, Szekely L, Tausan I, Skolka M (2026) From soil to stream and sea: species richness and distribution of alien invertebrates in Romania. NeoBiota.",,Northern America,TRUE,FALSE,FALSE,Robinia,2025-11-26,Cristina Preda | Laurentiu Rozylowicz,Costica Adam
OSROUCKLHV9XH6T0XFNCI1,"Physokermes piceae (Schrank, 1801)",Animalia,Arthropoda,Insecta,Hemiptera,Coccidae,Physokermes,species,ICZN,Romania,RO,present,introduced,colonising,transportContaminant,parasitesOnPlants,,2021,2022,"Preda C, Adam C, Constantinescu IC, Popa OP, Popa LO, Balcu M-J, Brezeanu AM, Dascalu MM, Draghici A-C, Gavrilescu CF, Gavrilidis AA, Gheoca V, Iorgu EI, Iorgu IS, Krapal AM, Maican S, Manci C-O, Manta N, Manu M, Motoc RM, Niculae IM, Petrescu A-M, Pintilioaie A-M, Popa AF, Radac IA, Rozylowicz L, Ruicanescu A, Sahlean TC, Surugiu V, Serban C, Stefan A, Szekely L, Tausan I, Skolka M (2026) From soil to stream and sea: species richness and distribution of alien invertebrates in Romania. NeoBiota.",,Northern America,TRUE,FALSE,FALSE,Picea,2025-11-26,Cristina Preda | Laurentiu Rozylowicz,Costica Adam
OSROUCKLH4C7BHCMCCIR76,"Zelus renardii Kolenati, 1857",Animalia,Arthropoda,Insecta,Hemiptera,Reduviidae,Zelus,species,ICZN,Romania,RO,present,introduced,colonising,naturalDispersal,,,2021,2021,"Kment P, van der Heyden T (2022) Zelus renardii (Hemiptera: Heteroptera: Reduviidae): first records from Croatia, Montenegro, and an accidental introduction to the Czech Republic. Zenodo. https://doi.org/10.5281/zenodo.6373854",,Northern America | Central America,TRUE,FALSE,FALSE,,2026-03-15,Cristina Preda | Laurentiu Rozylowicz,Marius Skolka | Carla F. Gavrilescu
OSROUCKL9C2NHM9CJDWL6Q,"Bruchophagus robiniae Zerova, 1970",Animalia,Arthropoda,Insecta,Hymenoptera,Eurytomidae,Bruchophagus,species,ICZN,Romania,RO,present,introduced,colonising,transportContaminant,naturalDispersal,,2021,2022,"Preda C, Adam C, Constantinescu IC, Popa OP, Popa LO, Balcu M-J, Brezeanu AM, Dascalu MM, Draghici A-C, Gavrilescu CF, Gavrilidis AA, Gheoca V, Iorgu EI, Iorgu IS, Krapal AM, Maican S, Manci C-O, Manta N, Manu M, Motoc RM, Niculae IM, Petrescu A-M, Pintilioaie A-M, Popa AF, Radac IA, Rozylowicz L, Ruicanescu A, Sahlean TC, Surugiu V, Serban C, Stefan A, Szekely L, Tausan I, Skolka M (2026) From soil to stream and sea: species richness and distribution of alien invertebrates in Romania. NeoBiota.",,Cryptogenic,TRUE,FALSE,FALSE,Robinia,2025-11-26,Cristina Preda | Laurentiu Rozylowicz,Marius Skolka | Carla F. Gavrilescu
OSROUCKL69JT7U2SG0XOFI,Vespa orientalis,Animalia,Arthropoda,Insecta,Hymenoptera,Vespidae,Vespa,species,ICZN,Romania,RO,present,introduced,colonising,transportStowaway,,,2021,2021,"Preda C, Adam C, Constantinescu IC, Popa OP, Popa LO, Balcu M-J, Brezeanu AM, Dascalu MM, Draghici A-C, Gavrilescu CF, Gavrilidis AA, Gheoca V, Iorgu EI, Iorgu IS, Krapal AM, Maican S, Manci C-O, Manta N, Manu M, Motoc RM, Niculae IM, Petrescu A-M, Pintilioaie A-M, Popa AF, Radac IA, Rozylowicz L, Ruicanescu A, Sahlean TC, Surugiu V, Serban C, Stefan A, Szekely L, Tausan I, Skolka M (2026) From soil to stream and sea: species richness and distribution of alien invertebrates in Romania. NeoBiota. | Zachi M, Ruicanescu A (2021) Vespa orientalis, a new alien species in Romania. Travaux du Museum National d'Histoire Naturelle ""Grigore Antipa"" 64: 67-72. https://doi.org/10.3897/travaux.64.e61954",,Northern Africa | Western Asia,TRUE,FALSE,FALSE,,2025-11-26,Cristina Preda | Laurentiu Rozylowicz,Marius Skolka | Carla F. Gavrilescu
OSROUCKLLFE93GHJH1EMFK,"Argyresthia thuiella (Packard, 1871)",Animalia,Arthropoda,Insecta,Lepidoptera,Argyresthiidae,Argyresthia,species,ICZN,Romania,RO,present,introduced,colonising,transportStowaway,naturalDispersal,,2021,2022,"Rakosy L, Momeu L (Eds) (2009) Neobiota din Romania. Editura Presa Universitara Clujeana, Cluj-Napoca.",,Northern America,TRUE,FALSE,FALSE,Thuja,2025-11-26,Cristina Preda | Laurentiu Rozylowicz,Marius Skolka | Carla F. Gavrilescu
OSROUCKL26Z7LDZVIU3XNW,"Grammodes bifasciata Petagna, 1787",Animalia,Arthropoda,Insecta,Lepidoptera,Erebidae,Grammodes,species,ICZN,Romania,RO,present,introduced,colonising,transportContaminant,,,2021,2022,"Adam C, Constantinescu IC, Draghici AC, Fusu L, Fusu MM, Gheoca V, Iorgu IS, Irimia AG, Maican S, Manci CO, Manu M, Mitroiu MD, Olosutean HG, Perju M, Petrescu AM, Pintilioaie AM, Popa AF, Popescu IE, Popovici OA, Prunar FV, Radac IA, Sahlean TC, Sitar C, Stanciu CR, Szekely L, Tausan I, Tomozii IB, Torok SC, Zaharia LG (2022) Raport final privind distributia speciilor de nevertebrate terestre alogene din hot-spot-uri si caile prioritare de patrundere (an 3 cartare). Raport intocmit in cadrul Proiectului POIM2014+120008 - Managementul adecvat al speciilor invazive din Romania, in conformitate cu Regulamentul UE 1143/2014 referitor la prevenirea si gestionarea introducerii si raspandirii speciilor alogene invazive. Ministerul Mediului, Apelor si Padurilor & Universitatea din Bucuresti, Bucuresti.",,Africa,TRUE,FALSE,FALSE,Poaceae,2025-11-26,Cristina Preda | Laurentiu Rozylowicz,Marius Skolka | Carla F. Gavrilescu
OSROUCKL8Z72IPX9LPVWB5,"Phyllocnistis citrella Stainton, 1856",Animalia,Arthropoda,Insecta,Lepidoptera,Gracillariidae,Phyllocnistis,species,ICZN,Romania,RO,present,introduced,colonising,transportContaminant,,,2021,2022,"Preda C, Adam C, Constantinescu IC, Popa OP, Popa LO, Balcu M-J, Brezeanu AM, Dascalu MM, Draghici A-C, Gavrilescu CF, Gavrilidis AA, Gheoca V, Iorgu EI, Iorgu IS, Krapal AM, Maican S, Manci C-O, Manta N, Manu M, Motoc RM, Niculae IM, Petrescu A-M, Pintilioaie A-M, Popa AF, Radac IA, Rozylowicz L, Ruicanescu A, Sahlean TC, Surugiu V, Serban C, Stefan A, Szekely L, Tausan I, Skolka M (2026) From soil to stream and sea: species richness and distribution of alien invertebrates in Romania. NeoBiota.",,South-eastern Asia,TRUE,FALSE,FALSE,Citrus,2025-11-26,Cristina Preda | Laurentiu Rozylowicz,Marius Skolka | Carla F. Gavrilescu
OSROUCKLEPSJFO8LPBGXNI,"Garella musculana (Erschoff, 1874)",Animalia,Arthropoda,Insecta,Lepidoptera,Nolidae,Garella,species,ICZN,Romania,RO,present,introduced,colonising,ContaminantOnAnimals,naturalDispersal,,2021,2021,"Adam C, Constantinescu IC, Draghici AC, Fusu L, Fusu MM, Gheoca V, Iorgu IS, Irimia AG, Maican S, Manci CO, Manu M, Mitroiu MD, Olosutean HG, Perju M, Petrescu AM, Pintilioaie AM, Popa AF, Popescu IE, Popovici OA, Prunar FV, Radac IA, Sahlean TC, Sitar C, Stanciu CR, Szekely L, Tausan I, Tomozii IB, Torok SC, Zaharia LG (2022) Raport final privind distributia speciilor de nevertebrate terestre alogene din hot-spot-uri si caile prioritare de patrundere (an 3 cartare). Raport intocmit in cadrul Proiectului POIM2014+120008 - Managementul adecvat al speciilor invazive din Romania, in conformitate cu Regulamentul UE 1143/2014 referitor la prevenirea si gestionarea introducerii si raspandirii speciilor alogene invazive. Ministerul Mediului, Apelor si Padurilor & Universitatea din Bucuresti, Bucuresti.",,Eastern Asia | Southern Asia,TRUE,FALSE,FALSE,Juglans nigra,2025-11-26,Cristina Preda | Laurentiu Rozylowicz,Marius Skolka | Carla F. Gavrilescu
OSROUCKLKH0TZOXIRGXUZE,"Ectomyelois ceratoniae Zeller, 1839",Animalia,Arthropoda,Insecta,Lepidoptera,Pyralidae,Ectomyelois,species,ICZN,Romania,RO,present,introduced,colonising,transportContaminant,transportStowaway,,2021,2022,"Adam C, Constantinescu IC, Draghici AC, Fusu L, Fusu MM, Gheoca V, Iorgu IS, Irimia AG, Maican S, Manci CO, Manu M, Mitroiu MD, Olosutean HG, Perju M, Petrescu AM, Pintilioaie AM, Popa AF, Popescu IE, Popovici OA, Prunar FV, Radac IA, Sahlean TC, Sitar C, Stanciu CR, Szekely L, Tausan I, Tomozii IB, Torok SC, Zaharia LG (2022) Raport final privind distributia speciilor de nevertebrate terestre alogene din hot-spot-uri si caile prioritare de patrundere (an 3 cartare). Raport intocmit in cadrul Proiectului POIM2014+120008 - Managementul adecvat al speciilor invazive din Romania, in conformitate cu Regulamentul UE 1143/2014 referitor la prevenirea si gestionarea introducerii si raspandirii speciilor alogene invazive. Ministerul Mediului, Apelor si Padurilor & Universitatea din Bucuresti, Bucuresti.",,Southern Europe | Northern Africa | Western Asia,TRUE,FALSE,FALSE,Plantae,2025-11-26,Cristina Preda | Laurentiu Rozylowicz,Marius Skolka | Carla F. Gavrilescu
OSROUCKL1DNT2VCJXGH369,"Dorypteryx domestica (Smithers, 1958)",Animalia,Arthropoda,Insecta,Psocodea,Psyllipsocidae,Dorypteryx,species,ICZN,Romania,RO,present,introduced,colonising,transportContaminant,transportStowaway,,2021,2021,"Preda C, Adam C, Constantinescu IC, Popa OP, Popa LO, Balcu M-J, Brezeanu AM, Dascalu MM, Draghici A-C, Gavrilescu CF, Gavrilidis AA, Gheoca V, Iorgu EI, Iorgu IS, Krapal AM, Maican S, Manci C-O, Manta N, Manu M, Motoc RM, Niculae IM, Petrescu A-M, Pintilioaie A-M, Popa AF, Radac IA, Rozylowicz L, Ruicanescu A, Sahlean TC, Surugiu V, Serban C, Stefan A, Szekely L, Tausan I, Skolka M (2026) From soil to stream and sea: species richness and distribution of alien invertebrates in Romania. NeoBiota. | Adam C, Constantinescu IC, Draghici AC, Fusu L, Fusu MM, Gheoca V, Iorgu IS, Irimia AG, Maican S, Manci CO, Manu M, Mitroiu MD, Olosutean HG, Perju M, Petrescu AM, Pintilioaie AM, Popa AF, Popescu IE, Popovici OA, Prunar FV, Radac IA, Sahlean TC, Sitar C, Stanciu CR, Szekely L, Tausan I, Tomozii IB, Torok SC, Zaharia LG (2022) Raport final privind distributia speciilor de nevertebrate terestre alogene din hot-spot-uri si caile prioritare de patrundere (an 3 cartare). Raport intocmit in cadrul Proiectului POIM2014+120008 - Managementul adecvat al speciilor invazive din Romania, in conformitate cu Regulamentul UE 1143/2014 referitor la prevenirea si gestionarea introducerii si raspandirii speciilor alogene invazive. Ministerul Mediului, Apelor si Padurilor & Universitatea din Bucuresti, Bucuresti.",,Cryptogenic,TRUE,FALSE,FALSE,Fungi,2025-11-26,Cristina Preda | Laurentiu Rozylowicz,Marius Skolka | Carla F. Gavrilescu
OSROUCKLQ7OLAD3HZEKMIU,"Macrobrachium nipponense (De Haan, 1849)",Animalia,Arthropoda,Malacostraca,Decapoda,Palaemonidae,Macrobrachium,species,ICZN,Romania,RO,present,introduced,invasive,aquacultureMariculture,PublicGardenZooAquaria,naturalDispersal,2021,2023,"Preda C, Adam C, Constantinescu IC, Popa OP, Popa LO, Balcu M-J, Brezeanu AM, Dascalu MM, Draghici A-C, Gavrilescu CF, Gavrilidis AA, Gheoca V, Iorgu EI, Iorgu IS, Krapal AM, Maican S, Manci C-O, Manta N, Manu M, Motoc RM, Niculae IM, Petrescu A-M, Pintilioaie A-M, Popa AF, Radac IA, Rozylowicz L, Ruicanescu A, Sahlean TC, Surugiu V, Serban C, Stefan A, Szekely L, Tausan I, Skolka M (2026) From soil to stream and sea: species richness and distribution of alien invertebrates in Romania. NeoBiota. | Surugiu V (2022) The spread of the alien oriental river prawn Macrobrachium nipponense (De Haan, 1849) (Decapoda: Palaemonidae) in the lower Danube, with the first record from Romania. BioInvasions Records 11: 1056-1066. https://doi.org/10.3391/bir.2022.11.4.23",,Eastern Asia | South-eastern Asia,FALSE,FALSE,TRUE,,2025-11-26,Cristina Preda | Laurentiu Rozylowicz,Oana P. Popa
OSROUCKL1SMK0Y8ITKVJEY,"Carassius auratus (Linnaeus, 1758)",Animalia,Chordata,Actinopterygii,Cypriniformes,Cyprinidae,Carassius,species,ICZN,Romania,RO,present,introduced,cultivated,pet,OtherIntentionalRelease,,2021,2026,"Cogalniceanu D, Cobzaru I, Dragan O, Fanaru G, Iftime A, Stanescu F, Telea E, Topliceanu S, Ureche D, Chisamera G, Petrescu A, Iftime O (2021) Raport tehnic privind sursele bibliografice referitoare la speciile de vertebrate terestre alogene invazive si potential invazive. Zenodo. https://doi.org/10.5281/zenodo.5593956 | Dragan O, Rozylowicz L, Ureche D, Falka I, Cogalniceanu D (2024) Invasive fish species in Romanian freshwater. A review of over 100 years of occurrence reports. NeoBiota 94: 15-30. https://doi.org/10.3897/neobiota.94.117313 | Nagy AA, Eros N, Imecs I, Bone G, Fulop A, Pap PL (2023) Distribution and diversity of fishes and lampreys in Transylvania (Romania): a complete survey and suggestions for new protected areas. ZooKeys 1166: 351-373. https://doi.org/10.3897/zookeys.1166.102854 | https://www.inaturalist.org/observations/340749422",,Eastern Asia,FALSE,FALSE,TRUE,,2025-11-26,Cristina Preda | Laurentiu Rozylowicz,Marian Tudor
OSROUCKL1047ZCSEC62Y2A,"Poecilia reticulata Peters, 1859",Animalia,Chordata,Actinopterygii,Cyprinodontiformes,Poeciliidae,Poecilia,species,ICZN,Romania,RO,present,introduced,casual,releaseInNature,pet,,2021,2023,"Cogalniceanu D, Cobzaru I, Dragan O, Fanaru G, Iftime A, Stanescu F, Telea E, Topliceanu S, Ureche D, Chisamera G, Petrescu A, Iftime O (2021) Raport tehnic privind sursele bibliografice referitoare la speciile de vertebrate terestre alogene invazive si potential invazive. Zenodo. https://doi.org/10.5281/zenodo.5593956 | Nagy AA, Eros N, Imecs I, Bone G, Fulop A, Pap PL (2023) Distribution and diversity of fishes and lampreys in Transylvania (Romania): a complete survey and suggestions for new protected areas. ZooKeys 1166: 351-373. https://doi.org/10.3897/zookeys.1166.102854 | Iftime A, Iftime O (2021) Alien fish, amphibian and reptile species in Romania and their invasive status: a review with new data. Travaux du Museum National d'Histoire Naturelle ""Grigore Antipa"" 64: 131-186. https://doi.org/10.3897/travaux.64.e67558",last observation: Marian Tudor personal observations,South America | Caribbean,FALSE,FALSE,TRUE,,2025-11-26,Cristina Preda | Laurentiu Rozylowicz,Marian Tudor
OSROUCKLBA0FNRZ9VHDD4Z,"Melopsittacus undulatus (Shaw, 1805)",Animalia,Chordata,Aves,Psittaciformes,Psittaculidae,Melopsittacus,species,ICZN,Romania,RO,present,introduced,casual,pet,escapeFromConfinement,,2021,2024,"Cogalniceanu D, Cobzaru I, Dragan O, Fanaru G, Iftime A, Stanescu F, Telea E, Topliceanu S, Ureche D, Chisamera G, Petrescu A, Iftime O (2021) Raport tehnic privind sursele bibliografice referitoare la speciile de vertebrate terestre alogene invazive si potential invazive. Zenodo. https://doi.org/10.5281/zenodo.5593956 | https://www.inaturalist.org/observations/228650736",last observation: Marian Tudor personal observations,Australia and New Zealand,TRUE,FALSE,FALSE,,2025-11-26,Cristina Preda | Laurentiu Rozylowicz,Marian Tudor
OSROUCKLGQIAQ9NQZC92QJ,"Pseudemys floridana (Le Conte, 1830)",Animalia,Chordata,Reptilia,Testudines,Emydidae,Pseudemys,species,ICZN,Romania,RO,present,introduced,casual,releaseInNature,pet,,2021,2021,"Cogalniceanu D, Cobzaru I, Dragan O, Fanaru G, Iftime A, Stanescu F, Telea E, Topliceanu S, Ureche D, Chisamera G, Petrescu A, Iftime O (2021) Raport tehnic privind sursele bibliografice referitoare la speciile de vertebrate terestre alogene invazive si potential invazive. Zenodo. https://doi.org/10.5281/zenodo.5593956 | Iftime A, Iftime O (2021) Alien fish, amphibian and reptile species in Romania and their invasive status: a review with new data. Travaux du Museum National d'Histoire Naturelle ""Grigore Antipa"" 64: 131-186. https://doi.org/10.3897/travaux.64.e67558",,Northern America,FALSE,FALSE,TRUE,,2025-11-26,Cristina Preda | Laurentiu Rozylowicz,Florina Stanescu
OSROUCKLYCC1Y0PNAEBW37,"Pseudemys nelsoni Carr, 1938",Animalia,Chordata,Reptilia,Testudines,Emydidae,Pseudemys,species,ICZN,Romania,RO,present,introduced,casual,releaseInNature,pet,,2021,2021,"Cogalniceanu D, Cobzaru I, Dragan O, Fanaru G, Iftime A, Stanescu F, Telea E, Topliceanu S, Ureche D, Chisamera G, Petrescu A, Iftime O (2021) Raport tehnic privind sursele bibliografice referitoare la speciile de vertebrate terestre alogene invazive si potential invazive. Zenodo. https://doi.org/10.5281/zenodo.5593956 | Iftime A, Iftime O (2021) Alien fish, amphibian and reptile species in Romania and their invasive status: a review with new data. Travaux du Museum National d'Histoire Naturelle ""Grigore Antipa"" 64: 131-186. https://doi.org/10.3897/travaux.64.e67558",,Northern America,FALSE,FALSE,TRUE,,2025-11-26,Cristina Preda | Laurentiu Rozylowicz,Florina Stanescu
OSROUCKLAHP779QEW86E03,Arundo donax L.,Plantae,Tracheophyta,Liliopsida,Poales,Poaceae,Arundo,species,ICN,Romania,RO,present,introduced,casual,ornamentalNonHorticulture,,,2021,2021,"Anastasiu P, Miu I, Gavrilidis A, Preda C, Rozylowicz L, Sirbu C, Oprea A, Urziceanu M, Camen-Comanescu P, Nagoda E, Memedemin D, Barbos M, Boruz V, Cislariu A, Don I, Fagaras M, Frink J, Georgescu I, Haruta O, Hurdu B-I, Matis A, Milanovici S, Muncaciu S, Neacsu A, Neblea M, Nicolin A, Niculescu M, Oroian S, Pop O, Radutoiu D, Samarghitan M, Simion I, Soare L, Steiu C, Stoianov E, Strat D, Szabo A, Szatmari P, Tanase C, Mirea M, Manta N, Sirbu I (2024) Alien plant species distribution in Romania: a nationwide survey following the implementation of the EU Regulation on Invasive Alien Species. Biodiversity Data Journal 12. https://doi.org/10.3897/BDJ.12.e119539",,Arabian Peninsula | Caucasus | Central Asia | China | Eastern Asia | Indian Subcontinent | Indo-China | Western Asia,TRUE,FALSE,TRUE,,2025-11-26,Cristina Preda | Laurentiu Rozylowicz,Paulina Anastasiu
OSROC5QAUZM1O6EVBE,Cenchrus alopecuroides (L.) Thunb.,Plantae,Tracheophyta,Liliopsida,Poales,Poaceae,Cenchrus,species,ICN,Romania,RO,present,introduced,casual,ornamentalNonHorticulture,,,2021,2021,"Anastasiu P, Miu I, Gavrilidis A, Preda C, Rozylowicz L, Sirbu C, Oprea A, Urziceanu M, Camen-Comanescu P, Nagoda E, Memedemin D, Barbos M, Boruz V, Cislariu A, Don I, Fagaras M, Frink J, Georgescu I, Haruta O, Hurdu B-I, Matis A, Milanovici S, Muncaciu S, Neacsu A, Neblea M, Nicolin A, Niculescu M, Oroian S, Pop O, Radutoiu D, Samarghitan M, Simion I, Soare L, Steiu C, Stoianov E, Strat D, Szabo A, Szatmari P, Tanase C, Mirea M, Manta N, Sirbu I (2024) Alien plant species distribution in Romania: a nationwide survey following the implementation of the EU Regulation on Invasive Alien Species. Biodiversity Data Journal 12. https://doi.org/10.3897/BDJ.12.e119539",,Australia | China | Eastern Asia | Indo-China | Malesia,TRUE,FALSE,FALSE,,2025-11-26,Cristina Preda | Laurentiu Rozylowicz,Paulina Anastasiu
OSROF6VKXQR1TQAMAT,Cenchrus longisetus M.C.Johnst.,Plantae,Tracheophyta,Liliopsida,Poales,Poaceae,Cenchrus,species,ICN,Romania,RO,present,introduced,established,ballastWater,,,2021,2021,"Anastasiu P, Miu I, Gavrilidis A, Preda C, Rozylowicz L, Sirbu C, Oprea A, Urziceanu M, Camen-Comanescu P, Nagoda E, Memedemin D, Barbos M, Boruz V, Cislariu A, Don I, Fagaras M, Frink J, Georgescu I, Haruta O, Hurdu B-I, Matis A, Milanovici S, Muncaciu S, Neacsu A, Neblea M, Nicolin A, Niculescu M, Oroian S, Pop O, Radutoiu D, Samarghitan M, Simion I, Soare L, Steiu C, Stoianov E, Strat D, Szabo A, Szatmari P, Tanase C, Mirea M, Manta N, Sirbu I (2024) Alien plant species distribution in Romania: a nationwide survey following the implementation of the EU Regulation on Invasive Alien Species. Biodiversity Data Journal 12. https://doi.org/10.3897/BDJ.12.e119539",,Arabian Peninsula | Northeast Tropical Africa,TRUE,FALSE,FALSE,,2025-11-26,Cristina Preda | Laurentiu Rozylowicz,Paulina Anastasiu
OSROIGVHNV86AXU8WF,Coreopsis grandiflora Hogg ex Sweet,Plantae,Tracheophyta,Magnoliopsida,Asterales,Asteraceae,Coreopsis,species,ICN,Romania,RO,present,introduced,casual,ornamentalNonHorticulture,,,2021,2022,"Anastasiu P, Miu I, Gavrilidis A, Preda C, Rozylowicz L, Sirbu C, Oprea A, Urziceanu M, Camen-Comanescu P, Nagoda E, Memedemin D, Barbos M, Boruz V, Cislariu A, Don I, Fagaras M, Frink J, Georgescu I, Haruta O, Hurdu B-I, Matis A, Milanovici S, Muncaciu S, Neacsu A, Neblea M, Nicolin A, Niculescu M, Oroian S, Pop O, Radutoiu D, Samarghitan M, Simion I, Soare L, Steiu C, Stoianov E, Strat D, Szabo A, Szatmari P, Tanase C, Mirea M, Manta N, Sirbu I (2024) Alien plant species distribution in Romania: a nationwide survey following the implementation of the EU Regulation on Invasive Alien Species. Biodiversity Data Journal 12. https://doi.org/10.3897/BDJ.12.e119539 | Camen-Comanescu P, Mihai DC, Raicu M, Sirbu C, Oprea A, Anastasiu P (2023) Alien Flora from Buzau County - Romania. Acta Horti Botanici Bucurestiensis, 49: 49-76",,Eastern Canada | North-Central U.S.A. | Northeastern U.S.A. | South-Central U.S.A. | Southeastern U.S.A.,TRUE,FALSE,FALSE,,2025-11-26,Cristina Preda | Laurentiu Rozylowicz,Paulina Anastasiu
OSROOS9MBCGWQ4PIIF,Cercis chinensis Bunge,Plantae,Tracheophyta,Magnoliopsida,Fabales,Fabaceae,Cercis,species,ICN,Romania,RO,present,introduced,casual,horticulture,,,2020,2021,"Oprea A, Sirbu C, Doroftei M, Covaliov S (2021) New contributions to the chorology of some alien plant species in Romania's flora. Acta Horti Bot. Bucurest., 47: 13-26",,China,TRUE,FALSE,FALSE,,2025-11-26,Cristina Preda | Laurentiu Rozylowicz,Culita Sirbu
OSROW0QPD0BP3DNY0Z,Fraxinus nigra Marshall,Plantae,Tracheophyta,Magnoliopsida,Lamiales,Oleaceae,Fraxinus,species,ICN,Romania,RO,present,introduced,casual,landscapeImprovement,OtherIntentionalRelease,forestry,2021,2021,"Anastasiu P, Miu I, Gavrilidis A, Preda C, Rozylowicz L, Sirbu C, Oprea A, Urziceanu M, Camen-Comanescu P, Nagoda E, Memedemin D, Barbos M, Boruz V, Cislariu A, Don I, Fagaras M, Frink J, Georgescu I, Haruta O, Hurdu B-I, Matis A, Milanovici S, Muncaciu S, Neacsu A, Neblea M, Nicolin A, Niculescu M, Oroian S, Pop O, Radutoiu D, Samarghitan M, Simion I, Soare L, Steiu C, Stoianov E, Strat D, Szabo A, Szatmari P, Tanase C, Mirea M, Manta N, Sirbu I (2024) Alien plant species distribution in Romania: a nationwide survey following the implementation of the EU Regulation on Invasive Alien Species. Biodiversity Data Journal 12. https://doi.org/10.3897/BDJ.12.e119539",,Eastern Canada | North-Central U.S.A. | Northeastern U.S.A. | Southeastern U.S.A.,TRUE,FALSE,FALSE,,2025-11-26,Cristina Preda | Laurentiu Rozylowicz,Culita Sirbu
OSRO1L1CBAAQC8NB4F,Viola sororia f. priceana (Pollard) Cooperr.,Plantae,Tracheophyta,Magnoliopsida,Malpighiales,Violaceae,Viola,form,ICN,Romania,RO,present,introduced,casual,ornamentalNonHorticulture,,,2021,2024,"Anastasiu P, Miu I, Gavrilidis A, Preda C, Rozylowicz L, Sirbu C, Oprea A, Urziceanu M, Camen-Comanescu P, Nagoda E, Memedemin D, Barbos M, Boruz V, Cislariu A, Don I, Fagaras M, Frink J, Georgescu I, Haruta O, Hurdu B-I, Matis A, Milanovici S, Muncaciu S, Neacsu A, Neblea M, Nicolin A, Niculescu M, Oroian S, Pop O, Radutoiu D, Samarghitan M, Simion I, Soare L, Steiu C, Stoianov E, Strat D, Szabo A, Szatmari P, Tanase C, Mirea M, Manta N, Sirbu I (2024) Alien plant species distribution in Romania: a nationwide survey following the implementation of the EU Regulation on Invasive Alien Species. Biodiversity Data Journal 12. https://doi.org/10.3897/BDJ.12.e119539 | Anastasiu P, Camen-Comanescu P, Sirbu I-M, Urziceanu M (2024) Urban flora: new reports for Bucharest's flora. Acta Horti Botanici Bucurestiensis 50(1). https://doi.org/10.62229/ahbb.2024.50/3 | Blackburn TM, Pysek P, Bacher S, Carlton JT, Duncan RP, Jarosik V, Wilson JRU, Richardson DM (2011) A proposed unified framework for biological invasions. Trends in Ecology and Evolution 26: 333–339. https://doi.org/10.1016/j.tree.2011.03.023 | Plants of the World Online (2026) https://powo.science.kew.org/",,North-Central U.S.A. | Northeastern U.S.A. | Southeastern U.S.A.,TRUE,FALSE,FALSE,,2025-11-26,Cristina Preda | Laurentiu Rozylowicz,MIhaela Urziceanu
OSROTQVTC1OPEVV86N,Menispermum canadense L.,Plantae,Tracheophyta,Magnoliopsida,Ranunculales,Menispermaceae,Menispermum,species,ICN,Romania,RO,present,introduced,casual,ornamentalNonHorticulture,,,2021,2021,"Anastasiu P, Miu I, Gavrilidis A, Preda C, Rozylowicz L, Sirbu C, Oprea A, Urziceanu M, Camen-Comanescu P, Nagoda E, Memedemin D, Barbos M, Boruz V, Cislariu A, Don I, Fagaras M, Frink J, Georgescu I, Haruta O, Hurdu B-I, Matis A, Milanovici S, Muncaciu S, Neacsu A, Neblea M, Nicolin A, Niculescu M, Oroian S, Pop O, Radutoiu D, Samarghitan M, Simion I, Soare L, Steiu C, Stoianov E, Strat D, Szabo A, Szatmari P, Tanase C, Mirea M, Manta N, Sirbu I (2024) Alien plant species distribution in Romania: a nationwide survey following the implementation of the EU Regulation on Invasive Alien Species. Biodiversity Data Journal 12. https://doi.org/10.3897/BDJ.12.e119539 | Blackburn TM, Pysek P, Bacher S, Carlton JT, Duncan RP, Jarosik V, Wilson JR, Richardson DM (2011) A proposed unified framework for biological invasions. Trends in Ecology and Evolution 26: 333-339. https://doi.org/10.1016/j.tree.2011.03.023",,Eastern Canada | Mexico | North-Central U.S.A. | Northeastern U.S.A. | South-Central U.S.A. | Southeastern U.S.A. | Western Canada,TRUE,FALSE,FALSE,,2025-11-26,Cristina Preda | Laurentiu Rozylowicz,Ioana-Minodora Sirbu
OSRO9XXJP0WVY5LKP8,Tetradium fraxinifolium (Hook.fil.) T.G.Hartley,Plantae,Tracheophyta,Magnoliopsida,Sapindales,Rutaceae,Tetradium,species,ICN,Romania,RO,present,introduced,casual,ornamentalNonHorticulture,,,2021,2021,"Anastasiu P, Miu I, Gavrilidis A, Preda C, Rozylowicz L, Sirbu C, Oprea A, Urziceanu M, Camen-Comanescu P, Nagoda E, Memedemin D, Barbos M, Boruz V, Cislariu A, Don I, Fagaras M, Frink J, Georgescu I, Haruta O, Hurdu B-I, Matis A, Milanovici S, Muncaciu S, Neacsu A, Neblea M, Nicolin A, Niculescu M, Oroian S, Pop O, Radutoiu D, Samarghitan M, Simion I, Soare L, Steiu C, Stoianov E, Strat D, Szabo A, Szatmari P, Tanase C, Mirea M, Manta N, Sirbu I (2024) Alien plant species distribution in Romania: a nationwide survey following the implementation of the EU Regulation on Invasive Alien Species. Biodiversity Data Journal 12. https://doi.org/10.3897/BDJ.12.e119539 | Blackburn TM, Pysek P, Bacher S, Carlton JT, Duncan RP, Jarosik V, Wilson JR, Richardson DM (2011) A proposed unified framework for biological invasions. Trends in Ecology and Evolution 26: 333-339. https://doi.org/10.1016/j.tree.2011.03.023",,China | Indian Subcontinent | Indo-China,TRUE,FALSE,FALSE,,2025-11-26,Cristina Preda | Laurentiu Rozylowicz,Ioana-Minodora Sirbu
OSROUCKL00ENWQQ49VDQRR,"Monstrilla longicornis Thompson I.C., 1890",Animalia,Arthropoda,Copepoda,Monstrilloida,Monstrillidae,Monstrilla,species,ICZN,Romania,RO,present,introduced,colonising,transportStowaway,ballastWater,naturalDispersal,2022,2022,"Palero F, Ferrer-Mateu I, Wray B, Hughes R, Morritt D, Lepage M, Kotterman M, van der Meer M, Tate M, Kamanli S, Smith L, Llewellyn-Hughes J, Clark P (2022) Presence of a second Eriocheir species in Europe as confirmed by molecular and morphological data. Aquatic Invasions 17: 374-392. https://doi.org/10.3391/ai.2022.17.3.03",,Cosmopolitan,FALSE,TRUE,FALSE,,2026-03-19,Cristina Preda | Laurentiu Rozylowicz,Marius Skolka | Carla F. Gavrilescu
OSROUCKLXL688D9IU4UH72,"Zabrotes subfasciatus (Boheman, 1833)",Animalia,Arthropoda,Insecta,Coleoptera,Chrysomelidae,Zabrotes,species,ICZN,Romania,RO,present,introduced,casual,transportContaminant,naturalDispersal,,2022,2022,"Radac IA (2022) Expansiunea unor specii native sau alogene de bruchine si heteroptere in Romania (Insecta: Coleoptera, Heteroptera). Teza de doctorat, Universitatea Babes-Bolyai, Cluj-Napoca. https://teze.doctorat.ubbcluj.ro",,Central America | South America,TRUE,FALSE,FALSE,,2026-03-15,Cristina Preda | Laurentiu Rozylowicz,Marius Skolka | Carla F. Gavrilescu
OSROUCKLRW9M71NUQTW5ZR,"Trogoderma granarium Everts, 1899",Animalia,Arthropoda,Insecta,Coleoptera,Dermestidae,Trogoderma,species,ICZN,Romania,RO,present,introduced,colonising,transportContaminant,,,2022,2022,"Adam C, Constantinescu IC, Draghici AC, Fusu L, Fusu MM, Gheoca V, Iorgu IS, Irimia AG, Maican S, Manci CO, Manu M, Mitroiu MD, Olosutean HG, Perju M, Petrescu AM, Pintilioaie AM, Popa AF, Popescu IE, Popovici OA, Prunar FV, Radac IA, Sahlean TC, Sitar C, Stanciu CR, Szekely L, Tausan I, Tomozii IB, Torok SC, Zaharia LG (2022) Raport final privind distributia speciilor de nevertebrate terestre alogene din hot-spot-uri si caile prioritare de patrundere (an 3 cartare). Raport intocmit in cadrul Proiectului POIM2014+120008 - Managementul adecvat al speciilor invazive din Romania, in conformitate cu Regulamentul UE 1143/2014 referitor la prevenirea si gestionarea introducerii si raspandirii speciilor alogene invazive. Ministerul Mediului, Apelor si Padurilor & Universitatea din Bucuresti, Bucuresti.",,Southern Asia,TRUE,FALSE,FALSE,Poaceae,2025-11-26,Cristina Preda | Laurentiu Rozylowicz,Marius Skolka | Carla F. Gavrilescu
OSROUCKLI2YIF0B8INUNB9,"Cryptolestes ferrugineus (Stephens, 1831)",Animalia,Arthropoda,Insecta,Coleoptera,Laemophloeidae,Cryptolestes,species,ICZN,Romania,RO,present,introduced,colonising,transportContaminant,naturalDispersal,,2022,2022,"Preda C, Adam C, Constantinescu IC, Popa OP, Popa LO, Balcu M-J, Brezeanu AM, Dascalu MM, Draghici A-C, Gavrilescu CF, Gavrilidis AA, Gheoca V, Iorgu EI, Iorgu IS, Krapal AM, Maican S, Manci C-O, Manta N, Manu M, Motoc RM, Niculae IM, Petrescu A-M, Pintilioaie A-M, Popa AF, Radac IA, Rozylowicz L, Ruicanescu A, Sahlean TC, Surugiu V, Serban C, Stefan A, Szekely L, Tausan I, Skolka M (2026) From soil to stream and sea: species richness and distribution of alien invertebrates in Romania. NeoBiota.",,Europe,TRUE,FALSE,FALSE,Poaceae,2025-11-26,Cristina Preda | Laurentiu Rozylowicz,Marius Skolka
OSROUCKL3ILXFPTRFPXB4A,"Aridius nodifer (Westwood, 1839)",Animalia,Arthropoda,Insecta,Coleoptera,Latridiidae,Cartodere,species,ICZN,Romania,RO,present,introduced,colonising,transportContaminant,,,2022,2022,"Adam C, Constantinescu IC, Draghici AC, Fusu L, Fusu MM, Gheoca V, Iorgu IS, Irimia AG, Maican S, Manci CO, Manu M, Mitroiu MD, Olosutean HG, Perju M, Petrescu AM, Pintilioaie AM, Popa AF, Popescu IE, Popovici OA, Prunar FV, Radac IA, Sahlean TC, Sitar C, Stanciu CR, Szekely L, Tausan I, Tomozii IB, Torok SC, Zaharia LG (2022) Raport final privind distributia speciilor de nevertebrate terestre alogene din hot-spot-uri si caile prioritare de patrundere (an 3 cartare). Raport intocmit in cadrul Proiectului POIM2014+120008 - Managementul adecvat al speciilor invazive din Romania, in conformitate cu Regulamentul UE 1143/2014 referitor la prevenirea si gestionarea introducerii si raspandirii speciilor alogene invazive. Ministerul Mediului, Apelor si Padurilor & Universitatea din Bucuresti, Bucuresti.",,Australia and New Zealand,TRUE,FALSE,FALSE,Fungi,2025-11-26,Cristina Preda | Laurentiu Rozylowicz,Marius Skolka | Carla F. Gavrilescu
OSROUCKLWA97U18XOHM7N8,"Corticaria elongata Gyllenhal, 1827",Animalia,Arthropoda,Insecta,Coleoptera,Latridiidae,Corticaria,species,ICZN,Romania,RO,present,introduced,colonising,transportContaminant,,,2022,2022,"Adam C, Constantinescu IC, Draghici AC, Fusu L, Fusu MM, Gheoca V, Iorgu IS, Irimia AG, Maican S, Manci CO, Manu M, Mitroiu MD, Olosutean HG, Perju M, Petrescu AM, Pintilioaie AM, Popa AF, Popescu IE, Popovici OA, Prunar FV, Radac IA, Sahlean TC, Sitar C, Stanciu CR, Szekely L, Tausan I, Tomozii IB, Torok SC, Zaharia LG (2022) Raport final privind distributia speciilor de nevertebrate terestre alogene din hot-spot-uri si caile prioritare de patrundere (an 3 cartare). Raport intocmit in cadrul Proiectului POIM2014+120008 - Managementul adecvat al speciilor invazive din Romania, in conformitate cu Regulamentul UE 1143/2014 referitor la prevenirea si gestionarea introducerii si raspandirii speciilor alogene invazive. Ministerul Mediului, Apelor si Padurilor & Universitatea din Bucuresti, Bucuresti.",,Europe | Asia,TRUE,FALSE,FALSE,Fungi,2025-11-26,Cristina Preda | Laurentiu Rozylowicz,Marius Skolka | Carla F. Gavrilescu
OSROUCKLOTGU4OTNPHDULY,"Carpophilus nepos Murray, 1864",Animalia,Arthropoda,Insecta,Coleoptera,Nitidulidae,Carpophilus,species,ICZN,Romania,RO,present,introduced,colonising,transportContaminant,,,2022,2022,"Adam C, Constantinescu IC, Draghici AC, Fusu L, Fusu MM, Gheoca V, Iorgu IS, Irimia AG, Maican S, Manci CO, Manu M, Mitroiu MD, Olosutean HG, Perju M, Petrescu AM, Pintilioaie AM, Popa AF, Popescu IE, Popovici OA, Prunar FV, Radac IA, Sahlean TC, Sitar C, Stanciu CR, Szekely L, Tausan I, Tomozii IB, Torok SC, Zaharia LG (2022) Raport final privind distributia speciilor de nevertebrate terestre alogene din hot-spot-uri si caile prioritare de patrundere (an 3 cartare). Raport intocmit in cadrul Proiectului POIM2014+120008 - Managementul adecvat al speciilor invazive din Romania, in conformitate cu Regulamentul UE 1143/2014 referitor la prevenirea si gestionarea introducerii si raspandirii speciilor alogene invazive. Ministerul Mediului, Apelor si Padurilor & Universitatea din Bucuresti, Bucuresti.",,Sub-Saharan Africa | Southern Asia | South-eastern Asia,TRUE,FALSE,FALSE,Plantae,2025-11-26,Cristina Preda | Laurentiu Rozylowicz,Marius Skolka | Carla F. Gavrilescu
OSROUCKLHFR8M7XL8VX7Q8,"Oryzaephilus mercator (Fauvel, 1889)",Animalia,Arthropoda,Insecta,Coleoptera,Silvanidae,Oryzaephilus,species,ICZN,Romania,RO,present,introduced,colonising,transportStowaway,naturalDispersal,,2022,2022,"Preda C, Adam C, Constantinescu IC, Popa OP, Popa LO, Balcu M-J, Brezeanu AM, Dascalu MM, Draghici A-C, Gavrilescu CF, Gavrilidis AA, Gheoca V, Iorgu EI, Iorgu IS, Krapal AM, Maican S, Manci C-O, Manta N, Manu M, Motoc RM, Niculae IM, Petrescu A-M, Pintilioaie A-M, Popa AF, Radac IA, Rozylowicz L, Ruicanescu A, Sahlean TC, Surugiu V, Serban C, Stefan A, Szekely L, Tausan I, Skolka M (2026) From soil to stream and sea: species richness and distribution of alien invertebrates in Romania. NeoBiota. | Adam C, Constantinescu IC, Draghici AC, Fusu L, Fusu MM, Gheoca V, Iorgu IS, Irimia AG, Maican S, Manci CO, Manu M, Mitroiu MD, Olosutean HG, Perju M, Petrescu AM, Pintilioaie AM, Popa AF, Popescu IE, Popovici OA, Prunar FV, Radac IA, Sahlean TC, Sitar C, Stanciu CR, Szekely L, Tausan I, Tomozii IB, Torok SC, Zaharia LG (2022) Raport final privind distributia speciilor de nevertebrate terestre alogene din hot-spot-uri si caile prioritare de patrundere (an 3 cartare). Raport intocmit in cadrul Proiectului POIM2014+120008 - Managementul adecvat al speciilor invazive din Romania, in conformitate cu Regulamentul UE 1143/2014 referitor la prevenirea si gestionarea introducerii si raspandirii speciilor alogene invazive. Ministerul Mediului, Apelor si Padurilor & Universitatea din Bucuresti, Bucuresti.",,Sub-Saharan Africa | Asia | Central America | Oceania | South America,TRUE,FALSE,FALSE,Plantae,2025-11-26,Cristina Preda | Laurentiu Rozylowicz,Marius Skolka | Carla F. Gavrilescu
OSROUCKL56GZBSRT6GWOY2,"Aedes (Hulecoeteomyia) japonicus (Theobald, 1901)",Animalia,Arthropoda,Insecta,Diptera,Culicidae,Aedes,species,ICZN,Romania,RO,present,introduced,colonising,transportContaminant,naturalDispersal,,2022,2022,"Preda C, Adam C, Constantinescu IC, Popa OP, Popa LO, Balcu M-J, Brezeanu AM, Dascalu MM, Draghici A-C, Gavrilescu CF, Gavrilidis AA, Gheoca V, Iorgu EI, Iorgu IS, Krapal AM, Maican S, Manci C-O, Manta N, Manu M, Motoc RM, Niculae IM, Petrescu A-M, Pintilioaie A-M, Popa AF, Radac IA, Rozylowicz L, Ruicanescu A, Sahlean TC, Surugiu V, Serban C, Stefan A, Szekely L, Tausan I, Skolka M (2026) From soil to stream and sea: species richness and distribution of alien invertebrates in Romania. NeoBiota.",,"Eastern Asia (Japan, Korea)",TRUE,FALSE,TRUE,,2025-11-26,Cristina Preda | Laurentiu Rozylowicz,Marius Skolka | Carla F. Gavrilescu
OSROUCKLWAKNXMCCVHYZ82,"Pineus (Pineus) orientalis (Dreyfus, 1888)",Animalia,Arthropoda,Insecta,Hemiptera,Adelgidae,Pineus,species,ICZN,Romania,RO,present,introduced,colonising,transportStowaway,parasitesOnPlants,,2022,2022,"Adam C, Constantinescu IC, Draghici AC, Fusu L, Fusu MM, Gheoca V, Iorgu IS, Irimia AG, Maican S, Manci CO, Manu M, Mitroiu MD, Olosutean HG, Perju M, Petrescu AM, Pintilioaie AM, Popa AF, Popescu IE, Popovici OA, Prunar FV, Radac IA, Sahlean TC, Sitar C, Stanciu CR, Szekely L, Tausan I, Tomozii IB, Torok SC, Zaharia LG (2022) Raport final privind distributia speciilor de nevertebrate terestre alogene din hot-spot-uri si caile prioritare de patrundere (an 3 cartare). Raport intocmit in cadrul Proiectului POIM2014+120008 - Managementul adecvat al speciilor invazive din Romania, in conformitate cu Regulamentul UE 1143/2014 referitor la prevenirea si gestionarea introducerii si raspandirii speciilor alogene invazive. Ministerul Mediului, Apelor si Padurilor & Universitatea din Bucuresti, Bucuresti.",,Eastern Asia | Western Asia,TRUE,FALSE,FALSE,Picea,2025-11-26,Cristina Preda | Laurentiu Rozylowicz,Costica Adam
OSROUCKLMA2FC9VTY7E4KS,"Amphiareus obscuriceps (Poppius, 1909)",Animalia,Arthropoda,Insecta,Hemiptera,Anthocoridae,Amphiareus,species,ICZN,Romania,RO,doubtful,uncertain,established,naturalDispersal,,,2022,2022,"Radac IA (2022) Expansiunea unor specii native sau alogene de bruchine si heteroptere in Romania (Insecta: Coleoptera, Heteroptera). Teza de doctorat, Universitatea Babes-Bolyai, Cluj-Napoca. https://teze.doctorat.ubbcluj.ro",,Eastern Asia,TRUE,FALSE,FALSE,,2026-03-15,Cristina Preda | Laurentiu Rozylowicz,Marius Skolka | Carla F. Gavrilescu
OSROUCKLKF89YZ1CZFEKNM,"Anthocoris butleri Le Quesne, 1955",Animalia,Arthropoda,Insecta,Hemiptera,Anthocoridae,Anthocoris,species,ICZN,Romania,RO,doubtful,uncertain,established,naturalDispersal,,,2022,2022,"Radac IA (2022) Expansiunea unor specii native sau alogene de bruchine si heteroptere in Romania (Insecta: Coleoptera, Heteroptera). Teza de doctorat, Universitatea Babes-Bolyai, Cluj-Napoca. https://teze.doctorat.ubbcluj.ro",,Southern Europe,TRUE,FALSE,FALSE,Buxus sempervirens,2026-03-15,Cristina Preda | Laurentiu Rozylowicz,Marius Skolka | Carla F. Gavrilescu
OSROUCKLLGZ6YRPUNDEMFY,"Acyrthosiphon (Acyrthosiphon) caraganae (Cholodkovsky, 1908)",Animalia,Arthropoda,Insecta,Hemiptera,Aphididae,Acyrthosiphon,species,ICZN,Romania,RO,present,introduced,colonising,transportStowaway,parasitesOnPlants,naturalDispersal,2022,2022,"Adam C, Constantinescu IC, Draghici AC, Fusu L, Fusu MM, Gheoca V, Iorgu IS, Irimia AG, Maican S, Manci CO, Manu M, Mitroiu MD, Olosutean HG, Perju M, Petrescu AM, Pintilioaie AM, Popa AF, Popescu IE, Popovici OA, Prunar FV, Radac IA, Sahlean TC, Sitar C, Stanciu CR, Szekely L, Tausan I, Tomozii IB, Torok SC, Zaharia LG (2022) Raport final privind distributia speciilor de nevertebrate terestre alogene din hot-spot-uri si caile prioritare de patrundere (an 3 cartare). Raport intocmit in cadrul Proiectului POIM2014+120008 - Managementul adecvat al speciilor invazive din Romania, in conformitate cu Regulamentul UE 1143/2014 referitor la prevenirea si gestionarea introducerii si raspandirii speciilor alogene invazive. Ministerul Mediului, Apelor si Padurilor & Universitatea din Bucuresti, Bucuresti.",,Eastern Asia | Central Asia,TRUE,FALSE,FALSE,Caragana,2025-11-26,Cristina Preda | Laurentiu Rozylowicz,Costica Adam
OSROUCKLBIKI4QF5W8COJ1,"Fiorinia fioriniae (Targioni Tozzetti, 1867)",Animalia,Arthropoda,Insecta,Hemiptera,Diaspididae,Fiorinia,species,ICZN,Romania,RO,doubtful,uncertain,released,transportContaminant,,,2022,2022,"Adam C, Constantinescu IC, Draghici AC, Fusu L, Fusu MM, Gheoca V, Iorgu IS, Irimia AG, Maican S, Manci CO, Manu M, Mitroiu MD, Olosutean HG, Perju M, Petrescu AM, Pintilioaie AM, Popa AF, Popescu IE, Popovici OA, Prunar FV, Radac IA, Sahlean TC, Sitar C, Stanciu CR, Szekely L, Tausan I, Tomozii IB, Torok SC, Zaharia LG (2022) Raport final privind distributia speciilor de nevertebrate terestre alogene din hot-spot-uri si caile prioritare de patrundere (an 3 cartare). Raport intocmit in cadrul Proiectului POIM2014+120008 - Managementul adecvat al speciilor invazive din Romania, in conformitate cu Regulamentul UE 1143/2014 referitor la prevenirea si gestionarea introducerii si raspandirii speciilor alogene invazive. Ministerul Mediului, Apelor si Padurilor & Universitatea din Bucuresti, Bucuresti.",,Eastern Asia | South-eastern Asia,TRUE,FALSE,FALSE,Plantae,2025-11-26,Cristina Preda | Laurentiu Rozylowicz,Ioana Cristina Constantinescu
OSROUCKLZD3K37QSPIM7U6,"Gymnaspis aechmeae Newstead, 1898",Animalia,Arthropoda,Insecta,Hemiptera,Diaspididae,Gymnaspis,species,ICZN,Romania,RO,doubtful,uncertain,released,transportContaminant,,,2022,2022,"Adam C, Constantinescu IC, Draghici AC, Fusu L, Fusu MM, Gheoca V, Iorgu IS, Irimia AG, Maican S, Manci CO, Manu M, Mitroiu MD, Olosutean HG, Perju M, Petrescu AM, Pintilioaie AM, Popa AF, Popescu IE, Popovici OA, Prunar FV, Radac IA, Sahlean TC, Sitar C, Stanciu CR, Szekely L, Tausan I, Tomozii IB, Torok SC, Zaharia LG (2022) Raport final privind distributia speciilor de nevertebrate terestre alogene din hot-spot-uri si caile prioritare de patrundere (an 3 cartare). Raport intocmit in cadrul Proiectului POIM2014+120008 - Managementul adecvat al speciilor invazive din Romania, in conformitate cu Regulamentul UE 1143/2014 referitor la prevenirea si gestionarea introducerii si raspandirii speciilor alogene invazive. Ministerul Mediului, Apelor si Padurilor & Universitatea din Bucuresti, Bucuresti.",,South America (tropical),TRUE,FALSE,FALSE,Bromeliaceae,2025-11-26,Cristina Preda | Laurentiu Rozylowicz,Ioana Cristina Constantinescu
OSROUCKLDNMMRBPMWKRXW1,"Hemiberlesia lataniae (Signoret, 1869)",Animalia,Arthropoda,Insecta,Hemiptera,Diaspididae,Hemiberlesia,species,ICZN,Romania,RO,doubtful,uncertain,released,transportContaminant,,,2022,2022,"Adam C, Constantinescu IC, Draghici AC, Fusu L, Fusu MM, Gheoca V, Iorgu IS, Irimia AG, Maican S, Manci CO, Manu M, Mitroiu MD, Olosutean HG, Perju M, Petrescu AM, Pintilioaie AM, Popa AF, Popescu IE, Popovici OA, Prunar FV, Radac IA, Sahlean TC, Sitar C, Stanciu CR, Szekely L, Tausan I, Tomozii IB, Torok SC, Zaharia LG (2022) Raport final privind distributia speciilor de nevertebrate terestre alogene din hot-spot-uri si caile prioritare de patrundere (an 3 cartare). Raport intocmit in cadrul Proiectului POIM2014+120008 - Managementul adecvat al speciilor invazive din Romania, in conformitate cu Regulamentul UE 1143/2014 referitor la prevenirea si gestionarea introducerii si raspandirii speciilor alogene invazive. Ministerul Mediului, Apelor si Padurilor & Universitatea din Bucuresti, Bucuresti.",,Cryptogenic,TRUE,FALSE,FALSE,Plantae,2025-11-26,Cristina Preda | Laurentiu Rozylowicz,Ioana Cristina Constantinescu
OSROUCKL8WJ5OMIG8F4938,"Hemiberlesia rapax (Comstock, 1881)",Animalia,Arthropoda,Insecta,Hemiptera,Diaspididae,Hemiberlesia,species,ICZN,Romania,RO,doubtful,uncertain,released,transportContaminant,,,2022,2022,"Adam C, Constantinescu IC, Draghici AC, Fusu L, Fusu MM, Gheoca V, Iorgu IS, Irimia AG, Maican S, Manci CO, Manu M, Mitroiu MD, Olosutean HG, Perju M, Petrescu AM, Pintilioaie AM, Popa AF, Popescu IE, Popovici OA, Prunar FV, Radac IA, Sahlean TC, Sitar C, Stanciu CR, Szekely L, Tausan I, Tomozii IB, Torok SC, Zaharia LG (2022) Raport final privind distributia speciilor de nevertebrate terestre alogene din hot-spot-uri si caile prioritare de patrundere (an 3 cartare). Raport intocmit in cadrul Proiectului POIM2014+120008 - Managementul adecvat al speciilor invazive din Romania, in conformitate cu Regulamentul UE 1143/2014 referitor la prevenirea si gestionarea introducerii si raspandirii speciilor alogene invazive. Ministerul Mediului, Apelor si Padurilor & Universitatea din Bucuresti, Bucuresti.",,Cryptogenic,TRUE,FALSE,FALSE,Plantae,2025-11-26,Cristina Preda | Laurentiu Rozylowicz,Ioana Cristina Constantinescu
OSROUCKLHCFGLGAQ1KVWYH,"Nipaecoccus nipae (Maskell, 1893)",Animalia,Arthropoda,Insecta,Hemiptera,Pseudococcidae,Nipaecoccus,species,ICZN,Romania,RO,present,introduced,colonising,transportContaminant,parasitesOnPlants,naturalDispersal,2022,2022,"Adam C, Constantinescu IC, Draghici AC, Fusu L, Fusu MM, Gheoca V, Iorgu IS, Irimia AG, Maican S, Manci CO, Manu M, Mitroiu MD, Olosutean HG, Perju M, Petrescu AM, Pintilioaie AM, Popa AF, Popescu IE, Popovici OA, Prunar FV, Radac IA, Sahlean TC, Sitar C, Stanciu CR, Szekely L, Tausan I, Tomozii IB, Torok SC, Zaharia LG (2022) Raport final privind distributia speciilor de nevertebrate terestre alogene din hot-spot-uri si caile prioritare de patrundere (an 3 cartare). Raport intocmit in cadrul Proiectului POIM2014+120008 - Managementul adecvat al speciilor invazive din Romania, in conformitate cu Regulamentul UE 1143/2014 referitor la prevenirea si gestionarea introducerii si raspandirii speciilor alogene invazive. Ministerul Mediului, Apelor si Padurilor & Universitatea din Bucuresti, Bucuresti.",,South America (Guyana),TRUE,FALSE,FALSE,Plantae,2025-11-26,Cristina Preda | Laurentiu Rozylowicz,Costica Adam
OSROUCKLDMNFR2ALDZQMN9,"Argyresthia trifasciata Staudinger, 1871",Animalia,Arthropoda,Insecta,Lepidoptera,Argyresthiidae,Argyresthia,species,ICZN,Romania,RO,present,introduced,colonising,transportContaminant,transportStowaway,naturalDispersal,2022,2022,"Adam C, Constantinescu IC, Draghici AC, Fusu L, Fusu MM, Gheoca V, Iorgu IS, Irimia AG, Maican S, Manci CO, Manu M, Mitroiu MD, Olosutean HG, Perju M, Petrescu AM, Pintilioaie AM, Popa AF, Popescu IE, Popovici OA, Prunar FV, Radac IA, Sahlean TC, Sitar C, Stanciu CR, Szekely L, Tausan I, Tomozii IB, Torok SC, Zaharia LG (2022) Raport final privind distributia speciilor de nevertebrate terestre alogene din hot-spot-uri si caile prioritare de patrundere (an 3 cartare). Raport intocmit in cadrul Proiectului POIM2014+120008 - Managementul adecvat al speciilor invazive din Romania, in conformitate cu Regulamentul UE 1143/2014 referitor la prevenirea si gestionarea introducerii si raspandirii speciilor alogene invazive. Bucuresti: Ministerul Mediului, Apelor si Padurilor & Universitatea din Bucuresti",,Southern Europe (Alps),TRUE,FALSE,FALSE,Juniperus | Thuja,2025-11-26,Cristina Preda | Laurentiu Rozylowicz,Marius Skolka | Carla F. Gavrilescu
OSROUCKLYRIHKZLYT6YX0Z,"Duponchelia fovealis Zeller, 1847",Animalia,Arthropoda,Insecta,Lepidoptera,Crambidae,Duponchelia,species,ICZN,Romania,RO,present,introduced,colonising,naturalDispersal,transportContaminant,transportStowaway,2022,2022,"Adam C, Constantinescu IC, Draghici AC, Fusu L, Fusu MM, Gheoca V, Iorgu IS, Irimia AG, Maican S, Manci CO, Manu M, Mitroiu MD, Olosutean HG, Perju M, Petrescu AM, Pintilioaie AM, Popa AF, Popescu IE, Popovici OA, Prunar FV, Radac IA, Sahlean TC, Sitar C, Stanciu CR, Szekely L, Tausan I, Tomozii IB, Torok SC, Zaharia LG (2022) Raport final privind distributia speciilor de nevertebrate terestre alogene din hot-spot-uri si caile prioritare de patrundere (an 3 cartare). Raport intocmit in cadrul Proiectului POIM2014+120008 - Managementul adecvat al speciilor invazive din Romania, in conformitate cu Regulamentul UE 1143/2014 referitor la prevenirea si gestionarea introducerii si raspandirii speciilor alogene invazive. Ministerul Mediului, Apelor si Padurilor & Universitatea din Bucuresti, Bucuresti.",,Southern Europe | Northern Africa | Western Asia,TRUE,FALSE,FALSE,Plantae,2025-11-26,Cristina Preda | Laurentiu Rozylowicz,Marius Skolka | Carla F. Gavrilescu
OSROUCKLRL4MLD666XZNB5,"Phthorimaea operculella (Zeller, 1873)",Animalia,Arthropoda,Insecta,Lepidoptera,Gelechiidae,Phthorimaea,species,ICZN,Romania,RO,present,introduced,colonising,transportContaminant,naturalDispersal,,2022,2022,"Adam C, Constantinescu IC, Draghici AC, Fusu L, Fusu MM, Gheoca V, Iorgu IS, Irimia AG, Maican S, Manci CO, Manu M, Mitroiu MD, Olosutean HG, Perju M, Petrescu AM, Pintilioaie AM, Popa AF, Popescu IE, Popovici OA, Prunar FV, Radac IA, Sahlean TC, Sitar C, Stanciu CR, Szekely L, Tausan I, Tomozii IB, Torok SC, Zaharia LG (2022) Raport final privind distributia speciilor de nevertebrate terestre alogene din hot-spot-uri si caile prioritare de patrundere (an 3 cartare). Raport intocmit in cadrul Proiectului POIM2014+120008 - Managementul adecvat al speciilor invazive din Romania, in conformitate cu Regulamentul UE 1143/2014 referitor la prevenirea si gestionarea introducerii si raspandirii speciilor alogene invazive. Ministerul Mediului, Apelor si Padurilor & Universitatea din Bucuresti, Bucuresti.",,South America,TRUE,FALSE,FALSE,Solanum tuberosum,2025-11-26,Cristina Preda | Laurentiu Rozylowicz,Marius Skolka | Carla F. Gavrilescu
OSROUCKL90DRQOOD9WSJVP,"Phyllonorycter leucographella (Zeller, 1850)",Animalia,Arthropoda,Insecta,Lepidoptera,Gracillariidae,Phyllonorycter,species,ICZN,Romania,RO,present,introduced,colonising,transportContaminant,transportStowaway,,2022,2022,"Adam C, Constantinescu IC, Draghici AC, Fusu L, Fusu MM, Gheoca V, Iorgu IS, Irimia AG, Maican S, Manci CO, Manu M, Mitroiu MD, Olosutean HG, Perju M, Petrescu AM, Pintilioaie AM, Popa AF, Popescu IE, Popovici OA, Prunar FV, Radac IA, Sahlean TC, Sitar C, Stanciu CR, Szekely L, Tausan I, Tomozii IB, Torok SC, Zaharia LG (2022) Raport final privind distributia speciilor de nevertebrate terestre alogene din hot-spot-uri si caile prioritare de patrundere (an 3 cartare). Raport intocmit in cadrul Proiectului POIM2014+120008 - Managementul adecvat al speciilor invazive din Romania, in conformitate cu Regulamentul UE 1143/2014 referitor la prevenirea si gestionarea introducerii si raspandirii speciilor alogene invazive. Ministerul Mediului, Apelor si Padurilor & Universitatea din Bucuresti, Bucuresti.",,Southern Europe,TRUE,FALSE,FALSE,Pyrus | Malus,2025-11-26,Cristina Preda | Laurentiu Rozylowicz,Marius Skolka | Carla F. Gavrilescu
OSROUCKLANSLKPX5RLH5JK,"Palaemon macrodactylus M. J. Rathbun, 1902",Animalia,Arthropoda,Malacostraca,Decapoda,Palaemonidae,Palaemon,species,ICZN,Romania,RO,present,introduced,colonising,transportContaminant,naturalDispersal,,2022,2022,"Preda C, Adam C, Constantinescu IC, Popa OP, Popa LO, Balcu M-J, Brezeanu AM, Dascalu MM, Draghici A-C, Gavrilescu CF, Gavrilidis AA, Gheoca V, Iorgu EI, Iorgu IS, Krapal AM, Maican S, Manci C-O, Manta N, Manu M, Motoc RM, Niculae IM, Petrescu A-M, Pintilioaie A-M, Popa AF, Radac IA, Rozylowicz L, Ruicanescu A, Sahlean TC, Surugiu V, Serban C, Stefan A, Szekely L, Tausan I, Skolka M (2026) From soil to stream and sea: species richness and distribution of alien invertebrates in Romania. NeoBiota.",,Eastern Asia | Pacific Ocean (NW),FALSE,FALSE,TRUE,,2025-11-26,Cristina Preda | Laurentiu Rozylowicz,Marius Skolka | Carla F. Gavrilescu
OSRO5RFCIPJQXGY4MC,Centranthus ruber (L.) DC.,Plantae,Tracheophyta,Magnoliopsida,Dipsacales,Caprifoliaceae,Centranthus,species,ICN,Romania,RO,present,introduced,casual,ornamentalNonHorticulture,,,2022,2022,"Anastasiu P, Miu I, Gavrilidis A, Preda C, Rozylowicz L, Sirbu C, Oprea A, Urziceanu M, Camen-Comanescu P, Nagoda E, Memedemin D, Barbos M, Boruz V, Cislariu A, Don I, Fagaras M, Frink J, Georgescu I, Haruta O, Hurdu B-I, Matis A, Milanovici S, Muncaciu S, Neacsu A, Neblea M, Nicolin A, Niculescu M, Oroian S, Pop O, Radutoiu D, Samarghitan M, Simion I, Soare L, Steiu C, Stoianov E, Strat D, Szabo A, Szatmari P, Tanase C, Mirea M, Manta N, Sirbu I (2024) Alien plant species distribution in Romania: a nationwide survey following the implementation of the EU Regulation on Invasive Alien Species. Biodiversity Data Journal 12. https://doi.org/10.3897/BDJ.12.e119539",,Macaronesia | Northern Africa | Southeastern Europe | Southwestern Europe,TRUE,FALSE,FALSE,,2025-11-26,Cristina Preda | Laurentiu Rozylowicz,Daniyar Memedemin
OSROWKJLVKA2K9CSWY,Pterocarya fraxinifolia (Poir.) Spach,Plantae,Tracheophyta,Magnoliopsida,Fagales,Juglandaceae,Pterocarya,species,ICN,Romania,RO,present,introduced,casual,forestry,ornamentalNonHorticulture,,2022,2022,"Anastasiu P, Miu I, Gavrilidis A, Preda C, Rozylowicz L, Sirbu C, Oprea A, Urziceanu M, Camen-Comanescu P, Nagoda E, Memedemin D, Barbos M, Boruz V, Cislariu A, Don I, Fagaras M, Frink J, Georgescu I, Haruta O, Hurdu B-I, Matis A, Milanovici S, Muncaciu S, Neacsu A, Neblea M, Nicolin A, Niculescu M, Oroian S, Pop O, Radutoiu D, Samarghitan M, Simion I, Soare L, Steiu C, Stoianov E, Strat D, Szabo A, Szatmari P, Tanase C, Mirea M, Manta N, Sirbu I (2024) Alien plant species distribution in Romania: a nationwide survey following the implementation of the EU Regulation on Invasive Alien Species. Biodiversity Data Journal 12. https://doi.org/10.3897/BDJ.12.e119539",,Caucasus | Western Asia,TRUE,FALSE,FALSE,,2025-11-26,Cristina Preda | Laurentiu Rozylowicz,Culita Sirbu
OSRORBEJ6ERLB5BM1A,Oenothera × polgari Rostański,Plantae,Tracheophyta,Magnoliopsida,Myrtales,Onagraceae,Oenothera,species,ICN,Romania,RO,present,introduced,casual,ornamentalNonHorticulture,,,2022,2022,"Anastasiu P, Miu I, Gavrilidis A, Preda C, Rozylowicz L, Sirbu C, Oprea A, Urziceanu M, Camen-Comanescu P, Nagoda E, Memedemin D, Barbos M, Boruz V, Cislariu A, Don I, Fagaras M, Frink J, Georgescu I, Haruta O, Hurdu B-I, Matis A, Milanovici S, Muncaciu S, Neacsu A, Neblea M, Nicolin A, Niculescu M, Oroian S, Pop O, Radutoiu D, Samarghitan M, Simion I, Soare L, Steiu C, Stoianov E, Strat D, Szabo A, Szatmari P, Tanase C, Mirea M, Manta N, Sirbu I (2024) Alien plant species distribution in Romania: a nationwide survey following the implementation of the EU Regulation on Invasive Alien Species. Biodiversity Data Journal 12. https://doi.org/10.3897/BDJ.12.e119539 | Blackburn TM, Pysek P, Bacher S, Carlton JT, Duncan RP, Jarosik V, Wilson JRU, Richardson DM (2011) A proposed unified framework for biological invasions. Trends in Ecology and Evolution 26: 333–339. https://doi.org/10.1016/j.tree.2011.03.023 | Plants of the World Online (2026) https://powo.science.kew.org/",,hybrid,TRUE,FALSE,FALSE,,2025-11-26,Cristina Preda | Laurentiu Rozylowicz,Mihaela Urziceanu
OSRODJ8P6RB7XNQ94C,Oenothera macrocarpa Nutt.,Plantae,Tracheophyta,Magnoliopsida,Myrtales,Onagraceae,Oenothera,species,ICN,Romania,RO,present,introduced,casual,ornamentalNonHorticulture,,,2022,2023,"Anastasiu P, Miu I, Gavrilidis A, Preda C, Rozylowicz L, Sirbu C, Oprea A, Urziceanu M, Camen-Comanescu P, Nagoda E, Memedemin D, Barbos M, Boruz V, Cislariu A, Don I, Fagaras M, Frink J, Georgescu I, Haruta O, Hurdu B-I, Matis A, Milanovici S, Muncaciu S, Neacsu A, Neblea M, Nicolin A, Niculescu M, Oroian S, Pop O, Radutoiu D, Samarghitan M, Simion I, Soare L, Steiu C, Stoianov E, Strat D, Szabo A, Szatmari P, Tanase C, Mirea M, Manta N, Sirbu I (2024) Alien plant species distribution in Romania: a nationwide survey following the implementation of the EU Regulation on Invasive Alien Species. Biodiversity Data Journal 12. https://doi.org/10.3897/BDJ.12.e119539 | Anastasiu P, Camen-Comanescu P, Sirbu I-M, Urziceanu M (2024) Urban flora: new reports for Bucharest's flora. Acta Horti Botanici Bucurestiensis 50(1): 41-58. https://doi.org/10.62229/ahbb.2024.50/3 | Blackburn TM, Pysek P, Bacher S, Carlton JT, Duncan RP, Jarosik V, Wilson JRU, Richardson DM (2011) A proposed unified framework for biological invasions. Trends in Ecology and Evolution 26: 333–339. https://doi.org/10.1016/j.tree.2011.03.023 | Plants of the World Online (2026) https://powo.science.kew.org/",,Mexico | North-Central U.S.A. | South-Central U.S.A. | Southeastern U.S.A.,TRUE,FALSE,FALSE,,2025-11-26,Cristina Preda | Laurentiu Rozylowicz,Mihaela Urziceanu
OSRO2M7MNXQSXP9LA8,Oenothera villosa Thunb.,Plantae,Tracheophyta,Magnoliopsida,Myrtales,Onagraceae,Oenothera,species,ICN,Romania,RO,present,introduced,casual,ornamentalNonHorticulture,,,2022,2022,"Anastasiu P, Miu I, Gavrilidis A, Preda C, Rozylowicz L, Sirbu C, Oprea A, Urziceanu M, Camen-Comanescu P, Nagoda E, Memedemin D, Barbos M, Boruz V, Cislariu A, Don I, Fagaras M, Frink J, Georgescu I, Haruta O, Hurdu B-I, Matis A, Milanovici S, Muncaciu S, Neacsu A, Neblea M, Nicolin A, Niculescu M, Oroian S, Pop O, Radutoiu D, Samarghitan M, Simion I, Soare L, Steiu C, Stoianov E, Strat D, Szabo A, Szatmari P, Tanase C, Mirea M, Manta N, Sirbu I (2024) Alien plant species distribution in Romania: a nationwide survey following the implementation of the EU Regulation on Invasive Alien Species. Biodiversity Data Journal 12. https://doi.org/10.3897/BDJ.12.e119539 | Blackburn TM, Pysek P, Bacher S, Carlton JT, Duncan RP, Jarosik V, Wilson JRU, Richardson DM (2011) A proposed unified framework for biological invasions. Trends in Ecology and Evolution 26: 333–339. https://doi.org/10.1016/j.tree.2011.03.023 | Plants of the World Online (2026) https://powo.science.kew.org/",,Eastern Canada | North-Central U.S.A. | Northeastern U.S.A. | Northwestern U.S.A. | South-Central U.S.A. | Southeastern U.S.A. | Southwestern U.S.A. | Subarctic America | Western Canada,TRUE,FALSE,FALSE,,2025-11-26,Cristina Preda | Laurentiu Rozylowicz,Mihaela Urziceanu
OSROUCKLVEAROF2NBWXE3M,"Icerya purchasi Maskell, 1879",Animalia,Arthropoda,Insecta,Hemiptera,Margarodidae,Icerya,species,ICZN,Romania,RO,present,introduced,colonising,transportContaminant,naturalDispersal,,2023,2023,"Preda C, Adam C, Constantinescu IC, Popa OP, Popa LO, Balcu M-J, Brezeanu AM, Dascalu MM, Draghici A-C, Gavrilescu CF, Gavrilidis AA, Gheoca V, Iorgu EI, Iorgu IS, Krapal AM, Maican S, Manci C-O, Manta N, Manu M, Motoc RM, Niculae IM, Petrescu A-M, Pintilioaie A-M, Popa AF, Radac IA, Rozylowicz L, Ruicanescu A, Sahlean TC, Surugiu V, Serban C, Stefan A, Szekely L, Tausan I, Skolka M (2026) From soil to stream and sea: species richness and distribution of alien invertebrates in Romania. NeoBiota.",,Australia and New Zealand,TRUE,FALSE,FALSE,,2025-11-26,Cristina Preda | Laurentiu Rozylowicz,Marius Skolka | Carla F. Gavrilescu
OSROUCKLOB7QBKK6C7RI5F,"Megachile sculpturalis Smith, 1853",Animalia,Arthropoda,Insecta,Hymenoptera,Megachilidae,Megachile,species,ICZN,Romania,RO,present,introduced,colonising,transportContaminant,naturalDispersal,,2023,2023,"Preda C, Adam C, Constantinescu IC, Popa OP, Popa LO, Balcu M-J, Brezeanu AM, Dascalu MM, Draghici A-C, Gavrilescu CF, Gavrilidis AA, Gheoca V, Iorgu EI, Iorgu IS, Krapal AM, Maican S, Manci C-O, Manta N, Manu M, Motoc RM, Niculae IM, Petrescu A-M, Pintilioaie A-M, Popa AF, Radac IA, Rozylowicz L, Ruicanescu A, Sahlean TC, Surugiu V, Serban C, Stefan A, Szekely L, Tausan I, Skolka M (2026) From soil to stream and sea: species richness and distribution of alien invertebrates in Romania. NeoBiota.",,Eastern Asia,TRUE,FALSE,FALSE,,2025-11-26,Cristina Preda | Laurentiu Rozylowicz,Marius Skolka | Carla F. Gavrilescu
OSROUCKLVFQFS2NHTTD18L,"Hofmannophila pseudospretella Stainton, 1849",Animalia,Arthropoda,Insecta,Lepidoptera,Oecophoridae,Hofmannophila,species,ICZN,Romania,RO,present,introduced,colonising,transportContaminant,naturalDispersal,,2023,2023,"Preda C, Adam C, Constantinescu IC, Popa OP, Popa LO, Balcu M-J, Brezeanu AM, Dascalu MM, Draghici A-C, Gavrilescu CF, Gavrilidis AA, Gheoca V, Iorgu EI, Iorgu IS, Krapal AM, Maican S, Manci C-O, Manta N, Manu M, Motoc RM, Niculae IM, Petrescu A-M, Pintilioaie A-M, Popa AF, Radac IA, Rozylowicz L, Ruicanescu A, Sahlean TC, Surugiu V, Serban C, Stefan A, Szekely L, Tausan I, Skolka M (2026) From soil to stream and sea: species richness and distribution of alien invertebrates in Romania. NeoBiota.",,Asia,TRUE,FALSE,FALSE,,2025-11-26,Cristina Preda | Laurentiu Rozylowicz,Marius Skolka | Carla F. Gavrilescu
OSROUCKLYGZ4JAXZ8Z5L94,"Meconema meridionale Costa, 1860",Animalia,Arthropoda,Insecta,Orthoptera,Tettigoniidae,Meconema,species,ICZN,Romania,RO,present,introduced,colonising,transportStowaway,naturalDispersal,,2023,2025,"Cava SL, Zucco G, Scalercio S (2026) Exploring the Diversity of Scythrididae of Southern Italy Using DNA Barcoding (Lepidoptera: Gelechioidea). Diversity 18: 170. https://doi.org/10.3390/d18030170 | Iorgu I-S, Lobiuc A, Ungurean E-A, Tausan I, Cazacu A, Iorgu EI (2026) New Guests in the Romanian Fauna and Pathways for the Introduction of Alien Bush-Crickets and Grasshoppers (Insecta: Orthoptera). Diversity 18: 167. https://doi.org/10.3390/d18030167",,Southern Europe,TRUE,FALSE,FALSE,,2025-11-26,Cristina Preda | Laurentiu Rozylowicz,Marius Skolka | Carla F. Gavrilescu
OSROUCKLAP96KBHHJ2L1WF,"Menetus dilatatus (A. A. Gould, 1841)",Animalia,Mollusca,Gastropoda,Pulmonata,Planorbidae,Menetus,species,ICZN,Romania,RO,present,introduced,colonising,transportStowaway,corridor,naturalDispersal,2023,2024,"Son M, Bondarenko O, Kvach Y (2023) New data on aquatic alien invertebrates in the Ukrainian Danube Delta with special emphasis on the first records of the trumpet ram's-horn, Menetus dilatatus (Gould, 1841). BioInvasions Records 12: 787-795. https://doi.org/10.3391/bir.2023.12.3.14",,Northern America (Atlantic),FALSE,FALSE,TRUE,,2026-03-23,Cristina Preda | Laurentiu Rozylowicz,Oana P. Popa
OSROUCKLOTMGS4AU7YILSU,Oxalis debilis Kunth,Plantae,Tracheophyta,Magnoliopsida,Oxalidales,Oxalidaceae,Oxalis,species,ICN,Romania,RO,present,introduced,established,ornamentalNonHorticulture,escapeFromConfinement,,2023,2023,"Raicu M, Camen-Comanescu P, Petra S, Toma F (2023) Oxalis debilis, an indoor ornamental plant new naturalized in Romania. Annals of the University of Craiova - Agriculture, Montanology, Cadastre Series 28(64): 93-100. https://doi.org/10.52846/bihpt.v28i64.93",,Brazil | Central America | Northern South America | Southern South America | Western South America,TRUE,FALSE,FALSE,,2026-04-05,Ioana-Minodora Sîrbu,Paulina Anastasiu
OSROUCKLO0HQ6JP5Z7O7OW,"Obama nungara Carbayo, Alvarez-Presas, Jones & Riutort, 2016",Animalia,Platyhelminthes,Turbellaria,Tricladida,Geoplanidae,Obama,species,ICZN,Romania,RO,present,introduced,casual,horticulture,ornamentalNonHorticulture,,2024,2024,https://www.inaturalist.org/observations/229758688,species of Union Concern (Regulation 1143/2014),South America,TRUE,FALSE,FALSE,,2025-11-26,Cristina Preda | Laurentiu Rozylowicz,Marius Skolka | Carla F. Gavrilescu
OSROUCKLJOFKZE267CZEIK,"Rhacocleis annulata Fieber, 1853",Animalia,Arthropoda,Insecta,Orthoptera,Tettigoniidae,Rhacocleis,species,ICZN,Romania,RO,present,introduced,casual,PublicGardenZooAquaria,naturalDispersal,,2025,2025,"Zhou Z, Wang L, Gan P, Shan B, Yang C, Liu Y, Sun D (2026) Environmental Factors Drive Nekton Community Structure in Offshore Oil Production Zones: A Case Study of the Waters Southwest of Weizhou Island, Beibu Gulf. Diversity 18: 168. https://doi.org/10.3390/d18030168 | Iorgu I-S, Lobiuc A, Ungurean E-A, Tausan I, Cazacu A, Iorgu EI (2026) New Guests in the Romanian Fauna and Pathways for the Introduction of Alien Bush-Crickets and Grasshoppers (Insecta: Orthoptera). Diversity 18: 167. https://doi.org/10.3390/d18030167",,Southern Europe,TRUE,FALSE,FALSE,,2025-11-26,Cristina Preda | Laurentiu Rozylowicz,Marius Skolka | Carla F. Gavrilescu
OSROUCKLFYOPAVMGKAFJFW,"Sinelobus vanhaareni Bamber, 2014",Animalia,Arthropoda,Malacostraca,Tanaidacea,Tanaididae,Sinelobus,species,ICZN,Romania,RO,present,introduced,colonising,hullFouling,ballastWater,,2025,2025,"Balcu MJ, Stefan A, Motoc RM, Murariu D, Popa OP (2026) The first record of Sinelobus vanhaareni Bamber, 2014 (Crustacea: Tanaidacea: Tanaididae) in the Black Sea, and its invasion history in European waters. BioInvasions Records.",,Cryptogenic,FALSE,TRUE,TRUE,,2026-03-26,Cristina Preda | Laurentiu Rozylowicz,Oana P. Popa
OSROUCKLAFBAFXBNWWDW0K,"Sebastes schlegelii Hilgendorf, 1880",Animalia,Chordata,Actinopterygii,Perciformes,Sebastidae,Sebastes,species,ICZN,Romania,RO,present,introduced,casual,hitchhikersShip,,,2025,2025,"Tiganov G, Diaconu D, Danilov CS (2025) First record of Korean Rock Fish Sebastes schlegelii (Hilgendorf, 1880), a non-native species, on the Romanian Black Sea coast, Scientific Papers. Series D. Animal Science. Vol. LXVIII, 2, 886-891",,Eastern Asia | North Asia,FALSE,TRUE,FALSE,,2025-11-26,Cristina Preda | Laurentiu Rozylowicz,Marian Tudor
OSROTH0KABFL9SWVK0,Pistia stratiotes L.,Plantae,Tracheophyta,Liliopsida,Alismatales,Araceae,Pistia,species,ICN,Romania,RO,absent,introduced,failing,escapeFromConfinement,,,2025,2025,"Anastasiu P, Miu I, Gavrilidis A, Preda C, Rozylowicz L, Sirbu C, Oprea A, Urziceanu M, Camen-Comanescu P, Nagoda E, Memedemin D, Barbos M, Boruz V, Cislariu A, Don I, Fagaras M, Frink J, Georgescu I, Haruta O, Hurdu B-I, Matis A, Milanovici S, Muncaciu S, Neacsu A, Neblea M, Nicolin A, Niculescu M, Oroian S, Pop O, Radutoiu D, Samarghitan M, Simion I, Soare L, Steiu C, Stoianov E, Strat D, Szabo A, Szatmari P, Tanase C, Mirea M, Manta N, Sirbu I (2024) Alien plant species distribution in Romania: a nationwide survey following the implementation of the EU Regulation on Invasive Alien Species. Biodiversity Data Journal 12. https://doi.org/10.3897/BDJ.12.e119539 | Anastasiu P, Camen-Comanescu P, Sirbu I-M, Urziceanu M (2024) Urban flora: new reports for Bucharest's flora. Acta Horti Botanici Bucurestiensis 50(1). https://doi.org/10.62229/ahbb.2024.50/3 | Blackburn TM, Pysek P, Bacher S, Carlton JT, Duncan RP, Jarosik V, Wilson JRU, Richardson DM (2011) A proposed unified framework for biological invasions. Trends in Ecology and Evolution 26: 333–339. https://doi.org/10.1016/j.tree.2011.03.023 | Plants of the World Online (2026) https://powo.science.kew.org/dl.42bsb","species of Union Concern (Regulation 1143/2014) | occurrence status changed from absent to doubtful (single observation, no evidence of overwintering or persistence) | population likely resulting from ornamental release (garden waste) | requires monitoring and confirmation",Australia | Brazil | Caribbean | Central America | China | East Tropical Africa | Eastern Asia | Indian Subcontinent | Indo-China | Malesia | Mexico | Northeast Tropical Africa | Northern Africa | Northern South America | Papuasia | South Tropical Africa | South-Central U.S.A. | Southeastern U.S.A. | Southern Africa | Southern South America | West Tropical Africa | West-Central Tropical Africa | Western Asia | Western Indian Ocean | Western South America,FALSE,FALSE,TRUE,,2025-11-26,Cristina Preda | Laurentiu Rozylowicz,Mihaela Urziceanu | Lucian Patrascu
OSRO8YIFCKTECRN4T0,Eichhornia crassipes (Mart.) Solms,Plantae,Tracheophyta,Liliopsida,Commelinales,Pontederiaceae,Eichhornia,species,ICN,Romania,RO,absent,introduced,failing,escapeFromConfinement,,,2025,2025,GBIF.org (2026) Occurrence Download. The Global Biodiversity Information Facility. https://doi.org/10.15468/dl.pxvfva,"species of Union Concern (Regulation 1143/2014) | occurrence status changed from absent to doubtful (single observation, no evidence of overwintering or persistence) | population likely resulting from ornamental release (garden waste) | requires monitoring and confirmation | degree of establishment assigned based on Blackburn et al. (2011) and literature | native range updated based on POWO (2026)",Brazil | Northern South America | Southern South America | Western South America,FALSE,FALSE,TRUE,,2025-11-26,Cristina Preda | Laurentiu Rozylowicz,Mihaela Urziceanu | Lucian Patrascu
